# https://github.com/mikedh/trimesh
mtllib material.mtl

o armadio_master__AMA_77_RIPIANO
usemtl MULTI TESSUTO sp.18
v -1.36260000 0.27350000 1.75970000
v -1.05160000 0.27350000 1.75970000
v -1.05160000 0.27350000 1.21170000
v -1.36260000 0.27350000 1.21170000
v -1.36260000 0.29150000 1.21170000
v -1.36260000 0.29150000 1.75970000
v -1.05160000 0.29150000 1.75970000
v -1.05160000 0.29150000 1.21170000
v -1.36260000 0.27350000 1.21170000
v -1.36260000 0.29150000 1.21170000
v -1.36260000 0.27350000 1.75970000
v -1.36260000 0.29150000 1.75970000
v -1.05160000 0.27350000 1.21170000
v -1.05160000 0.29150000 1.21170000
v -1.36260000 0.27350000 1.21170000
v -1.36260000 0.29150000 1.21170000
v -1.05160000 0.27350000 1.75970000
v -1.05160000 0.29150000 1.75970000
v -1.05160000 0.27350000 1.21170000
v -1.05160000 0.29150000 1.21170000
v -1.36260000 0.27350000 1.75970000
v -1.36260000 0.29150000 1.75970000
v -1.05160000 0.27350000 1.75970000
v -1.05160000 0.29150000 1.75970000
f 4 2 1
f 3 2 4
f 5 6 7
f 8 5 7
f 12 10 9
f 12 9 11
f 16 14 13
f 16 13 15
f 20 18 17
f 20 17 19
f 24 22 21
f 24 21 23

o armadio_master__AMA_77_RIPIANO_002
usemtl MULTI TESSUTO sp.18
v -1.36260000 0.54150000 1.75970000
v -1.05160000 0.54150000 1.75970000
v -1.05160000 0.54150000 1.21170000
v -1.36260000 0.54150000 1.21170000
v -1.36260000 0.55950000 1.21170000
v -1.36260000 0.55950000 1.75970000
v -1.05160000 0.55950000 1.75970000
v -1.05160000 0.55950000 1.21170000
v -1.36260000 0.54150000 1.21170000
v -1.36260000 0.55950000 1.21170000
v -1.36260000 0.54150000 1.75970000
v -1.36260000 0.55950000 1.75970000
v -1.05160000 0.54150000 1.21170000
v -1.05160000 0.55950000 1.21170000
v -1.36260000 0.54150000 1.21170000
v -1.36260000 0.55950000 1.21170000
v -1.05160000 0.54150000 1.75970000
v -1.05160000 0.55950000 1.75970000
v -1.05160000 0.54150000 1.21170000
v -1.05160000 0.55950000 1.21170000
v -1.36260000 0.54150000 1.75970000
v -1.36260000 0.55950000 1.75970000
v -1.05160000 0.54150000 1.75970000
v -1.05160000 0.55950000 1.75970000
f 28 26 25
f 27 26 28
f 29 30 31
f 32 29 31
f 36 34 33
f 36 33 35
f 40 38 37
f 40 37 39
f 44 42 41
f 44 41 43
f 48 46 45
f 48 45 47

o armadio_master__AMA_77_RIPIANO_003
usemtl MULTI TESSUTO sp.18
v -1.36260000 0.80950000 1.75970000
v -1.05160000 0.80950000 1.75970000
v -1.05160000 0.80950000 1.21170000
v -1.36260000 0.80950000 1.21170000
v -1.36260000 0.82750000 1.21170000
v -1.36260000 0.82750000 1.75970000
v -1.05160000 0.82750000 1.75970000
v -1.05160000 0.82750000 1.21170000
v -1.36260000 0.80950000 1.21170000
v -1.36260000 0.82750000 1.21170000
v -1.36260000 0.80950000 1.75970000
v -1.36260000 0.82750000 1.75970000
v -1.05160000 0.80950000 1.21170000
v -1.05160000 0.82750000 1.21170000
v -1.36260000 0.80950000 1.21170000
v -1.36260000 0.82750000 1.21170000
v -1.05160000 0.80950000 1.75970000
v -1.05160000 0.82750000 1.75970000
v -1.05160000 0.80950000 1.21170000
v -1.05160000 0.82750000 1.21170000
v -1.36260000 0.80950000 1.75970000
v -1.36260000 0.82750000 1.75970000
v -1.05160000 0.80950000 1.75970000
v -1.05160000 0.82750000 1.75970000
f 52 50 49
f 51 50 52
f 53 54 55
f 56 53 55
f 60 58 57
f 60 57 59
f 64 62 61
f 64 61 63
f 68 66 65
f 68 65 67
f 72 70 69
f 72 69 71

o armadio_master__AMA_78_SCHIENA
usemtl MULTI TESSUTO sp.18
v -1.36310000 2.02750000 1.77870000
v -1.36310000 0.02350000 1.77870000
v -1.05110000 2.02750000 1.77870000
v -1.05110000 0.02350000 1.77870000
v -1.36310000 0.02350000 1.76070000
v -1.05110000 0.02350000 1.76070000
v -1.36310000 2.02750000 1.76070000
v -1.05110000 2.02750000 1.76070000
v -1.36310000 0.02350000 1.77870000
v -1.36310000 0.02350000 1.76070000
v -1.05110000 0.02350000 1.77870000
v -1.05110000 0.02350000 1.76070000
v -1.05110000 2.02750000 1.77870000
v -1.05110000 2.02750000 1.76070000
v -1.05110000 0.02350000 1.77870000
v -1.05110000 0.02350000 1.76070000
v -1.36310000 2.02750000 1.77870000
v -1.36310000 2.02750000 1.76070000
v -1.05110000 2.02750000 1.77870000
v -1.05110000 2.02750000 1.76070000
v -1.36310000 2.02750000 1.77870000
v -1.36310000 2.02750000 1.76070000
v -1.36310000 0.02350000 1.77870000
v -1.36310000 0.02350000 1.76070000
f 75 73 74
f 75 74 76
f 80 78 77
f 80 77 79
f 84 81 82
f 84 83 81
f 88 86 85
f 88 85 87
f 92 90 89
f 92 89 91
f 96 93 94
f 96 95 93

o armadio_master__AMA_79_ANTA
usemtl MULT.LAM.B.18mm 305x130
v -1.37810000 2.05500000 1.19970000
v -1.37810000 0.00500000 1.19970000
v -1.02810000 2.05500000 1.19970000
v -1.02810000 0.00500000 1.19970000
v -1.37810000 0.00500000 1.18170000
v -1.02810000 0.00500000 1.18170000
v -1.37810000 2.05500000 1.18170000
v -1.02810000 2.05500000 1.18170000
v -1.37810000 0.00500000 1.19970000
v -1.37810000 0.00500000 1.18170000
v -1.02810000 0.00500000 1.19970000
v -1.02810000 0.00500000 1.18170000
v -1.02810000 2.05500000 1.19970000
v -1.02810000 2.05500000 1.18170000
v -1.02810000 0.00500000 1.19970000
v -1.02810000 0.00500000 1.18170000
v -1.37810000 2.05500000 1.19970000
v -1.37810000 2.05500000 1.18170000
v -1.02810000 2.05500000 1.19970000
v -1.02810000 2.05500000 1.18170000
v -1.37810000 2.05500000 1.19970000
v -1.37810000 2.05500000 1.18170000
v -1.37810000 0.00500000 1.19970000
v -1.37810000 0.00500000 1.18170000
f 99 97 98
f 99 98 100
f 104 102 101
f 104 101 103
f 108 105 106
f 108 107 105
f 112 110 109
f 112 109 111
f 116 114 113
f 116 113 115
f 120 117 118
f 120 119 117

o armadio_master__AMA_74_FIANCO_DX
usemtl MULTI TESSUTO sp.18
v -1.38110000 0.00550000 1.78070000
v -1.38110000 0.00550000 1.20070000
v -1.38110000 2.04550000 1.20070000
v -1.38110000 2.04550000 1.78070000
v -1.36310000 2.04550000 1.78070000
v -1.36310000 0.00550000 1.78070000
v -1.36310000 0.00550000 1.20070000
v -1.36310000 2.04550000 1.20070000
v -1.38110000 2.04550000 1.78070000
v -1.36310000 2.04550000 1.78070000
v -1.38110000 0.00550000 1.78070000
v -1.36310000 0.00550000 1.78070000
v -1.38110000 2.04550000 1.20070000
v -1.36310000 2.04550000 1.20070000
v -1.38110000 2.04550000 1.78070000
v -1.36310000 2.04550000 1.78070000
v -1.38110000 0.00550000 1.20070000
v -1.36310000 0.00550000 1.20070000
v -1.38110000 2.04550000 1.20070000
v -1.36310000 2.04550000 1.20070000
v -1.38110000 0.00550000 1.78070000
v -1.36310000 0.00550000 1.78070000
v -1.38110000 0.00550000 1.20070000
v -1.36310000 0.00550000 1.20070000
f 123 122 121
f 123 121 124
f 128 125 126
f 128 126 127
f 132 130 129
f 132 129 131
f 135 134 133
f 136 134 135
f 140 138 137
f 140 137 139
f 143 142 141
f 144 142 143

o armadio_master__AMA_75_FIANCO_SX
usemtl MULTI TESSUTO sp.18
v -1.03310000 0.00550000 1.78070000
v -1.03310000 0.00550000 1.20070000
v -1.03310000 2.04550000 1.20070000
v -1.03310000 2.04550000 1.78070000
v -1.03310000 0.00550000 1.78070000
v -1.05110000 0.00550000 1.78070000
v -1.03310000 0.00550000 1.20070000
v -1.05110000 0.00550000 1.20070000
v -1.03310000 0.00550000 1.20070000
v -1.05110000 0.00550000 1.20070000
v -1.03310000 2.04550000 1.20070000
v -1.05110000 2.04550000 1.20070000
v -1.03310000 2.04550000 1.20070000
v -1.05110000 2.04550000 1.20070000
v -1.03310000 2.04550000 1.78070000
v -1.05110000 2.04550000 1.78070000
v -1.03310000 2.04550000 1.78070000
v -1.05110000 2.04550000 1.78070000
v -1.03310000 0.00550000 1.78070000
v -1.05110000 0.00550000 1.78070000
v -1.05110000 2.04550000 1.78070000
v -1.05110000 0.00550000 1.78070000
v -1.05110000 0.00550000 1.20070000
v -1.05110000 2.04550000 1.20070000
f 147 145 146
f 147 148 145
f 151 149 150
f 152 151 150
f 156 153 154
f 156 155 153
f 160 157 158
f 160 159 157
f 164 161 162
f 164 163 161
f 168 166 165
f 168 167 166

o armadio_master__AMA_76_BASE
usemtl MULTI TESSUTO sp.18
v -1.36310000 0.00550000 1.78070000
v -1.05110000 0.00550000 1.78070000
v -1.05110000 0.00550000 1.20070000
v -1.36310000 0.00550000 1.20070000
v -1.36310000 0.02350000 1.20070000
v -1.36310000 0.02350000 1.78070000
v -1.05110000 0.02350000 1.78070000
v -1.05110000 0.02350000 1.20070000
v -1.36310000 0.00550000 1.20070000
v -1.36310000 0.02350000 1.20070000
v -1.36310000 0.00550000 1.78070000
v -1.36310000 0.02350000 1.78070000
v -1.05110000 0.00550000 1.20070000
v -1.05110000 0.02350000 1.20070000
v -1.36310000 0.00550000 1.20070000
v -1.36310000 0.02350000 1.20070000
v -1.05110000 0.00550000 1.78070000
v -1.05110000 0.02350000 1.78070000
v -1.05110000 0.00550000 1.20070000
v -1.05110000 0.02350000 1.20070000
v -1.36310000 0.00550000 1.78070000
v -1.36310000 0.02350000 1.78070000
v -1.05110000 0.00550000 1.78070000
v -1.05110000 0.02350000 1.78070000
f 171 170 169
f 171 169 172
f 176 173 174
f 176 174 175
f 180 178 177
f 180 177 179
f 184 182 181
f 184 181 183
f 188 186 185
f 188 185 187
f 192 190 189
f 192 189 191

o armadio_master__AMA_149_CIELO
usemtl MULTI TESSUTO sp.18
v -1.36310000 2.02750000 1.78070000
v -1.05110000 2.02750000 1.78070000
v -1.05110000 2.02750000 1.20070000
v -1.36310000 2.02750000 1.20070000
v -1.36310000 2.04550000 1.20070000
v -1.36310000 2.04550000 1.78070000
v -1.05110000 2.04550000 1.78070000
v -1.05110000 2.04550000 1.20070000
v -1.36310000 2.02750000 1.20070000
v -1.36310000 2.04550000 1.20070000
v -1.36310000 2.02750000 1.78070000
v -1.36310000 2.04550000 1.78070000
v -1.05110000 2.02750000 1.20070000
v -1.05110000 2.04550000 1.20070000
v -1.36310000 2.02750000 1.20070000
v -1.36310000 2.04550000 1.20070000
v -1.05110000 2.02750000 1.78070000
v -1.05110000 2.04550000 1.78070000
v -1.05110000 2.02750000 1.20070000
v -1.05110000 2.04550000 1.20070000
v -1.36310000 2.02750000 1.78070000
v -1.36310000 2.04550000 1.78070000
v -1.05110000 2.02750000 1.78070000
v -1.05110000 2.04550000 1.78070000
f 195 194 193
f 195 193 196
f 200 197 198
f 200 198 199
f 204 202 201
f 204 201 203
f 208 206 205
f 208 205 207
f 212 210 209
f 212 209 211
f 216 214 213
f 216 213 215

o armadio_master__AMB_83_RIPIANO
usemtl MULTI TESSUTO sp.18
v -0.97910000 0.96250000 1.75970000
v -0.56710000 0.96250000 1.75970000
v -0.56710000 0.96250000 1.21170000
v -0.97910000 0.96250000 1.21170000
v -0.97910000 0.98050000 1.21170000
v -0.97910000 0.98050000 1.75970000
v -0.56710000 0.98050000 1.75970000
v -0.56710000 0.98050000 1.21170000
v -0.97910000 0.96250000 1.21170000
v -0.97910000 0.98050000 1.21170000
v -0.97910000 0.96250000 1.75970000
v -0.97910000 0.98050000 1.75970000
v -0.56710000 0.96250000 1.21170000
v -0.56710000 0.98050000 1.21170000
v -0.97910000 0.96250000 1.21170000
v -0.97910000 0.98050000 1.21170000
v -0.56710000 0.96250000 1.75970000
v -0.56710000 0.98050000 1.75970000
v -0.56710000 0.96250000 1.21170000
v -0.56710000 0.98050000 1.21170000
v -0.97910000 0.96250000 1.75970000
v -0.97910000 0.98050000 1.75970000
v -0.56710000 0.96250000 1.75970000
v -0.56710000 0.98050000 1.75970000
f 220 218 217
f 219 218 220
f 221 222 223
f 224 221 223
f 228 226 225
f 228 225 227
f 232 230 229
f 232 229 231
f 236 234 233
f 236 233 235
f 240 238 237
f 240 237 239

o armadio_master__AMB_84_SCHIENA
usemtl MULTI TESSUTO sp.18
v -0.97910000 2.02750000 1.77870000
v -0.97910000 0.02350000 1.77870000
v -0.56710000 2.02750000 1.77870000
v -0.56710000 0.02350000 1.77870000
v -0.97910000 0.02350000 1.76070000
v -0.56710000 0.02350000 1.76070000
v -0.97910000 2.02750000 1.76070000
v -0.56710000 2.02750000 1.76070000
v -0.97910000 0.02350000 1.77870000
v -0.97910000 0.02350000 1.76070000
v -0.56710000 0.02350000 1.77870000
v -0.56710000 0.02350000 1.76070000
v -0.56710000 2.02750000 1.77870000
v -0.56710000 2.02750000 1.76070000
v -0.56710000 0.02350000 1.77870000
v -0.56710000 0.02350000 1.76070000
v -0.97910000 2.02750000 1.77870000
v -0.97910000 2.02750000 1.76070000
v -0.56710000 2.02750000 1.77870000
v -0.56710000 2.02750000 1.76070000
v -0.97910000 2.02750000 1.77870000
v -0.97910000 2.02750000 1.76070000
v -0.97910000 0.02350000 1.77870000
v -0.97910000 0.02350000 1.76070000
f 243 241 242
f 243 242 244
f 248 246 245
f 248 245 247
f 252 249 250
f 252 251 249
f 256 254 253
f 256 253 255
f 260 258 257
f 260 257 259
f 264 261 262
f 264 263 261

o armadio_master__AMB_85_ANTA
usemtl MULT.LAM.B.18mm 305x130
v -0.99410000 2.05500000 1.19970000
v -0.99410000 0.00500000 1.19970000
v -0.54410000 2.05500000 1.19970000
v -0.54410000 0.00500000 1.19970000
v -0.99410000 0.00500000 1.18170000
v -0.54410000 0.00500000 1.18170000
v -0.99410000 2.05500000 1.18170000
v -0.54410000 2.05500000 1.18170000
v -0.99410000 0.00500000 1.19970000
v -0.99410000 0.00500000 1.18170000
v -0.54410000 0.00500000 1.19970000
v -0.54410000 0.00500000 1.18170000
v -0.54410000 2.05500000 1.19970000
v -0.54410000 2.05500000 1.18170000
v -0.54410000 0.00500000 1.19970000
v -0.54410000 0.00500000 1.18170000
v -0.99410000 2.05500000 1.19970000
v -0.99410000 2.05500000 1.18170000
v -0.54410000 2.05500000 1.19970000
v -0.54410000 2.05500000 1.18170000
v -0.99410000 2.05500000 1.19970000
v -0.99410000 2.05500000 1.18170000
v -0.99410000 0.00500000 1.19970000
v -0.99410000 0.00500000 1.18170000
f 267 265 266
f 267 266 268
f 272 270 269
f 272 269 271
f 276 273 274
f 276 275 273
f 280 278 277
f 280 277 279
f 284 282 281
f 284 281 283
f 288 285 286
f 288 287 285

o armadio_master__AMB_80_FIANCO_DX
usemtl MULTI TESSUTO sp.18
v -0.99710000 0.00550000 1.78070000
v -0.99710000 0.00550000 1.20070000
v -0.99710000 2.04550000 1.20070000
v -0.99710000 2.04550000 1.78070000
v -0.97910000 2.04550000 1.78070000
v -0.97910000 0.00550000 1.78070000
v -0.97910000 0.00550000 1.20070000
v -0.97910000 2.04550000 1.20070000
v -0.99710000 2.04550000 1.78070000
v -0.97910000 2.04550000 1.78070000
v -0.99710000 0.00550000 1.78070000
v -0.97910000 0.00550000 1.78070000
v -0.99710000 2.04550000 1.20070000
v -0.97910000 2.04550000 1.20070000
v -0.99710000 2.04550000 1.78070000
v -0.97910000 2.04550000 1.78070000
v -0.99710000 0.00550000 1.20070000
v -0.97910000 0.00550000 1.20070000
v -0.99710000 2.04550000 1.20070000
v -0.97910000 2.04550000 1.20070000
v -0.99710000 0.00550000 1.78070000
v -0.97910000 0.00550000 1.78070000
v -0.99710000 0.00550000 1.20070000
v -0.97910000 0.00550000 1.20070000
f 291 290 289
f 291 289 292
f 296 293 294
f 296 294 295
f 300 298 297
f 300 297 299
f 303 302 301
f 304 302 303
f 308 306 305
f 308 305 307
f 311 310 309
f 312 310 311

o armadio_master__AMB_81_FIANCO_SX
usemtl MULTI TESSUTO sp.18
v -0.54910000 0.00550000 1.78070000
v -0.54910000 0.00550000 1.20070000
v -0.54910000 2.04550000 1.20070000
v -0.54910000 2.04550000 1.78070000
v -0.54910000 0.00550000 1.78070000
v -0.56710000 0.00550000 1.78070000
v -0.54910000 0.00550000 1.20070000
v -0.56710000 0.00550000 1.20070000
v -0.54910000 0.00550000 1.20070000
v -0.56710000 0.00550000 1.20070000
v -0.54910000 2.04550000 1.20070000
v -0.56710000 2.04550000 1.20070000
v -0.54910000 2.04550000 1.20070000
v -0.56710000 2.04550000 1.20070000
v -0.54910000 2.04550000 1.78070000
v -0.56710000 2.04550000 1.78070000
v -0.54910000 2.04550000 1.78070000
v -0.56710000 2.04550000 1.78070000
v -0.54910000 0.00550000 1.78070000
v -0.56710000 0.00550000 1.78070000
v -0.56710000 2.04550000 1.78070000
v -0.56710000 0.00550000 1.78070000
v -0.56710000 0.00550000 1.20070000
v -0.56710000 2.04550000 1.20070000
f 315 313 314
f 315 316 313
f 319 317 318
f 320 319 318
f 324 321 322
f 324 323 321
f 328 325 326
f 328 327 325
f 332 329 330
f 332 331 329
f 336 334 333
f 336 335 334

o armadio_master__AMB_82_BASE
usemtl MULTI TESSUTO sp.18
v -0.97910000 0.00550000 1.78070000
v -0.56710000 0.00550000 1.78070000
v -0.56710000 0.00550000 1.20070000
v -0.97910000 0.00550000 1.20070000
v -0.97910000 0.02350000 1.20070000
v -0.97910000 0.02350000 1.78070000
v -0.56710000 0.02350000 1.78070000
v -0.56710000 0.02350000 1.20070000
v -0.97910000 0.00550000 1.20070000
v -0.97910000 0.02350000 1.20070000
v -0.97910000 0.00550000 1.78070000
v -0.97910000 0.02350000 1.78070000
v -0.56710000 0.00550000 1.20070000
v -0.56710000 0.02350000 1.20070000
v -0.97910000 0.00550000 1.20070000
v -0.97910000 0.02350000 1.20070000
v -0.56710000 0.00550000 1.78070000
v -0.56710000 0.02350000 1.78070000
v -0.56710000 0.00550000 1.20070000
v -0.56710000 0.02350000 1.20070000
v -0.97910000 0.00550000 1.78070000
v -0.97910000 0.02350000 1.78070000
v -0.56710000 0.00550000 1.78070000
v -0.56710000 0.02350000 1.78070000
f 340 338 337
f 339 338 340
f 341 342 343
f 344 341 343
f 348 346 345
f 348 345 347
f 352 350 349
f 352 349 351
f 356 354 353
f 356 353 355
f 360 358 357
f 360 357 359

o armadio_master__AMB_150_CIELO
usemtl MULTI TESSUTO sp.18
v -0.97910000 2.02750000 1.78070000
v -0.56710000 2.02750000 1.78070000
v -0.56710000 2.02750000 1.20070000
v -0.97910000 2.02750000 1.20070000
v -0.97910000 2.04550000 1.20070000
v -0.97910000 2.04550000 1.78070000
v -0.56710000 2.04550000 1.78070000
v -0.56710000 2.04550000 1.20070000
v -0.97910000 2.02750000 1.20070000
v -0.97910000 2.04550000 1.20070000
v -0.97910000 2.02750000 1.78070000
v -0.97910000 2.04550000 1.78070000
v -0.56710000 2.02750000 1.20070000
v -0.56710000 2.04550000 1.20070000
v -0.97910000 2.02750000 1.20070000
v -0.97910000 2.04550000 1.20070000
v -0.56710000 2.02750000 1.78070000
v -0.56710000 2.04550000 1.78070000
v -0.56710000 2.02750000 1.20070000
v -0.56710000 2.04550000 1.20070000
v -0.97910000 2.02750000 1.78070000
v -0.97910000 2.04550000 1.78070000
v -0.56710000 2.02750000 1.78070000
v -0.56710000 2.04550000 1.78070000
f 364 362 361
f 363 362 364
f 365 366 367
f 368 365 367
f 372 370 369
f 372 369 371
f 376 374 373
f 376 373 375
f 380 378 377
f 380 377 379
f 384 382 381
f 384 381 383

o armadio_master__AMC_89_RIPIANO
usemtl MULTI TESSUTO sp.18
v -0.46610000 0.58350000 1.75970000
v -0.05410000 0.58350000 1.75970000
v -0.05410000 0.58350000 1.21170000
v -0.46610000 0.58350000 1.21170000
v -0.46610000 0.60150000 1.21170000
v -0.46610000 0.60150000 1.75970000
v -0.05410000 0.60150000 1.75970000
v -0.05410000 0.60150000 1.21170000
v -0.46610000 0.58350000 1.21170000
v -0.46610000 0.60150000 1.21170000
v -0.46610000 0.58350000 1.75970000
v -0.46610000 0.60150000 1.75970000
v -0.05410000 0.58350000 1.21170000
v -0.05410000 0.60150000 1.21170000
v -0.46610000 0.58350000 1.21170000
v -0.46610000 0.60150000 1.21170000
v -0.05410000 0.58350000 1.75970000
v -0.05410000 0.60150000 1.75970000
v -0.05410000 0.58350000 1.21170000
v -0.05410000 0.60150000 1.21170000
v -0.46610000 0.58350000 1.75970000
v -0.46610000 0.60150000 1.75970000
v -0.05410000 0.58350000 1.75970000
v -0.05410000 0.60150000 1.75970000
f 387 386 385
f 387 385 388
f 392 389 390
f 392 390 391
f 396 394 393
f 396 393 395
f 400 398 397
f 400 397 399
f 404 402 401
f 404 401 403
f 408 406 405
f 408 405 407

o armadio_master__AMC_90_SCHIENA
usemtl MULTI TESSUTO sp.18
v -0.46610000 2.02750000 1.77870000
v -0.46610000 0.02350000 1.77870000
v -0.05410000 2.02750000 1.77870000
v -0.05410000 0.02350000 1.77870000
v -0.46610000 0.02350000 1.76070000
v -0.05410000 0.02350000 1.76070000
v -0.46610000 2.02750000 1.76070000
v -0.05410000 2.02750000 1.76070000
v -0.46610000 0.02350000 1.77870000
v -0.46610000 0.02350000 1.76070000
v -0.05410000 0.02350000 1.77870000
v -0.05410000 0.02350000 1.76070000
v -0.05410000 2.02750000 1.77870000
v -0.05410000 2.02750000 1.76070000
v -0.05410000 0.02350000 1.77870000
v -0.05410000 0.02350000 1.76070000
v -0.46610000 2.02750000 1.77870000
v -0.46610000 2.02750000 1.76070000
v -0.05410000 2.02750000 1.77870000
v -0.05410000 2.02750000 1.76070000
v -0.46610000 2.02750000 1.77870000
v -0.46610000 2.02750000 1.76070000
v -0.46610000 0.02350000 1.77870000
v -0.46610000 0.02350000 1.76070000
f 411 409 410
f 411 410 412
f 415 414 413
f 416 414 415
f 420 417 418
f 420 419 417
f 424 422 421
f 424 421 423
f 428 426 425
f 428 425 427
f 432 429 430
f 432 431 429

o armadio_master__AMC_91_ANTA
usemtl MULT.LAM.B.18mm 305x130
v -0.48110000 2.05500000 1.19970000
v -0.48110000 0.00500000 1.19970000
v -0.03110000 2.05500000 1.19970000
v -0.03110000 0.00500000 1.19970000
v -0.48110000 0.00500000 1.18170000
v -0.03110000 0.00500000 1.18170000
v -0.48110000 2.05500000 1.18170000
v -0.03110000 2.05500000 1.18170000
v -0.48110000 0.00500000 1.19970000
v -0.48110000 0.00500000 1.18170000
v -0.03110000 0.00500000 1.19970000
v -0.03110000 0.00500000 1.18170000
v -0.03110000 2.05500000 1.19970000
v -0.03110000 2.05500000 1.18170000
v -0.03110000 0.00500000 1.19970000
v -0.03110000 0.00500000 1.18170000
v -0.48110000 2.05500000 1.19970000
v -0.48110000 2.05500000 1.18170000
v -0.03110000 2.05500000 1.19970000
v -0.03110000 2.05500000 1.18170000
v -0.48110000 2.05500000 1.19970000
v -0.48110000 2.05500000 1.18170000
v -0.48110000 0.00500000 1.19970000
v -0.48110000 0.00500000 1.18170000
f 435 433 434
f 435 434 436
f 440 438 437
f 440 437 439
f 444 441 442
f 444 443 441
f 448 446 445
f 448 445 447
f 452 450 449
f 452 449 451
f 456 453 454
f 456 455 453

o armadio_master__AM_94_CTRA_FONDO
usemtl MULTI TESSUTO sp.18
v -0.41810000 0.02350000 1.76070000
v -0.07210000 0.02350000 1.76070000
v -0.07210000 0.02350000 1.23070000
v -0.41810000 0.02350000 1.23070000
v -0.41810000 0.04150000 1.23070000
v -0.41810000 0.04150000 1.76070000
v -0.07210000 0.04150000 1.76070000
v -0.07210000 0.04150000 1.23070000
v -0.41810000 0.02350000 1.23070000
v -0.41810000 0.04150000 1.23070000
v -0.41810000 0.02350000 1.76070000
v -0.41810000 0.04150000 1.76070000
v -0.07210000 0.02350000 1.23070000
v -0.07210000 0.04150000 1.23070000
v -0.41810000 0.02350000 1.23070000
v -0.41810000 0.04150000 1.23070000
v -0.07210000 0.02350000 1.76070000
v -0.07210000 0.04150000 1.76070000
v -0.07210000 0.02350000 1.23070000
v -0.07210000 0.04150000 1.23070000
v -0.41810000 0.02350000 1.76070000
v -0.41810000 0.04150000 1.76070000
v -0.07210000 0.02350000 1.76070000
v -0.07210000 0.04150000 1.76070000
f 459 458 457
f 459 457 460
f 464 461 462
f 464 462 463
f 467 466 465
f 468 466 467
f 472 470 469
f 472 469 471
f 476 474 473
f 476 473 475
f 480 478 477
f 480 477 479

o armadio_master__AM_95_CTRA_TOP
usemtl MULTI TESSUTO sp.18
v -0.41810000 0.56550000 1.76070000
v -0.07210000 0.56550000 1.76070000
v -0.07210000 0.56550000 1.23070000
v -0.41810000 0.56550000 1.23070000
v -0.41810000 0.58350000 1.23070000
v -0.41810000 0.58350000 1.76070000
v -0.07210000 0.58350000 1.76070000
v -0.07210000 0.58350000 1.23070000
v -0.41810000 0.56550000 1.23070000
v -0.41810000 0.58350000 1.23070000
v -0.41810000 0.56550000 1.76070000
v -0.41810000 0.58350000 1.76070000
v -0.07210000 0.56550000 1.23070000
v -0.07210000 0.58350000 1.23070000
v -0.41810000 0.56550000 1.23070000
v -0.41810000 0.58350000 1.23070000
v -0.07210000 0.56550000 1.76070000
v -0.07210000 0.58350000 1.76070000
v -0.07210000 0.56550000 1.23070000
v -0.07210000 0.58350000 1.23070000
v -0.41810000 0.56550000 1.76070000
v -0.41810000 0.58350000 1.76070000
v -0.07210000 0.56550000 1.76070000
v -0.07210000 0.58350000 1.76070000
f 483 482 481
f 483 481 484
f 488 485 486
f 488 486 487
f 491 490 489
f 492 490 491
f 496 494 493
f 496 493 495
f 500 498 497
f 500 497 499
f 504 502 501
f 504 501 503

o armadio_master__AM_96_CTRA_SCHIENALINO
usemtl MULTI TESSUTO sp.18
v -0.41810000 0.56550000 1.75870000
v -0.41810000 0.04150000 1.75870000
v -0.07210000 0.56550000 1.75870000
v -0.07210000 0.04150000 1.75870000
v -0.41810000 0.04150000 1.74070000
v -0.07210000 0.04150000 1.74070000
v -0.41810000 0.56550000 1.74070000
v -0.07210000 0.56550000 1.74070000
v -0.41810000 0.04150000 1.75870000
v -0.41810000 0.04150000 1.74070000
v -0.07210000 0.04150000 1.75870000
v -0.07210000 0.04150000 1.74070000
v -0.07210000 0.56550000 1.75870000
v -0.07210000 0.56550000 1.74070000
v -0.07210000 0.04150000 1.75870000
v -0.07210000 0.04150000 1.74070000
v -0.41810000 0.56550000 1.75870000
v -0.41810000 0.56550000 1.74070000
v -0.07210000 0.56550000 1.75870000
v -0.07210000 0.56550000 1.74070000
v -0.41810000 0.56550000 1.75870000
v -0.41810000 0.56550000 1.74070000
v -0.41810000 0.04150000 1.75870000
v -0.41810000 0.04150000 1.74070000
f 507 505 506
f 507 506 508
f 512 510 509
f 512 509 511
f 516 513 514
f 516 515 513
f 519 518 517
f 520 518 519
f 524 522 521
f 524 521 523
f 527 525 526
f 528 527 526

o armadio_master__AM_97_CASSETTO_FRONTALE
usemtl MULTI TESSUTO sp.18
v -0.43310000 0.21350000 1.23070000
v -0.43310000 0.03350000 1.23070000
v -0.05710000 0.21350000 1.23070000
v -0.05710000 0.03350000 1.23070000
v -0.43310000 0.03350000 1.21270000
v -0.05710000 0.03350000 1.21270000
v -0.43310000 0.21350000 1.21270000
v -0.05710000 0.21350000 1.21270000
v -0.43310000 0.03350000 1.23070000
v -0.43310000 0.03350000 1.21270000
v -0.05710000 0.03350000 1.23070000
v -0.05710000 0.03350000 1.21270000
v -0.05710000 0.21350000 1.23070000
v -0.05710000 0.21350000 1.21270000
v -0.05710000 0.03350000 1.23070000
v -0.05710000 0.03350000 1.21270000
v -0.43310000 0.21350000 1.23070000
v -0.43310000 0.21350000 1.21270000
v -0.05710000 0.21350000 1.23070000
v -0.05710000 0.21350000 1.21270000
v -0.43310000 0.21350000 1.23070000
v -0.43310000 0.21350000 1.21270000
v -0.43310000 0.03350000 1.23070000
v -0.43310000 0.03350000 1.21270000
f 531 529 530
f 531 530 532
f 536 534 533
f 536 533 535
f 540 537 538
f 540 539 537
f 543 542 541
f 544 542 543
f 548 546 545
f 548 545 547
f 551 549 550
f 552 551 550

o armadio_master__AM_100_CASSETTO_FRONT_RETRO
usemtl MULTI TESSUTO sp.18
v -0.39710000 0.19600000 1.72070000
v -0.39710000 0.06900000 1.72070000
v -0.09310000 0.19600000 1.72070000
v -0.09310000 0.06900000 1.72070000
v -0.39710000 0.06900000 1.70270000
v -0.09310000 0.06900000 1.70270000
v -0.39710000 0.19600000 1.70270000
v -0.09310000 0.19600000 1.70270000
v -0.39710000 0.06900000 1.72070000
v -0.39710000 0.06900000 1.70270000
v -0.09310000 0.06900000 1.72070000
v -0.09310000 0.06900000 1.70270000
v -0.09310000 0.19600000 1.72070000
v -0.09310000 0.19600000 1.70270000
v -0.09310000 0.06900000 1.72070000
v -0.09310000 0.06900000 1.70270000
v -0.39710000 0.19600000 1.72070000
v -0.39710000 0.19600000 1.70270000
v -0.09310000 0.19600000 1.72070000
v -0.09310000 0.19600000 1.70270000
v -0.39710000 0.19600000 1.72070000
v -0.39710000 0.19600000 1.70270000
v -0.39710000 0.06900000 1.72070000
v -0.39710000 0.06900000 1.70270000
f 555 553 554
f 555 554 556
f 560 558 557
f 560 557 559
f 564 561 562
f 564 563 561
f 568 566 565
f 568 565 567
f 572 570 569
f 572 569 571
f 576 573 574
f 576 575 573

o armadio_master__AM_100_CASSETTO_FRONT_RETRO_002
usemtl MULTI TESSUTO sp.18
v -0.39710000 0.19600000 1.24870000
v -0.39710000 0.06900000 1.24870000
v -0.09310000 0.19600000 1.24870000
v -0.09310000 0.06900000 1.24870000
v -0.39710000 0.06900000 1.23070000
v -0.09310000 0.06900000 1.23070000
v -0.39710000 0.19600000 1.23070000
v -0.09310000 0.19600000 1.23070000
v -0.39710000 0.06900000 1.24870000
v -0.39710000 0.06900000 1.23070000
v -0.09310000 0.06900000 1.24870000
v -0.09310000 0.06900000 1.23070000
v -0.09310000 0.19600000 1.24870000
v -0.09310000 0.19600000 1.23070000
v -0.09310000 0.06900000 1.24870000
v -0.09310000 0.06900000 1.23070000
v -0.39710000 0.19600000 1.24870000
v -0.39710000 0.19600000 1.23070000
v -0.09310000 0.19600000 1.24870000
v -0.09310000 0.19600000 1.23070000
v -0.39710000 0.19600000 1.24870000
v -0.39710000 0.19600000 1.23070000
v -0.39710000 0.06900000 1.24870000
v -0.39710000 0.06900000 1.23070000
f 579 577 578
f 579 578 580
f 584 582 581
f 584 581 583
f 588 585 586
f 588 587 585
f 592 590 589
f 592 589 591
f 596 594 593
f 596 593 595
f 600 597 598
f 600 599 597

o armadio_master__AM_101_CASSETTO_FONDO
usemtl MULTI TESSUTO sp.18
v -0.40360000 0.05900000 1.70270000
v -0.08660000 0.05900000 1.70270000
v -0.08660000 0.05900000 1.24870000
v -0.40360000 0.05900000 1.24870000
v -0.40360000 0.06900000 1.24870000
v -0.40360000 0.06900000 1.70270000
v -0.08660000 0.06900000 1.70270000
v -0.08660000 0.06900000 1.24870000
v -0.40360000 0.05900000 1.24870000
v -0.40360000 0.06900000 1.24870000
v -0.40360000 0.05900000 1.70270000
v -0.40360000 0.06900000 1.70270000
v -0.08660000 0.05900000 1.24870000
v -0.08660000 0.06900000 1.24870000
v -0.40360000 0.05900000 1.24870000
v -0.40360000 0.06900000 1.24870000
v -0.08660000 0.05900000 1.70270000
v -0.08660000 0.06900000 1.70270000
v -0.08660000 0.05900000 1.24870000
v -0.08660000 0.06900000 1.24870000
v -0.40360000 0.05900000 1.70270000
v -0.40360000 0.06900000 1.70270000
v -0.08660000 0.05900000 1.70270000
v -0.08660000 0.06900000 1.70270000
f 603 602 601
f 603 601 604
f 608 605 606
f 608 606 607
f 612 610 609
f 612 609 611
f 616 614 613
f 616 613 615
f 619 618 617
f 620 618 619
f 624 622 621
f 624 621 623

o armadio_master__AM_98_CASSETTO_SPONDA_DX
usemtl MULTI TESSUTO sp.18
v -0.41510000 0.04600000 1.72070000
v -0.41510000 0.04600000 1.23070000
v -0.41510000 0.19600000 1.23070000
v -0.41510000 0.19600000 1.72070000
v -0.41510000 0.19600000 1.23070000
v -0.39710000 0.19600000 1.23070000
v -0.41510000 0.19600000 1.72070000
v -0.39710000 0.19600000 1.72070000
v -0.41510000 0.04600000 1.72070000
v -0.39710000 0.04600000 1.72070000
v -0.41510000 0.04600000 1.23070000
v -0.39710000 0.04600000 1.23070000
v -0.39710000 0.04600000 1.23070000
v -0.39710000 0.05900000 1.23070000
v -0.41510000 0.04600000 1.23070000
v -0.41510000 0.19600000 1.23070000
v -0.39710000 0.19600000 1.23070000
v -0.39710000 0.06950000 1.23070000
v -0.40410000 0.06950000 1.23070000
v -0.40410000 0.05900000 1.23070000
v -0.39710000 0.19600000 1.72070000
v -0.39710000 0.06950000 1.72070000
v -0.41510000 0.19600000 1.72070000
v -0.41510000 0.04600000 1.72070000
v -0.39710000 0.04600000 1.72070000
v -0.39710000 0.05900000 1.72070000
v -0.40410000 0.05900000 1.72070000
v -0.40410000 0.06950000 1.72070000
v -0.39710000 0.05900000 1.72070000
v -0.39710000 0.04600000 1.72070000
v -0.39710000 0.04600000 1.23070000
v -0.39710000 0.05900000 1.23070000
v -0.39710000 0.06950000 1.23070000
v -0.39710000 0.19600000 1.23070000
v -0.39710000 0.19600000 1.72070000
v -0.39710000 0.06950000 1.72070000
v -0.39710000 0.05900000 1.72070000
v -0.40410000 0.05900000 1.72070000
v -0.39710000 0.05900000 1.23070000
v -0.40410000 0.05900000 1.23070000
v -0.40410000 0.06950000 1.72070000
v -0.40410000 0.05900000 1.72070000
v -0.40410000 0.05900000 1.23070000
v -0.40410000 0.06950000 1.23070000
v -0.39710000 0.06950000 1.23070000
v -0.40410000 0.06950000 1.23070000
v -0.39710000 0.06950000 1.72070000
v -0.40410000 0.06950000 1.72070000
f 627 626 625
f 627 625 628
f 632 630 629
f 632 629 631
f 636 634 633
f 636 633 635
f 644 637 639
f 638 637 644
f 643 644 639
f 640 643 639
f 641 642 643
f 641 643 640
f 652 645 647
f 646 645 652
f 648 651 652
f 648 652 647
f 649 650 651
f 649 651 648
f 656 653 654
f 656 654 655
f 658 659 660
f 658 660 657
f 663 662 661
f 664 662 663
f 668 665 666
f 668 666 667
f 672 670 669
f 672 669 671

o armadio_master__AM_99_CASSETTO_SPONDA_SX
usemtl MULTI TESSUTO sp.18
v -0.07510000 0.04600000 1.72070000
v -0.07510000 0.04600000 1.23070000
v -0.07510000 0.19600000 1.23070000
v -0.07510000 0.19600000 1.72070000
v -0.07510000 0.04600000 1.72070000
v -0.09310000 0.04600000 1.72070000
v -0.07510000 0.04600000 1.23070000
v -0.09310000 0.04600000 1.23070000
v -0.07510000 0.19600000 1.23070000
v -0.09310000 0.19600000 1.23070000
v -0.07510000 0.19600000 1.72070000
v -0.09310000 0.19600000 1.72070000
v -0.09310000 0.05900000 1.72070000
v -0.09310000 0.04600000 1.72070000
v -0.09310000 0.04600000 1.23070000
v -0.09310000 0.05900000 1.23070000
v -0.09310000 0.06950000 1.23070000
v -0.09310000 0.19600000 1.23070000
v -0.09310000 0.19600000 1.72070000
v -0.09310000 0.06950000 1.72070000
v -0.09310000 0.19600000 1.72070000
v -0.09310000 0.06950000 1.72070000
v -0.07510000 0.19600000 1.72070000
v -0.07510000 0.04600000 1.72070000
v -0.09310000 0.04600000 1.72070000
v -0.09310000 0.05900000 1.72070000
v -0.08610000 0.05900000 1.72070000
v -0.08610000 0.06950000 1.72070000
v -0.09310000 0.04600000 1.23070000
v -0.09310000 0.05900000 1.23070000
v -0.07510000 0.04600000 1.23070000
v -0.07510000 0.19600000 1.23070000
v -0.09310000 0.19600000 1.23070000
v -0.09310000 0.06950000 1.23070000
v -0.08610000 0.06950000 1.23070000
v -0.08610000 0.05900000 1.23070000
v -0.08610000 0.06950000 1.72070000
v -0.08610000 0.05900000 1.72070000
v -0.08610000 0.05900000 1.23070000
v -0.08610000 0.06950000 1.23070000
v -0.09310000 0.05900000 1.72070000
v -0.08610000 0.05900000 1.72070000
v -0.09310000 0.05900000 1.23070000
v -0.08610000 0.05900000 1.23070000
v -0.09310000 0.06950000 1.23070000
v -0.08610000 0.06950000 1.23070000
v -0.09310000 0.06950000 1.72070000
v -0.08610000 0.06950000 1.72070000
f 675 673 674
f 675 676 673
f 680 677 678
f 680 679 677
f 684 681 682
f 684 683 681
f 688 686 685
f 688 687 686
f 690 692 691
f 690 689 692
f 700 695 693
f 694 700 693
f 696 700 699
f 696 695 700
f 697 699 698
f 697 696 699
f 708 703 701
f 702 708 701
f 707 703 708
f 704 703 707
f 705 707 706
f 705 704 707
f 712 710 709
f 712 711 710
f 715 713 714
f 716 715 714
f 720 717 718
f 720 719 717

o armadio_master__AM_97_CASSETTO_FRONTALE_002
usemtl MULTI TESSUTO sp.18
v -0.43310000 0.39650000 1.23070000
v -0.43310000 0.21650000 1.23070000
v -0.05710000 0.39650000 1.23070000
v -0.05710000 0.21650000 1.23070000
v -0.43310000 0.21650000 1.21270000
v -0.05710000 0.21650000 1.21270000
v -0.43310000 0.39650000 1.21270000
v -0.05710000 0.39650000 1.21270000
v -0.43310000 0.21650000 1.23070000
v -0.43310000 0.21650000 1.21270000
v -0.05710000 0.21650000 1.23070000
v -0.05710000 0.21650000 1.21270000
v -0.05710000 0.39650000 1.23070000
v -0.05710000 0.39650000 1.21270000
v -0.05710000 0.21650000 1.23070000
v -0.05710000 0.21650000 1.21270000
v -0.43310000 0.39650000 1.23070000
v -0.43310000 0.39650000 1.21270000
v -0.05710000 0.39650000 1.23070000
v -0.05710000 0.39650000 1.21270000
v -0.43310000 0.39650000 1.23070000
v -0.43310000 0.39650000 1.21270000
v -0.43310000 0.21650000 1.23070000
v -0.43310000 0.21650000 1.21270000
f 723 721 722
f 723 722 724
f 728 726 725
f 728 725 727
f 732 729 730
f 732 731 729
f 735 734 733
f 736 734 735
f 740 738 737
f 740 737 739
f 743 741 742
f 744 743 742

o armadio_master__AM_100_CASSETTO_FRONT_RETRO_003
usemtl MULTI TESSUTO sp.18
v -0.39710000 0.37900000 1.72070000
v -0.39710000 0.25200000 1.72070000
v -0.09310000 0.37900000 1.72070000
v -0.09310000 0.25200000 1.72070000
v -0.39710000 0.25200000 1.70270000
v -0.09310000 0.25200000 1.70270000
v -0.39710000 0.37900000 1.70270000
v -0.09310000 0.37900000 1.70270000
v -0.39710000 0.25200000 1.72070000
v -0.39710000 0.25200000 1.70270000
v -0.09310000 0.25200000 1.72070000
v -0.09310000 0.25200000 1.70270000
v -0.09310000 0.37900000 1.72070000
v -0.09310000 0.37900000 1.70270000
v -0.09310000 0.25200000 1.72070000
v -0.09310000 0.25200000 1.70270000
v -0.39710000 0.37900000 1.72070000
v -0.39710000 0.37900000 1.70270000
v -0.09310000 0.37900000 1.72070000
v -0.09310000 0.37900000 1.70270000
v -0.39710000 0.37900000 1.72070000
v -0.39710000 0.37900000 1.70270000
v -0.39710000 0.25200000 1.72070000
v -0.39710000 0.25200000 1.70270000
f 747 745 746
f 747 746 748
f 752 750 749
f 752 749 751
f 756 753 754
f 756 755 753
f 760 758 757
f 760 757 759
f 764 762 761
f 764 761 763
f 768 765 766
f 768 767 765

o armadio_master__AM_100_CASSETTO_FRONT_RETRO_004
usemtl MULTI TESSUTO sp.18
v -0.39710000 0.37900000 1.24870000
v -0.39710000 0.25200000 1.24870000
v -0.09310000 0.37900000 1.24870000
v -0.09310000 0.25200000 1.24870000
v -0.39710000 0.25200000 1.23070000
v -0.09310000 0.25200000 1.23070000
v -0.39710000 0.37900000 1.23070000
v -0.09310000 0.37900000 1.23070000
v -0.39710000 0.25200000 1.24870000
v -0.39710000 0.25200000 1.23070000
v -0.09310000 0.25200000 1.24870000
v -0.09310000 0.25200000 1.23070000
v -0.09310000 0.37900000 1.24870000
v -0.09310000 0.37900000 1.23070000
v -0.09310000 0.25200000 1.24870000
v -0.09310000 0.25200000 1.23070000
v -0.39710000 0.37900000 1.24870000
v -0.39710000 0.37900000 1.23070000
v -0.09310000 0.37900000 1.24870000
v -0.09310000 0.37900000 1.23070000
v -0.39710000 0.37900000 1.24870000
v -0.39710000 0.37900000 1.23070000
v -0.39710000 0.25200000 1.24870000
v -0.39710000 0.25200000 1.23070000
f 771 769 770
f 771 770 772
f 776 774 773
f 776 773 775
f 780 777 778
f 780 779 777
f 784 782 781
f 784 781 783
f 788 786 785
f 788 785 787
f 792 789 790
f 792 791 789

o armadio_master__AM_101_CASSETTO_FONDO_002
usemtl MULTI TESSUTO sp.18
v -0.40360000 0.24200000 1.70270000
v -0.08660000 0.24200000 1.70270000
v -0.08660000 0.24200000 1.24870000
v -0.40360000 0.24200000 1.24870000
v -0.40360000 0.25200000 1.24870000
v -0.40360000 0.25200000 1.70270000
v -0.08660000 0.25200000 1.70270000
v -0.08660000 0.25200000 1.24870000
v -0.40360000 0.24200000 1.24870000
v -0.40360000 0.25200000 1.24870000
v -0.40360000 0.24200000 1.70270000
v -0.40360000 0.25200000 1.70270000
v -0.08660000 0.24200000 1.24870000
v -0.08660000 0.25200000 1.24870000
v -0.40360000 0.24200000 1.24870000
v -0.40360000 0.25200000 1.24870000
v -0.08660000 0.24200000 1.70270000
v -0.08660000 0.25200000 1.70270000
v -0.08660000 0.24200000 1.24870000
v -0.08660000 0.25200000 1.24870000
v -0.40360000 0.24200000 1.70270000
v -0.40360000 0.25200000 1.70270000
v -0.08660000 0.24200000 1.70270000
v -0.08660000 0.25200000 1.70270000
f 795 794 793
f 795 793 796
f 800 797 798
f 800 798 799
f 804 802 801
f 804 801 803
f 808 806 805
f 808 805 807
f 811 810 809
f 812 810 811
f 816 814 813
f 816 813 815

o armadio_master__AM_98_CASSETTO_SPONDA_DX_002
usemtl MULTI TESSUTO sp.18
v -0.41510000 0.22900000 1.72070000
v -0.41510000 0.22900000 1.23070000
v -0.41510000 0.37900000 1.23070000
v -0.41510000 0.37900000 1.72070000
v -0.41510000 0.37900000 1.23070000
v -0.39710000 0.37900000 1.23070000
v -0.41510000 0.37900000 1.72070000
v -0.39710000 0.37900000 1.72070000
v -0.41510000 0.22900000 1.72070000
v -0.39710000 0.22900000 1.72070000
v -0.41510000 0.22900000 1.23070000
v -0.39710000 0.22900000 1.23070000
v -0.39710000 0.22900000 1.23070000
v -0.39710000 0.24200000 1.23070000
v -0.41510000 0.22900000 1.23070000
v -0.41510000 0.37900000 1.23070000
v -0.39710000 0.37900000 1.23070000
v -0.39710000 0.25250000 1.23070000
v -0.40410000 0.25250000 1.23070000
v -0.40410000 0.24200000 1.23070000
v -0.39710000 0.37900000 1.72070000
v -0.39710000 0.25250000 1.72070000
v -0.41510000 0.37900000 1.72070000
v -0.41510000 0.22900000 1.72070000
v -0.39710000 0.22900000 1.72070000
v -0.39710000 0.24200000 1.72070000
v -0.40410000 0.24200000 1.72070000
v -0.40410000 0.25250000 1.72070000
v -0.39710000 0.24200000 1.72070000
v -0.39710000 0.22900000 1.72070000
v -0.39710000 0.22900000 1.23070000
v -0.39710000 0.24200000 1.23070000
v -0.39710000 0.25250000 1.23070000
v -0.39710000 0.37900000 1.23070000
v -0.39710000 0.37900000 1.72070000
v -0.39710000 0.25250000 1.72070000
v -0.39710000 0.24200000 1.72070000
v -0.40410000 0.24200000 1.72070000
v -0.39710000 0.24200000 1.23070000
v -0.40410000 0.24200000 1.23070000
v -0.40410000 0.25250000 1.72070000
v -0.40410000 0.24200000 1.72070000
v -0.40410000 0.24200000 1.23070000
v -0.40410000 0.25250000 1.23070000
v -0.39710000 0.25250000 1.23070000
v -0.40410000 0.25250000 1.23070000
v -0.39710000 0.25250000 1.72070000
v -0.40410000 0.25250000 1.72070000
f 819 818 817
f 819 817 820
f 824 822 821
f 824 821 823
f 828 826 825
f 828 825 827
f 836 829 831
f 830 829 836
f 835 836 831
f 832 835 831
f 833 834 835
f 833 835 832
f 844 837 839
f 838 837 844
f 840 843 844
f 840 844 839
f 841 842 843
f 841 843 840
f 848 845 846
f 848 846 847
f 850 851 852
f 850 852 849
f 855 854 853
f 856 854 855
f 860 857 858
f 860 858 859
f 864 862 861
f 864 861 863

o armadio_master__AM_99_CASSETTO_SPONDA_SX_002
usemtl MULTI TESSUTO sp.18
v -0.07510000 0.22900000 1.72070000
v -0.07510000 0.22900000 1.23070000
v -0.07510000 0.37900000 1.23070000
v -0.07510000 0.37900000 1.72070000
v -0.07510000 0.22900000 1.72070000
v -0.09310000 0.22900000 1.72070000
v -0.07510000 0.22900000 1.23070000
v -0.09310000 0.22900000 1.23070000
v -0.07510000 0.37900000 1.23070000
v -0.09310000 0.37900000 1.23070000
v -0.07510000 0.37900000 1.72070000
v -0.09310000 0.37900000 1.72070000
v -0.09310000 0.24200000 1.72070000
v -0.09310000 0.22900000 1.72070000
v -0.09310000 0.22900000 1.23070000
v -0.09310000 0.24200000 1.23070000
v -0.09310000 0.25250000 1.23070000
v -0.09310000 0.37900000 1.23070000
v -0.09310000 0.37900000 1.72070000
v -0.09310000 0.25250000 1.72070000
v -0.09310000 0.37900000 1.72070000
v -0.09310000 0.25250000 1.72070000
v -0.07510000 0.37900000 1.72070000
v -0.07510000 0.22900000 1.72070000
v -0.09310000 0.22900000 1.72070000
v -0.09310000 0.24200000 1.72070000
v -0.08610000 0.24200000 1.72070000
v -0.08610000 0.25250000 1.72070000
v -0.09310000 0.22900000 1.23070000
v -0.09310000 0.24200000 1.23070000
v -0.07510000 0.22900000 1.23070000
v -0.07510000 0.37900000 1.23070000
v -0.09310000 0.37900000 1.23070000
v -0.09310000 0.25250000 1.23070000
v -0.08610000 0.25250000 1.23070000
v -0.08610000 0.24200000 1.23070000
v -0.08610000 0.25250000 1.72070000
v -0.08610000 0.24200000 1.72070000
v -0.08610000 0.24200000 1.23070000
v -0.08610000 0.25250000 1.23070000
v -0.09310000 0.24200000 1.72070000
v -0.08610000 0.24200000 1.72070000
v -0.09310000 0.24200000 1.23070000
v -0.08610000 0.24200000 1.23070000
v -0.09310000 0.25250000 1.23070000
v -0.08610000 0.25250000 1.23070000
v -0.09310000 0.25250000 1.72070000
v -0.08610000 0.25250000 1.72070000
f 867 865 866
f 867 868 865
f 872 869 870
f 872 871 869
f 876 873 874
f 876 875 873
f 880 878 877
f 880 879 878
f 882 884 883
f 882 881 884
f 892 887 885
f 886 892 885
f 888 892 891
f 888 887 892
f 889 891 890
f 889 888 891
f 900 895 893
f 894 900 893
f 899 895 900
f 896 895 899
f 897 899 898
f 897 896 899
f 904 902 901
f 904 903 902
f 907 905 906
f 908 907 906
f 912 909 910
f 912 911 909

o armadio_master__AM_97_CASSETTO_FRONTALE_003
usemtl MULTI TESSUTO sp.18
v -0.43310000 0.57950000 1.23070000
v -0.43310000 0.39950000 1.23070000
v -0.05710000 0.57950000 1.23070000
v -0.05710000 0.39950000 1.23070000
v -0.43310000 0.39950000 1.21270000
v -0.05710000 0.39950000 1.21270000
v -0.43310000 0.57950000 1.21270000
v -0.05710000 0.57950000 1.21270000
v -0.43310000 0.39950000 1.23070000
v -0.43310000 0.39950000 1.21270000
v -0.05710000 0.39950000 1.23070000
v -0.05710000 0.39950000 1.21270000
v -0.05710000 0.57950000 1.23070000
v -0.05710000 0.57950000 1.21270000
v -0.05710000 0.39950000 1.23070000
v -0.05710000 0.39950000 1.21270000
v -0.43310000 0.57950000 1.23070000
v -0.43310000 0.57950000 1.21270000
v -0.05710000 0.57950000 1.23070000
v -0.05710000 0.57950000 1.21270000
v -0.43310000 0.57950000 1.23070000
v -0.43310000 0.57950000 1.21270000
v -0.43310000 0.39950000 1.23070000
v -0.43310000 0.39950000 1.21270000
f 915 913 914
f 915 914 916
f 920 918 917
f 920 917 919
f 924 921 922
f 924 923 921
f 927 926 925
f 928 926 927
f 932 930 929
f 932 929 931
f 935 933 934
f 936 935 934

o armadio_master__AM_100_CASSETTO_FRONT_RETRO_005
usemtl MULTI TESSUTO sp.18
v -0.39710000 0.56200000 1.72070000
v -0.39710000 0.43500000 1.72070000
v -0.09310000 0.56200000 1.72070000
v -0.09310000 0.43500000 1.72070000
v -0.39710000 0.43500000 1.70270000
v -0.09310000 0.43500000 1.70270000
v -0.39710000 0.56200000 1.70270000
v -0.09310000 0.56200000 1.70270000
v -0.39710000 0.43500000 1.72070000
v -0.39710000 0.43500000 1.70270000
v -0.09310000 0.43500000 1.72070000
v -0.09310000 0.43500000 1.70270000
v -0.09310000 0.56200000 1.72070000
v -0.09310000 0.56200000 1.70270000
v -0.09310000 0.43500000 1.72070000
v -0.09310000 0.43500000 1.70270000
v -0.39710000 0.56200000 1.72070000
v -0.39710000 0.56200000 1.70270000
v -0.09310000 0.56200000 1.72070000
v -0.09310000 0.56200000 1.70270000
v -0.39710000 0.56200000 1.72070000
v -0.39710000 0.56200000 1.70270000
v -0.39710000 0.43500000 1.72070000
v -0.39710000 0.43500000 1.70270000
f 939 937 938
f 939 938 940
f 944 942 941
f 944 941 943
f 948 945 946
f 948 947 945
f 952 950 949
f 952 949 951
f 956 954 953
f 956 953 955
f 960 957 958
f 960 959 957

o armadio_master__AM_100_CASSETTO_FRONT_RETRO_006
usemtl MULTI TESSUTO sp.18
v -0.39710000 0.56200000 1.24870000
v -0.39710000 0.43500000 1.24870000
v -0.09310000 0.56200000 1.24870000
v -0.09310000 0.43500000 1.24870000
v -0.39710000 0.43500000 1.23070000
v -0.09310000 0.43500000 1.23070000
v -0.39710000 0.56200000 1.23070000
v -0.09310000 0.56200000 1.23070000
v -0.39710000 0.43500000 1.24870000
v -0.39710000 0.43500000 1.23070000
v -0.09310000 0.43500000 1.24870000
v -0.09310000 0.43500000 1.23070000
v -0.09310000 0.56200000 1.24870000
v -0.09310000 0.56200000 1.23070000
v -0.09310000 0.43500000 1.24870000
v -0.09310000 0.43500000 1.23070000
v -0.39710000 0.56200000 1.24870000
v -0.39710000 0.56200000 1.23070000
v -0.09310000 0.56200000 1.24870000
v -0.09310000 0.56200000 1.23070000
v -0.39710000 0.56200000 1.24870000
v -0.39710000 0.56200000 1.23070000
v -0.39710000 0.43500000 1.24870000
v -0.39710000 0.43500000 1.23070000
f 963 961 962
f 963 962 964
f 968 966 965
f 968 965 967
f 972 969 970
f 972 971 969
f 976 974 973
f 976 973 975
f 980 978 977
f 980 977 979
f 984 981 982
f 984 983 981

o armadio_master__AM_101_CASSETTO_FONDO_003
usemtl MULTI TESSUTO sp.18
v -0.40360000 0.42500000 1.70270000
v -0.08660000 0.42500000 1.70270000
v -0.08660000 0.42500000 1.24870000
v -0.40360000 0.42500000 1.24870000
v -0.40360000 0.43500000 1.24870000
v -0.40360000 0.43500000 1.70270000
v -0.08660000 0.43500000 1.70270000
v -0.08660000 0.43500000 1.24870000
v -0.40360000 0.42500000 1.24870000
v -0.40360000 0.43500000 1.24870000
v -0.40360000 0.42500000 1.70270000
v -0.40360000 0.43500000 1.70270000
v -0.08660000 0.42500000 1.24870000
v -0.08660000 0.43500000 1.24870000
v -0.40360000 0.42500000 1.24870000
v -0.40360000 0.43500000 1.24870000
v -0.08660000 0.42500000 1.70270000
v -0.08660000 0.43500000 1.70270000
v -0.08660000 0.42500000 1.24870000
v -0.08660000 0.43500000 1.24870000
v -0.40360000 0.42500000 1.70270000
v -0.40360000 0.43500000 1.70270000
v -0.08660000 0.42500000 1.70270000
v -0.08660000 0.43500000 1.70270000
f 987 986 985
f 987 985 988
f 992 989 990
f 992 990 991
f 996 994 993
f 996 993 995
f 1000 998 997
f 1000 997 999
f 1003 1002 1001
f 1004 1002 1003
f 1008 1006 1005
f 1008 1005 1007

o armadio_master__AM_98_CASSETTO_SPONDA_DX_003
usemtl MULTI TESSUTO sp.18
v -0.41510000 0.41200000 1.72070000
v -0.41510000 0.41200000 1.23070000
v -0.41510000 0.56200000 1.23070000
v -0.41510000 0.56200000 1.72070000
v -0.41510000 0.56200000 1.23070000
v -0.39710000 0.56200000 1.23070000
v -0.41510000 0.56200000 1.72070000
v -0.39710000 0.56200000 1.72070000
v -0.41510000 0.41200000 1.72070000
v -0.39710000 0.41200000 1.72070000
v -0.41510000 0.41200000 1.23070000
v -0.39710000 0.41200000 1.23070000
v -0.39710000 0.41200000 1.23070000
v -0.39710000 0.42500000 1.23070000
v -0.41510000 0.41200000 1.23070000
v -0.41510000 0.56200000 1.23070000
v -0.39710000 0.56200000 1.23070000
v -0.39710000 0.43550000 1.23070000
v -0.40410000 0.43550000 1.23070000
v -0.40410000 0.42500000 1.23070000
v -0.39710000 0.56200000 1.72070000
v -0.39710000 0.43550000 1.72070000
v -0.41510000 0.56200000 1.72070000
v -0.41510000 0.41200000 1.72070000
v -0.39710000 0.41200000 1.72070000
v -0.39710000 0.42500000 1.72070000
v -0.40410000 0.42500000 1.72070000
v -0.40410000 0.43550000 1.72070000
v -0.39710000 0.42500000 1.72070000
v -0.39710000 0.41200000 1.72070000
v -0.39710000 0.41200000 1.23070000
v -0.39710000 0.42500000 1.23070000
v -0.39710000 0.43550000 1.23070000
v -0.39710000 0.56200000 1.23070000
v -0.39710000 0.56200000 1.72070000
v -0.39710000 0.43550000 1.72070000
v -0.39710000 0.42500000 1.72070000
v -0.40410000 0.42500000 1.72070000
v -0.39710000 0.42500000 1.23070000
v -0.40410000 0.42500000 1.23070000
v -0.40410000 0.43550000 1.72070000
v -0.40410000 0.42500000 1.72070000
v -0.40410000 0.42500000 1.23070000
v -0.40410000 0.43550000 1.23070000
v -0.39710000 0.43550000 1.23070000
v -0.40410000 0.43550000 1.23070000
v -0.39710000 0.43550000 1.72070000
v -0.40410000 0.43550000 1.72070000
f 1011 1010 1009
f 1011 1009 1012
f 1016 1014 1013
f 1016 1013 1015
f 1020 1018 1017
f 1020 1017 1019
f 1028 1021 1023
f 1022 1021 1028
f 1027 1028 1023
f 1024 1027 1023
f 1025 1026 1027
f 1025 1027 1024
f 1036 1029 1031
f 1030 1029 1036
f 1032 1035 1036
f 1032 1036 1031
f 1033 1034 1035
f 1033 1035 1032
f 1040 1037 1038
f 1040 1038 1039
f 1042 1043 1044
f 1042 1044 1041
f 1047 1046 1045
f 1048 1046 1047
f 1052 1049 1050
f 1052 1050 1051
f 1056 1054 1053
f 1056 1053 1055

o armadio_master__AM_99_CASSETTO_SPONDA_SX_003
usemtl MULTI TESSUTO sp.18
v -0.07510000 0.41200000 1.72070000
v -0.07510000 0.41200000 1.23070000
v -0.07510000 0.56200000 1.23070000
v -0.07510000 0.56200000 1.72070000
v -0.07510000 0.41200000 1.72070000
v -0.09310000 0.41200000 1.72070000
v -0.07510000 0.41200000 1.23070000
v -0.09310000 0.41200000 1.23070000
v -0.07510000 0.56200000 1.23070000
v -0.09310000 0.56200000 1.23070000
v -0.07510000 0.56200000 1.72070000
v -0.09310000 0.56200000 1.72070000
v -0.09310000 0.42500000 1.72070000
v -0.09310000 0.41200000 1.72070000
v -0.09310000 0.41200000 1.23070000
v -0.09310000 0.42500000 1.23070000
v -0.09310000 0.43550000 1.23070000
v -0.09310000 0.56200000 1.23070000
v -0.09310000 0.56200000 1.72070000
v -0.09310000 0.43550000 1.72070000
v -0.09310000 0.56200000 1.72070000
v -0.09310000 0.43550000 1.72070000
v -0.07510000 0.56200000 1.72070000
v -0.07510000 0.41200000 1.72070000
v -0.09310000 0.41200000 1.72070000
v -0.09310000 0.42500000 1.72070000
v -0.08610000 0.42500000 1.72070000
v -0.08610000 0.43550000 1.72070000
v -0.09310000 0.41200000 1.23070000
v -0.09310000 0.42500000 1.23070000
v -0.07510000 0.41200000 1.23070000
v -0.07510000 0.56200000 1.23070000
v -0.09310000 0.56200000 1.23070000
v -0.09310000 0.43550000 1.23070000
v -0.08610000 0.43550000 1.23070000
v -0.08610000 0.42500000 1.23070000
v -0.08610000 0.43550000 1.72070000
v -0.08610000 0.42500000 1.72070000
v -0.08610000 0.42500000 1.23070000
v -0.08610000 0.43550000 1.23070000
v -0.09310000 0.42500000 1.72070000
v -0.08610000 0.42500000 1.72070000
v -0.09310000 0.42500000 1.23070000
v -0.08610000 0.42500000 1.23070000
v -0.09310000 0.43550000 1.23070000
v -0.08610000 0.43550000 1.23070000
v -0.09310000 0.43550000 1.72070000
v -0.08610000 0.43550000 1.72070000
f 1059 1057 1058
f 1059 1060 1057
f 1064 1061 1062
f 1064 1063 1061
f 1068 1065 1066
f 1068 1067 1065
f 1072 1070 1069
f 1072 1071 1070
f 1074 1076 1075
f 1074 1073 1076
f 1084 1079 1077
f 1078 1084 1077
f 1080 1084 1083
f 1080 1079 1084
f 1081 1083 1082
f 1081 1080 1083
f 1092 1087 1085
f 1086 1092 1085
f 1091 1087 1092
f 1088 1087 1091
f 1089 1091 1090
f 1089 1088 1091
f 1096 1094 1093
f 1096 1095 1094
f 1099 1097 1098
f 1100 1099 1098
f 1104 1101 1102
f 1104 1103 1101

o armadio_master__AM_92_CTRA_FIANCHETTO_DX
usemtl MULTI TESSUTO sp.18
v -0.43610000 0.02350000 1.76070000
v -0.43610000 0.02350000 1.23070000
v -0.43610000 0.58350000 1.23070000
v -0.43610000 0.58350000 1.76070000
v -0.41810000 0.58350000 1.76070000
v -0.41810000 0.02350000 1.76070000
v -0.41810000 0.02350000 1.23070000
v -0.41810000 0.58350000 1.23070000
v -0.43610000 0.58350000 1.76070000
v -0.41810000 0.58350000 1.76070000
v -0.43610000 0.02350000 1.76070000
v -0.41810000 0.02350000 1.76070000
v -0.43610000 0.58350000 1.23070000
v -0.41810000 0.58350000 1.23070000
v -0.43610000 0.58350000 1.76070000
v -0.41810000 0.58350000 1.76070000
v -0.43610000 0.02350000 1.23070000
v -0.41810000 0.02350000 1.23070000
v -0.43610000 0.58350000 1.23070000
v -0.41810000 0.58350000 1.23070000
v -0.43610000 0.02350000 1.76070000
v -0.41810000 0.02350000 1.76070000
v -0.43610000 0.02350000 1.23070000
v -0.41810000 0.02350000 1.23070000
f 1107 1106 1105
f 1107 1105 1108
f 1112 1109 1110
f 1112 1110 1111
f 1115 1114 1113
f 1116 1114 1115
f 1119 1118 1117
f 1120 1118 1119
f 1123 1122 1121
f 1124 1122 1123
f 1128 1126 1125
f 1128 1125 1127

o armadio_master__AM_93_CTRA_FIANCHETTO_SX
usemtl MULTI TESSUTO sp.18
v -0.05410000 0.02350000 1.76070000
v -0.05410000 0.02350000 1.23070000
v -0.05410000 0.58350000 1.23070000
v -0.05410000 0.58350000 1.76070000
v -0.05410000 0.02350000 1.76070000
v -0.07210000 0.02350000 1.76070000
v -0.05410000 0.02350000 1.23070000
v -0.07210000 0.02350000 1.23070000
v -0.05410000 0.02350000 1.23070000
v -0.07210000 0.02350000 1.23070000
v -0.05410000 0.58350000 1.23070000
v -0.07210000 0.58350000 1.23070000
v -0.05410000 0.58350000 1.23070000
v -0.07210000 0.58350000 1.23070000
v -0.05410000 0.58350000 1.76070000
v -0.07210000 0.58350000 1.76070000
v -0.05410000 0.58350000 1.76070000
v -0.07210000 0.58350000 1.76070000
v -0.05410000 0.02350000 1.76070000
v -0.07210000 0.02350000 1.76070000
v -0.07210000 0.58350000 1.76070000
v -0.07210000 0.02350000 1.76070000
v -0.07210000 0.02350000 1.23070000
v -0.07210000 0.58350000 1.23070000
f 1131 1129 1130
f 1131 1132 1129
f 1136 1133 1134
f 1136 1135 1133
f 1139 1137 1138
f 1140 1139 1138
f 1143 1141 1142
f 1144 1143 1142
f 1147 1145 1146
f 1148 1147 1146
f 1152 1150 1149
f 1152 1151 1150

o armadio_master__AM_102_DIST_CASSETTIERA
usemtl MULT.LAM.B.18mm 305x130
v -0.46610000 0.58350000 1.29770000
v -0.46610000 0.02350000 1.29770000
v -0.43610000 0.58350000 1.29770000
v -0.43610000 0.02350000 1.29770000
v -0.46610000 0.02350000 1.27970000
v -0.43610000 0.02350000 1.27970000
v -0.46610000 0.58350000 1.27970000
v -0.43610000 0.58350000 1.27970000
v -0.46610000 0.02350000 1.29770000
v -0.46610000 0.02350000 1.27970000
v -0.43610000 0.02350000 1.29770000
v -0.43610000 0.02350000 1.27970000
v -0.43610000 0.58350000 1.29770000
v -0.43610000 0.58350000 1.27970000
v -0.43610000 0.02350000 1.29770000
v -0.43610000 0.02350000 1.27970000
v -0.46610000 0.58350000 1.29770000
v -0.46610000 0.58350000 1.27970000
v -0.43610000 0.58350000 1.29770000
v -0.43610000 0.58350000 1.27970000
v -0.46610000 0.58350000 1.29770000
v -0.46610000 0.58350000 1.27970000
v -0.46610000 0.02350000 1.29770000
v -0.46610000 0.02350000 1.27970000
f 1155 1153 1154
f 1155 1154 1156
f 1160 1158 1157
f 1160 1157 1159
f 1164 1161 1162
f 1164 1163 1161
f 1167 1166 1165
f 1168 1166 1167
f 1172 1170 1169
f 1172 1169 1171
f 1175 1173 1174
f 1176 1175 1174

o armadio_master__AMC_86_FIANCO_DX
usemtl MULTI TESSUTO sp.18
v -0.48410000 0.00550000 1.78070000
v -0.48410000 0.00550000 1.20070000
v -0.48410000 2.04550000 1.20070000
v -0.48410000 2.04550000 1.78070000
v -0.46610000 2.04550000 1.78070000
v -0.46610000 0.00550000 1.78070000
v -0.46610000 0.00550000 1.20070000
v -0.46610000 2.04550000 1.20070000
v -0.48410000 2.04550000 1.78070000
v -0.46610000 2.04550000 1.78070000
v -0.48410000 0.00550000 1.78070000
v -0.46610000 0.00550000 1.78070000
v -0.48410000 2.04550000 1.20070000
v -0.46610000 2.04550000 1.20070000
v -0.48410000 2.04550000 1.78070000
v -0.46610000 2.04550000 1.78070000
v -0.48410000 0.00550000 1.20070000
v -0.46610000 0.00550000 1.20070000
v -0.48410000 2.04550000 1.20070000
v -0.46610000 2.04550000 1.20070000
v -0.48410000 0.00550000 1.78070000
v -0.46610000 0.00550000 1.78070000
v -0.48410000 0.00550000 1.20070000
v -0.46610000 0.00550000 1.20070000
f 1179 1178 1177
f 1179 1177 1180
f 1184 1181 1182
f 1184 1182 1183
f 1188 1186 1185
f 1188 1185 1187
f 1191 1190 1189
f 1192 1190 1191
f 1196 1194 1193
f 1196 1193 1195
f 1199 1198 1197
f 1200 1198 1199

o armadio_master__AMC_87_FIANCO_SX
usemtl MULTI TESSUTO sp.18
v -0.03610000 0.00550000 1.78070000
v -0.03610000 0.00550000 1.20070000
v -0.03610000 2.04550000 1.20070000
v -0.03610000 2.04550000 1.78070000
v -0.03610000 0.00550000 1.78070000
v -0.05410000 0.00550000 1.78070000
v -0.03610000 0.00550000 1.20070000
v -0.05410000 0.00550000 1.20070000
v -0.03610000 0.00550000 1.20070000
v -0.05410000 0.00550000 1.20070000
v -0.03610000 2.04550000 1.20070000
v -0.05410000 2.04550000 1.20070000
v -0.03610000 2.04550000 1.20070000
v -0.05410000 2.04550000 1.20070000
v -0.03610000 2.04550000 1.78070000
v -0.05410000 2.04550000 1.78070000
v -0.03610000 2.04550000 1.78070000
v -0.05410000 2.04550000 1.78070000
v -0.03610000 0.00550000 1.78070000
v -0.05410000 0.00550000 1.78070000
v -0.05410000 2.04550000 1.78070000
v -0.05410000 0.00550000 1.78070000
v -0.05410000 0.00550000 1.20070000
v -0.05410000 2.04550000 1.20070000
f 1203 1201 1202
f 1203 1204 1201
f 1207 1205 1206
f 1208 1207 1206
f 1212 1209 1210
f 1212 1211 1209
f 1216 1213 1214
f 1216 1215 1213
f 1220 1217 1218
f 1220 1219 1217
f 1224 1222 1221
f 1224 1223 1222

o armadio_master__AMC_88_BASE
usemtl MULTI TESSUTO sp.18
v -0.46610000 0.00550000 1.78070000
v -0.05410000 0.00550000 1.78070000
v -0.05410000 0.00550000 1.20070000
v -0.46610000 0.00550000 1.20070000
v -0.46610000 0.02350000 1.20070000
v -0.46610000 0.02350000 1.78070000
v -0.05410000 0.02350000 1.78070000
v -0.05410000 0.02350000 1.20070000
v -0.46610000 0.00550000 1.20070000
v -0.46610000 0.02350000 1.20070000
v -0.46610000 0.00550000 1.78070000
v -0.46610000 0.02350000 1.78070000
v -0.05410000 0.00550000 1.20070000
v -0.05410000 0.02350000 1.20070000
v -0.46610000 0.00550000 1.20070000
v -0.46610000 0.02350000 1.20070000
v -0.05410000 0.00550000 1.78070000
v -0.05410000 0.02350000 1.78070000
v -0.05410000 0.00550000 1.20070000
v -0.05410000 0.02350000 1.20070000
v -0.46610000 0.00550000 1.78070000
v -0.46610000 0.02350000 1.78070000
v -0.05410000 0.00550000 1.78070000
v -0.05410000 0.02350000 1.78070000
f 1228 1226 1225
f 1227 1226 1228
f 1229 1230 1231
f 1232 1229 1231
f 1236 1234 1233
f 1236 1233 1235
f 1240 1238 1237
f 1240 1237 1239
f 1244 1242 1241
f 1244 1241 1243
f 1248 1246 1245
f 1248 1245 1247

o armadio_master__AMC_151_CIELO
usemtl MULTI TESSUTO sp.18
v -0.46610000 2.02750000 1.78070000
v -0.05410000 2.02750000 1.78070000
v -0.05410000 2.02750000 1.20070000
v -0.46610000 2.02750000 1.20070000
v -0.46610000 2.04550000 1.20070000
v -0.46610000 2.04550000 1.78070000
v -0.05410000 2.04550000 1.78070000
v -0.05410000 2.04550000 1.20070000
v -0.46610000 2.02750000 1.20070000
v -0.46610000 2.04550000 1.20070000
v -0.46610000 2.02750000 1.78070000
v -0.46610000 2.04550000 1.78070000
v -0.05410000 2.02750000 1.20070000
v -0.05410000 2.04550000 1.20070000
v -0.46610000 2.02750000 1.20070000
v -0.46610000 2.04550000 1.20070000
v -0.05410000 2.02750000 1.78070000
v -0.05410000 2.04550000 1.78070000
v -0.05410000 2.02750000 1.20070000
v -0.05410000 2.04550000 1.20070000
v -0.46610000 2.02750000 1.78070000
v -0.46610000 2.04550000 1.78070000
v -0.05410000 2.02750000 1.78070000
v -0.05410000 2.04550000 1.78070000
f 1252 1250 1249
f 1251 1250 1252
f 1253 1254 1255
f 1256 1253 1255
f 1260 1258 1257
f 1260 1257 1259
f 1264 1262 1261
f 1264 1261 1263
f 1268 1266 1265
f 1268 1265 1267
f 1272 1270 1269
f 1272 1269 1271

o armadio_master__AMC_89_RIPIANO_002
usemtl MULTI TESSUTO sp.18
v 0.02190000 0.58350000 1.75970000
v 0.43390000 0.58350000 1.75970000
v 0.43390000 0.58350000 1.21170000
v 0.02190000 0.58350000 1.21170000
v 0.02190000 0.60150000 1.21170000
v 0.02190000 0.60150000 1.75970000
v 0.43390000 0.60150000 1.75970000
v 0.43390000 0.60150000 1.21170000
v 0.02190000 0.58350000 1.21170000
v 0.02190000 0.60150000 1.21170000
v 0.02190000 0.58350000 1.75970000
v 0.02190000 0.60150000 1.75970000
v 0.43390000 0.58350000 1.21170000
v 0.43390000 0.60150000 1.21170000
v 0.02190000 0.58350000 1.21170000
v 0.02190000 0.60150000 1.21170000
v 0.43390000 0.58350000 1.75970000
v 0.43390000 0.60150000 1.75970000
v 0.43390000 0.58350000 1.21170000
v 0.43390000 0.60150000 1.21170000
v 0.02190000 0.58350000 1.75970000
v 0.02190000 0.60150000 1.75970000
v 0.43390000 0.58350000 1.75970000
v 0.43390000 0.60150000 1.75970000
f 1275 1274 1273
f 1275 1273 1276
f 1280 1277 1278
f 1280 1278 1279
f 1284 1282 1281
f 1284 1281 1283
f 1288 1286 1285
f 1288 1285 1287
f 1292 1290 1289
f 1292 1289 1291
f 1296 1294 1293
f 1296 1293 1295

o armadio_master__AMC_90_SCHIENA_002
usemtl MULTI TESSUTO sp.18
v 0.02190000 2.02750000 1.77870000
v 0.02190000 0.02350000 1.77870000
v 0.43390000 2.02750000 1.77870000
v 0.43390000 0.02350000 1.77870000
v 0.02190000 0.02350000 1.76070000
v 0.43390000 0.02350000 1.76070000
v 0.02190000 2.02750000 1.76070000
v 0.43390000 2.02750000 1.76070000
v 0.02190000 0.02350000 1.77870000
v 0.02190000 0.02350000 1.76070000
v 0.43390000 0.02350000 1.77870000
v 0.43390000 0.02350000 1.76070000
v 0.43390000 2.02750000 1.77870000
v 0.43390000 2.02750000 1.76070000
v 0.43390000 0.02350000 1.77870000
v 0.43390000 0.02350000 1.76070000
v 0.02190000 2.02750000 1.77870000
v 0.02190000 2.02750000 1.76070000
v 0.43390000 2.02750000 1.77870000
v 0.43390000 2.02750000 1.76070000
v 0.02190000 2.02750000 1.77870000
v 0.02190000 2.02750000 1.76070000
v 0.02190000 0.02350000 1.77870000
v 0.02190000 0.02350000 1.76070000
f 1299 1297 1298
f 1299 1298 1300
f 1303 1302 1301
f 1304 1302 1303
f 1308 1305 1306
f 1308 1307 1305
f 1312 1310 1309
f 1312 1309 1311
f 1316 1314 1313
f 1316 1313 1315
f 1320 1317 1318
f 1320 1319 1317

o armadio_master__AMD_105_ANTA
usemtl MULT.LAM.B.18mm 305x130
v -0.00110000 2.05500000 1.19970000
v -0.00110000 0.00500000 1.19970000
v 0.44890000 2.05500000 1.19970000
v 0.44890000 0.00500000 1.19970000
v -0.00110000 0.00500000 1.18170000
v 0.44890000 0.00500000 1.18170000
v -0.00110000 2.05500000 1.18170000
v 0.44890000 2.05500000 1.18170000
v -0.00110000 0.00500000 1.19970000
v -0.00110000 0.00500000 1.18170000
v 0.44890000 0.00500000 1.19970000
v 0.44890000 0.00500000 1.18170000
v 0.44890000 2.05500000 1.19970000
v 0.44890000 2.05500000 1.18170000
v 0.44890000 0.00500000 1.19970000
v 0.44890000 0.00500000 1.18170000
v -0.00110000 2.05500000 1.19970000
v -0.00110000 2.05500000 1.18170000
v 0.44890000 2.05500000 1.19970000
v 0.44890000 2.05500000 1.18170000
v -0.00110000 2.05500000 1.19970000
v -0.00110000 2.05500000 1.18170000
v -0.00110000 0.00500000 1.19970000
v -0.00110000 0.00500000 1.18170000
f 1323 1321 1322
f 1323 1322 1324
f 1328 1326 1325
f 1328 1325 1327
f 1332 1329 1330
f 1332 1331 1329
f 1336 1334 1333
f 1336 1333 1335
f 1340 1338 1337
f 1340 1337 1339
f 1344 1341 1342
f 1344 1343 1341

o armadio_master__AM_94_CTRA_FONDO_002
usemtl MULTI TESSUTO sp.18
v 0.03990000 0.02350000 1.76070000
v 0.38590000 0.02350000 1.76070000
v 0.38590000 0.02350000 1.23070000
v 0.03990000 0.02350000 1.23070000
v 0.03990000 0.04150000 1.23070000
v 0.03990000 0.04150000 1.76070000
v 0.38590000 0.04150000 1.76070000
v 0.38590000 0.04150000 1.23070000
v 0.03990000 0.02350000 1.23070000
v 0.03990000 0.04150000 1.23070000
v 0.03990000 0.02350000 1.76070000
v 0.03990000 0.04150000 1.76070000
v 0.38590000 0.02350000 1.23070000
v 0.38590000 0.04150000 1.23070000
v 0.03990000 0.02350000 1.23070000
v 0.03990000 0.04150000 1.23070000
v 0.38590000 0.02350000 1.76070000
v 0.38590000 0.04150000 1.76070000
v 0.38590000 0.02350000 1.23070000
v 0.38590000 0.04150000 1.23070000
v 0.03990000 0.02350000 1.76070000
v 0.03990000 0.04150000 1.76070000
v 0.38590000 0.02350000 1.76070000
v 0.38590000 0.04150000 1.76070000
f 1347 1346 1345
f 1347 1345 1348
f 1352 1349 1350
f 1352 1350 1351
f 1355 1354 1353
f 1356 1354 1355
f 1360 1358 1357
f 1360 1357 1359
f 1364 1362 1361
f 1364 1361 1363
f 1368 1366 1365
f 1368 1365 1367

o armadio_master__AM_95_CTRA_TOP_002
usemtl MULTI TESSUTO sp.18
v 0.03990000 0.56550000 1.76070000
v 0.38590000 0.56550000 1.76070000
v 0.38590000 0.56550000 1.23070000
v 0.03990000 0.56550000 1.23070000
v 0.03990000 0.58350000 1.23070000
v 0.03990000 0.58350000 1.76070000
v 0.38590000 0.58350000 1.76070000
v 0.38590000 0.58350000 1.23070000
v 0.03990000 0.56550000 1.23070000
v 0.03990000 0.58350000 1.23070000
v 0.03990000 0.56550000 1.76070000
v 0.03990000 0.58350000 1.76070000
v 0.38590000 0.56550000 1.23070000
v 0.38590000 0.58350000 1.23070000
v 0.03990000 0.56550000 1.23070000
v 0.03990000 0.58350000 1.23070000
v 0.38590000 0.56550000 1.76070000
v 0.38590000 0.58350000 1.76070000
v 0.38590000 0.56550000 1.23070000
v 0.38590000 0.58350000 1.23070000
v 0.03990000 0.56550000 1.76070000
v 0.03990000 0.58350000 1.76070000
v 0.38590000 0.56550000 1.76070000
v 0.38590000 0.58350000 1.76070000
f 1371 1370 1369
f 1371 1369 1372
f 1376 1373 1374
f 1376 1374 1375
f 1379 1378 1377
f 1380 1378 1379
f 1384 1382 1381
f 1384 1381 1383
f 1388 1386 1385
f 1388 1385 1387
f 1392 1390 1389
f 1392 1389 1391

o armadio_master__AM_96_CTRA_SCHIENALINO_002
usemtl MULTI TESSUTO sp.18
v 0.03990000 0.56550000 1.75870000
v 0.03990000 0.04150000 1.75870000
v 0.38590000 0.56550000 1.75870000
v 0.38590000 0.04150000 1.75870000
v 0.03990000 0.04150000 1.74070000
v 0.38590000 0.04150000 1.74070000
v 0.03990000 0.56550000 1.74070000
v 0.38590000 0.56550000 1.74070000
v 0.03990000 0.04150000 1.75870000
v 0.03990000 0.04150000 1.74070000
v 0.38590000 0.04150000 1.75870000
v 0.38590000 0.04150000 1.74070000
v 0.38590000 0.56550000 1.75870000
v 0.38590000 0.56550000 1.74070000
v 0.38590000 0.04150000 1.75870000
v 0.38590000 0.04150000 1.74070000
v 0.03990000 0.56550000 1.75870000
v 0.03990000 0.56550000 1.74070000
v 0.38590000 0.56550000 1.75870000
v 0.38590000 0.56550000 1.74070000
v 0.03990000 0.56550000 1.75870000
v 0.03990000 0.56550000 1.74070000
v 0.03990000 0.04150000 1.75870000
v 0.03990000 0.04150000 1.74070000
f 1395 1393 1394
f 1395 1394 1396
f 1400 1398 1397
f 1400 1397 1399
f 1404 1401 1402
f 1404 1403 1401
f 1407 1406 1405
f 1408 1406 1407
f 1412 1410 1409
f 1412 1409 1411
f 1415 1413 1414
f 1416 1415 1414

o armadio_master__AM_97_CASSETTO_FRONTALE_004
usemtl MULTI TESSUTO sp.18
v 0.02490000 0.21350000 1.23070000
v 0.02490000 0.03350000 1.23070000
v 0.40090000 0.21350000 1.23070000
v 0.40090000 0.03350000 1.23070000
v 0.02490000 0.03350000 1.21270000
v 0.40090000 0.03350000 1.21270000
v 0.02490000 0.21350000 1.21270000
v 0.40090000 0.21350000 1.21270000
v 0.02490000 0.03350000 1.23070000
v 0.02490000 0.03350000 1.21270000
v 0.40090000 0.03350000 1.23070000
v 0.40090000 0.03350000 1.21270000
v 0.40090000 0.21350000 1.23070000
v 0.40090000 0.21350000 1.21270000
v 0.40090000 0.03350000 1.23070000
v 0.40090000 0.03350000 1.21270000
v 0.02490000 0.21350000 1.23070000
v 0.02490000 0.21350000 1.21270000
v 0.40090000 0.21350000 1.23070000
v 0.40090000 0.21350000 1.21270000
v 0.02490000 0.21350000 1.23070000
v 0.02490000 0.21350000 1.21270000
v 0.02490000 0.03350000 1.23070000
v 0.02490000 0.03350000 1.21270000
f 1419 1417 1418
f 1419 1418 1420
f 1424 1422 1421
f 1424 1421 1423
f 1428 1425 1426
f 1428 1427 1425
f 1431 1430 1429
f 1432 1430 1431
f 1436 1434 1433
f 1436 1433 1435
f 1439 1437 1438
f 1440 1439 1438

o armadio_master__AM_100_CASSETTO_FRONT_RETRO_007
usemtl MULTI TESSUTO sp.18
v 0.06090000 0.19600000 1.72070000
v 0.06090000 0.06900000 1.72070000
v 0.36490000 0.19600000 1.72070000
v 0.36490000 0.06900000 1.72070000
v 0.06090000 0.06900000 1.70270000
v 0.36490000 0.06900000 1.70270000
v 0.06090000 0.19600000 1.70270000
v 0.36490000 0.19600000 1.70270000
v 0.06090000 0.06900000 1.72070000
v 0.06090000 0.06900000 1.70270000
v 0.36490000 0.06900000 1.72070000
v 0.36490000 0.06900000 1.70270000
v 0.36490000 0.19600000 1.72070000
v 0.36490000 0.19600000 1.70270000
v 0.36490000 0.06900000 1.72070000
v 0.36490000 0.06900000 1.70270000
v 0.06090000 0.19600000 1.72070000
v 0.06090000 0.19600000 1.70270000
v 0.36490000 0.19600000 1.72070000
v 0.36490000 0.19600000 1.70270000
v 0.06090000 0.19600000 1.72070000
v 0.06090000 0.19600000 1.70270000
v 0.06090000 0.06900000 1.72070000
v 0.06090000 0.06900000 1.70270000
f 1443 1441 1442
f 1443 1442 1444
f 1448 1446 1445
f 1448 1445 1447
f 1452 1449 1450
f 1452 1451 1449
f 1456 1454 1453
f 1456 1453 1455
f 1460 1458 1457
f 1460 1457 1459
f 1464 1461 1462
f 1464 1463 1461

o armadio_master__AM_100_CASSETTO_FRONT_RETRO_008
usemtl MULTI TESSUTO sp.18
v 0.06090000 0.19600000 1.24870000
v 0.06090000 0.06900000 1.24870000
v 0.36490000 0.19600000 1.24870000
v 0.36490000 0.06900000 1.24870000
v 0.06090000 0.06900000 1.23070000
v 0.36490000 0.06900000 1.23070000
v 0.06090000 0.19600000 1.23070000
v 0.36490000 0.19600000 1.23070000
v 0.06090000 0.06900000 1.24870000
v 0.06090000 0.06900000 1.23070000
v 0.36490000 0.06900000 1.24870000
v 0.36490000 0.06900000 1.23070000
v 0.36490000 0.19600000 1.24870000
v 0.36490000 0.19600000 1.23070000
v 0.36490000 0.06900000 1.24870000
v 0.36490000 0.06900000 1.23070000
v 0.06090000 0.19600000 1.24870000
v 0.06090000 0.19600000 1.23070000
v 0.36490000 0.19600000 1.24870000
v 0.36490000 0.19600000 1.23070000
v 0.06090000 0.19600000 1.24870000
v 0.06090000 0.19600000 1.23070000
v 0.06090000 0.06900000 1.24870000
v 0.06090000 0.06900000 1.23070000
f 1467 1465 1466
f 1467 1466 1468
f 1472 1470 1469
f 1472 1469 1471
f 1476 1473 1474
f 1476 1475 1473
f 1480 1478 1477
f 1480 1477 1479
f 1484 1482 1481
f 1484 1481 1483
f 1488 1485 1486
f 1488 1487 1485

o armadio_master__AM_101_CASSETTO_FONDO_004
usemtl MULTI TESSUTO sp.18
v 0.05440000 0.05900000 1.70270000
v 0.37140000 0.05900000 1.70270000
v 0.37140000 0.05900000 1.24870000
v 0.05440000 0.05900000 1.24870000
v 0.05440000 0.06900000 1.24870000
v 0.05440000 0.06900000 1.70270000
v 0.37140000 0.06900000 1.70270000
v 0.37140000 0.06900000 1.24870000
v 0.05440000 0.05900000 1.24870000
v 0.05440000 0.06900000 1.24870000
v 0.05440000 0.05900000 1.70270000
v 0.05440000 0.06900000 1.70270000
v 0.37140000 0.05900000 1.24870000
v 0.37140000 0.06900000 1.24870000
v 0.05440000 0.05900000 1.24870000
v 0.05440000 0.06900000 1.24870000
v 0.37140000 0.05900000 1.70270000
v 0.37140000 0.06900000 1.70270000
v 0.37140000 0.05900000 1.24870000
v 0.37140000 0.06900000 1.24870000
v 0.05440000 0.05900000 1.70270000
v 0.05440000 0.06900000 1.70270000
v 0.37140000 0.05900000 1.70270000
v 0.37140000 0.06900000 1.70270000
f 1491 1490 1489
f 1491 1489 1492
f 1496 1493 1494
f 1496 1494 1495
f 1500 1498 1497
f 1500 1497 1499
f 1504 1502 1501
f 1504 1501 1503
f 1507 1506 1505
f 1508 1506 1507
f 1512 1510 1509
f 1512 1509 1511

o armadio_master__AM_98_CASSETTO_SPONDA_DX_004
usemtl MULTI TESSUTO sp.18
v 0.04290000 0.04600000 1.72070000
v 0.04290000 0.04600000 1.23070000
v 0.04290000 0.19600000 1.23070000
v 0.04290000 0.19600000 1.72070000
v 0.04290000 0.19600000 1.23070000
v 0.06090000 0.19600000 1.23070000
v 0.04290000 0.19600000 1.72070000
v 0.06090000 0.19600000 1.72070000
v 0.04290000 0.04600000 1.72070000
v 0.06090000 0.04600000 1.72070000
v 0.04290000 0.04600000 1.23070000
v 0.06090000 0.04600000 1.23070000
v 0.06090000 0.04600000 1.23070000
v 0.06090000 0.05900000 1.23070000
v 0.04290000 0.04600000 1.23070000
v 0.04290000 0.19600000 1.23070000
v 0.06090000 0.19600000 1.23070000
v 0.06090000 0.06950000 1.23070000
v 0.05390000 0.06950000 1.23070000
v 0.05390000 0.05900000 1.23070000
v 0.06090000 0.19600000 1.72070000
v 0.06090000 0.06950000 1.72070000
v 0.04290000 0.19600000 1.72070000
v 0.04290000 0.04600000 1.72070000
v 0.06090000 0.04600000 1.72070000
v 0.06090000 0.05900000 1.72070000
v 0.05390000 0.05900000 1.72070000
v 0.05390000 0.06950000 1.72070000
v 0.06090000 0.05900000 1.72070000
v 0.06090000 0.04600000 1.72070000
v 0.06090000 0.04600000 1.23070000
v 0.06090000 0.05900000 1.23070000
v 0.06090000 0.06950000 1.23070000
v 0.06090000 0.19600000 1.23070000
v 0.06090000 0.19600000 1.72070000
v 0.06090000 0.06950000 1.72070000
v 0.06090000 0.05900000 1.72070000
v 0.05390000 0.05900000 1.72070000
v 0.06090000 0.05900000 1.23070000
v 0.05390000 0.05900000 1.23070000
v 0.05390000 0.06950000 1.72070000
v 0.05390000 0.05900000 1.72070000
v 0.05390000 0.05900000 1.23070000
v 0.05390000 0.06950000 1.23070000
v 0.06090000 0.06950000 1.23070000
v 0.05390000 0.06950000 1.23070000
v 0.06090000 0.06950000 1.72070000
v 0.05390000 0.06950000 1.72070000
f 1515 1514 1513
f 1515 1513 1516
f 1520 1518 1517
f 1520 1517 1519
f 1524 1522 1521
f 1524 1521 1523
f 1532 1525 1527
f 1526 1525 1532
f 1531 1532 1527
f 1528 1531 1527
f 1529 1530 1531
f 1529 1531 1528
f 1540 1533 1535
f 1534 1533 1540
f 1536 1539 1540
f 1536 1540 1535
f 1537 1538 1539
f 1537 1539 1536
f 1544 1541 1542
f 1544 1542 1543
f 1546 1547 1548
f 1546 1548 1545
f 1551 1550 1549
f 1552 1550 1551
f 1556 1553 1554
f 1556 1554 1555
f 1560 1558 1557
f 1560 1557 1559

o armadio_master__AM_99_CASSETTO_SPONDA_SX_004
usemtl MULTI TESSUTO sp.18
v 0.38290000 0.04600000 1.72070000
v 0.38290000 0.04600000 1.23070000
v 0.38290000 0.19600000 1.23070000
v 0.38290000 0.19600000 1.72070000
v 0.38290000 0.04600000 1.72070000
v 0.36490000 0.04600000 1.72070000
v 0.38290000 0.04600000 1.23070000
v 0.36490000 0.04600000 1.23070000
v 0.38290000 0.19600000 1.23070000
v 0.36490000 0.19600000 1.23070000
v 0.38290000 0.19600000 1.72070000
v 0.36490000 0.19600000 1.72070000
v 0.36490000 0.05900000 1.72070000
v 0.36490000 0.04600000 1.72070000
v 0.36490000 0.04600000 1.23070000
v 0.36490000 0.05900000 1.23070000
v 0.36490000 0.06950000 1.23070000
v 0.36490000 0.19600000 1.23070000
v 0.36490000 0.19600000 1.72070000
v 0.36490000 0.06950000 1.72070000
v 0.36490000 0.19600000 1.72070000
v 0.36490000 0.06950000 1.72070000
v 0.38290000 0.19600000 1.72070000
v 0.38290000 0.04600000 1.72070000
v 0.36490000 0.04600000 1.72070000
v 0.36490000 0.05900000 1.72070000
v 0.37190000 0.05900000 1.72070000
v 0.37190000 0.06950000 1.72070000
v 0.36490000 0.04600000 1.23070000
v 0.36490000 0.05900000 1.23070000
v 0.38290000 0.04600000 1.23070000
v 0.38290000 0.19600000 1.23070000
v 0.36490000 0.19600000 1.23070000
v 0.36490000 0.06950000 1.23070000
v 0.37190000 0.06950000 1.23070000
v 0.37190000 0.05900000 1.23070000
v 0.37190000 0.06950000 1.72070000
v 0.37190000 0.05900000 1.72070000
v 0.37190000 0.05900000 1.23070000
v 0.37190000 0.06950000 1.23070000
v 0.36490000 0.05900000 1.72070000
v 0.37190000 0.05900000 1.72070000
v 0.36490000 0.05900000 1.23070000
v 0.37190000 0.05900000 1.23070000
v 0.36490000 0.06950000 1.23070000
v 0.37190000 0.06950000 1.23070000
v 0.36490000 0.06950000 1.72070000
v 0.37190000 0.06950000 1.72070000
f 1563 1561 1562
f 1563 1564 1561
f 1568 1565 1566
f 1568 1567 1565
f 1572 1569 1570
f 1572 1571 1569
f 1576 1574 1573
f 1576 1575 1574
f 1578 1580 1579
f 1578 1577 1580
f 1588 1583 1581
f 1582 1588 1581
f 1584 1588 1587
f 1584 1583 1588
f 1585 1587 1586
f 1585 1584 1587
f 1596 1591 1589
f 1590 1596 1589
f 1595 1591 1596
f 1592 1591 1595
f 1593 1595 1594
f 1593 1592 1595
f 1600 1598 1597
f 1600 1599 1598
f 1603 1601 1602
f 1604 1603 1602
f 1608 1605 1606
f 1608 1607 1605

o armadio_master__AM_97_CASSETTO_FRONTALE_005
usemtl MULTI TESSUTO sp.18
v 0.02490000 0.39650000 1.23070000
v 0.02490000 0.21650000 1.23070000
v 0.40090000 0.39650000 1.23070000
v 0.40090000 0.21650000 1.23070000
v 0.02490000 0.21650000 1.21270000
v 0.40090000 0.21650000 1.21270000
v 0.02490000 0.39650000 1.21270000
v 0.40090000 0.39650000 1.21270000
v 0.02490000 0.21650000 1.23070000
v 0.02490000 0.21650000 1.21270000
v 0.40090000 0.21650000 1.23070000
v 0.40090000 0.21650000 1.21270000
v 0.40090000 0.39650000 1.23070000
v 0.40090000 0.39650000 1.21270000
v 0.40090000 0.21650000 1.23070000
v 0.40090000 0.21650000 1.21270000
v 0.02490000 0.39650000 1.23070000
v 0.02490000 0.39650000 1.21270000
v 0.40090000 0.39650000 1.23070000
v 0.40090000 0.39650000 1.21270000
v 0.02490000 0.39650000 1.23070000
v 0.02490000 0.39650000 1.21270000
v 0.02490000 0.21650000 1.23070000
v 0.02490000 0.21650000 1.21270000
f 1611 1609 1610
f 1611 1610 1612
f 1616 1614 1613
f 1616 1613 1615
f 1620 1617 1618
f 1620 1619 1617
f 1623 1622 1621
f 1624 1622 1623
f 1628 1626 1625
f 1628 1625 1627
f 1631 1629 1630
f 1632 1631 1630

o armadio_master__AM_100_CASSETTO_FRONT_RETRO_009
usemtl MULTI TESSUTO sp.18
v 0.06090000 0.37900000 1.72070000
v 0.06090000 0.25200000 1.72070000
v 0.36490000 0.37900000 1.72070000
v 0.36490000 0.25200000 1.72070000
v 0.06090000 0.25200000 1.70270000
v 0.36490000 0.25200000 1.70270000
v 0.06090000 0.37900000 1.70270000
v 0.36490000 0.37900000 1.70270000
v 0.06090000 0.25200000 1.72070000
v 0.06090000 0.25200000 1.70270000
v 0.36490000 0.25200000 1.72070000
v 0.36490000 0.25200000 1.70270000
v 0.36490000 0.37900000 1.72070000
v 0.36490000 0.37900000 1.70270000
v 0.36490000 0.25200000 1.72070000
v 0.36490000 0.25200000 1.70270000
v 0.06090000 0.37900000 1.72070000
v 0.06090000 0.37900000 1.70270000
v 0.36490000 0.37900000 1.72070000
v 0.36490000 0.37900000 1.70270000
v 0.06090000 0.37900000 1.72070000
v 0.06090000 0.37900000 1.70270000
v 0.06090000 0.25200000 1.72070000
v 0.06090000 0.25200000 1.70270000
f 1635 1633 1634
f 1635 1634 1636
f 1640 1638 1637
f 1640 1637 1639
f 1644 1641 1642
f 1644 1643 1641
f 1648 1646 1645
f 1648 1645 1647
f 1652 1650 1649
f 1652 1649 1651
f 1656 1653 1654
f 1656 1655 1653

o armadio_master__AM_100_CASSETTO_FRONT_RETRO_010
usemtl MULTI TESSUTO sp.18
v 0.06090000 0.37900000 1.24870000
v 0.06090000 0.25200000 1.24870000
v 0.36490000 0.37900000 1.24870000
v 0.36490000 0.25200000 1.24870000
v 0.06090000 0.25200000 1.23070000
v 0.36490000 0.25200000 1.23070000
v 0.06090000 0.37900000 1.23070000
v 0.36490000 0.37900000 1.23070000
v 0.06090000 0.25200000 1.24870000
v 0.06090000 0.25200000 1.23070000
v 0.36490000 0.25200000 1.24870000
v 0.36490000 0.25200000 1.23070000
v 0.36490000 0.37900000 1.24870000
v 0.36490000 0.37900000 1.23070000
v 0.36490000 0.25200000 1.24870000
v 0.36490000 0.25200000 1.23070000
v 0.06090000 0.37900000 1.24870000
v 0.06090000 0.37900000 1.23070000
v 0.36490000 0.37900000 1.24870000
v 0.36490000 0.37900000 1.23070000
v 0.06090000 0.37900000 1.24870000
v 0.06090000 0.37900000 1.23070000
v 0.06090000 0.25200000 1.24870000
v 0.06090000 0.25200000 1.23070000
f 1659 1657 1658
f 1659 1658 1660
f 1664 1662 1661
f 1664 1661 1663
f 1668 1665 1666
f 1668 1667 1665
f 1672 1670 1669
f 1672 1669 1671
f 1676 1674 1673
f 1676 1673 1675
f 1680 1677 1678
f 1680 1679 1677

o armadio_master__AM_101_CASSETTO_FONDO_005
usemtl MULTI TESSUTO sp.18
v 0.05440000 0.24200000 1.70270000
v 0.37140000 0.24200000 1.70270000
v 0.37140000 0.24200000 1.24870000
v 0.05440000 0.24200000 1.24870000
v 0.05440000 0.25200000 1.24870000
v 0.05440000 0.25200000 1.70270000
v 0.37140000 0.25200000 1.70270000
v 0.37140000 0.25200000 1.24870000
v 0.05440000 0.24200000 1.24870000
v 0.05440000 0.25200000 1.24870000
v 0.05440000 0.24200000 1.70270000
v 0.05440000 0.25200000 1.70270000
v 0.37140000 0.24200000 1.24870000
v 0.37140000 0.25200000 1.24870000
v 0.05440000 0.24200000 1.24870000
v 0.05440000 0.25200000 1.24870000
v 0.37140000 0.24200000 1.70270000
v 0.37140000 0.25200000 1.70270000
v 0.37140000 0.24200000 1.24870000
v 0.37140000 0.25200000 1.24870000
v 0.05440000 0.24200000 1.70270000
v 0.05440000 0.25200000 1.70270000
v 0.37140000 0.24200000 1.70270000
v 0.37140000 0.25200000 1.70270000
f 1683 1682 1681
f 1683 1681 1684
f 1688 1685 1686
f 1688 1686 1687
f 1692 1690 1689
f 1692 1689 1691
f 1696 1694 1693
f 1696 1693 1695
f 1699 1698 1697
f 1700 1698 1699
f 1704 1702 1701
f 1704 1701 1703

o armadio_master__AM_98_CASSETTO_SPONDA_DX_005
usemtl MULTI TESSUTO sp.18
v 0.04290000 0.22900000 1.72070000
v 0.04290000 0.22900000 1.23070000
v 0.04290000 0.37900000 1.23070000
v 0.04290000 0.37900000 1.72070000
v 0.04290000 0.37900000 1.23070000
v 0.06090000 0.37900000 1.23070000
v 0.04290000 0.37900000 1.72070000
v 0.06090000 0.37900000 1.72070000
v 0.04290000 0.22900000 1.72070000
v 0.06090000 0.22900000 1.72070000
v 0.04290000 0.22900000 1.23070000
v 0.06090000 0.22900000 1.23070000
v 0.06090000 0.22900000 1.23070000
v 0.06090000 0.24200000 1.23070000
v 0.04290000 0.22900000 1.23070000
v 0.04290000 0.37900000 1.23070000
v 0.06090000 0.37900000 1.23070000
v 0.06090000 0.25250000 1.23070000
v 0.05390000 0.25250000 1.23070000
v 0.05390000 0.24200000 1.23070000
v 0.06090000 0.37900000 1.72070000
v 0.06090000 0.25250000 1.72070000
v 0.04290000 0.37900000 1.72070000
v 0.04290000 0.22900000 1.72070000
v 0.06090000 0.22900000 1.72070000
v 0.06090000 0.24200000 1.72070000
v 0.05390000 0.24200000 1.72070000
v 0.05390000 0.25250000 1.72070000
v 0.06090000 0.24200000 1.72070000
v 0.06090000 0.22900000 1.72070000
v 0.06090000 0.22900000 1.23070000
v 0.06090000 0.24200000 1.23070000
v 0.06090000 0.25250000 1.23070000
v 0.06090000 0.37900000 1.23070000
v 0.06090000 0.37900000 1.72070000
v 0.06090000 0.25250000 1.72070000
v 0.06090000 0.24200000 1.72070000
v 0.05390000 0.24200000 1.72070000
v 0.06090000 0.24200000 1.23070000
v 0.05390000 0.24200000 1.23070000
v 0.05390000 0.25250000 1.72070000
v 0.05390000 0.24200000 1.72070000
v 0.05390000 0.24200000 1.23070000
v 0.05390000 0.25250000 1.23070000
v 0.06090000 0.25250000 1.23070000
v 0.05390000 0.25250000 1.23070000
v 0.06090000 0.25250000 1.72070000
v 0.05390000 0.25250000 1.72070000
f 1707 1706 1705
f 1707 1705 1708
f 1712 1710 1709
f 1712 1709 1711
f 1716 1714 1713
f 1716 1713 1715
f 1724 1717 1719
f 1718 1717 1724
f 1723 1724 1719
f 1720 1723 1719
f 1721 1722 1723
f 1721 1723 1720
f 1732 1725 1727
f 1726 1725 1732
f 1728 1731 1732
f 1728 1732 1727
f 1729 1730 1731
f 1729 1731 1728
f 1736 1733 1734
f 1736 1734 1735
f 1738 1739 1740
f 1738 1740 1737
f 1743 1742 1741
f 1744 1742 1743
f 1748 1745 1746
f 1748 1746 1747
f 1752 1750 1749
f 1752 1749 1751

o armadio_master__AM_99_CASSETTO_SPONDA_SX_005
usemtl MULTI TESSUTO sp.18
v 0.38290000 0.22900000 1.72070000
v 0.38290000 0.22900000 1.23070000
v 0.38290000 0.37900000 1.23070000
v 0.38290000 0.37900000 1.72070000
v 0.38290000 0.22900000 1.72070000
v 0.36490000 0.22900000 1.72070000
v 0.38290000 0.22900000 1.23070000
v 0.36490000 0.22900000 1.23070000
v 0.38290000 0.37900000 1.23070000
v 0.36490000 0.37900000 1.23070000
v 0.38290000 0.37900000 1.72070000
v 0.36490000 0.37900000 1.72070000
v 0.36490000 0.24200000 1.72070000
v 0.36490000 0.22900000 1.72070000
v 0.36490000 0.22900000 1.23070000
v 0.36490000 0.24200000 1.23070000
v 0.36490000 0.25250000 1.23070000
v 0.36490000 0.37900000 1.23070000
v 0.36490000 0.37900000 1.72070000
v 0.36490000 0.25250000 1.72070000
v 0.36490000 0.37900000 1.72070000
v 0.36490000 0.25250000 1.72070000
v 0.38290000 0.37900000 1.72070000
v 0.38290000 0.22900000 1.72070000
v 0.36490000 0.22900000 1.72070000
v 0.36490000 0.24200000 1.72070000
v 0.37190000 0.24200000 1.72070000
v 0.37190000 0.25250000 1.72070000
v 0.36490000 0.22900000 1.23070000
v 0.36490000 0.24200000 1.23070000
v 0.38290000 0.22900000 1.23070000
v 0.38290000 0.37900000 1.23070000
v 0.36490000 0.37900000 1.23070000
v 0.36490000 0.25250000 1.23070000
v 0.37190000 0.25250000 1.23070000
v 0.37190000 0.24200000 1.23070000
v 0.37190000 0.25250000 1.72070000
v 0.37190000 0.24200000 1.72070000
v 0.37190000 0.24200000 1.23070000
v 0.37190000 0.25250000 1.23070000
v 0.36490000 0.24200000 1.72070000
v 0.37190000 0.24200000 1.72070000
v 0.36490000 0.24200000 1.23070000
v 0.37190000 0.24200000 1.23070000
v 0.36490000 0.25250000 1.23070000
v 0.37190000 0.25250000 1.23070000
v 0.36490000 0.25250000 1.72070000
v 0.37190000 0.25250000 1.72070000
f 1755 1753 1754
f 1755 1756 1753
f 1760 1757 1758
f 1760 1759 1757
f 1764 1761 1762
f 1764 1763 1761
f 1768 1766 1765
f 1768 1767 1766
f 1770 1772 1771
f 1770 1769 1772
f 1780 1775 1773
f 1774 1780 1773
f 1776 1780 1779
f 1776 1775 1780
f 1777 1779 1778
f 1777 1776 1779
f 1788 1783 1781
f 1782 1788 1781
f 1787 1783 1788
f 1784 1783 1787
f 1785 1787 1786
f 1785 1784 1787
f 1792 1790 1789
f 1792 1791 1790
f 1795 1793 1794
f 1796 1795 1794
f 1800 1797 1798
f 1800 1799 1797

o armadio_master__AM_97_CASSETTO_FRONTALE_006
usemtl MULTI TESSUTO sp.18
v 0.02490000 0.57950000 1.23070000
v 0.02490000 0.39950000 1.23070000
v 0.40090000 0.57950000 1.23070000
v 0.40090000 0.39950000 1.23070000
v 0.02490000 0.39950000 1.21270000
v 0.40090000 0.39950000 1.21270000
v 0.02490000 0.57950000 1.21270000
v 0.40090000 0.57950000 1.21270000
v 0.02490000 0.39950000 1.23070000
v 0.02490000 0.39950000 1.21270000
v 0.40090000 0.39950000 1.23070000
v 0.40090000 0.39950000 1.21270000
v 0.40090000 0.57950000 1.23070000
v 0.40090000 0.57950000 1.21270000
v 0.40090000 0.39950000 1.23070000
v 0.40090000 0.39950000 1.21270000
v 0.02490000 0.57950000 1.23070000
v 0.02490000 0.57950000 1.21270000
v 0.40090000 0.57950000 1.23070000
v 0.40090000 0.57950000 1.21270000
v 0.02490000 0.57950000 1.23070000
v 0.02490000 0.57950000 1.21270000
v 0.02490000 0.39950000 1.23070000
v 0.02490000 0.39950000 1.21270000
f 1803 1801 1802
f 1803 1802 1804
f 1808 1806 1805
f 1808 1805 1807
f 1812 1809 1810
f 1812 1811 1809
f 1815 1814 1813
f 1816 1814 1815
f 1820 1818 1817
f 1820 1817 1819
f 1823 1821 1822
f 1824 1823 1822

o armadio_master__AM_100_CASSETTO_FRONT_RETRO_011
usemtl MULTI TESSUTO sp.18
v 0.06090000 0.56200000 1.72070000
v 0.06090000 0.43500000 1.72070000
v 0.36490000 0.56200000 1.72070000
v 0.36490000 0.43500000 1.72070000
v 0.06090000 0.43500000 1.70270000
v 0.36490000 0.43500000 1.70270000
v 0.06090000 0.56200000 1.70270000
v 0.36490000 0.56200000 1.70270000
v 0.06090000 0.43500000 1.72070000
v 0.06090000 0.43500000 1.70270000
v 0.36490000 0.43500000 1.72070000
v 0.36490000 0.43500000 1.70270000
v 0.36490000 0.56200000 1.72070000
v 0.36490000 0.56200000 1.70270000
v 0.36490000 0.43500000 1.72070000
v 0.36490000 0.43500000 1.70270000
v 0.06090000 0.56200000 1.72070000
v 0.06090000 0.56200000 1.70270000
v 0.36490000 0.56200000 1.72070000
v 0.36490000 0.56200000 1.70270000
v 0.06090000 0.56200000 1.72070000
v 0.06090000 0.56200000 1.70270000
v 0.06090000 0.43500000 1.72070000
v 0.06090000 0.43500000 1.70270000
f 1827 1825 1826
f 1827 1826 1828
f 1832 1830 1829
f 1832 1829 1831
f 1836 1833 1834
f 1836 1835 1833
f 1840 1838 1837
f 1840 1837 1839
f 1844 1842 1841
f 1844 1841 1843
f 1848 1845 1846
f 1848 1847 1845

o armadio_master__AM_100_CASSETTO_FRONT_RETRO_012
usemtl MULTI TESSUTO sp.18
v 0.06090000 0.56200000 1.24870000
v 0.06090000 0.43500000 1.24870000
v 0.36490000 0.56200000 1.24870000
v 0.36490000 0.43500000 1.24870000
v 0.06090000 0.43500000 1.23070000
v 0.36490000 0.43500000 1.23070000
v 0.06090000 0.56200000 1.23070000
v 0.36490000 0.56200000 1.23070000
v 0.06090000 0.43500000 1.24870000
v 0.06090000 0.43500000 1.23070000
v 0.36490000 0.43500000 1.24870000
v 0.36490000 0.43500000 1.23070000
v 0.36490000 0.56200000 1.24870000
v 0.36490000 0.56200000 1.23070000
v 0.36490000 0.43500000 1.24870000
v 0.36490000 0.43500000 1.23070000
v 0.06090000 0.56200000 1.24870000
v 0.06090000 0.56200000 1.23070000
v 0.36490000 0.56200000 1.24870000
v 0.36490000 0.56200000 1.23070000
v 0.06090000 0.56200000 1.24870000
v 0.06090000 0.56200000 1.23070000
v 0.06090000 0.43500000 1.24870000
v 0.06090000 0.43500000 1.23070000
f 1851 1849 1850
f 1851 1850 1852
f 1856 1854 1853
f 1856 1853 1855
f 1860 1857 1858
f 1860 1859 1857
f 1864 1862 1861
f 1864 1861 1863
f 1868 1866 1865
f 1868 1865 1867
f 1872 1869 1870
f 1872 1871 1869

o armadio_master__AM_101_CASSETTO_FONDO_006
usemtl MULTI TESSUTO sp.18
v 0.05440000 0.42500000 1.70270000
v 0.37140000 0.42500000 1.70270000
v 0.37140000 0.42500000 1.24870000
v 0.05440000 0.42500000 1.24870000
v 0.05440000 0.43500000 1.24870000
v 0.05440000 0.43500000 1.70270000
v 0.37140000 0.43500000 1.70270000
v 0.37140000 0.43500000 1.24870000
v 0.05440000 0.42500000 1.24870000
v 0.05440000 0.43500000 1.24870000
v 0.05440000 0.42500000 1.70270000
v 0.05440000 0.43500000 1.70270000
v 0.37140000 0.42500000 1.24870000
v 0.37140000 0.43500000 1.24870000
v 0.05440000 0.42500000 1.24870000
v 0.05440000 0.43500000 1.24870000
v 0.37140000 0.42500000 1.70270000
v 0.37140000 0.43500000 1.70270000
v 0.37140000 0.42500000 1.24870000
v 0.37140000 0.43500000 1.24870000
v 0.05440000 0.42500000 1.70270000
v 0.05440000 0.43500000 1.70270000
v 0.37140000 0.42500000 1.70270000
v 0.37140000 0.43500000 1.70270000
f 1875 1874 1873
f 1875 1873 1876
f 1880 1877 1878
f 1880 1878 1879
f 1884 1882 1881
f 1884 1881 1883
f 1888 1886 1885
f 1888 1885 1887
f 1891 1890 1889
f 1892 1890 1891
f 1896 1894 1893
f 1896 1893 1895

o armadio_master__AM_98_CASSETTO_SPONDA_DX_006
usemtl MULTI TESSUTO sp.18
v 0.04290000 0.41200000 1.72070000
v 0.04290000 0.41200000 1.23070000
v 0.04290000 0.56200000 1.23070000
v 0.04290000 0.56200000 1.72070000
v 0.04290000 0.56200000 1.23070000
v 0.06090000 0.56200000 1.23070000
v 0.04290000 0.56200000 1.72070000
v 0.06090000 0.56200000 1.72070000
v 0.04290000 0.41200000 1.72070000
v 0.06090000 0.41200000 1.72070000
v 0.04290000 0.41200000 1.23070000
v 0.06090000 0.41200000 1.23070000
v 0.06090000 0.41200000 1.23070000
v 0.06090000 0.42500000 1.23070000
v 0.04290000 0.41200000 1.23070000
v 0.04290000 0.56200000 1.23070000
v 0.06090000 0.56200000 1.23070000
v 0.06090000 0.43550000 1.23070000
v 0.05390000 0.43550000 1.23070000
v 0.05390000 0.42500000 1.23070000
v 0.06090000 0.56200000 1.72070000
v 0.06090000 0.43550000 1.72070000
v 0.04290000 0.56200000 1.72070000
v 0.04290000 0.41200000 1.72070000
v 0.06090000 0.41200000 1.72070000
v 0.06090000 0.42500000 1.72070000
v 0.05390000 0.42500000 1.72070000
v 0.05390000 0.43550000 1.72070000
v 0.06090000 0.42500000 1.72070000
v 0.06090000 0.41200000 1.72070000
v 0.06090000 0.41200000 1.23070000
v 0.06090000 0.42500000 1.23070000
v 0.06090000 0.43550000 1.23070000
v 0.06090000 0.56200000 1.23070000
v 0.06090000 0.56200000 1.72070000
v 0.06090000 0.43550000 1.72070000
v 0.06090000 0.42500000 1.72070000
v 0.05390000 0.42500000 1.72070000
v 0.06090000 0.42500000 1.23070000
v 0.05390000 0.42500000 1.23070000
v 0.05390000 0.43550000 1.72070000
v 0.05390000 0.42500000 1.72070000
v 0.05390000 0.42500000 1.23070000
v 0.05390000 0.43550000 1.23070000
v 0.06090000 0.43550000 1.23070000
v 0.05390000 0.43550000 1.23070000
v 0.06090000 0.43550000 1.72070000
v 0.05390000 0.43550000 1.72070000
f 1899 1898 1897
f 1899 1897 1900
f 1904 1902 1901
f 1904 1901 1903
f 1908 1906 1905
f 1908 1905 1907
f 1916 1909 1911
f 1910 1909 1916
f 1915 1916 1911
f 1912 1915 1911
f 1913 1914 1915
f 1913 1915 1912
f 1924 1917 1919
f 1918 1917 1924
f 1920 1923 1924
f 1920 1924 1919
f 1921 1922 1923
f 1921 1923 1920
f 1928 1925 1926
f 1928 1926 1927
f 1930 1931 1932
f 1930 1932 1929
f 1935 1934 1933
f 1936 1934 1935
f 1940 1937 1938
f 1940 1938 1939
f 1944 1942 1941
f 1944 1941 1943

o armadio_master__AM_99_CASSETTO_SPONDA_SX_006
usemtl MULTI TESSUTO sp.18
v 0.38290000 0.41200000 1.72070000
v 0.38290000 0.41200000 1.23070000
v 0.38290000 0.56200000 1.23070000
v 0.38290000 0.56200000 1.72070000
v 0.38290000 0.41200000 1.72070000
v 0.36490000 0.41200000 1.72070000
v 0.38290000 0.41200000 1.23070000
v 0.36490000 0.41200000 1.23070000
v 0.38290000 0.56200000 1.23070000
v 0.36490000 0.56200000 1.23070000
v 0.38290000 0.56200000 1.72070000
v 0.36490000 0.56200000 1.72070000
v 0.36490000 0.42500000 1.72070000
v 0.36490000 0.41200000 1.72070000
v 0.36490000 0.41200000 1.23070000
v 0.36490000 0.42500000 1.23070000
v 0.36490000 0.43550000 1.23070000
v 0.36490000 0.56200000 1.23070000
v 0.36490000 0.56200000 1.72070000
v 0.36490000 0.43550000 1.72070000
v 0.36490000 0.56200000 1.72070000
v 0.36490000 0.43550000 1.72070000
v 0.38290000 0.56200000 1.72070000
v 0.38290000 0.41200000 1.72070000
v 0.36490000 0.41200000 1.72070000
v 0.36490000 0.42500000 1.72070000
v 0.37190000 0.42500000 1.72070000
v 0.37190000 0.43550000 1.72070000
v 0.36490000 0.41200000 1.23070000
v 0.36490000 0.42500000 1.23070000
v 0.38290000 0.41200000 1.23070000
v 0.38290000 0.56200000 1.23070000
v 0.36490000 0.56200000 1.23070000
v 0.36490000 0.43550000 1.23070000
v 0.37190000 0.43550000 1.23070000
v 0.37190000 0.42500000 1.23070000
v 0.37190000 0.43550000 1.72070000
v 0.37190000 0.42500000 1.72070000
v 0.37190000 0.42500000 1.23070000
v 0.37190000 0.43550000 1.23070000
v 0.36490000 0.42500000 1.72070000
v 0.37190000 0.42500000 1.72070000
v 0.36490000 0.42500000 1.23070000
v 0.37190000 0.42500000 1.23070000
v 0.36490000 0.43550000 1.23070000
v 0.37190000 0.43550000 1.23070000
v 0.36490000 0.43550000 1.72070000
v 0.37190000 0.43550000 1.72070000
f 1947 1945 1946
f 1947 1948 1945
f 1952 1949 1950
f 1952 1951 1949
f 1956 1953 1954
f 1956 1955 1953
f 1960 1958 1957
f 1960 1959 1958
f 1962 1964 1963
f 1962 1961 1964
f 1972 1967 1965
f 1966 1972 1965
f 1968 1972 1971
f 1968 1967 1972
f 1969 1971 1970
f 1969 1968 1971
f 1980 1975 1973
f 1974 1980 1973
f 1979 1975 1980
f 1976 1975 1979
f 1977 1979 1978
f 1977 1976 1979
f 1984 1982 1981
f 1984 1983 1982
f 1987 1985 1986
f 1988 1987 1986
f 1992 1989 1990
f 1992 1991 1989

o armadio_master__AM_92_CTRA_FIANCHETTO_DX_002
usemtl MULTI TESSUTO sp.18
v 0.02190000 0.02350000 1.76070000
v 0.02190000 0.02350000 1.23070000
v 0.02190000 0.58350000 1.23070000
v 0.02190000 0.58350000 1.76070000
v 0.03990000 0.58350000 1.76070000
v 0.03990000 0.02350000 1.76070000
v 0.03990000 0.02350000 1.23070000
v 0.03990000 0.58350000 1.23070000
v 0.02190000 0.58350000 1.76070000
v 0.03990000 0.58350000 1.76070000
v 0.02190000 0.02350000 1.76070000
v 0.03990000 0.02350000 1.76070000
v 0.02190000 0.58350000 1.23070000
v 0.03990000 0.58350000 1.23070000
v 0.02190000 0.58350000 1.76070000
v 0.03990000 0.58350000 1.76070000
v 0.02190000 0.02350000 1.23070000
v 0.03990000 0.02350000 1.23070000
v 0.02190000 0.58350000 1.23070000
v 0.03990000 0.58350000 1.23070000
v 0.02190000 0.02350000 1.76070000
v 0.03990000 0.02350000 1.76070000
v 0.02190000 0.02350000 1.23070000
v 0.03990000 0.02350000 1.23070000
f 1995 1994 1993
f 1995 1993 1996
f 2000 1997 1998
f 2000 1998 1999
f 2003 2002 2001
f 2004 2002 2003
f 2007 2006 2005
f 2008 2006 2007
f 2011 2010 2009
f 2012 2010 2011
f 2016 2014 2013
f 2016 2013 2015

o armadio_master__AM_93_CTRA_FIANCHETTO_SX_002
usemtl MULTI TESSUTO sp.18
v 0.40390000 0.02350000 1.76070000
v 0.40390000 0.02350000 1.23070000
v 0.40390000 0.58350000 1.23070000
v 0.40390000 0.58350000 1.76070000
v 0.40390000 0.02350000 1.76070000
v 0.38590000 0.02350000 1.76070000
v 0.40390000 0.02350000 1.23070000
v 0.38590000 0.02350000 1.23070000
v 0.40390000 0.02350000 1.23070000
v 0.38590000 0.02350000 1.23070000
v 0.40390000 0.58350000 1.23070000
v 0.38590000 0.58350000 1.23070000
v 0.40390000 0.58350000 1.23070000
v 0.38590000 0.58350000 1.23070000
v 0.40390000 0.58350000 1.76070000
v 0.38590000 0.58350000 1.76070000
v 0.40390000 0.58350000 1.76070000
v 0.38590000 0.58350000 1.76070000
v 0.40390000 0.02350000 1.76070000
v 0.38590000 0.02350000 1.76070000
v 0.38590000 0.58350000 1.76070000
v 0.38590000 0.02350000 1.76070000
v 0.38590000 0.02350000 1.23070000
v 0.38590000 0.58350000 1.23070000
f 2019 2017 2018
f 2019 2020 2017
f 2024 2021 2022
f 2024 2023 2021
f 2027 2025 2026
f 2028 2027 2026
f 2031 2029 2030
f 2032 2031 2030
f 2035 2033 2034
f 2036 2035 2034
f 2040 2038 2037
f 2040 2039 2038

o armadio_master__AM_102_DIST_CASSETTIERA_002
usemtl MULT.LAM.B.18mm 305x130
v 0.40390000 0.58350000 1.29770000
v 0.40390000 0.02350000 1.29770000
v 0.43390000 0.58350000 1.29770000
v 0.43390000 0.02350000 1.29770000
v 0.40390000 0.02350000 1.27970000
v 0.43390000 0.02350000 1.27970000
v 0.40390000 0.58350000 1.27970000
v 0.43390000 0.58350000 1.27970000
v 0.40390000 0.02350000 1.29770000
v 0.40390000 0.02350000 1.27970000
v 0.43390000 0.02350000 1.29770000
v 0.43390000 0.02350000 1.27970000
v 0.43390000 0.58350000 1.29770000
v 0.43390000 0.58350000 1.27970000
v 0.43390000 0.02350000 1.29770000
v 0.43390000 0.02350000 1.27970000
v 0.40390000 0.58350000 1.29770000
v 0.40390000 0.58350000 1.27970000
v 0.43390000 0.58350000 1.29770000
v 0.43390000 0.58350000 1.27970000
v 0.40390000 0.58350000 1.29770000
v 0.40390000 0.58350000 1.27970000
v 0.40390000 0.02350000 1.29770000
v 0.40390000 0.02350000 1.27970000
f 2043 2041 2042
f 2043 2042 2044
f 2048 2046 2045
f 2048 2045 2047
f 2052 2049 2050
f 2052 2051 2049
f 2055 2054 2053
f 2056 2054 2055
f 2060 2058 2057
f 2060 2057 2059
f 2063 2061 2062
f 2064 2063 2062

o armadio_master__AMD_103_FIANCO_DX
usemtl MULTI TESSUTO sp.18
v 0.00390000 0.00550000 1.78070000
v 0.00390000 0.00550000 1.20070000
v 0.00390000 2.04550000 1.20070000
v 0.00390000 2.04550000 1.78070000
v 0.02190000 2.04550000 1.78070000
v 0.02190000 0.00550000 1.78070000
v 0.02190000 0.00550000 1.20070000
v 0.02190000 2.04550000 1.20070000
v 0.00390000 2.04550000 1.78070000
v 0.02190000 2.04550000 1.78070000
v 0.00390000 0.00550000 1.78070000
v 0.02190000 0.00550000 1.78070000
v 0.00390000 2.04550000 1.20070000
v 0.02190000 2.04550000 1.20070000
v 0.00390000 2.04550000 1.78070000
v 0.02190000 2.04550000 1.78070000
v 0.00390000 0.00550000 1.20070000
v 0.02190000 0.00550000 1.20070000
v 0.00390000 2.04550000 1.20070000
v 0.02190000 2.04550000 1.20070000
v 0.00390000 0.00550000 1.78070000
v 0.02190000 0.00550000 1.78070000
v 0.00390000 0.00550000 1.20070000
v 0.02190000 0.00550000 1.20070000
f 2067 2066 2065
f 2067 2065 2068
f 2072 2069 2070
f 2072 2070 2071
f 2076 2074 2073
f 2076 2073 2075
f 2079 2078 2077
f 2080 2078 2079
f 2084 2082 2081
f 2084 2081 2083
f 2087 2086 2085
f 2088 2086 2087

o armadio_master__AMD_104_FIANCO_SX
usemtl MULTI TESSUTO sp.18
v 0.45190000 0.00550000 1.78070000
v 0.45190000 0.00550000 1.20070000
v 0.45190000 2.04550000 1.20070000
v 0.45190000 2.04550000 1.78070000
v 0.45190000 0.00550000 1.78070000
v 0.43390000 0.00550000 1.78070000
v 0.45190000 0.00550000 1.20070000
v 0.43390000 0.00550000 1.20070000
v 0.45190000 0.00550000 1.20070000
v 0.43390000 0.00550000 1.20070000
v 0.45190000 2.04550000 1.20070000
v 0.43390000 2.04550000 1.20070000
v 0.45190000 2.04550000 1.20070000
v 0.43390000 2.04550000 1.20070000
v 0.45190000 2.04550000 1.78070000
v 0.43390000 2.04550000 1.78070000
v 0.45190000 2.04550000 1.78070000
v 0.43390000 2.04550000 1.78070000
v 0.45190000 0.00550000 1.78070000
v 0.43390000 0.00550000 1.78070000
v 0.43390000 2.04550000 1.78070000
v 0.43390000 0.00550000 1.78070000
v 0.43390000 0.00550000 1.20070000
v 0.43390000 2.04550000 1.20070000
f 2091 2089 2090
f 2091 2092 2089
f 2095 2093 2094
f 2096 2095 2094
f 2100 2097 2098
f 2100 2099 2097
f 2104 2101 2102
f 2104 2103 2101
f 2108 2105 2106
f 2108 2107 2105
f 2112 2110 2109
f 2112 2111 2110

o armadio_master__AMD_152_BASE
usemtl MULTI TESSUTO sp.18
v 0.02190000 0.00550000 1.78070000
v 0.43390000 0.00550000 1.78070000
v 0.43390000 0.00550000 1.20070000
v 0.02190000 0.00550000 1.20070000
v 0.02190000 0.02350000 1.20070000
v 0.02190000 0.02350000 1.78070000
v 0.43390000 0.02350000 1.78070000
v 0.43390000 0.02350000 1.20070000
v 0.02190000 0.00550000 1.20070000
v 0.02190000 0.02350000 1.20070000
v 0.02190000 0.00550000 1.78070000
v 0.02190000 0.02350000 1.78070000
v 0.43390000 0.00550000 1.20070000
v 0.43390000 0.02350000 1.20070000
v 0.02190000 0.00550000 1.20070000
v 0.02190000 0.02350000 1.20070000
v 0.43390000 0.00550000 1.78070000
v 0.43390000 0.02350000 1.78070000
v 0.43390000 0.00550000 1.20070000
v 0.43390000 0.02350000 1.20070000
v 0.02190000 0.00550000 1.78070000
v 0.02190000 0.02350000 1.78070000
v 0.43390000 0.00550000 1.78070000
v 0.43390000 0.02350000 1.78070000
f 2116 2114 2113
f 2115 2114 2116
f 2117 2118 2119
f 2120 2117 2119
f 2124 2122 2121
f 2124 2121 2123
f 2128 2126 2125
f 2128 2125 2127
f 2132 2130 2129
f 2132 2129 2131
f 2136 2134 2133
f 2136 2133 2135

o armadio_master__AMD_153_CIELO
usemtl MULTI TESSUTO sp.18
v 0.02190000 2.02750000 1.78070000
v 0.43390000 2.02750000 1.78070000
v 0.43390000 2.02750000 1.20070000
v 0.02190000 2.02750000 1.20070000
v 0.02190000 2.04550000 1.20070000
v 0.02190000 2.04550000 1.78070000
v 0.43390000 2.04550000 1.78070000
v 0.43390000 2.04550000 1.20070000
v 0.02190000 2.02750000 1.20070000
v 0.02190000 2.04550000 1.20070000
v 0.02190000 2.02750000 1.78070000
v 0.02190000 2.04550000 1.78070000
v 0.43390000 2.02750000 1.20070000
v 0.43390000 2.04550000 1.20070000
v 0.02190000 2.02750000 1.20070000
v 0.02190000 2.04550000 1.20070000
v 0.43390000 2.02750000 1.78070000
v 0.43390000 2.04550000 1.78070000
v 0.43390000 2.02750000 1.20070000
v 0.43390000 2.04550000 1.20070000
v 0.02190000 2.02750000 1.78070000
v 0.02190000 2.04550000 1.78070000
v 0.43390000 2.02750000 1.78070000
v 0.43390000 2.04550000 1.78070000
f 2140 2138 2137
f 2139 2138 2140
f 2141 2142 2143
f 2144 2141 2143
f 2148 2146 2145
f 2148 2145 2147
f 2152 2150 2149
f 2152 2149 2151
f 2156 2154 2153
f 2156 2153 2155
f 2160 2158 2157
f 2160 2157 2159

o armadio_master__AMB_83_RIPIANO_002
usemtl MULTI TESSUTO sp.18
v 0.53490000 0.96250000 1.75970000
v 0.94690000 0.96250000 1.75970000
v 0.94690000 0.96250000 1.21170000
v 0.53490000 0.96250000 1.21170000
v 0.53490000 0.98050000 1.21170000
v 0.53490000 0.98050000 1.75970000
v 0.94690000 0.98050000 1.75970000
v 0.94690000 0.98050000 1.21170000
v 0.53490000 0.96250000 1.21170000
v 0.53490000 0.98050000 1.21170000
v 0.53490000 0.96250000 1.75970000
v 0.53490000 0.98050000 1.75970000
v 0.94690000 0.96250000 1.21170000
v 0.94690000 0.98050000 1.21170000
v 0.53490000 0.96250000 1.21170000
v 0.53490000 0.98050000 1.21170000
v 0.94690000 0.96250000 1.75970000
v 0.94690000 0.98050000 1.75970000
v 0.94690000 0.96250000 1.21170000
v 0.94690000 0.98050000 1.21170000
v 0.53490000 0.96250000 1.75970000
v 0.53490000 0.98050000 1.75970000
v 0.94690000 0.96250000 1.75970000
v 0.94690000 0.98050000 1.75970000
f 2163 2162 2161
f 2163 2161 2164
f 2168 2165 2166
f 2168 2166 2167
f 2172 2170 2169
f 2172 2169 2171
f 2176 2174 2173
f 2176 2173 2175
f 2180 2178 2177
f 2180 2177 2179
f 2184 2182 2181
f 2184 2181 2183

o armadio_master__AMB_84_SCHIENA_002
usemtl MULTI TESSUTO sp.18
v 0.53490000 2.02750000 1.77870000
v 0.53490000 0.02350000 1.77870000
v 0.94690000 2.02750000 1.77870000
v 0.94690000 0.02350000 1.77870000
v 0.53490000 0.02350000 1.76070000
v 0.94690000 0.02350000 1.76070000
v 0.53490000 2.02750000 1.76070000
v 0.94690000 2.02750000 1.76070000
v 0.53490000 0.02350000 1.77870000
v 0.53490000 0.02350000 1.76070000
v 0.94690000 0.02350000 1.77870000
v 0.94690000 0.02350000 1.76070000
v 0.94690000 2.02750000 1.77870000
v 0.94690000 2.02750000 1.76070000
v 0.94690000 0.02350000 1.77870000
v 0.94690000 0.02350000 1.76070000
v 0.53490000 2.02750000 1.77870000
v 0.53490000 2.02750000 1.76070000
v 0.94690000 2.02750000 1.77870000
v 0.94690000 2.02750000 1.76070000
v 0.53490000 2.02750000 1.77870000
v 0.53490000 2.02750000 1.76070000
v 0.53490000 0.02350000 1.77870000
v 0.53490000 0.02350000 1.76070000
f 2187 2185 2186
f 2187 2186 2188
f 2191 2190 2189
f 2192 2190 2191
f 2196 2193 2194
f 2196 2195 2193
f 2200 2198 2197
f 2200 2197 2199
f 2204 2202 2201
f 2204 2201 2203
f 2208 2205 2206
f 2208 2207 2205

o armadio_master__AME_108_ANTA
usemtl MULT.LAM.B.18mm 305x130
v 0.51190000 2.05500000 1.19970000
v 0.51190000 0.00500000 1.19970000
v 0.96190000 2.05500000 1.19970000
v 0.96190000 0.00500000 1.19970000
v 0.51190000 0.00500000 1.18170000
v 0.96190000 0.00500000 1.18170000
v 0.51190000 2.05500000 1.18170000
v 0.96190000 2.05500000 1.18170000
v 0.51190000 0.00500000 1.19970000
v 0.51190000 0.00500000 1.18170000
v 0.96190000 0.00500000 1.19970000
v 0.96190000 0.00500000 1.18170000
v 0.96190000 2.05500000 1.19970000
v 0.96190000 2.05500000 1.18170000
v 0.96190000 0.00500000 1.19970000
v 0.96190000 0.00500000 1.18170000
v 0.51190000 2.05500000 1.19970000
v 0.51190000 2.05500000 1.18170000
v 0.96190000 2.05500000 1.19970000
v 0.96190000 2.05500000 1.18170000
v 0.51190000 2.05500000 1.19970000
v 0.51190000 2.05500000 1.18170000
v 0.51190000 0.00500000 1.19970000
v 0.51190000 0.00500000 1.18170000
f 2211 2209 2210
f 2211 2210 2212
f 2216 2214 2213
f 2216 2213 2215
f 2220 2217 2218
f 2220 2219 2217
f 2224 2222 2221
f 2224 2221 2223
f 2228 2226 2225
f 2228 2225 2227
f 2232 2229 2230
f 2232 2231 2229

o armadio_master__AME_106_FIANCO_DX
usemtl MULTI TESSUTO sp.18
v 0.51690000 0.00550000 1.78070000
v 0.51690000 0.00550000 1.20070000
v 0.51690000 2.04550000 1.20070000
v 0.51690000 2.04550000 1.78070000
v 0.53490000 2.04550000 1.78070000
v 0.53490000 0.00550000 1.78070000
v 0.53490000 0.00550000 1.20070000
v 0.53490000 2.04550000 1.20070000
v 0.51690000 2.04550000 1.78070000
v 0.53490000 2.04550000 1.78070000
v 0.51690000 0.00550000 1.78070000
v 0.53490000 0.00550000 1.78070000
v 0.51690000 2.04550000 1.20070000
v 0.53490000 2.04550000 1.20070000
v 0.51690000 2.04550000 1.78070000
v 0.53490000 2.04550000 1.78070000
v 0.51690000 0.00550000 1.20070000
v 0.53490000 0.00550000 1.20070000
v 0.51690000 2.04550000 1.20070000
v 0.53490000 2.04550000 1.20070000
v 0.51690000 0.00550000 1.78070000
v 0.53490000 0.00550000 1.78070000
v 0.51690000 0.00550000 1.20070000
v 0.53490000 0.00550000 1.20070000
f 2235 2234 2233
f 2235 2233 2236
f 2240 2237 2238
f 2240 2238 2239
f 2244 2242 2241
f 2244 2241 2243
f 2247 2246 2245
f 2248 2246 2247
f 2252 2250 2249
f 2252 2249 2251
f 2255 2254 2253
f 2256 2254 2255

o armadio_master__AME_107_FIANCO_SX
usemtl MULTI TESSUTO sp.18
v 0.96490000 0.00550000 1.78070000
v 0.96490000 0.00550000 1.20070000
v 0.96490000 2.04550000 1.20070000
v 0.96490000 2.04550000 1.78070000
v 0.96490000 0.00550000 1.78070000
v 0.94690000 0.00550000 1.78070000
v 0.96490000 0.00550000 1.20070000
v 0.94690000 0.00550000 1.20070000
v 0.96490000 0.00550000 1.20070000
v 0.94690000 0.00550000 1.20070000
v 0.96490000 2.04550000 1.20070000
v 0.94690000 2.04550000 1.20070000
v 0.96490000 2.04550000 1.20070000
v 0.94690000 2.04550000 1.20070000
v 0.96490000 2.04550000 1.78070000
v 0.94690000 2.04550000 1.78070000
v 0.96490000 2.04550000 1.78070000
v 0.94690000 2.04550000 1.78070000
v 0.96490000 0.00550000 1.78070000
v 0.94690000 0.00550000 1.78070000
v 0.94690000 2.04550000 1.78070000
v 0.94690000 0.00550000 1.78070000
v 0.94690000 0.00550000 1.20070000
v 0.94690000 2.04550000 1.20070000
f 2259 2257 2258
f 2259 2260 2257
f 2263 2261 2262
f 2264 2263 2262
f 2268 2265 2266
f 2268 2267 2265
f 2272 2269 2270
f 2272 2271 2269
f 2276 2273 2274
f 2276 2275 2273
f 2280 2278 2277
f 2280 2279 2278

o armadio_master__AME_154_BASE
usemtl MULTI TESSUTO sp.18
v 0.53490000 0.00550000 1.78070000
v 0.94690000 0.00550000 1.78070000
v 0.94690000 0.00550000 1.20070000
v 0.53490000 0.00550000 1.20070000
v 0.53490000 0.02350000 1.20070000
v 0.53490000 0.02350000 1.78070000
v 0.94690000 0.02350000 1.78070000
v 0.94690000 0.02350000 1.20070000
v 0.53490000 0.00550000 1.20070000
v 0.53490000 0.02350000 1.20070000
v 0.53490000 0.00550000 1.78070000
v 0.53490000 0.02350000 1.78070000
v 0.94690000 0.00550000 1.20070000
v 0.94690000 0.02350000 1.20070000
v 0.53490000 0.00550000 1.20070000
v 0.53490000 0.02350000 1.20070000
v 0.94690000 0.00550000 1.78070000
v 0.94690000 0.02350000 1.78070000
v 0.94690000 0.00550000 1.20070000
v 0.94690000 0.02350000 1.20070000
v 0.53490000 0.00550000 1.78070000
v 0.53490000 0.02350000 1.78070000
v 0.94690000 0.00550000 1.78070000
v 0.94690000 0.02350000 1.78070000
f 2284 2282 2281
f 2283 2282 2284
f 2285 2286 2287
f 2288 2285 2287
f 2292 2290 2289
f 2292 2289 2291
f 2296 2294 2293
f 2296 2293 2295
f 2300 2298 2297
f 2300 2297 2299
f 2304 2302 2301
f 2304 2301 2303

o armadio_master__AME_155_CIELO
usemtl MULTI TESSUTO sp.18
v 0.53490000 2.02750000 1.78070000
v 0.94690000 2.02750000 1.78070000
v 0.94690000 2.02750000 1.20070000
v 0.53490000 2.02750000 1.20070000
v 0.53490000 2.04550000 1.20070000
v 0.53490000 2.04550000 1.78070000
v 0.94690000 2.04550000 1.78070000
v 0.94690000 2.04550000 1.20070000
v 0.53490000 2.02750000 1.20070000
v 0.53490000 2.04550000 1.20070000
v 0.53490000 2.02750000 1.78070000
v 0.53490000 2.04550000 1.78070000
v 0.94690000 2.02750000 1.20070000
v 0.94690000 2.04550000 1.20070000
v 0.53490000 2.02750000 1.20070000
v 0.53490000 2.04550000 1.20070000
v 0.94690000 2.02750000 1.78070000
v 0.94690000 2.04550000 1.78070000
v 0.94690000 2.02750000 1.20070000
v 0.94690000 2.04550000 1.20070000
v 0.53490000 2.02750000 1.78070000
v 0.53490000 2.04550000 1.78070000
v 0.94690000 2.02750000 1.78070000
v 0.94690000 2.04550000 1.78070000
f 2308 2306 2305
f 2307 2306 2308
f 2309 2310 2311
f 2312 2309 2311
f 2316 2314 2313
f 2316 2313 2315
f 2320 2318 2317
f 2320 2317 2319
f 2324 2322 2321
f 2324 2321 2323
f 2328 2326 2325
f 2328 2325 2327

o armadio_master__AMA_77_RIPIANO_004
usemtl MULTI TESSUTO sp.18
v 1.01940000 0.27350000 1.75970000
v 1.33040000 0.27350000 1.75970000
v 1.33040000 0.27350000 1.21170000
v 1.01940000 0.27350000 1.21170000
v 1.01940000 0.29150000 1.21170000
v 1.01940000 0.29150000 1.75970000
v 1.33040000 0.29150000 1.75970000
v 1.33040000 0.29150000 1.21170000
v 1.01940000 0.27350000 1.21170000
v 1.01940000 0.29150000 1.21170000
v 1.01940000 0.27350000 1.75970000
v 1.01940000 0.29150000 1.75970000
v 1.33040000 0.27350000 1.21170000
v 1.33040000 0.29150000 1.21170000
v 1.01940000 0.27350000 1.21170000
v 1.01940000 0.29150000 1.21170000
v 1.33040000 0.27350000 1.75970000
v 1.33040000 0.29150000 1.75970000
v 1.33040000 0.27350000 1.21170000
v 1.33040000 0.29150000 1.21170000
v 1.01940000 0.27350000 1.75970000
v 1.01940000 0.29150000 1.75970000
v 1.33040000 0.27350000 1.75970000
v 1.33040000 0.29150000 1.75970000
f 2332 2330 2329
f 2331 2330 2332
f 2333 2334 2335
f 2336 2333 2335
f 2340 2338 2337
f 2340 2337 2339
f 2344 2342 2341
f 2344 2341 2343
f 2348 2346 2345
f 2348 2345 2347
f 2352 2350 2349
f 2352 2349 2351

o armadio_master__AMA_77_RIPIANO_005
usemtl MULTI TESSUTO sp.18
v 1.01940000 0.54150000 1.75970000
v 1.33040000 0.54150000 1.75970000
v 1.33040000 0.54150000 1.21170000
v 1.01940000 0.54150000 1.21170000
v 1.01940000 0.55950000 1.21170000
v 1.01940000 0.55950000 1.75970000
v 1.33040000 0.55950000 1.75970000
v 1.33040000 0.55950000 1.21170000
v 1.01940000 0.54150000 1.21170000
v 1.01940000 0.55950000 1.21170000
v 1.01940000 0.54150000 1.75970000
v 1.01940000 0.55950000 1.75970000
v 1.33040000 0.54150000 1.21170000
v 1.33040000 0.55950000 1.21170000
v 1.01940000 0.54150000 1.21170000
v 1.01940000 0.55950000 1.21170000
v 1.33040000 0.54150000 1.75970000
v 1.33040000 0.55950000 1.75970000
v 1.33040000 0.54150000 1.21170000
v 1.33040000 0.55950000 1.21170000
v 1.01940000 0.54150000 1.75970000
v 1.01940000 0.55950000 1.75970000
v 1.33040000 0.54150000 1.75970000
v 1.33040000 0.55950000 1.75970000
f 2356 2354 2353
f 2355 2354 2356
f 2357 2358 2359
f 2360 2357 2359
f 2364 2362 2361
f 2364 2361 2363
f 2368 2366 2365
f 2368 2365 2367
f 2372 2370 2369
f 2372 2369 2371
f 2376 2374 2373
f 2376 2373 2375

o armadio_master__AMA_77_RIPIANO_006
usemtl MULTI TESSUTO sp.18
v 1.01940000 0.80950000 1.75970000
v 1.33040000 0.80950000 1.75970000
v 1.33040000 0.80950000 1.21170000
v 1.01940000 0.80950000 1.21170000
v 1.01940000 0.82750000 1.21170000
v 1.01940000 0.82750000 1.75970000
v 1.33040000 0.82750000 1.75970000
v 1.33040000 0.82750000 1.21170000
v 1.01940000 0.80950000 1.21170000
v 1.01940000 0.82750000 1.21170000
v 1.01940000 0.80950000 1.75970000
v 1.01940000 0.82750000 1.75970000
v 1.33040000 0.80950000 1.21170000
v 1.33040000 0.82750000 1.21170000
v 1.01940000 0.80950000 1.21170000
v 1.01940000 0.82750000 1.21170000
v 1.33040000 0.80950000 1.75970000
v 1.33040000 0.82750000 1.75970000
v 1.33040000 0.80950000 1.21170000
v 1.33040000 0.82750000 1.21170000
v 1.01940000 0.80950000 1.75970000
v 1.01940000 0.82750000 1.75970000
v 1.33040000 0.80950000 1.75970000
v 1.33040000 0.82750000 1.75970000
f 2380 2378 2377
f 2379 2378 2380
f 2381 2382 2383
f 2384 2381 2383
f 2388 2386 2385
f 2388 2385 2387
f 2392 2390 2389
f 2392 2389 2391
f 2396 2394 2393
f 2396 2393 2395
f 2400 2398 2397
f 2400 2397 2399

o armadio_master__AMA_78_SCHIENA_002
usemtl MULTI TESSUTO sp.18
v 1.01890000 2.02750000 1.77870000
v 1.01890000 0.02350000 1.77870000
v 1.33090000 2.02750000 1.77870000
v 1.33090000 0.02350000 1.77870000
v 1.01890000 0.02350000 1.76070000
v 1.33090000 0.02350000 1.76070000
v 1.01890000 2.02750000 1.76070000
v 1.33090000 2.02750000 1.76070000
v 1.01890000 0.02350000 1.77870000
v 1.01890000 0.02350000 1.76070000
v 1.33090000 0.02350000 1.77870000
v 1.33090000 0.02350000 1.76070000
v 1.33090000 2.02750000 1.77870000
v 1.33090000 2.02750000 1.76070000
v 1.33090000 0.02350000 1.77870000
v 1.33090000 0.02350000 1.76070000
v 1.01890000 2.02750000 1.77870000
v 1.01890000 2.02750000 1.76070000
v 1.33090000 2.02750000 1.77870000
v 1.33090000 2.02750000 1.76070000
v 1.01890000 2.02750000 1.77870000
v 1.01890000 2.02750000 1.76070000
v 1.01890000 0.02350000 1.77870000
v 1.01890000 0.02350000 1.76070000
f 2403 2401 2402
f 2403 2402 2404
f 2408 2406 2405
f 2408 2405 2407
f 2412 2409 2410
f 2412 2411 2409
f 2416 2414 2413
f 2416 2413 2415
f 2420 2418 2417
f 2420 2417 2419
f 2424 2421 2422
f 2424 2423 2421

o armadio_master__AMF_111_ANTA
usemtl MULT.LAM.B.18mm 305x130
v 0.99590000 2.05500000 1.19970000
v 0.99590000 0.00500000 1.19970000
v 1.34590000 2.05500000 1.19970000
v 1.34590000 0.00500000 1.19970000
v 0.99590000 0.00500000 1.18170000
v 1.34590000 0.00500000 1.18170000
v 0.99590000 2.05500000 1.18170000
v 1.34590000 2.05500000 1.18170000
v 0.99590000 0.00500000 1.19970000
v 0.99590000 0.00500000 1.18170000
v 1.34590000 0.00500000 1.19970000
v 1.34590000 0.00500000 1.18170000
v 1.34590000 2.05500000 1.19970000
v 1.34590000 2.05500000 1.18170000
v 1.34590000 0.00500000 1.19970000
v 1.34590000 0.00500000 1.18170000
v 0.99590000 2.05500000 1.19970000
v 0.99590000 2.05500000 1.18170000
v 1.34590000 2.05500000 1.19970000
v 1.34590000 2.05500000 1.18170000
v 0.99590000 2.05500000 1.19970000
v 0.99590000 2.05500000 1.18170000
v 0.99590000 0.00500000 1.19970000
v 0.99590000 0.00500000 1.18170000
f 2427 2425 2426
f 2427 2426 2428
f 2432 2430 2429
f 2432 2429 2431
f 2436 2433 2434
f 2436 2435 2433
f 2440 2438 2437
f 2440 2437 2439
f 2444 2442 2441
f 2444 2441 2443
f 2448 2445 2446
f 2448 2447 2445

o armadio_master__AMF_109_FIANCO_DX
usemtl MULTI TESSUTO sp.18
v 1.00090000 0.00550000 1.78070000
v 1.00090000 0.00550000 1.20070000
v 1.00090000 2.04550000 1.20070000
v 1.00090000 2.04550000 1.78070000
v 1.01890000 2.04550000 1.78070000
v 1.01890000 0.00550000 1.78070000
v 1.01890000 0.00550000 1.20070000
v 1.01890000 2.04550000 1.20070000
v 1.00090000 2.04550000 1.78070000
v 1.01890000 2.04550000 1.78070000
v 1.00090000 0.00550000 1.78070000
v 1.01890000 0.00550000 1.78070000
v 1.00090000 2.04550000 1.20070000
v 1.01890000 2.04550000 1.20070000
v 1.00090000 2.04550000 1.78070000
v 1.01890000 2.04550000 1.78070000
v 1.00090000 0.00550000 1.20070000
v 1.01890000 0.00550000 1.20070000
v 1.00090000 2.04550000 1.20070000
v 1.01890000 2.04550000 1.20070000
v 1.00090000 0.00550000 1.78070000
v 1.01890000 0.00550000 1.78070000
v 1.00090000 0.00550000 1.20070000
v 1.01890000 0.00550000 1.20070000
f 2451 2450 2449
f 2451 2449 2452
f 2456 2453 2454
f 2456 2454 2455
f 2460 2458 2457
f 2460 2457 2459
f 2463 2462 2461
f 2464 2462 2463
f 2468 2466 2465
f 2468 2465 2467
f 2471 2470 2469
f 2472 2470 2471

o armadio_master__AMF_110_FIANCO_SX
usemtl MULTI TESSUTO sp.18
v 1.34890000 0.00550000 1.78070000
v 1.34890000 0.00550000 1.20070000
v 1.34890000 2.04550000 1.20070000
v 1.34890000 2.04550000 1.78070000
v 1.34890000 0.00550000 1.78070000
v 1.33090000 0.00550000 1.78070000
v 1.34890000 0.00550000 1.20070000
v 1.33090000 0.00550000 1.20070000
v 1.34890000 0.00550000 1.20070000
v 1.33090000 0.00550000 1.20070000
v 1.34890000 2.04550000 1.20070000
v 1.33090000 2.04550000 1.20070000
v 1.34890000 2.04550000 1.20070000
v 1.33090000 2.04550000 1.20070000
v 1.34890000 2.04550000 1.78070000
v 1.33090000 2.04550000 1.78070000
v 1.34890000 2.04550000 1.78070000
v 1.33090000 2.04550000 1.78070000
v 1.34890000 0.00550000 1.78070000
v 1.33090000 0.00550000 1.78070000
v 1.33090000 2.04550000 1.78070000
v 1.33090000 0.00550000 1.78070000
v 1.33090000 0.00550000 1.20070000
v 1.33090000 2.04550000 1.20070000
f 2475 2473 2474
f 2475 2476 2473
f 2479 2477 2478
f 2480 2479 2478
f 2484 2481 2482
f 2484 2483 2481
f 2488 2485 2486
f 2488 2487 2485
f 2492 2489 2490
f 2492 2491 2489
f 2496 2494 2493
f 2496 2495 2494

o armadio_master__AMF_156_BASE
usemtl MULTI TESSUTO sp.18
v 1.01890000 0.00550000 1.78070000
v 1.33090000 0.00550000 1.78070000
v 1.33090000 0.00550000 1.20070000
v 1.01890000 0.00550000 1.20070000
v 1.01890000 0.02350000 1.20070000
v 1.01890000 0.02350000 1.78070000
v 1.33090000 0.02350000 1.78070000
v 1.33090000 0.02350000 1.20070000
v 1.01890000 0.00550000 1.20070000
v 1.01890000 0.02350000 1.20070000
v 1.01890000 0.00550000 1.78070000
v 1.01890000 0.02350000 1.78070000
v 1.33090000 0.00550000 1.20070000
v 1.33090000 0.02350000 1.20070000
v 1.01890000 0.00550000 1.20070000
v 1.01890000 0.02350000 1.20070000
v 1.33090000 0.00550000 1.78070000
v 1.33090000 0.02350000 1.78070000
v 1.33090000 0.00550000 1.20070000
v 1.33090000 0.02350000 1.20070000
v 1.01890000 0.00550000 1.78070000
v 1.01890000 0.02350000 1.78070000
v 1.33090000 0.00550000 1.78070000
v 1.33090000 0.02350000 1.78070000
f 2499 2498 2497
f 2499 2497 2500
f 2504 2501 2502
f 2504 2502 2503
f 2508 2506 2505
f 2508 2505 2507
f 2512 2510 2509
f 2512 2509 2511
f 2516 2514 2513
f 2516 2513 2515
f 2520 2518 2517
f 2520 2517 2519

o armadio_master__AMF_157_CIELO
usemtl MULTI TESSUTO sp.18
v 1.01890000 2.02750000 1.78070000
v 1.33090000 2.02750000 1.78070000
v 1.33090000 2.02750000 1.20070000
v 1.01890000 2.02750000 1.20070000
v 1.01890000 2.04550000 1.20070000
v 1.01890000 2.04550000 1.78070000
v 1.33090000 2.04550000 1.78070000
v 1.33090000 2.04550000 1.20070000
v 1.01890000 2.02750000 1.20070000
v 1.01890000 2.04550000 1.20070000
v 1.01890000 2.02750000 1.78070000
v 1.01890000 2.04550000 1.78070000
v 1.33090000 2.02750000 1.20070000
v 1.33090000 2.04550000 1.20070000
v 1.01890000 2.02750000 1.20070000
v 1.01890000 2.04550000 1.20070000
v 1.33090000 2.02750000 1.78070000
v 1.33090000 2.04550000 1.78070000
v 1.33090000 2.02750000 1.20070000
v 1.33090000 2.04550000 1.20070000
v 1.01890000 2.02750000 1.78070000
v 1.01890000 2.04550000 1.78070000
v 1.33090000 2.02750000 1.78070000
v 1.33090000 2.04550000 1.78070000
f 2523 2522 2521
f 2523 2521 2524
f 2528 2525 2526
f 2528 2526 2527
f 2532 2530 2529
f 2532 2529 2531
f 2536 2534 2533
f 2536 2533 2535
f 2540 2538 2537
f 2540 2537 2539
f 2544 2542 2541
f 2544 2541 2543

o armadio_master__AM_71_SPALLETTA
usemtl F_MULTI laminato OPACO
v -1.43110000 0.00000000 1.23870000
v -1.43110000 2.04550000 1.23870000
v -1.38110000 0.00000000 1.23870000
v -1.38110000 2.04550000 1.23870000
v -1.38110000 0.00000000 1.23870000
v -1.38110000 2.04550000 1.23870000
v -1.38110000 0.00000000 1.22070000
v -1.38110000 2.04550000 1.22070000
v -1.38110000 0.00000000 1.22070000
v -1.38110000 2.04550000 1.22070000
v -1.43110000 0.00000000 1.22070000
v -1.43110000 2.04550000 1.22070000
v -1.43110000 0.00000000 1.22070000
v -1.43110000 2.04550000 1.22070000
v -1.43110000 0.00000000 1.23870000
v -1.43110000 2.04550000 1.23870000
v -1.43110000 0.00000000 1.23870000
v -1.38110000 0.00000000 1.23870000
v -1.38110000 0.00000000 1.22070000
v -1.43110000 0.00000000 1.22070000
v -1.43110000 2.04550000 1.23870000
v -1.38110000 2.04550000 1.23870000
v -1.38110000 2.04550000 1.22070000
v -1.43110000 2.04550000 1.22070000
f 2546 2545 2547
f 2548 2546 2547
f 2552 2550 2549
f 2552 2549 2551
f 2554 2553 2555
f 2556 2554 2555
f 2560 2558 2557
f 2560 2557 2559
f 2563 2562 2561
f 2563 2561 2564
f 2567 2565 2566
f 2567 2568 2565

o armadio_master__AM_71_SPALLETTA_002
usemtl F_MULTI laminato OPACO
v 1.34890000 0.00000000 1.23870000
v 1.34890000 2.04550000 1.23870000
v 1.39890000 0.00000000 1.23870000
v 1.39890000 2.04550000 1.23870000
v 1.39890000 0.00000000 1.23870000
v 1.39890000 2.04550000 1.23870000
v 1.39890000 0.00000000 1.22070000
v 1.39890000 2.04550000 1.22070000
v 1.39890000 0.00000000 1.22070000
v 1.39890000 2.04550000 1.22070000
v 1.34890000 0.00000000 1.22070000
v 1.34890000 2.04550000 1.22070000
v 1.34890000 0.00000000 1.22070000
v 1.34890000 2.04550000 1.22070000
v 1.34890000 0.00000000 1.23870000
v 1.34890000 2.04550000 1.23870000
v 1.34890000 0.00000000 1.23870000
v 1.39890000 0.00000000 1.23870000
v 1.39890000 0.00000000 1.22070000
v 1.34890000 0.00000000 1.22070000
v 1.34890000 2.04550000 1.23870000
v 1.39890000 2.04550000 1.23870000
v 1.39890000 2.04550000 1.22070000
v 1.34890000 2.04550000 1.22070000
f 2570 2569 2571
f 2572 2570 2571
f 2576 2574 2573
f 2576 2573 2575
f 2578 2577 2579
f 2580 2578 2579
f 2584 2582 2581
f 2584 2581 2583
f 2587 2586 2585
f 2587 2585 2588
f 2591 2589 2590
f 2591 2592 2589

o armadio_master__AM_69_FASCIA54
usemtl F_MULTI laminato OPACO
v -1.05110000 0.00000000 1.23870000
v -1.05110000 2.04550000 1.23870000
v -0.99710000 0.00000000 1.23870000
v -0.99710000 2.04550000 1.23870000
v -0.99710000 0.00000000 1.23870000
v -0.99710000 2.04550000 1.23870000
v -0.99710000 0.00000000 1.22070000
v -0.99710000 2.04550000 1.22070000
v -0.99710000 0.00000000 1.22070000
v -0.99710000 2.04550000 1.22070000
v -1.05110000 0.00000000 1.22070000
v -1.05110000 2.04550000 1.22070000
v -1.05110000 0.00000000 1.22070000
v -1.05110000 2.04550000 1.22070000
v -1.05110000 0.00000000 1.23870000
v -1.05110000 2.04550000 1.23870000
v -1.05110000 0.00000000 1.23870000
v -0.99710000 0.00000000 1.23870000
v -0.99710000 0.00000000 1.22070000
v -1.05110000 0.00000000 1.22070000
v -1.05110000 2.04550000 1.23870000
v -0.99710000 2.04550000 1.23870000
v -0.99710000 2.04550000 1.22070000
v -1.05110000 2.04550000 1.22070000
f 2594 2593 2595
f 2596 2594 2595
f 2600 2598 2597
f 2600 2597 2599
f 2604 2602 2601
f 2604 2601 2603
f 2608 2606 2605
f 2608 2605 2607
f 2611 2610 2609
f 2611 2609 2612
f 2615 2613 2614
f 2615 2616 2613

o armadio_master__AM_69_FASCIA54_002
usemtl F_MULTI laminato OPACO
v 0.96490000 0.00000000 1.23870000
v 0.96490000 2.04550000 1.23870000
v 1.01890000 0.00000000 1.23870000
v 1.01890000 2.04550000 1.23870000
v 1.01890000 0.00000000 1.23870000
v 1.01890000 2.04550000 1.23870000
v 1.01890000 0.00000000 1.22070000
v 1.01890000 2.04550000 1.22070000
v 1.01890000 0.00000000 1.22070000
v 1.01890000 2.04550000 1.22070000
v 0.96490000 0.00000000 1.22070000
v 0.96490000 2.04550000 1.22070000
v 0.96490000 0.00000000 1.22070000
v 0.96490000 2.04550000 1.22070000
v 0.96490000 0.00000000 1.23870000
v 0.96490000 2.04550000 1.23870000
v 0.96490000 0.00000000 1.23870000
v 1.01890000 0.00000000 1.23870000
v 1.01890000 0.00000000 1.22070000
v 0.96490000 0.00000000 1.22070000
v 0.96490000 2.04550000 1.23870000
v 1.01890000 2.04550000 1.23870000
v 1.01890000 2.04550000 1.22070000
v 0.96490000 2.04550000 1.22070000
f 2620 2618 2617
f 2620 2617 2619
f 2624 2622 2621
f 2624 2621 2623
f 2628 2626 2625
f 2628 2625 2627
f 2632 2630 2629
f 2632 2629 2631
f 2635 2634 2633
f 2635 2633 2636
f 2639 2637 2638
f 2639 2640 2637

o armadio_master__AM_68_FASCIA65
usemtl MULT.LAM.B.18mm 305x130
v -0.54910000 0.00000000 1.23870000
v -0.54910000 2.04550000 1.23870000
v -0.48410000 0.00000000 1.23870000
v -0.48410000 2.04550000 1.23870000
v -0.48410000 0.00000000 1.23870000
v -0.48410000 2.04550000 1.23870000
v -0.48410000 0.00000000 1.22070000
v -0.48410000 2.04550000 1.22070000
v -0.48410000 0.00000000 1.22070000
v -0.48410000 2.04550000 1.22070000
v -0.54910000 0.00000000 1.22070000
v -0.54910000 2.04550000 1.22070000
v -0.54910000 0.00000000 1.22070000
v -0.54910000 2.04550000 1.22070000
v -0.54910000 0.00000000 1.23870000
v -0.54910000 2.04550000 1.23870000
v -0.54910000 0.00000000 1.23870000
v -0.48410000 0.00000000 1.23870000
v -0.48410000 0.00000000 1.22070000
v -0.54910000 0.00000000 1.22070000
v -0.54910000 2.04550000 1.23870000
v -0.48410000 2.04550000 1.23870000
v -0.48410000 2.04550000 1.22070000
v -0.54910000 2.04550000 1.22070000
f 2644 2642 2641
f 2644 2641 2643
f 2648 2646 2645
f 2648 2645 2647
f 2652 2650 2649
f 2652 2649 2651
f 2656 2654 2653
f 2656 2653 2655
f 2659 2658 2657
f 2659 2657 2660
f 2663 2661 2662
f 2663 2664 2661

o armadio_master__AM_68_FASCIA65_002
usemtl MULT.LAM.B.18mm 305x130
v 0.45190000 0.00000000 1.23870000
v 0.45190000 2.04550000 1.23870000
v 0.51690000 0.00000000 1.23870000
v 0.51690000 2.04550000 1.23870000
v 0.51690000 0.00000000 1.23870000
v 0.51690000 2.04550000 1.23870000
v 0.51690000 0.00000000 1.22070000
v 0.51690000 2.04550000 1.22070000
v 0.51690000 0.00000000 1.22070000
v 0.51690000 2.04550000 1.22070000
v 0.45190000 0.00000000 1.22070000
v 0.45190000 2.04550000 1.22070000
v 0.45190000 0.00000000 1.22070000
v 0.45190000 2.04550000 1.22070000
v 0.45190000 0.00000000 1.23870000
v 0.45190000 2.04550000 1.23870000
v 0.45190000 0.00000000 1.23870000
v 0.51690000 0.00000000 1.23870000
v 0.51690000 0.00000000 1.22070000
v 0.45190000 0.00000000 1.22070000
v 0.45190000 2.04550000 1.23870000
v 0.51690000 2.04550000 1.23870000
v 0.51690000 2.04550000 1.22070000
v 0.45190000 2.04550000 1.22070000
f 2668 2666 2665
f 2668 2665 2667
f 2672 2670 2669
f 2672 2669 2671
f 2676 2674 2673
f 2676 2673 2675
f 2680 2678 2677
f 2680 2677 2679
f 2683 2682 2681
f 2683 2681 2684
f 2687 2685 2686
f 2687 2688 2685

o armadio_master__AM_70_FASCIA40
usemtl F_MULTI laminato OPACO
v -0.03610000 0.00000000 1.23870000
v -0.03610000 2.04550000 1.23870000
v 0.00390000 0.00000000 1.23870000
v 0.00390000 2.04550000 1.23870000
v 0.00390000 0.00000000 1.23870000
v 0.00390000 2.04550000 1.23870000
v 0.00390000 0.00000000 1.22070000
v 0.00390000 2.04550000 1.22070000
v 0.00390000 0.00000000 1.22070000
v 0.00390000 2.04550000 1.22070000
v -0.03610000 0.00000000 1.22070000
v -0.03610000 2.04550000 1.22070000
v -0.03610000 0.00000000 1.22070000
v -0.03610000 2.04550000 1.22070000
v -0.03610000 0.00000000 1.23870000
v -0.03610000 2.04550000 1.23870000
v -0.03610000 0.00000000 1.23870000
v 0.00390000 0.00000000 1.23870000
v 0.00390000 0.00000000 1.22070000
v -0.03610000 0.00000000 1.22070000
v -0.03610000 2.04550000 1.23870000
v 0.00390000 2.04550000 1.23870000
v 0.00390000 2.04550000 1.22070000
v -0.03610000 2.04550000 1.22070000
f 2692 2690 2689
f 2692 2689 2691
f 2696 2694 2693
f 2696 2693 2695
f 2700 2698 2697
f 2700 2697 2699
f 2704 2702 2701
f 2704 2701 2703
f 2707 2706 2705
f 2707 2705 2708
f 2711 2709 2710
f 2711 2712 2709

o armadio_master__AM_72_MONTANTE
usemtl F_MULTI laminato OPACO
v -1.41110000 0.00000000 1.22070000
v -1.41110000 2.05500000 1.22070000
v -1.38110000 0.00000000 1.22070000
v -1.38110000 2.05500000 1.22070000
v -1.38110000 0.00000000 1.22070000
v -1.38110000 2.05500000 1.22070000
v -1.38110000 0.00000000 1.16070000
v -1.38110000 2.05500000 1.16070000
v -1.38110000 0.00000000 1.16070000
v -1.38110000 2.05500000 1.16070000
v -1.41110000 0.00000000 1.16070000
v -1.41110000 2.05500000 1.16070000
v -1.41110000 0.00000000 1.16070000
v -1.41110000 2.05500000 1.16070000
v -1.41110000 0.00000000 1.22070000
v -1.41110000 2.05500000 1.22070000
v -1.41110000 0.00000000 1.22070000
v -1.38110000 0.00000000 1.22070000
v -1.38110000 0.00000000 1.16070000
v -1.41110000 0.00000000 1.16070000
v -1.41110000 2.05500000 1.22070000
v -1.38110000 2.05500000 1.22070000
v -1.38110000 2.05500000 1.16070000
v -1.41110000 2.05500000 1.16070000
f 2716 2714 2713
f 2716 2713 2715
f 2718 2717 2719
f 2720 2718 2719
f 2724 2722 2721
f 2724 2721 2723
f 2726 2725 2727
f 2728 2726 2727
f 2731 2730 2729
f 2731 2729 2732
f 2735 2733 2734
f 2735 2736 2733

o armadio_master__AM_72_MONTANTE_002
usemtl F_MULTI laminato OPACO
v -0.51410000 0.00000000 1.22070000
v -0.51410000 2.05500000 1.22070000
v -0.48410000 0.00000000 1.22070000
v -0.48410000 2.05500000 1.22070000
v -0.48410000 0.00000000 1.22070000
v -0.48410000 2.05500000 1.22070000
v -0.48410000 0.00000000 1.16070000
v -0.48410000 2.05500000 1.16070000
v -0.48410000 0.00000000 1.16070000
v -0.48410000 2.05500000 1.16070000
v -0.51410000 0.00000000 1.16070000
v -0.51410000 2.05500000 1.16070000
v -0.51410000 0.00000000 1.16070000
v -0.51410000 2.05500000 1.16070000
v -0.51410000 0.00000000 1.22070000
v -0.51410000 2.05500000 1.22070000
v -0.51410000 0.00000000 1.22070000
v -0.48410000 0.00000000 1.22070000
v -0.48410000 0.00000000 1.16070000
v -0.51410000 0.00000000 1.16070000
v -0.51410000 2.05500000 1.22070000
v -0.48410000 2.05500000 1.22070000
v -0.48410000 2.05500000 1.16070000
v -0.51410000 2.05500000 1.16070000
f 2740 2738 2737
f 2740 2737 2739
f 2742 2741 2743
f 2744 2742 2743
f 2748 2746 2745
f 2748 2745 2747
f 2750 2749 2751
f 2752 2750 2751
f 2756 2754 2753
f 2755 2754 2756
f 2760 2757 2758
f 2759 2760 2758

o armadio_master__AM_72_MONTANTE_003
usemtl F_MULTI laminato OPACO
v 0.45190000 0.00000000 1.22070000
v 0.45190000 2.05500000 1.22070000
v 0.48190000 0.00000000 1.22070000
v 0.48190000 2.05500000 1.22070000
v 0.48190000 0.00000000 1.22070000
v 0.48190000 2.05500000 1.22070000
v 0.48190000 0.00000000 1.16070000
v 0.48190000 2.05500000 1.16070000
v 0.48190000 0.00000000 1.16070000
v 0.48190000 2.05500000 1.16070000
v 0.45190000 0.00000000 1.16070000
v 0.45190000 2.05500000 1.16070000
v 0.45190000 0.00000000 1.16070000
v 0.45190000 2.05500000 1.16070000
v 0.45190000 0.00000000 1.22070000
v 0.45190000 2.05500000 1.22070000
v 0.45190000 0.00000000 1.22070000
v 0.48190000 0.00000000 1.22070000
v 0.48190000 0.00000000 1.16070000
v 0.45190000 0.00000000 1.16070000
v 0.45190000 2.05500000 1.22070000
v 0.48190000 2.05500000 1.22070000
v 0.48190000 2.05500000 1.16070000
v 0.45190000 2.05500000 1.16070000
f 2764 2762 2761
f 2764 2761 2763
f 2766 2765 2767
f 2768 2766 2767
f 2772 2770 2769
f 2772 2769 2771
f 2774 2773 2775
f 2776 2774 2775
f 2780 2778 2777
f 2779 2778 2780
f 2784 2781 2782
f 2783 2784 2782

o armadio_master__AM_72_MONTANTE_004
usemtl F_MULTI laminato OPACO
v 1.34890000 0.00000000 1.22070000
v 1.34890000 2.05500000 1.22070000
v 1.37890000 0.00000000 1.22070000
v 1.37890000 2.05500000 1.22070000
v 1.37890000 0.00000000 1.22070000
v 1.37890000 2.05500000 1.22070000
v 1.37890000 0.00000000 1.16070000
v 1.37890000 2.05500000 1.16070000
v 1.37890000 0.00000000 1.16070000
v 1.37890000 2.05500000 1.16070000
v 1.34890000 0.00000000 1.16070000
v 1.34890000 2.05500000 1.16070000
v 1.34890000 0.00000000 1.16070000
v 1.34890000 2.05500000 1.16070000
v 1.34890000 0.00000000 1.22070000
v 1.34890000 2.05500000 1.22070000
v 1.34890000 0.00000000 1.22070000
v 1.37890000 0.00000000 1.22070000
v 1.37890000 0.00000000 1.16070000
v 1.34890000 0.00000000 1.16070000
v 1.34890000 2.05500000 1.22070000
v 1.37890000 2.05500000 1.22070000
v 1.37890000 2.05500000 1.16070000
v 1.34890000 2.05500000 1.16070000
f 2788 2786 2785
f 2788 2785 2787
f 2790 2789 2791
f 2792 2790 2791
f 2796 2794 2793
f 2796 2793 2795
f 2798 2797 2799
f 2800 2798 2799
f 2804 2802 2801
f 2803 2802 2804
f 2808 2805 2806
f 2807 2808 2806

o armadio_master__AM_73_VELETTA
usemtl F_MULTI laminato OPACO
v -1.43110000 2.04550000 1.23870000
v -1.43110000 2.10500000 1.23870000
v 1.39890000 2.04550000 1.23870000
v 1.39890000 2.10500000 1.23870000
v 1.39890000 2.04550000 1.23870000
v 1.39890000 2.10500000 1.23870000
v 1.39890000 2.04550000 1.22070000
v 1.39890000 2.10500000 1.22070000
v 1.39890000 2.04550000 1.22070000
v 1.39890000 2.10500000 1.22070000
v -1.43110000 2.04550000 1.22070000
v -1.43110000 2.10500000 1.22070000
v -1.43110000 2.04550000 1.22070000
v -1.43110000 2.10500000 1.22070000
v -1.43110000 2.04550000 1.23870000
v -1.43110000 2.10500000 1.23870000
v -1.43110000 2.04550000 1.23870000
v 1.39890000 2.04550000 1.23870000
v 1.39890000 2.04550000 1.22070000
v -1.43110000 2.04550000 1.22070000
v -1.43110000 2.10500000 1.23870000
v 1.39890000 2.10500000 1.23870000
v 1.39890000 2.10500000 1.22070000
v -1.43110000 2.10500000 1.22070000
f 2812 2810 2809
f 2812 2809 2811
f 2816 2814 2813
f 2816 2813 2815
f 2820 2818 2817
f 2820 2817 2819
f 2824 2822 2821
f 2824 2821 2823
f 2826 2825 2828
f 2827 2826 2828
f 2830 2832 2829
f 2831 2832 2830

o parete_letto_master__PLS_168_FIANCO_SX
usemtl MULT.LAM.B.18mm 305x130
v -1.55660000 0.00000000 0.59370000
v -1.86360000 0.00000000 0.59370000
v -1.86360000 2.19100000 0.59370000
v -1.55660000 2.19100000 0.59370000
v -1.55660000 2.19100000 0.57570000
v -1.55660000 0.00000000 0.57570000
v -1.86360000 0.00000000 0.57570000
v -1.86360000 2.19100000 0.57570000
v -1.55660000 2.19100000 0.59370000
v -1.55660000 2.19100000 0.57570000
v -1.55660000 0.00000000 0.59370000
v -1.55660000 0.00000000 0.57570000
v -1.86360000 2.19100000 0.59370000
v -1.86360000 2.19100000 0.57570000
v -1.55660000 2.19100000 0.59370000
v -1.55660000 2.19100000 0.57570000
v -1.86360000 0.00000000 0.59370000
v -1.86360000 0.00000000 0.57570000
v -1.86360000 2.19100000 0.59370000
v -1.86360000 2.19100000 0.57570000
v -1.55660000 0.00000000 0.59370000
v -1.55660000 0.00000000 0.57570000
v -1.86360000 0.00000000 0.59370000
v -1.86360000 0.00000000 0.57570000
f 2836 2834 2833
f 2835 2834 2836
f 2837 2838 2839
f 2840 2837 2839
f 2844 2842 2841
f 2844 2841 2843
f 2847 2846 2845
f 2848 2846 2847
f 2852 2850 2849
f 2852 2849 2851
f 2856 2854 2853
f 2856 2853 2855

o parete_letto_master__PLS_169_FIANCO_DX
usemtl MULT.LAM.B.18mm 305x130
v -1.55660000 0.00000000 0.36770000
v -1.86360000 0.00000000 0.36770000
v -1.86360000 2.19100000 0.36770000
v -1.55660000 2.19100000 0.36770000
v -1.55660000 0.00000000 0.36770000
v -1.55660000 0.00000000 0.38570000
v -1.86360000 0.00000000 0.36770000
v -1.86360000 0.00000000 0.38570000
v -1.86360000 0.00000000 0.36770000
v -1.86360000 0.00000000 0.38570000
v -1.86360000 2.19100000 0.36770000
v -1.86360000 2.19100000 0.38570000
v -1.86360000 2.19100000 0.36770000
v -1.86360000 2.19100000 0.38570000
v -1.55660000 2.19100000 0.36770000
v -1.55660000 2.19100000 0.38570000
v -1.55660000 2.19100000 0.36770000
v -1.55660000 2.19100000 0.38570000
v -1.55660000 0.00000000 0.36770000
v -1.55660000 0.00000000 0.38570000
v -1.55660000 2.19100000 0.38570000
v -1.55660000 0.00000000 0.38570000
v -1.86360000 0.00000000 0.38570000
v -1.86360000 2.19100000 0.38570000
f 2860 2857 2858
f 2859 2860 2858
f 2864 2861 2862
f 2864 2863 2861
f 2868 2865 2866
f 2868 2867 2865
f 2872 2869 2870
f 2872 2871 2869
f 2876 2873 2874
f 2876 2875 2873
f 2877 2879 2878
f 2880 2879 2877

o parete_letto_master__PLS_170_BASE
usemtl MULT.LAM.B.18mm 305x130
v -1.57160000 0.00000000 0.57570000
v -1.57160000 0.00000000 0.38570000
v -1.84360000 0.00000000 0.38570000
v -1.84360000 0.00000000 0.57570000
v -1.84360000 0.01800000 0.57570000
v -1.57160000 0.01800000 0.57570000
v -1.57160000 0.01800000 0.38570000
v -1.84360000 0.01800000 0.38570000
v -1.84360000 0.00000000 0.57570000
v -1.84360000 0.01800000 0.57570000
v -1.57160000 0.00000000 0.57570000
v -1.57160000 0.01800000 0.57570000
v -1.84360000 0.00000000 0.38570000
v -1.84360000 0.01800000 0.38570000
v -1.84360000 0.00000000 0.57570000
v -1.84360000 0.01800000 0.57570000
v -1.57160000 0.00000000 0.38570000
v -1.57160000 0.01800000 0.38570000
v -1.84360000 0.00000000 0.38570000
v -1.84360000 0.01800000 0.38570000
v -1.57160000 0.00000000 0.57570000
v -1.57160000 0.01800000 0.57570000
v -1.57160000 0.00000000 0.38570000
v -1.57160000 0.01800000 0.38570000
f 2884 2882 2881
f 2883 2882 2884
f 2885 2886 2887
f 2888 2885 2887
f 2892 2890 2889
f 2892 2889 2891
f 2896 2894 2893
f 2896 2893 2895
f 2900 2898 2897
f 2900 2897 2899
f 2904 2902 2901
f 2904 2901 2903

o parete_letto_master__PLS_171_RIPIANO_CASSETTO
usemtl MULT.LAM.B.18mm 305x130
v -1.57160000 0.18900000 0.57570000
v -1.57160000 0.18900000 0.38570000
v -1.84360000 0.18900000 0.38570000
v -1.84360000 0.18900000 0.57570000
v -1.84360000 0.20700000 0.57570000
v -1.57160000 0.20700000 0.57570000
v -1.57160000 0.20700000 0.38570000
v -1.84360000 0.20700000 0.38570000
v -1.84360000 0.18900000 0.57570000
v -1.84360000 0.20700000 0.57570000
v -1.57160000 0.18900000 0.57570000
v -1.57160000 0.20700000 0.57570000
v -1.84360000 0.18900000 0.38570000
v -1.84360000 0.20700000 0.38570000
v -1.84360000 0.18900000 0.57570000
v -1.84360000 0.20700000 0.57570000
v -1.57160000 0.18900000 0.38570000
v -1.57160000 0.20700000 0.38570000
v -1.84360000 0.18900000 0.38570000
v -1.84360000 0.20700000 0.38570000
v -1.57160000 0.18900000 0.57570000
v -1.57160000 0.20700000 0.57570000
v -1.57160000 0.18900000 0.38570000
v -1.57160000 0.20700000 0.38570000
f 2908 2906 2905
f 2907 2906 2908
f 2909 2910 2911
f 2912 2909 2911
f 2916 2914 2913
f 2916 2913 2915
f 2920 2918 2917
f 2920 2917 2919
f 2924 2922 2921
f 2924 2921 2923
f 2928 2926 2925
f 2928 2925 2927

o parete_letto_master__PLS_172_MENSOLA
usemtl MULT. PP/PLAC.SP30 CERA
v -1.57160000 0.51200000 0.57570000
v -1.57160000 0.51200000 0.38570000
v -1.84360000 0.51200000 0.38570000
v -1.84360000 0.51200000 0.57570000
v -1.84360000 0.54200000 0.57570000
v -1.57160000 0.54200000 0.57570000
v -1.57160000 0.54200000 0.38570000
v -1.84360000 0.54200000 0.38570000
v -1.84360000 0.51200000 0.57570000
v -1.84360000 0.54200000 0.57570000
v -1.57160000 0.51200000 0.57570000
v -1.57160000 0.54200000 0.57570000
v -1.84360000 0.51200000 0.38570000
v -1.84360000 0.54200000 0.38570000
v -1.84360000 0.51200000 0.57570000
v -1.84360000 0.54200000 0.57570000
v -1.57160000 0.51200000 0.38570000
v -1.57160000 0.54200000 0.38570000
v -1.84360000 0.51200000 0.38570000
v -1.84360000 0.54200000 0.38570000
v -1.57160000 0.51200000 0.57570000
v -1.57160000 0.54200000 0.57570000
v -1.57160000 0.51200000 0.38570000
v -1.57160000 0.54200000 0.38570000
f 2932 2930 2929
f 2931 2930 2932
f 2933 2934 2935
f 2936 2933 2935
f 2940 2938 2937
f 2940 2937 2939
f 2944 2942 2941
f 2944 2941 2943
f 2948 2946 2945
f 2948 2945 2947
f 2952 2950 2949
f 2952 2949 2951

o parete_letto_master__PLS_173_RIPIANO_LED
usemtl MULT.LAM.B.18mm 305x130
v -1.57160000 0.85200000 0.57570000
v -1.57160000 0.85200000 0.38570000
v -1.84360000 0.85200000 0.38570000
v -1.84360000 0.85200000 0.57570000
v -1.84360000 0.87000000 0.57570000
v -1.57160000 0.87000000 0.57570000
v -1.57160000 0.87000000 0.38570000
v -1.84360000 0.87000000 0.38570000
v -1.84360000 0.85200000 0.57570000
v -1.84360000 0.87000000 0.57570000
v -1.57160000 0.85200000 0.57570000
v -1.57160000 0.87000000 0.57570000
v -1.84360000 0.85200000 0.38570000
v -1.84360000 0.87000000 0.38570000
v -1.84360000 0.85200000 0.57570000
v -1.84360000 0.87000000 0.57570000
v -1.57160000 0.85200000 0.38570000
v -1.57160000 0.87000000 0.38570000
v -1.84360000 0.85200000 0.38570000
v -1.84360000 0.87000000 0.38570000
v -1.57160000 0.85200000 0.57570000
v -1.57160000 0.87000000 0.57570000
v -1.57160000 0.85200000 0.38570000
v -1.57160000 0.87000000 0.38570000
f 2956 2954 2953
f 2955 2954 2956
f 2957 2958 2959
f 2960 2957 2959
f 2964 2962 2961
f 2964 2961 2963
f 2968 2966 2965
f 2968 2965 2967
f 2972 2970 2969
f 2972 2969 2971
f 2976 2974 2973
f 2976 2973 2975

o parete_letto_master__PLS_175_CIELO
usemtl MULT.LAM.B.18mm 305x130
v -1.55660000 2.17300000 0.57570000
v -1.55660000 2.17300000 0.38570000
v -1.86360000 2.17300000 0.38570000
v -1.86360000 2.17300000 0.57570000
v -1.86360000 2.19100000 0.57570000
v -1.55660000 2.19100000 0.57570000
v -1.55660000 2.19100000 0.38570000
v -1.86360000 2.19100000 0.38570000
v -1.86360000 2.17300000 0.57570000
v -1.86360000 2.19100000 0.57570000
v -1.55660000 2.17300000 0.57570000
v -1.55660000 2.19100000 0.57570000
v -1.86360000 2.17300000 0.38570000
v -1.86360000 2.19100000 0.38570000
v -1.86360000 2.17300000 0.57570000
v -1.86360000 2.19100000 0.57570000
v -1.55660000 2.17300000 0.38570000
v -1.55660000 2.19100000 0.38570000
v -1.86360000 2.17300000 0.38570000
v -1.86360000 2.19100000 0.38570000
v -1.55660000 2.17300000 0.57570000
v -1.55660000 2.19100000 0.57570000
v -1.55660000 2.17300000 0.38570000
v -1.55660000 2.19100000 0.38570000
f 2979 2978 2977
f 2979 2977 2980
f 2984 2981 2982
f 2984 2982 2983
f 2988 2986 2985
f 2988 2985 2987
f 2992 2990 2989
f 2992 2989 2991
f 2996 2994 2993
f 2996 2993 2995
f 3000 2998 2997
f 3000 2997 2999

o parete_letto_master__PLS_178_ANTA
usemtl MULT.LAM.B.18mm 305x130
v -1.55360000 2.17000000 0.57270000
v -1.55360000 0.84700000 0.57270000
v -1.55360000 2.17000000 0.38870000
v -1.55360000 0.84700000 0.38870000
v -1.57160000 0.84700000 0.57270000
v -1.57160000 0.84700000 0.38870000
v -1.57160000 2.17000000 0.57270000
v -1.57160000 2.17000000 0.38870000
v -1.55360000 0.84700000 0.57270000
v -1.57160000 0.84700000 0.57270000
v -1.55360000 0.84700000 0.38870000
v -1.57160000 0.84700000 0.38870000
v -1.55360000 2.17000000 0.38870000
v -1.57160000 2.17000000 0.38870000
v -1.55360000 0.84700000 0.38870000
v -1.57160000 0.84700000 0.38870000
v -1.55360000 2.17000000 0.57270000
v -1.57160000 2.17000000 0.57270000
v -1.55360000 2.17000000 0.38870000
v -1.57160000 2.17000000 0.38870000
v -1.55360000 2.17000000 0.57270000
v -1.57160000 2.17000000 0.57270000
v -1.55360000 0.84700000 0.57270000
v -1.57160000 0.84700000 0.57270000
f 3003 3001 3002
f 3003 3002 3004
f 3008 3006 3005
f 3008 3005 3007
f 3011 3009 3010
f 3012 3011 3010
f 3016 3014 3013
f 3016 3013 3015
f 3019 3018 3017
f 3020 3018 3019
f 3024 3021 3022
f 3024 3023 3021

o parete_letto_master__PLS_177_FRONTALE_CASSETTO
usemtl MULT.LAM.B.18mm 305x130
v -1.55360000 0.21200000 0.57270000
v -1.55360000 0.00000000 0.57270000
v -1.55360000 0.21200000 0.38870000
v -1.55360000 0.00000000 0.38870000
v -1.57160000 0.00000000 0.57270000
v -1.57160000 0.00000000 0.38870000
v -1.57160000 0.21200000 0.57270000
v -1.57160000 0.21200000 0.38870000
v -1.55360000 0.00000000 0.57270000
v -1.57160000 0.00000000 0.57270000
v -1.55360000 0.00000000 0.38870000
v -1.57160000 0.00000000 0.38870000
v -1.55360000 0.21200000 0.38870000
v -1.57160000 0.21200000 0.38870000
v -1.55360000 0.00000000 0.38870000
v -1.57160000 0.00000000 0.38870000
v -1.55360000 0.21200000 0.57270000
v -1.57160000 0.21200000 0.57270000
v -1.55360000 0.21200000 0.38870000
v -1.57160000 0.21200000 0.38870000
v -1.55360000 0.21200000 0.57270000
v -1.57160000 0.21200000 0.57270000
v -1.55360000 0.00000000 0.57270000
v -1.57160000 0.00000000 0.57270000
f 3027 3025 3026
f 3027 3026 3028
f 3032 3030 3029
f 3032 3029 3031
f 3035 3033 3034
f 3036 3035 3034
f 3040 3038 3037
f 3040 3037 3039
f 3043 3042 3041
f 3044 3042 3043
f 3048 3045 3046
f 3048 3047 3045

o parete_letto_master__PL_199_CASS_SPONDA_SX
usemtl MULT.LAM.B.18mm 305x130
v -1.82160000 0.18350000 0.57270000
v -1.82160000 0.03350000 0.57270000
v -1.57160000 0.18350000 0.57270000
v -1.57160000 0.03350000 0.57270000
v -1.82160000 0.18350000 0.55470000
v -1.82160000 0.18350000 0.57270000
v -1.57160000 0.18350000 0.55470000
v -1.57160000 0.18350000 0.57270000
v -1.82160000 0.05700000 0.55470000
v -1.82160000 0.18350000 0.55470000
v -1.57160000 0.05700000 0.55470000
v -1.57160000 0.18350000 0.55470000
v -1.82160000 0.05700000 0.56170000
v -1.82160000 0.05700000 0.55470000
v -1.57160000 0.05700000 0.56170000
v -1.57160000 0.05700000 0.55470000
v -1.82160000 0.04650000 0.56170000
v -1.82160000 0.05700000 0.56170000
v -1.57160000 0.04650000 0.56170000
v -1.57160000 0.05700000 0.56170000
v -1.82160000 0.04650000 0.55470000
v -1.82160000 0.04650000 0.56170000
v -1.57160000 0.04650000 0.55470000
v -1.57160000 0.04650000 0.56170000
v -1.82160000 0.03350000 0.55470000
v -1.82160000 0.04650000 0.55470000
v -1.57160000 0.03350000 0.55470000
v -1.57160000 0.04650000 0.55470000
v -1.82160000 0.03350000 0.57270000
v -1.82160000 0.03350000 0.55470000
v -1.57160000 0.03350000 0.57270000
v -1.57160000 0.03350000 0.55470000
v -1.57160000 0.18350000 0.57270000
v -1.57160000 0.03350000 0.57270000
v -1.57160000 0.18350000 0.55470000
v -1.57160000 0.05700000 0.55470000
v -1.57160000 0.05700000 0.56170000
v -1.57160000 0.04650000 0.56170000
v -1.57160000 0.04650000 0.55470000
v -1.57160000 0.03350000 0.55470000
v -1.82160000 0.18350000 0.57270000
v -1.82160000 0.03350000 0.57270000
v -1.82160000 0.18350000 0.55470000
v -1.82160000 0.05700000 0.55470000
v -1.82160000 0.05700000 0.56170000
v -1.82160000 0.04650000 0.56170000
v -1.82160000 0.04650000 0.55470000
v -1.82160000 0.03350000 0.55470000
f 3049 3052 3051
f 3050 3052 3049
f 3054 3055 3053
f 3054 3056 3055
f 3058 3059 3057
f 3058 3060 3059
f 3062 3063 3061
f 3062 3064 3063
f 3066 3067 3065
f 3066 3068 3067
f 3070 3071 3069
f 3070 3072 3071
f 3074 3075 3073
f 3074 3076 3075
f 3078 3079 3077
f 3078 3080 3079
f 3086 3082 3088
f 3087 3086 3088
f 3085 3082 3086
f 3081 3082 3085
f 3083 3085 3084
f 3083 3081 3085
f 3094 3096 3090
f 3095 3096 3094
f 3093 3094 3090
f 3089 3093 3090
f 3091 3092 3093
f 3091 3093 3089

o parete_letto_master__PL_198_CASS_SPONDA_DX
usemtl MULT.LAM.B.18mm 305x130
v -1.82160000 0.04650000 0.40670000
v -1.82160000 0.03350000 0.40670000
v -1.57160000 0.04650000 0.40670000
v -1.57160000 0.03350000 0.40670000
v -1.82160000 0.04650000 0.39970000
v -1.82160000 0.04650000 0.40670000
v -1.57160000 0.04650000 0.39970000
v -1.57160000 0.04650000 0.40670000
v -1.82160000 0.05700000 0.39970000
v -1.82160000 0.04650000 0.39970000
v -1.57160000 0.05700000 0.39970000
v -1.57160000 0.04650000 0.39970000
v -1.82160000 0.05700000 0.40670000
v -1.82160000 0.05700000 0.39970000
v -1.57160000 0.05700000 0.40670000
v -1.57160000 0.05700000 0.39970000
v -1.82160000 0.18350000 0.40670000
v -1.82160000 0.05700000 0.40670000
v -1.57160000 0.18350000 0.40670000
v -1.57160000 0.05700000 0.40670000
v -1.82160000 0.18350000 0.38870000
v -1.82160000 0.18350000 0.40670000
v -1.57160000 0.18350000 0.38870000
v -1.57160000 0.18350000 0.40670000
v -1.82160000 0.03350000 0.38870000
v -1.82160000 0.18350000 0.38870000
v -1.57160000 0.03350000 0.38870000
v -1.57160000 0.18350000 0.38870000
v -1.82160000 0.03350000 0.40670000
v -1.82160000 0.03350000 0.38870000
v -1.57160000 0.03350000 0.40670000
v -1.57160000 0.03350000 0.38870000
v -1.57160000 0.04650000 0.40670000
v -1.57160000 0.03350000 0.40670000
v -1.57160000 0.04650000 0.39970000
v -1.57160000 0.05700000 0.39970000
v -1.57160000 0.05700000 0.40670000
v -1.57160000 0.18350000 0.40670000
v -1.57160000 0.18350000 0.38870000
v -1.57160000 0.03350000 0.38870000
v -1.82160000 0.04650000 0.40670000
v -1.82160000 0.03350000 0.40670000
v -1.82160000 0.04650000 0.39970000
v -1.82160000 0.05700000 0.39970000
v -1.82160000 0.05700000 0.40670000
v -1.82160000 0.18350000 0.40670000
v -1.82160000 0.18350000 0.38870000
v -1.82160000 0.03350000 0.38870000
f 3098 3099 3097
f 3098 3100 3099
f 3102 3103 3101
f 3102 3104 3103
f 3106 3107 3105
f 3106 3108 3107
f 3110 3111 3109
f 3110 3112 3111
f 3114 3115 3113
f 3114 3116 3115
f 3118 3119 3117
f 3118 3120 3119
f 3121 3124 3123
f 3122 3124 3121
f 3126 3127 3125
f 3126 3128 3127
f 3131 3129 3130
f 3131 3130 3136
f 3132 3131 3136
f 3134 3133 3132
f 3135 3134 3132
f 3135 3132 3136
f 3139 3138 3137
f 3139 3144 3138
f 3140 3144 3139
f 3142 3140 3141
f 3143 3140 3142
f 3143 3144 3140

o parete_letto_master__PL_200_CASS_FRONT_RETRO_SX
usemtl MULT.LAM.B.18mm 305x130
v -1.57160000 0.05700000 0.55470000
v -1.57160000 0.14300000 0.55470000
v -1.57160000 0.05700000 0.40670000
v -1.57160000 0.14300000 0.40670000
v -1.57160000 0.05700000 0.40670000
v -1.57160000 0.14300000 0.40670000
v -1.58960000 0.05700000 0.40670000
v -1.58960000 0.14300000 0.40670000
v -1.58960000 0.05700000 0.40670000
v -1.58960000 0.14300000 0.40670000
v -1.58960000 0.05700000 0.55470000
v -1.58960000 0.14300000 0.55470000
v -1.58960000 0.05700000 0.55470000
v -1.58960000 0.14300000 0.55470000
v -1.57160000 0.05700000 0.55470000
v -1.57160000 0.14300000 0.55470000
v -1.57160000 0.05700000 0.55470000
v -1.57160000 0.05700000 0.40670000
v -1.58960000 0.05700000 0.40670000
v -1.58960000 0.05700000 0.55470000
v -1.57160000 0.14300000 0.55470000
v -1.57160000 0.14300000 0.40670000
v -1.58960000 0.14300000 0.40670000
v -1.58960000 0.14300000 0.55470000
f 3147 3146 3145
f 3148 3146 3147
f 3152 3150 3149
f 3152 3149 3151
f 3155 3154 3153
f 3156 3154 3155
f 3160 3158 3157
f 3160 3157 3159
f 3163 3162 3161
f 3163 3161 3164
f 3167 3165 3166
f 3167 3168 3165

o parete_letto_master__PL_200_CASS_FRONT_RETRO_SX_002
usemtl MULT.LAM.B.18mm 305x130
v -1.80360000 0.05700000 0.55470000
v -1.80360000 0.14300000 0.55470000
v -1.80360000 0.05700000 0.40670000
v -1.80360000 0.14300000 0.40670000
v -1.80360000 0.05700000 0.40670000
v -1.80360000 0.14300000 0.40670000
v -1.82160000 0.05700000 0.40670000
v -1.82160000 0.14300000 0.40670000
v -1.82160000 0.05700000 0.40670000
v -1.82160000 0.14300000 0.40670000
v -1.82160000 0.05700000 0.55470000
v -1.82160000 0.14300000 0.55470000
v -1.82160000 0.05700000 0.55470000
v -1.82160000 0.14300000 0.55470000
v -1.80360000 0.05700000 0.55470000
v -1.80360000 0.14300000 0.55470000
v -1.80360000 0.05700000 0.55470000
v -1.80360000 0.05700000 0.40670000
v -1.82160000 0.05700000 0.40670000
v -1.82160000 0.05700000 0.55470000
v -1.80360000 0.14300000 0.55470000
v -1.80360000 0.14300000 0.40670000
v -1.82160000 0.14300000 0.40670000
v -1.82160000 0.14300000 0.55470000
f 3171 3170 3169
f 3172 3170 3171
f 3176 3174 3173
f 3176 3173 3175
f 3179 3178 3177
f 3180 3178 3179
f 3184 3182 3181
f 3184 3181 3183
f 3187 3186 3185
f 3187 3185 3188
f 3191 3189 3190
f 3191 3192 3189

o parete_letto_master__PL_202_CASS_FONDO_SX
usemtl MULTI laminato OPACO sp.10
v -1.58960000 0.04650000 0.56120000
v -1.58960000 0.05650000 0.56120000
v -1.58960000 0.04650000 0.40020000
v -1.58960000 0.05650000 0.40020000
v -1.58960000 0.04650000 0.40020000
v -1.58960000 0.05650000 0.40020000
v -1.80360000 0.04650000 0.40020000
v -1.80360000 0.05650000 0.40020000
v -1.80360000 0.04650000 0.40020000
v -1.80360000 0.05650000 0.40020000
v -1.80360000 0.04650000 0.56120000
v -1.80360000 0.05650000 0.56120000
v -1.80360000 0.04650000 0.56120000
v -1.80360000 0.05650000 0.56120000
v -1.58960000 0.04650000 0.56120000
v -1.58960000 0.05650000 0.56120000
v -1.58960000 0.04650000 0.56120000
v -1.58960000 0.04650000 0.40020000
v -1.80360000 0.04650000 0.40020000
v -1.80360000 0.04650000 0.56120000
v -1.58960000 0.05650000 0.56120000
v -1.58960000 0.05650000 0.40020000
v -1.80360000 0.05650000 0.40020000
v -1.80360000 0.05650000 0.56120000
f 3195 3194 3193
f 3196 3194 3195
f 3200 3198 3197
f 3200 3197 3199
f 3203 3202 3201
f 3204 3202 3203
f 3208 3206 3205
f 3208 3205 3207
f 3211 3210 3209
f 3211 3209 3212
f 3215 3213 3214
f 3215 3216 3213

o parete_letto_master__PLS_176_SCHIENA
usemtl MULT.LAM.B.18mm 305x130
v -1.84360000 2.17300000 0.57570000
v -1.84360000 0.01800000 0.57570000
v -1.84360000 2.17300000 0.38570000
v -1.84360000 0.01800000 0.38570000
v -1.86160000 0.01800000 0.57570000
v -1.86160000 0.01800000 0.38570000
v -1.86160000 2.17300000 0.57570000
v -1.86160000 2.17300000 0.38570000
v -1.84360000 0.01800000 0.57570000
v -1.86160000 0.01800000 0.57570000
v -1.84360000 0.01800000 0.38570000
v -1.86160000 0.01800000 0.38570000
v -1.84360000 2.17300000 0.38570000
v -1.86160000 2.17300000 0.38570000
v -1.84360000 0.01800000 0.38570000
v -1.86160000 0.01800000 0.38570000
v -1.84360000 2.17300000 0.57570000
v -1.86160000 2.17300000 0.57570000
v -1.84360000 2.17300000 0.38570000
v -1.86160000 2.17300000 0.38570000
v -1.84360000 2.17300000 0.57570000
v -1.86160000 2.17300000 0.57570000
v -1.84360000 0.01800000 0.57570000
v -1.86160000 0.01800000 0.57570000
f 3219 3217 3218
f 3219 3218 3220
f 3224 3222 3221
f 3224 3221 3223
f 3228 3225 3226
f 3228 3227 3225
f 3231 3230 3229
f 3232 3230 3231
f 3236 3234 3233
f 3236 3233 3235
f 3239 3237 3238
f 3240 3239 3238

o parete_letto_master__PLS_174_RIPIANO
usemtl MULT.LAM.B.18mm 305x130
v -1.58160000 1.17000000 0.57520000
v -1.58160000 1.17000000 0.38620000
v -1.84360000 1.17000000 0.38620000
v -1.84360000 1.17000000 0.57520000
v -1.84360000 1.18800000 0.57520000
v -1.58160000 1.18800000 0.57520000
v -1.58160000 1.18800000 0.38620000
v -1.84360000 1.18800000 0.38620000
v -1.84360000 1.17000000 0.57520000
v -1.84360000 1.18800000 0.57520000
v -1.58160000 1.17000000 0.57520000
v -1.58160000 1.18800000 0.57520000
v -1.84360000 1.17000000 0.38620000
v -1.84360000 1.18800000 0.38620000
v -1.84360000 1.17000000 0.57520000
v -1.84360000 1.18800000 0.57520000
v -1.58160000 1.17000000 0.38620000
v -1.58160000 1.18800000 0.38620000
v -1.84360000 1.17000000 0.38620000
v -1.84360000 1.18800000 0.38620000
v -1.58160000 1.17000000 0.57520000
v -1.58160000 1.18800000 0.57520000
v -1.58160000 1.17000000 0.38620000
v -1.58160000 1.18800000 0.38620000
f 3243 3242 3241
f 3243 3241 3244
f 3248 3245 3246
f 3248 3246 3247
f 3252 3250 3249
f 3252 3249 3251
f 3256 3254 3253
f 3256 3253 3255
f 3260 3258 3257
f 3260 3257 3259
f 3264 3262 3261
f 3264 3261 3263

o parete_letto_master__PLS_174_RIPIANO_002
usemtl MULT.LAM.B.18mm 305x130
v -1.58160000 1.51250000 0.57520000
v -1.58160000 1.51250000 0.38620000
v -1.84360000 1.51250000 0.38620000
v -1.84360000 1.51250000 0.57520000
v -1.84360000 1.53050000 0.57520000
v -1.58160000 1.53050000 0.57520000
v -1.58160000 1.53050000 0.38620000
v -1.84360000 1.53050000 0.38620000
v -1.84360000 1.51250000 0.57520000
v -1.84360000 1.53050000 0.57520000
v -1.58160000 1.51250000 0.57520000
v -1.58160000 1.53050000 0.57520000
v -1.84360000 1.51250000 0.38620000
v -1.84360000 1.53050000 0.38620000
v -1.84360000 1.51250000 0.57520000
v -1.84360000 1.53050000 0.57520000
v -1.58160000 1.51250000 0.38620000
v -1.58160000 1.53050000 0.38620000
v -1.84360000 1.51250000 0.38620000
v -1.84360000 1.53050000 0.38620000
v -1.58160000 1.51250000 0.57520000
v -1.58160000 1.53050000 0.57520000
v -1.58160000 1.51250000 0.38620000
v -1.58160000 1.53050000 0.38620000
f 3267 3266 3265
f 3267 3265 3268
f 3272 3269 3270
f 3272 3270 3271
f 3276 3274 3273
f 3276 3273 3275
f 3280 3278 3277
f 3280 3277 3279
f 3284 3282 3281
f 3284 3281 3283
f 3288 3286 3285
f 3288 3285 3287

o parete_letto_master__PLS_174_RIPIANO_003
usemtl MULT.LAM.B.18mm 305x130
v -1.58160000 1.85500000 0.57520000
v -1.58160000 1.85500000 0.38620000
v -1.84360000 1.85500000 0.38620000
v -1.84360000 1.85500000 0.57520000
v -1.84360000 1.87300000 0.57520000
v -1.58160000 1.87300000 0.57520000
v -1.58160000 1.87300000 0.38620000
v -1.84360000 1.87300000 0.38620000
v -1.84360000 1.85500000 0.57520000
v -1.84360000 1.87300000 0.57520000
v -1.58160000 1.85500000 0.57520000
v -1.58160000 1.87300000 0.57520000
v -1.84360000 1.85500000 0.38620000
v -1.84360000 1.87300000 0.38620000
v -1.84360000 1.85500000 0.57520000
v -1.84360000 1.87300000 0.57520000
v -1.58160000 1.85500000 0.38620000
v -1.58160000 1.87300000 0.38620000
v -1.84360000 1.85500000 0.38620000
v -1.84360000 1.87300000 0.38620000
v -1.58160000 1.85500000 0.57520000
v -1.58160000 1.87300000 0.57520000
v -1.58160000 1.85500000 0.38620000
v -1.58160000 1.87300000 0.38620000
f 3291 3290 3289
f 3291 3289 3292
f 3296 3293 3294
f 3296 3294 3295
f 3300 3298 3297
f 3300 3297 3299
f 3304 3302 3301
f 3304 3301 3303
f 3308 3306 3305
f 3308 3305 3307
f 3312 3310 3309
f 3312 3309 3311

o parete_letto_master__PLT_192_FIANCO_SX
usemtl MULT.LAM.B.18mm 305x130
v -1.55660000 0.00000000 0.36770000
v -1.86360000 0.00000000 0.36770000
v -1.86360000 2.19100000 0.36770000
v -1.55660000 2.19100000 0.36770000
v -1.55660000 2.19100000 0.34970000
v -1.55660000 0.00000000 0.34970000
v -1.86360000 0.00000000 0.34970000
v -1.86360000 2.19100000 0.34970000
v -1.55660000 2.19100000 0.36770000
v -1.55660000 2.19100000 0.34970000
v -1.55660000 0.00000000 0.36770000
v -1.55660000 0.00000000 0.34970000
v -1.86360000 2.19100000 0.36770000
v -1.86360000 2.19100000 0.34970000
v -1.55660000 2.19100000 0.36770000
v -1.55660000 2.19100000 0.34970000
v -1.86360000 0.00000000 0.36770000
v -1.86360000 0.00000000 0.34970000
v -1.86360000 2.19100000 0.36770000
v -1.86360000 2.19100000 0.34970000
v -1.55660000 0.00000000 0.36770000
v -1.55660000 0.00000000 0.34970000
v -1.86360000 0.00000000 0.36770000
v -1.86360000 0.00000000 0.34970000
f 3316 3314 3313
f 3315 3314 3316
f 3317 3318 3319
f 3320 3317 3319
f 3324 3322 3321
f 3324 3321 3323
f 3327 3326 3325
f 3328 3326 3327
f 3332 3330 3329
f 3332 3329 3331
f 3336 3334 3333
f 3336 3333 3335

o parete_letto_master__PLT_193_FIANCO_DX
usemtl MULT.LAM.B.18mm 305x130
v -1.55660000 0.00000000 -1.36430000
v -1.86360000 0.00000000 -1.36430000
v -1.86360000 2.19100000 -1.36430000
v -1.55660000 2.19100000 -1.36430000
v -1.55660000 0.00000000 -1.36430000
v -1.55660000 0.00000000 -1.34630000
v -1.86360000 0.00000000 -1.36430000
v -1.86360000 0.00000000 -1.34630000
v -1.86360000 0.00000000 -1.36430000
v -1.86360000 0.00000000 -1.34630000
v -1.86360000 2.19100000 -1.36430000
v -1.86360000 2.19100000 -1.34630000
v -1.86360000 2.19100000 -1.36430000
v -1.86360000 2.19100000 -1.34630000
v -1.55660000 2.19100000 -1.36430000
v -1.55660000 2.19100000 -1.34630000
v -1.55660000 2.19100000 -1.36430000
v -1.55660000 2.19100000 -1.34630000
v -1.55660000 0.00000000 -1.36430000
v -1.55660000 0.00000000 -1.34630000
v -1.55660000 2.19100000 -1.34630000
v -1.55660000 0.00000000 -1.34630000
v -1.86360000 0.00000000 -1.34630000
v -1.86360000 2.19100000 -1.34630000
f 3340 3337 3338
f 3339 3340 3338
f 3344 3341 3342
f 3344 3343 3341
f 3348 3345 3346
f 3348 3347 3345
f 3352 3349 3350
f 3352 3351 3349
f 3356 3353 3354
f 3356 3355 3353
f 3357 3359 3358
f 3360 3359 3357

o parete_letto_master__PLT_194_BASE
usemtl MULT.LAM.B.18mm 305x130
v -1.55660000 0.00000000 0.34970000
v -1.55660000 0.00000000 -1.34630000
v -1.86360000 0.00000000 -1.34630000
v -1.86360000 0.00000000 0.34970000
v -1.86360000 0.01800000 0.34970000
v -1.55660000 0.01800000 0.34970000
v -1.55660000 0.01800000 -1.34630000
v -1.86360000 0.01800000 -1.34630000
v -1.86360000 0.00000000 0.34970000
v -1.86360000 0.01800000 0.34970000
v -1.55660000 0.00000000 0.34970000
v -1.55660000 0.01800000 0.34970000
v -1.86360000 0.00000000 -1.34630000
v -1.86360000 0.01800000 -1.34630000
v -1.86360000 0.00000000 0.34970000
v -1.86360000 0.01800000 0.34970000
v -1.55660000 0.00000000 -1.34630000
v -1.55660000 0.01800000 -1.34630000
v -1.86360000 0.00000000 -1.34630000
v -1.86360000 0.01800000 -1.34630000
v -1.55660000 0.00000000 0.34970000
v -1.55660000 0.01800000 0.34970000
v -1.55660000 0.00000000 -1.34630000
v -1.55660000 0.01800000 -1.34630000
f 3362 3361 3364
f 3363 3362 3364
f 3368 3365 3366
f 3368 3366 3367
f 3372 3370 3369
f 3372 3369 3371
f 3376 3374 3373
f 3376 3373 3375
f 3380 3378 3377
f 3380 3377 3379
f 3384 3382 3381
f 3384 3381 3383

o parete_letto_master__PLT_195_CIELO
usemtl MULT.LAM.B.18mm 305x130
v -1.55660000 2.17300000 0.34970000
v -1.55660000 2.17300000 -1.34630000
v -1.86360000 2.17300000 -1.34630000
v -1.86360000 2.17300000 0.34970000
v -1.86360000 2.19100000 0.34970000
v -1.55660000 2.19100000 0.34970000
v -1.55660000 2.19100000 -1.34630000
v -1.86360000 2.19100000 -1.34630000
v -1.86360000 2.17300000 0.34970000
v -1.86360000 2.19100000 0.34970000
v -1.55660000 2.17300000 0.34970000
v -1.55660000 2.19100000 0.34970000
v -1.86360000 2.17300000 -1.34630000
v -1.86360000 2.19100000 -1.34630000
v -1.86360000 2.17300000 0.34970000
v -1.86360000 2.19100000 0.34970000
v -1.55660000 2.17300000 -1.34630000
v -1.55660000 2.19100000 -1.34630000
v -1.86360000 2.17300000 -1.34630000
v -1.86360000 2.19100000 -1.34630000
v -1.55660000 2.17300000 0.34970000
v -1.55660000 2.19100000 0.34970000
v -1.55660000 2.17300000 -1.34630000
v -1.55660000 2.19100000 -1.34630000
f 3386 3385 3388
f 3387 3386 3388
f 3392 3389 3390
f 3392 3390 3391
f 3396 3394 3393
f 3396 3393 3395
f 3400 3398 3397
f 3400 3397 3399
f 3404 3402 3401
f 3404 3401 3403
f 3408 3406 3405
f 3408 3405 3407

o parete_letto_master__PLT_196_PANNELLO_TESTATA
usemtl MULT.LAM.B.18mm 305x130
v -1.55360000 2.16900000 0.34570000
v -1.55360000 0.02200000 0.34570000
v -1.55360000 2.16900000 -1.34230000
v -1.55360000 0.02200000 -1.34230000
v -1.57160000 0.02200000 0.34570000
v -1.57160000 0.02200000 -1.34230000
v -1.57160000 2.16900000 0.34570000
v -1.57160000 2.16900000 -1.34230000
v -1.55360000 0.02200000 0.34570000
v -1.57160000 0.02200000 0.34570000
v -1.55360000 0.02200000 -1.34230000
v -1.57160000 0.02200000 -1.34230000
v -1.55360000 2.16900000 -1.34230000
v -1.57160000 2.16900000 -1.34230000
v -1.55360000 0.02200000 -1.34230000
v -1.57160000 0.02200000 -1.34230000
v -1.55360000 2.16900000 0.34570000
v -1.57160000 2.16900000 0.34570000
v -1.55360000 2.16900000 -1.34230000
v -1.57160000 2.16900000 -1.34230000
v -1.55360000 2.16900000 0.34570000
v -1.57160000 2.16900000 0.34570000
v -1.55360000 0.02200000 0.34570000
v -1.57160000 0.02200000 0.34570000
f 3409 3410 3412
f 3411 3409 3412
f 3415 3414 3413
f 3416 3414 3415
f 3420 3417 3418
f 3420 3419 3417
f 3424 3422 3421
f 3424 3421 3423
f 3428 3426 3425
f 3428 3425 3427
f 3432 3429 3430
f 3432 3431 3429

o parete_letto_master__PLT_197_SCHIENA
usemtl MULT.LAM.B.18mm 305x130
v -1.84360000 2.17300000 0.34970000
v -1.84360000 0.01800000 0.34970000
v -1.84360000 2.17300000 -1.34630000
v -1.84360000 0.01800000 -1.34630000
v -1.86160000 0.01800000 0.34970000
v -1.86160000 0.01800000 -1.34630000
v -1.86160000 2.17300000 0.34970000
v -1.86160000 2.17300000 -1.34630000
v -1.84360000 0.01800000 0.34970000
v -1.86160000 0.01800000 0.34970000
v -1.84360000 0.01800000 -1.34630000
v -1.86160000 0.01800000 -1.34630000
v -1.84360000 2.17300000 -1.34630000
v -1.86160000 2.17300000 -1.34630000
v -1.84360000 0.01800000 -1.34630000
v -1.86160000 0.01800000 -1.34630000
v -1.84360000 2.17300000 0.34970000
v -1.86160000 2.17300000 0.34970000
v -1.84360000 2.17300000 -1.34630000
v -1.86160000 2.17300000 -1.34630000
v -1.84360000 2.17300000 0.34970000
v -1.86160000 2.17300000 0.34970000
v -1.84360000 0.01800000 0.34970000
v -1.86160000 0.01800000 0.34970000
f 3435 3433 3434
f 3435 3434 3436
f 3440 3438 3437
f 3440 3437 3439
f 3444 3441 3442
f 3444 3443 3441
f 3447 3446 3445
f 3448 3446 3447
f 3452 3450 3449
f 3452 3449 3451
f 3455 3453 3454
f 3456 3455 3454

o parete_letto_master__PLD_181_FIANCO_SX
usemtl MULT.LAM.B.18mm 305x130
v -1.55660000 0.00000000 -1.36430000
v -1.86360000 0.00000000 -1.36430000
v -1.86360000 2.19100000 -1.36430000
v -1.55660000 2.19100000 -1.36430000
v -1.55660000 2.19100000 -1.38230000
v -1.55660000 0.00000000 -1.38230000
v -1.86360000 0.00000000 -1.38230000
v -1.86360000 2.19100000 -1.38230000
v -1.55660000 2.19100000 -1.36430000
v -1.55660000 2.19100000 -1.38230000
v -1.55660000 0.00000000 -1.36430000
v -1.55660000 0.00000000 -1.38230000
v -1.86360000 2.19100000 -1.36430000
v -1.86360000 2.19100000 -1.38230000
v -1.55660000 2.19100000 -1.36430000
v -1.55660000 2.19100000 -1.38230000
v -1.86360000 0.00000000 -1.36430000
v -1.86360000 0.00000000 -1.38230000
v -1.86360000 2.19100000 -1.36430000
v -1.86360000 2.19100000 -1.38230000
v -1.55660000 0.00000000 -1.36430000
v -1.55660000 0.00000000 -1.38230000
v -1.86360000 0.00000000 -1.36430000
v -1.86360000 0.00000000 -1.38230000
f 3459 3458 3457
f 3459 3457 3460
f 3461 3462 3463
f 3464 3461 3463
f 3468 3466 3465
f 3468 3465 3467
f 3471 3470 3469
f 3472 3470 3471
f 3476 3474 3473
f 3476 3473 3475
f 3480 3478 3477
f 3480 3477 3479

o parete_letto_master__PLD_182_FIANCO_DX
usemtl MULT.LAM.B.18mm 305x130
v -1.55660000 0.00000000 -1.75030000
v -1.86360000 0.00000000 -1.75030000
v -1.86360000 2.19100000 -1.75030000
v -1.55660000 2.19100000 -1.75030000
v -1.55660000 0.00000000 -1.75030000
v -1.55660000 0.00000000 -1.73230000
v -1.86360000 0.00000000 -1.75030000
v -1.86360000 0.00000000 -1.73230000
v -1.86360000 0.00000000 -1.75030000
v -1.86360000 0.00000000 -1.73230000
v -1.86360000 2.19100000 -1.75030000
v -1.86360000 2.19100000 -1.73230000
v -1.86360000 2.19100000 -1.75030000
v -1.86360000 2.19100000 -1.73230000
v -1.55660000 2.19100000 -1.75030000
v -1.55660000 2.19100000 -1.73230000
v -1.55660000 2.19100000 -1.75030000
v -1.55660000 2.19100000 -1.73230000
v -1.55660000 0.00000000 -1.75030000
v -1.55660000 0.00000000 -1.73230000
v -1.55660000 2.19100000 -1.73230000
v -1.55660000 0.00000000 -1.73230000
v -1.86360000 0.00000000 -1.73230000
v -1.86360000 2.19100000 -1.73230000
f 3484 3481 3482
f 3483 3484 3482
f 3488 3485 3486
f 3488 3487 3485
f 3492 3489 3490
f 3492 3491 3489
f 3495 3493 3494
f 3496 3495 3494
f 3500 3497 3498
f 3500 3499 3497
f 3501 3503 3502
f 3504 3503 3501

o parete_letto_master__PLD_183_BASE
usemtl MULT.LAM.B.18mm 305x130
v -1.57160000 0.00000000 -1.38230000
v -1.57160000 0.00000000 -1.73230000
v -1.84360000 0.00000000 -1.73230000
v -1.84360000 0.00000000 -1.38230000
v -1.84360000 0.01800000 -1.38230000
v -1.57160000 0.01800000 -1.38230000
v -1.57160000 0.01800000 -1.73230000
v -1.84360000 0.01800000 -1.73230000
v -1.84360000 0.00000000 -1.38230000
v -1.84360000 0.01800000 -1.38230000
v -1.57160000 0.00000000 -1.38230000
v -1.57160000 0.01800000 -1.38230000
v -1.84360000 0.00000000 -1.73230000
v -1.84360000 0.01800000 -1.73230000
v -1.84360000 0.00000000 -1.38230000
v -1.84360000 0.01800000 -1.38230000
v -1.57160000 0.00000000 -1.73230000
v -1.57160000 0.01800000 -1.73230000
v -1.84360000 0.00000000 -1.73230000
v -1.84360000 0.01800000 -1.73230000
v -1.57160000 0.00000000 -1.38230000
v -1.57160000 0.01800000 -1.38230000
v -1.57160000 0.00000000 -1.73230000
v -1.57160000 0.01800000 -1.73230000
f 3507 3506 3505
f 3507 3505 3508
f 3512 3509 3510
f 3512 3510 3511
f 3516 3514 3513
f 3516 3513 3515
f 3520 3518 3517
f 3520 3517 3519
f 3524 3522 3521
f 3524 3521 3523
f 3528 3526 3525
f 3528 3525 3527

o parete_letto_master__PLD_184_RIPIANO_CASSETTO
usemtl MULT.LAM.B.18mm 305x130
v -1.57160000 0.18900000 -1.38230000
v -1.57160000 0.18900000 -1.73230000
v -1.84360000 0.18900000 -1.73230000
v -1.84360000 0.18900000 -1.38230000
v -1.84360000 0.20700000 -1.38230000
v -1.57160000 0.20700000 -1.38230000
v -1.57160000 0.20700000 -1.73230000
v -1.84360000 0.20700000 -1.73230000
v -1.84360000 0.18900000 -1.38230000
v -1.84360000 0.20700000 -1.38230000
v -1.57160000 0.18900000 -1.38230000
v -1.57160000 0.20700000 -1.38230000
v -1.84360000 0.18900000 -1.73230000
v -1.84360000 0.20700000 -1.73230000
v -1.84360000 0.18900000 -1.38230000
v -1.84360000 0.20700000 -1.38230000
v -1.57160000 0.18900000 -1.73230000
v -1.57160000 0.20700000 -1.73230000
v -1.84360000 0.18900000 -1.73230000
v -1.84360000 0.20700000 -1.73230000
v -1.57160000 0.18900000 -1.38230000
v -1.57160000 0.20700000 -1.38230000
v -1.57160000 0.18900000 -1.73230000
v -1.57160000 0.20700000 -1.73230000
f 3531 3530 3529
f 3531 3529 3532
f 3536 3533 3534
f 3536 3534 3535
f 3540 3538 3537
f 3540 3537 3539
f 3544 3542 3541
f 3544 3541 3543
f 3548 3546 3545
f 3548 3545 3547
f 3552 3550 3549
f 3552 3549 3551

o parete_letto_master__PLD_185_MENSOLA
usemtl MULT. PP/PLAC.SP30 CERA
v -1.57160000 0.51200000 -1.38230000
v -1.57160000 0.51200000 -1.73230000
v -1.84360000 0.51200000 -1.73230000
v -1.84360000 0.51200000 -1.38230000
v -1.84360000 0.54200000 -1.38230000
v -1.57160000 0.54200000 -1.38230000
v -1.57160000 0.54200000 -1.73230000
v -1.84360000 0.54200000 -1.73230000
v -1.84360000 0.51200000 -1.38230000
v -1.84360000 0.54200000 -1.38230000
v -1.57160000 0.51200000 -1.38230000
v -1.57160000 0.54200000 -1.38230000
v -1.84360000 0.51200000 -1.73230000
v -1.84360000 0.54200000 -1.73230000
v -1.84360000 0.51200000 -1.38230000
v -1.84360000 0.54200000 -1.38230000
v -1.57160000 0.51200000 -1.73230000
v -1.57160000 0.54200000 -1.73230000
v -1.84360000 0.51200000 -1.73230000
v -1.84360000 0.54200000 -1.73230000
v -1.57160000 0.51200000 -1.38230000
v -1.57160000 0.54200000 -1.38230000
v -1.57160000 0.51200000 -1.73230000
v -1.57160000 0.54200000 -1.73230000
f 3555 3554 3553
f 3555 3553 3556
f 3560 3557 3558
f 3560 3558 3559
f 3564 3562 3561
f 3564 3561 3563
f 3567 3566 3565
f 3568 3566 3567
f 3572 3570 3569
f 3572 3569 3571
f 3575 3574 3573
f 3576 3574 3575

o parete_letto_master__PLD_186_RIPIANO_LED
usemtl MULT.LAM.B.18mm 305x130
v -1.57160000 0.85200000 -1.38230000
v -1.57160000 0.85200000 -1.73230000
v -1.84360000 0.85200000 -1.73230000
v -1.84360000 0.85200000 -1.38230000
v -1.84360000 0.87000000 -1.38230000
v -1.57160000 0.87000000 -1.38230000
v -1.57160000 0.87000000 -1.73230000
v -1.84360000 0.87000000 -1.73230000
v -1.84360000 0.85200000 -1.38230000
v -1.84360000 0.87000000 -1.38230000
v -1.57160000 0.85200000 -1.38230000
v -1.57160000 0.87000000 -1.38230000
v -1.84360000 0.85200000 -1.73230000
v -1.84360000 0.87000000 -1.73230000
v -1.84360000 0.85200000 -1.38230000
v -1.84360000 0.87000000 -1.38230000
v -1.57160000 0.85200000 -1.73230000
v -1.57160000 0.87000000 -1.73230000
v -1.84360000 0.85200000 -1.73230000
v -1.84360000 0.87000000 -1.73230000
v -1.57160000 0.85200000 -1.38230000
v -1.57160000 0.87000000 -1.38230000
v -1.57160000 0.85200000 -1.73230000
v -1.57160000 0.87000000 -1.73230000
f 3579 3578 3577
f 3579 3577 3580
f 3584 3581 3582
f 3584 3582 3583
f 3588 3586 3585
f 3588 3585 3587
f 3592 3590 3589
f 3592 3589 3591
f 3596 3594 3593
f 3596 3593 3595
f 3600 3598 3597
f 3600 3597 3599

o parete_letto_master__PLD_188_CIELO
usemtl MULT.LAM.B.18mm 305x130
v -1.55660000 2.17300000 -1.38230000
v -1.55660000 2.17300000 -1.73230000
v -1.86360000 2.17300000 -1.73230000
v -1.86360000 2.17300000 -1.38230000
v -1.86360000 2.19100000 -1.38230000
v -1.55660000 2.19100000 -1.38230000
v -1.55660000 2.19100000 -1.73230000
v -1.86360000 2.19100000 -1.73230000
v -1.86360000 2.17300000 -1.38230000
v -1.86360000 2.19100000 -1.38230000
v -1.55660000 2.17300000 -1.38230000
v -1.55660000 2.19100000 -1.38230000
v -1.86360000 2.17300000 -1.73230000
v -1.86360000 2.19100000 -1.73230000
v -1.86360000 2.17300000 -1.38230000
v -1.86360000 2.19100000 -1.38230000
v -1.55660000 2.17300000 -1.73230000
v -1.55660000 2.19100000 -1.73230000
v -1.86360000 2.17300000 -1.73230000
v -1.86360000 2.19100000 -1.73230000
v -1.55660000 2.17300000 -1.38230000
v -1.55660000 2.19100000 -1.38230000
v -1.55660000 2.17300000 -1.73230000
v -1.55660000 2.19100000 -1.73230000
f 3603 3602 3601
f 3603 3601 3604
f 3608 3605 3606
f 3608 3606 3607
f 3612 3610 3609
f 3612 3609 3611
f 3616 3614 3613
f 3616 3613 3615
f 3620 3618 3617
f 3620 3617 3619
f 3624 3622 3621
f 3624 3621 3623

o parete_letto_master__PLD_191_ANTA
usemtl MULT.LAM.B.18mm 305x130
v -1.55360000 2.17000000 -1.38530000
v -1.55360000 0.84700000 -1.38530000
v -1.55360000 2.17000000 -1.72930000
v -1.55360000 0.84700000 -1.72930000
v -1.57160000 0.84700000 -1.38530000
v -1.57160000 0.84700000 -1.72930000
v -1.57160000 2.17000000 -1.38530000
v -1.57160000 2.17000000 -1.72930000
v -1.55360000 0.84700000 -1.38530000
v -1.57160000 0.84700000 -1.38530000
v -1.55360000 0.84700000 -1.72930000
v -1.57160000 0.84700000 -1.72930000
v -1.55360000 2.17000000 -1.72930000
v -1.57160000 2.17000000 -1.72930000
v -1.55360000 0.84700000 -1.72930000
v -1.57160000 0.84700000 -1.72930000
v -1.55360000 2.17000000 -1.38530000
v -1.57160000 2.17000000 -1.38530000
v -1.55360000 2.17000000 -1.72930000
v -1.57160000 2.17000000 -1.72930000
v -1.55360000 2.17000000 -1.38530000
v -1.57160000 2.17000000 -1.38530000
v -1.55360000 0.84700000 -1.38530000
v -1.57160000 0.84700000 -1.38530000
f 3627 3625 3626
f 3627 3626 3628
f 3632 3630 3629
f 3632 3629 3631
f 3635 3633 3634
f 3636 3635 3634
f 3640 3638 3637
f 3640 3637 3639
f 3643 3642 3641
f 3644 3642 3643
f 3648 3645 3646
f 3648 3647 3645

o parete_letto_master__PLD_190_FRONTALE_CASSETTO
usemtl MULT.LAM.B.18mm 305x130
v -1.55360000 0.21200000 -1.38530000
v -1.55360000 0.00000000 -1.38530000
v -1.55360000 0.21200000 -1.72930000
v -1.55360000 0.00000000 -1.72930000
v -1.57160000 0.00000000 -1.38530000
v -1.57160000 0.00000000 -1.72930000
v -1.57160000 0.21200000 -1.38530000
v -1.57160000 0.21200000 -1.72930000
v -1.55360000 0.00000000 -1.38530000
v -1.57160000 0.00000000 -1.38530000
v -1.55360000 0.00000000 -1.72930000
v -1.57160000 0.00000000 -1.72930000
v -1.55360000 0.21200000 -1.72930000
v -1.57160000 0.21200000 -1.72930000
v -1.55360000 0.00000000 -1.72930000
v -1.57160000 0.00000000 -1.72930000
v -1.55360000 0.21200000 -1.38530000
v -1.57160000 0.21200000 -1.38530000
v -1.55360000 0.21200000 -1.72930000
v -1.57160000 0.21200000 -1.72930000
v -1.55360000 0.21200000 -1.38530000
v -1.57160000 0.21200000 -1.38530000
v -1.55360000 0.00000000 -1.38530000
v -1.57160000 0.00000000 -1.38530000
f 3651 3649 3650
f 3651 3650 3652
f 3656 3654 3653
f 3656 3653 3655
f 3659 3657 3658
f 3660 3659 3658
f 3664 3662 3661
f 3664 3661 3663
f 3667 3666 3665
f 3668 3666 3667
f 3672 3669 3670
f 3672 3671 3669

o parete_letto_master__PL_199_CASS_SPONDA_SX_002
usemtl MULT.LAM.B.18mm 305x130
v -1.82160000 0.18350000 -1.38530000
v -1.82160000 0.03350000 -1.38530000
v -1.57160000 0.18350000 -1.38530000
v -1.57160000 0.03350000 -1.38530000
v -1.82160000 0.18350000 -1.40330000
v -1.82160000 0.18350000 -1.38530000
v -1.57160000 0.18350000 -1.40330000
v -1.57160000 0.18350000 -1.38530000
v -1.82160000 0.05700000 -1.40330000
v -1.82160000 0.18350000 -1.40330000
v -1.57160000 0.05700000 -1.40330000
v -1.57160000 0.18350000 -1.40330000
v -1.82160000 0.05700000 -1.39630000
v -1.82160000 0.05700000 -1.40330000
v -1.57160000 0.05700000 -1.39630000
v -1.57160000 0.05700000 -1.40330000
v -1.82160000 0.04650000 -1.39630000
v -1.82160000 0.05700000 -1.39630000
v -1.57160000 0.04650000 -1.39630000
v -1.57160000 0.05700000 -1.39630000
v -1.82160000 0.04650000 -1.40330000
v -1.82160000 0.04650000 -1.39630000
v -1.57160000 0.04650000 -1.40330000
v -1.57160000 0.04650000 -1.39630000
v -1.82160000 0.03350000 -1.40330000
v -1.82160000 0.04650000 -1.40330000
v -1.57160000 0.03350000 -1.40330000
v -1.57160000 0.04650000 -1.40330000
v -1.82160000 0.03350000 -1.38530000
v -1.82160000 0.03350000 -1.40330000
v -1.57160000 0.03350000 -1.38530000
v -1.57160000 0.03350000 -1.40330000
v -1.57160000 0.18350000 -1.38530000
v -1.57160000 0.03350000 -1.38530000
v -1.57160000 0.18350000 -1.40330000
v -1.57160000 0.05700000 -1.40330000
v -1.57160000 0.05700000 -1.39630000
v -1.57160000 0.04650000 -1.39630000
v -1.57160000 0.04650000 -1.40330000
v -1.57160000 0.03350000 -1.40330000
v -1.82160000 0.18350000 -1.38530000
v -1.82160000 0.03350000 -1.38530000
v -1.82160000 0.18350000 -1.40330000
v -1.82160000 0.05700000 -1.40330000
v -1.82160000 0.05700000 -1.39630000
v -1.82160000 0.04650000 -1.39630000
v -1.82160000 0.04650000 -1.40330000
v -1.82160000 0.03350000 -1.40330000
f 3673 3676 3675
f 3674 3676 3673
f 3677 3680 3679
f 3678 3680 3677
f 3681 3684 3683
f 3682 3684 3681
f 3685 3688 3687
f 3686 3688 3685
f 3689 3692 3691
f 3690 3692 3689
f 3693 3696 3695
f 3694 3696 3693
f 3697 3700 3699
f 3698 3700 3697
f 3701 3704 3703
f 3702 3704 3701
f 3710 3706 3712
f 3711 3710 3712
f 3709 3706 3710
f 3705 3706 3709
f 3707 3709 3708
f 3707 3705 3709
f 3718 3720 3714
f 3719 3720 3718
f 3717 3718 3714
f 3713 3717 3714
f 3715 3716 3717
f 3715 3717 3713

o parete_letto_master__PL_198_CASS_SPONDA_DX_002
usemtl MULT.LAM.B.18mm 305x130
v -1.82160000 0.04650000 -1.71130000
v -1.82160000 0.03350000 -1.71130000
v -1.57160000 0.04650000 -1.71130000
v -1.57160000 0.03350000 -1.71130000
v -1.82160000 0.04650000 -1.71830000
v -1.82160000 0.04650000 -1.71130000
v -1.57160000 0.04650000 -1.71830000
v -1.57160000 0.04650000 -1.71130000
v -1.82160000 0.05700000 -1.71830000
v -1.82160000 0.04650000 -1.71830000
v -1.57160000 0.05700000 -1.71830000
v -1.57160000 0.04650000 -1.71830000
v -1.82160000 0.05700000 -1.71130000
v -1.82160000 0.05700000 -1.71830000
v -1.57160000 0.05700000 -1.71130000
v -1.57160000 0.05700000 -1.71830000
v -1.82160000 0.18350000 -1.71130000
v -1.82160000 0.05700000 -1.71130000
v -1.57160000 0.18350000 -1.71130000
v -1.57160000 0.05700000 -1.71130000
v -1.82160000 0.18350000 -1.72930000
v -1.82160000 0.18350000 -1.71130000
v -1.57160000 0.18350000 -1.72930000
v -1.57160000 0.18350000 -1.71130000
v -1.82160000 0.03350000 -1.72930000
v -1.82160000 0.18350000 -1.72930000
v -1.57160000 0.03350000 -1.72930000
v -1.57160000 0.18350000 -1.72930000
v -1.82160000 0.03350000 -1.71130000
v -1.82160000 0.03350000 -1.72930000
v -1.57160000 0.03350000 -1.71130000
v -1.57160000 0.03350000 -1.72930000
v -1.57160000 0.04650000 -1.71130000
v -1.57160000 0.03350000 -1.71130000
v -1.57160000 0.04650000 -1.71830000
v -1.57160000 0.05700000 -1.71830000
v -1.57160000 0.05700000 -1.71130000
v -1.57160000 0.18350000 -1.71130000
v -1.57160000 0.18350000 -1.72930000
v -1.57160000 0.03350000 -1.72930000
v -1.82160000 0.04650000 -1.71130000
v -1.82160000 0.03350000 -1.71130000
v -1.82160000 0.04650000 -1.71830000
v -1.82160000 0.05700000 -1.71830000
v -1.82160000 0.05700000 -1.71130000
v -1.82160000 0.18350000 -1.71130000
v -1.82160000 0.18350000 -1.72930000
v -1.82160000 0.03350000 -1.72930000
f 3722 3723 3721
f 3722 3724 3723
f 3726 3727 3725
f 3726 3728 3727
f 3730 3731 3729
f 3730 3732 3731
f 3734 3735 3733
f 3734 3736 3735
f 3738 3739 3737
f 3738 3740 3739
f 3742 3743 3741
f 3742 3744 3743
f 3745 3748 3747
f 3746 3748 3745
f 3750 3751 3749
f 3750 3752 3751
f 3755 3753 3754
f 3755 3754 3760
f 3756 3755 3760
f 3758 3757 3756
f 3759 3758 3756
f 3759 3756 3760
f 3763 3762 3761
f 3763 3768 3762
f 3764 3768 3763
f 3766 3764 3765
f 3767 3764 3766
f 3767 3768 3764

o parete_letto_master__PL_203_CASS_FRONT_RETRO_DX
usemtl MULT.LAM.B.18mm 305x130
v -1.57160000 0.05700000 -1.40330000
v -1.57160000 0.14300000 -1.40330000
v -1.57160000 0.05700000 -1.71130000
v -1.57160000 0.14300000 -1.71130000
v -1.57160000 0.05700000 -1.71130000
v -1.57160000 0.14300000 -1.71130000
v -1.58960000 0.05700000 -1.71130000
v -1.58960000 0.14300000 -1.71130000
v -1.58960000 0.05700000 -1.71130000
v -1.58960000 0.14300000 -1.71130000
v -1.58960000 0.05700000 -1.40330000
v -1.58960000 0.14300000 -1.40330000
v -1.58960000 0.05700000 -1.40330000
v -1.58960000 0.14300000 -1.40330000
v -1.57160000 0.05700000 -1.40330000
v -1.57160000 0.14300000 -1.40330000
v -1.57160000 0.05700000 -1.40330000
v -1.57160000 0.05700000 -1.71130000
v -1.58960000 0.05700000 -1.71130000
v -1.58960000 0.05700000 -1.40330000
v -1.57160000 0.14300000 -1.40330000
v -1.57160000 0.14300000 -1.71130000
v -1.58960000 0.14300000 -1.71130000
v -1.58960000 0.14300000 -1.40330000
f 3772 3770 3769
f 3772 3769 3771
f 3776 3774 3773
f 3776 3773 3775
f 3780 3778 3777
f 3780 3777 3779
f 3784 3782 3781
f 3784 3781 3783
f 3787 3786 3785
f 3787 3785 3788
f 3791 3789 3790
f 3791 3792 3789

o parete_letto_master__PL_203_CASS_FRONT_RETRO_DX_002
usemtl MULT.LAM.B.18mm 305x130
v -1.80360000 0.05700000 -1.40330000
v -1.80360000 0.14300000 -1.40330000
v -1.80360000 0.05700000 -1.71130000
v -1.80360000 0.14300000 -1.71130000
v -1.80360000 0.05700000 -1.71130000
v -1.80360000 0.14300000 -1.71130000
v -1.82160000 0.05700000 -1.71130000
v -1.82160000 0.14300000 -1.71130000
v -1.82160000 0.05700000 -1.71130000
v -1.82160000 0.14300000 -1.71130000
v -1.82160000 0.05700000 -1.40330000
v -1.82160000 0.14300000 -1.40330000
v -1.82160000 0.05700000 -1.40330000
v -1.82160000 0.14300000 -1.40330000
v -1.80360000 0.05700000 -1.40330000
v -1.80360000 0.14300000 -1.40330000
v -1.80360000 0.05700000 -1.40330000
v -1.80360000 0.05700000 -1.71130000
v -1.82160000 0.05700000 -1.71130000
v -1.82160000 0.05700000 -1.40330000
v -1.80360000 0.14300000 -1.40330000
v -1.80360000 0.14300000 -1.71130000
v -1.82160000 0.14300000 -1.71130000
v -1.82160000 0.14300000 -1.40330000
f 3796 3794 3793
f 3796 3793 3795
f 3800 3798 3797
f 3800 3797 3799
f 3804 3802 3801
f 3804 3801 3803
f 3808 3806 3805
f 3808 3805 3807
f 3811 3810 3809
f 3811 3809 3812
f 3815 3813 3814
f 3815 3816 3813

o parete_letto_master__PL_205_CASS_FONDO_DX
usemtl MULTI laminato OPACO sp.10
v -1.58960000 0.04650000 -1.39680000
v -1.58960000 0.05650000 -1.39680000
v -1.58960000 0.04650000 -1.71780000
v -1.58960000 0.05650000 -1.71780000
v -1.58960000 0.04650000 -1.71780000
v -1.58960000 0.05650000 -1.71780000
v -1.80360000 0.04650000 -1.71780000
v -1.80360000 0.05650000 -1.71780000
v -1.80360000 0.04650000 -1.71780000
v -1.80360000 0.05650000 -1.71780000
v -1.80360000 0.04650000 -1.39680000
v -1.80360000 0.05650000 -1.39680000
v -1.80360000 0.04650000 -1.39680000
v -1.80360000 0.05650000 -1.39680000
v -1.58960000 0.04650000 -1.39680000
v -1.58960000 0.05650000 -1.39680000
v -1.58960000 0.04650000 -1.39680000
v -1.58960000 0.04650000 -1.71780000
v -1.80360000 0.04650000 -1.71780000
v -1.80360000 0.04650000 -1.39680000
v -1.58960000 0.05650000 -1.39680000
v -1.58960000 0.05650000 -1.71780000
v -1.80360000 0.05650000 -1.71780000
v -1.80360000 0.05650000 -1.39680000
f 3820 3818 3817
f 3820 3817 3819
f 3824 3822 3821
f 3824 3821 3823
f 3828 3826 3825
f 3828 3825 3827
f 3832 3830 3829
f 3832 3829 3831
f 3835 3834 3833
f 3835 3833 3836
f 3839 3837 3838
f 3839 3840 3837

o parete_letto_master__PLD_189_SCHIENA
usemtl MULT.LAM.B.18mm 305x130
v -1.84360000 2.17300000 -1.38230000
v -1.84360000 0.01800000 -1.38230000
v -1.84360000 2.17300000 -1.73230000
v -1.84360000 0.01800000 -1.73230000
v -1.86160000 0.01800000 -1.38230000
v -1.86160000 0.01800000 -1.73230000
v -1.86160000 2.17300000 -1.38230000
v -1.86160000 2.17300000 -1.73230000
v -1.84360000 0.01800000 -1.38230000
v -1.86160000 0.01800000 -1.38230000
v -1.84360000 0.01800000 -1.73230000
v -1.86160000 0.01800000 -1.73230000
v -1.84360000 2.17300000 -1.73230000
v -1.86160000 2.17300000 -1.73230000
v -1.84360000 0.01800000 -1.73230000
v -1.86160000 0.01800000 -1.73230000
v -1.84360000 2.17300000 -1.38230000
v -1.86160000 2.17300000 -1.38230000
v -1.84360000 2.17300000 -1.73230000
v -1.86160000 2.17300000 -1.73230000
v -1.84360000 2.17300000 -1.38230000
v -1.86160000 2.17300000 -1.38230000
v -1.84360000 0.01800000 -1.38230000
v -1.86160000 0.01800000 -1.38230000
f 3841 3842 3844
f 3843 3841 3844
f 3847 3846 3845
f 3848 3846 3847
f 3852 3849 3850
f 3852 3851 3849
f 3855 3854 3853
f 3856 3854 3855
f 3860 3858 3857
f 3860 3857 3859
f 3863 3861 3862
f 3864 3863 3862

o parete_letto_master__PLD_187_RIPIANO
usemtl MULT.LAM.B.18mm 305x130
v -1.58160000 1.17000000 -1.38280000
v -1.58160000 1.17000000 -1.73180000
v -1.84360000 1.17000000 -1.73180000
v -1.84360000 1.17000000 -1.38280000
v -1.84360000 1.18800000 -1.38280000
v -1.58160000 1.18800000 -1.38280000
v -1.58160000 1.18800000 -1.73180000
v -1.84360000 1.18800000 -1.73180000
v -1.84360000 1.17000000 -1.38280000
v -1.84360000 1.18800000 -1.38280000
v -1.58160000 1.17000000 -1.38280000
v -1.58160000 1.18800000 -1.38280000
v -1.84360000 1.17000000 -1.73180000
v -1.84360000 1.18800000 -1.73180000
v -1.84360000 1.17000000 -1.38280000
v -1.84360000 1.18800000 -1.38280000
v -1.58160000 1.17000000 -1.73180000
v -1.58160000 1.18800000 -1.73180000
v -1.84360000 1.17000000 -1.73180000
v -1.84360000 1.18800000 -1.73180000
v -1.58160000 1.17000000 -1.38280000
v -1.58160000 1.18800000 -1.38280000
v -1.58160000 1.17000000 -1.73180000
v -1.58160000 1.18800000 -1.73180000
f 3867 3866 3865
f 3867 3865 3868
f 3872 3869 3870
f 3872 3870 3871
f 3876 3874 3873
f 3876 3873 3875
f 3880 3878 3877
f 3880 3877 3879
f 3883 3882 3881
f 3884 3882 3883
f 3888 3886 3885
f 3888 3885 3887

o parete_letto_master__PLD_187_RIPIANO_002
usemtl MULT.LAM.B.18mm 305x130
v -1.58160000 1.51250000 -1.38280000
v -1.58160000 1.51250000 -1.73180000
v -1.84360000 1.51250000 -1.73180000
v -1.84360000 1.51250000 -1.38280000
v -1.84360000 1.53050000 -1.38280000
v -1.58160000 1.53050000 -1.38280000
v -1.58160000 1.53050000 -1.73180000
v -1.84360000 1.53050000 -1.73180000
v -1.84360000 1.51250000 -1.38280000
v -1.84360000 1.53050000 -1.38280000
v -1.58160000 1.51250000 -1.38280000
v -1.58160000 1.53050000 -1.38280000
v -1.84360000 1.51250000 -1.73180000
v -1.84360000 1.53050000 -1.73180000
v -1.84360000 1.51250000 -1.38280000
v -1.84360000 1.53050000 -1.38280000
v -1.58160000 1.51250000 -1.73180000
v -1.58160000 1.53050000 -1.73180000
v -1.84360000 1.51250000 -1.73180000
v -1.84360000 1.53050000 -1.73180000
v -1.58160000 1.51250000 -1.38280000
v -1.58160000 1.53050000 -1.38280000
v -1.58160000 1.51250000 -1.73180000
v -1.58160000 1.53050000 -1.73180000
f 3891 3890 3889
f 3891 3889 3892
f 3896 3893 3894
f 3896 3894 3895
f 3900 3898 3897
f 3900 3897 3899
f 3904 3902 3901
f 3904 3901 3903
f 3907 3906 3905
f 3908 3906 3907
f 3912 3910 3909
f 3912 3909 3911

o parete_letto_master__PLD_187_RIPIANO_003
usemtl MULT.LAM.B.18mm 305x130
v -1.58160000 1.85500000 -1.38280000
v -1.58160000 1.85500000 -1.73180000
v -1.84360000 1.85500000 -1.73180000
v -1.84360000 1.85500000 -1.38280000
v -1.84360000 1.87300000 -1.38280000
v -1.58160000 1.87300000 -1.38280000
v -1.58160000 1.87300000 -1.73180000
v -1.84360000 1.87300000 -1.73180000
v -1.84360000 1.85500000 -1.38280000
v -1.84360000 1.87300000 -1.38280000
v -1.58160000 1.85500000 -1.38280000
v -1.58160000 1.87300000 -1.38280000
v -1.84360000 1.85500000 -1.73180000
v -1.84360000 1.87300000 -1.73180000
v -1.84360000 1.85500000 -1.38280000
v -1.84360000 1.87300000 -1.38280000
v -1.58160000 1.85500000 -1.73180000
v -1.58160000 1.87300000 -1.73180000
v -1.84360000 1.85500000 -1.73180000
v -1.84360000 1.87300000 -1.73180000
v -1.58160000 1.85500000 -1.38280000
v -1.58160000 1.87300000 -1.38280000
v -1.58160000 1.85500000 -1.73180000
v -1.58160000 1.87300000 -1.73180000
f 3915 3914 3913
f 3915 3913 3916
f 3920 3917 3918
f 3920 3918 3919
f 3924 3922 3921
f 3924 3921 3923
f 3928 3926 3925
f 3928 3925 3927
f 3931 3930 3929
f 3932 3930 3931
f 3936 3934 3933
f 3936 3933 3935

o parete_letto_master__PL_207_CORNICE_VERT_30
usemtl MASSELLO verniciato BVN
v -1.54860000 -0.00550000 0.60570000
v -1.54860000 2.20900000 0.60570000
v -1.54860000 -0.00550000 0.57570000
v -1.54860000 2.20900000 0.57570000
v -1.54860000 -0.00550000 0.57570000
v -1.54860000 2.20900000 0.57570000
v -1.55660000 -0.00550000 0.57570000
v -1.55660000 2.20900000 0.57570000
v -1.55660000 -0.00550000 0.57570000
v -1.55660000 2.20900000 0.57570000
v -1.55660000 -0.00550000 0.60570000
v -1.55660000 2.20900000 0.60570000
v -1.55660000 -0.00550000 0.60570000
v -1.55660000 2.20900000 0.60570000
v -1.54860000 -0.00550000 0.60570000
v -1.54860000 2.20900000 0.60570000
v -1.54860000 -0.00550000 0.60570000
v -1.54860000 -0.00550000 0.57570000
v -1.55660000 -0.00550000 0.57570000
v -1.55660000 -0.00550000 0.60570000
v -1.54860000 2.20900000 0.60570000
v -1.54860000 2.20900000 0.57570000
v -1.55660000 2.20900000 0.57570000
v -1.55660000 2.20900000 0.60570000
f 3940 3938 3937
f 3940 3937 3939
f 3944 3942 3941
f 3944 3941 3943
f 3948 3946 3945
f 3948 3945 3947
f 3952 3950 3949
f 3952 3949 3951
f 3955 3954 3953
f 3955 3953 3956
f 3959 3957 3958
f 3959 3960 3957

o parete_letto_master__PL_206_CORNICE_VERT_36
usemtl MASSELLO verniciato BVN
v -1.54860000 -0.00550000 0.38570000
v -1.54860000 2.20900000 0.38570000
v -1.54860000 -0.00550000 0.34970000
v -1.54860000 2.20900000 0.34970000
v -1.54860000 -0.00550000 0.34970000
v -1.54860000 2.20900000 0.34970000
v -1.55660000 -0.00550000 0.34970000
v -1.55660000 2.20900000 0.34970000
v -1.55660000 -0.00550000 0.34970000
v -1.55660000 2.20900000 0.34970000
v -1.55660000 -0.00550000 0.38570000
v -1.55660000 2.20900000 0.38570000
v -1.55660000 -0.00550000 0.38570000
v -1.55660000 2.20900000 0.38570000
v -1.54860000 -0.00550000 0.38570000
v -1.54860000 2.20900000 0.38570000
v -1.54860000 -0.00550000 0.38570000
v -1.54860000 -0.00550000 0.34970000
v -1.55660000 -0.00550000 0.34970000
v -1.55660000 -0.00550000 0.38570000
v -1.54860000 2.20900000 0.38570000
v -1.54860000 2.20900000 0.34970000
v -1.55660000 2.20900000 0.34970000
v -1.55660000 2.20900000 0.38570000
f 3962 3961 3963
f 3964 3962 3963
f 3968 3966 3965
f 3968 3965 3967
f 3970 3969 3971
f 3972 3970 3971
f 3976 3974 3973
f 3976 3973 3975
f 3979 3978 3977
f 3979 3977 3980
f 3983 3981 3982
f 3983 3984 3981

o parete_letto_master__PL_206_CORNICE_VERT_36_002
usemtl MASSELLO verniciato BVN
v -1.54860000 -0.00550000 -1.34630000
v -1.54860000 2.20900000 -1.34630000
v -1.54860000 -0.00550000 -1.38230000
v -1.54860000 2.20900000 -1.38230000
v -1.54860000 -0.00550000 -1.38230000
v -1.54860000 2.20900000 -1.38230000
v -1.55660000 -0.00550000 -1.38230000
v -1.55660000 2.20900000 -1.38230000
v -1.55660000 -0.00550000 -1.38230000
v -1.55660000 2.20900000 -1.38230000
v -1.55660000 -0.00550000 -1.34630000
v -1.55660000 2.20900000 -1.34630000
v -1.55660000 -0.00550000 -1.34630000
v -1.55660000 2.20900000 -1.34630000
v -1.54860000 -0.00550000 -1.34630000
v -1.54860000 2.20900000 -1.34630000
v -1.54860000 -0.00550000 -1.34630000
v -1.54860000 -0.00550000 -1.38230000
v -1.55660000 -0.00550000 -1.38230000
v -1.55660000 -0.00550000 -1.34630000
v -1.54860000 2.20900000 -1.34630000
v -1.54860000 2.20900000 -1.38230000
v -1.55660000 2.20900000 -1.38230000
v -1.55660000 2.20900000 -1.34630000
f 3986 3985 3987
f 3988 3986 3987
f 3992 3990 3989
f 3992 3989 3991
f 3994 3993 3995
f 3996 3994 3995
f 4000 3998 3997
f 4000 3997 3999
f 4003 4002 4001
f 4003 4001 4004
f 4007 4005 4006
f 4007 4008 4005

o parete_letto_master__PL_207_CORNICE_VERT_30_002
usemtl MASSELLO verniciato BVN
v -1.54860000 -0.00550000 -1.73230000
v -1.54860000 2.20900000 -1.73230000
v -1.54860000 -0.00550000 -1.76230000
v -1.54860000 2.20900000 -1.76230000
v -1.54860000 -0.00550000 -1.76230000
v -1.54860000 2.20900000 -1.76230000
v -1.55660000 -0.00550000 -1.76230000
v -1.55660000 2.20900000 -1.76230000
v -1.55660000 -0.00550000 -1.76230000
v -1.55660000 2.20900000 -1.76230000
v -1.55660000 -0.00550000 -1.73230000
v -1.55660000 2.20900000 -1.73230000
v -1.55660000 -0.00550000 -1.73230000
v -1.55660000 2.20900000 -1.73230000
v -1.54860000 -0.00550000 -1.73230000
v -1.54860000 2.20900000 -1.73230000
v -1.54860000 -0.00550000 -1.73230000
v -1.54860000 -0.00550000 -1.76230000
v -1.55660000 -0.00550000 -1.76230000
v -1.55660000 -0.00550000 -1.73230000
v -1.54860000 2.20900000 -1.73230000
v -1.54860000 2.20900000 -1.76230000
v -1.55660000 2.20900000 -1.76230000
v -1.55660000 2.20900000 -1.73230000
f 4012 4010 4009
f 4012 4009 4011
f 4016 4014 4013
f 4016 4013 4015
f 4020 4018 4017
f 4020 4017 4019
f 4024 4022 4021
f 4024 4021 4023
f 4027 4026 4025
f 4027 4025 4028
f 4031 4029 4030
f 4031 4032 4029

o parete_letto_master__PL_208_CORNICE_ORIZZ_SX
usemtl MASSELLO verniciato BVN
v -1.54860000 2.17300000 0.57570000
v -1.54860000 2.20900000 0.57570000
v -1.54860000 2.17300000 0.38570000
v -1.54860000 2.20900000 0.38570000
v -1.54860000 2.17300000 0.38570000
v -1.54860000 2.20900000 0.38570000
v -1.55660000 2.17300000 0.38570000
v -1.55660000 2.20900000 0.38570000
v -1.55660000 2.17300000 0.38570000
v -1.55660000 2.20900000 0.38570000
v -1.55660000 2.17300000 0.57570000
v -1.55660000 2.20900000 0.57570000
v -1.55660000 2.17300000 0.57570000
v -1.55660000 2.20900000 0.57570000
v -1.54860000 2.17300000 0.57570000
v -1.54860000 2.20900000 0.57570000
v -1.54860000 2.17300000 0.57570000
v -1.54860000 2.17300000 0.38570000
v -1.55660000 2.17300000 0.38570000
v -1.55660000 2.17300000 0.57570000
v -1.54860000 2.20900000 0.57570000
v -1.54860000 2.20900000 0.38570000
v -1.55660000 2.20900000 0.38570000
v -1.55660000 2.20900000 0.57570000
f 4036 4034 4033
f 4036 4033 4035
f 4040 4038 4037
f 4040 4037 4039
f 4044 4042 4041
f 4044 4041 4043
f 4048 4046 4045
f 4048 4045 4047
f 4051 4050 4049
f 4051 4049 4052
f 4055 4053 4054
f 4055 4056 4053

o parete_letto_master__PL_209_CORNICE_ORIZZ_TESTATA
usemtl MASSELLO verniciato BVN
v -1.54860000 2.17300000 0.34970000
v -1.54860000 2.20900000 0.34970000
v -1.54860000 2.17300000 -1.34630000
v -1.54860000 2.20900000 -1.34630000
v -1.54860000 2.17300000 -1.34630000
v -1.54860000 2.20900000 -1.34630000
v -1.55660000 2.17300000 -1.34630000
v -1.55660000 2.20900000 -1.34630000
v -1.55660000 2.17300000 -1.34630000
v -1.55660000 2.20900000 -1.34630000
v -1.55660000 2.17300000 0.34970000
v -1.55660000 2.20900000 0.34970000
v -1.55660000 2.17300000 0.34970000
v -1.55660000 2.20900000 0.34970000
v -1.54860000 2.17300000 0.34970000
v -1.54860000 2.20900000 0.34970000
v -1.54860000 2.17300000 0.34970000
v -1.54860000 2.17300000 -1.34630000
v -1.55660000 2.17300000 -1.34630000
v -1.55660000 2.17300000 0.34970000
v -1.54860000 2.20900000 0.34970000
v -1.54860000 2.20900000 -1.34630000
v -1.55660000 2.20900000 -1.34630000
v -1.55660000 2.20900000 0.34970000
f 4059 4058 4057
f 4060 4058 4059
f 4064 4062 4061
f 4064 4061 4063
f 4068 4066 4065
f 4068 4065 4067
f 4072 4070 4069
f 4072 4069 4071
f 4075 4074 4073
f 4075 4073 4076
f 4079 4077 4078
f 4079 4080 4077

o parete_letto_master__PL_210_CORNICE_ORIZZ_DX
usemtl MASSELLO verniciato BVN
v -1.54860000 2.17300000 -1.38230000
v -1.54860000 2.20900000 -1.38230000
v -1.54860000 2.17300000 -1.73230000
v -1.54860000 2.20900000 -1.73230000
v -1.54860000 2.17300000 -1.73230000
v -1.54860000 2.20900000 -1.73230000
v -1.55660000 2.17300000 -1.73230000
v -1.55660000 2.20900000 -1.73230000
v -1.55660000 2.17300000 -1.73230000
v -1.55660000 2.20900000 -1.73230000
v -1.55660000 2.17300000 -1.38230000
v -1.55660000 2.20900000 -1.38230000
v -1.55660000 2.17300000 -1.38230000
v -1.55660000 2.20900000 -1.38230000
v -1.54860000 2.17300000 -1.38230000
v -1.54860000 2.20900000 -1.38230000
v -1.54860000 2.17300000 -1.38230000
v -1.54860000 2.17300000 -1.73230000
v -1.55660000 2.17300000 -1.73230000
v -1.55660000 2.17300000 -1.38230000
v -1.54860000 2.20900000 -1.38230000
v -1.54860000 2.20900000 -1.73230000
v -1.55660000 2.20900000 -1.73230000
v -1.55660000 2.20900000 -1.38230000
f 4083 4082 4081
f 4084 4082 4083
f 4088 4086 4085
f 4088 4085 4087
f 4091 4090 4089
f 4092 4090 4091
f 4096 4094 4093
f 4096 4093 4095
f 4099 4098 4097
f 4099 4097 4100
f 4103 4101 4102
f 4103 4104 4101

o parete_letto_master__PL_211_FASCIONE
usemtl MULT.LAM.B.18mm 305x130
v -1.55660000 2.19100000 0.60570000
v -1.55660000 2.29300000 0.60570000
v -1.55660000 2.19100000 -1.76230000
v -1.55660000 2.29300000 -1.76230000
v -1.55660000 2.19100000 -1.76230000
v -1.55660000 2.29300000 -1.76230000
v -1.57460000 2.19100000 -1.76230000
v -1.57460000 2.29300000 -1.76230000
v -1.57460000 2.19100000 -1.76230000
v -1.57460000 2.29300000 -1.76230000
v -1.57460000 2.19100000 0.60570000
v -1.57460000 2.29300000 0.60570000
v -1.57460000 2.19100000 0.60570000
v -1.57460000 2.29300000 0.60570000
v -1.55660000 2.19100000 0.60570000
v -1.55660000 2.29300000 0.60570000
v -1.55660000 2.19100000 0.60570000
v -1.55660000 2.19100000 -1.76230000
v -1.57460000 2.19100000 -1.76230000
v -1.57460000 2.19100000 0.60570000
v -1.55660000 2.29300000 0.60570000
v -1.55660000 2.29300000 -1.76230000
v -1.57460000 2.29300000 -1.76230000
v -1.57460000 2.29300000 0.60570000
f 4108 4106 4105
f 4108 4105 4107
f 4112 4110 4109
f 4112 4109 4111
f 4115 4114 4113
f 4116 4114 4115
f 4120 4118 4117
f 4120 4117 4119
f 4123 4122 4121
f 4123 4121 4124
f 4127 4125 4126
f 4127 4128 4125

o letto_master__MATERASSO
usemtl _MATERASSO
v -1.84900000 0.34000000 0.30150000
v -1.84900000 0.54000000 0.30150000
v -1.84900000 0.34000000 -1.29850000
v -1.84900000 0.54000000 -1.29850000
v 0.15100000 0.34000000 0.30150000
v 0.15100000 0.54000000 0.30150000
v 0.15100000 0.34000000 -1.29850000
v 0.15100000 0.54000000 -1.29850000
v -1.84900000 0.34000000 0.30150000
v 0.15100000 0.34000000 0.30150000
v -1.84900000 0.54000000 0.30150000
v 0.15100000 0.54000000 0.30150000
v -1.84900000 0.34000000 -1.29850000
v 0.15100000 0.34000000 -1.29850000
v -1.84900000 0.54000000 -1.29850000
v 0.15100000 0.54000000 -1.29850000
v -1.84900000 0.34000000 0.30150000
v -1.84900000 0.34000000 -1.29850000
v 0.15100000 0.34000000 0.30150000
v 0.15100000 0.34000000 -1.29850000
v -1.84900000 0.54000000 0.30150000
v -1.84900000 0.54000000 -1.29850000
v 0.15100000 0.54000000 0.30150000
v 0.15100000 0.54000000 -1.29850000
f 4129 4132 4131
f 4130 4132 4129
f 4133 4135 4136
f 4134 4133 4136
f 4140 4137 4138
f 4140 4139 4137
f 4144 4142 4141
f 4144 4141 4143
f 4148 4145 4146
f 4148 4147 4145
f 4152 4150 4149
f 4152 4149 4151

o letto_master__GUANCIALE
usemtl _GUANCIALE
v -1.78900000 0.54000000 0.24150000
v -1.78900000 0.66000000 0.24150000
v -1.78900000 0.54000000 -0.45850000
v -1.78900000 0.66000000 -0.45850000
v -1.38900000 0.54000000 0.24150000
v -1.38900000 0.66000000 0.24150000
v -1.38900000 0.54000000 -0.45850000
v -1.38900000 0.66000000 -0.45850000
v -1.78900000 0.54000000 0.24150000
v -1.38900000 0.54000000 0.24150000
v -1.78900000 0.66000000 0.24150000
v -1.38900000 0.66000000 0.24150000
v -1.78900000 0.54000000 -0.45850000
v -1.38900000 0.54000000 -0.45850000
v -1.78900000 0.66000000 -0.45850000
v -1.38900000 0.66000000 -0.45850000
v -1.78900000 0.54000000 0.24150000
v -1.78900000 0.54000000 -0.45850000
v -1.38900000 0.54000000 0.24150000
v -1.38900000 0.54000000 -0.45850000
v -1.78900000 0.66000000 0.24150000
v -1.78900000 0.66000000 -0.45850000
v -1.38900000 0.66000000 0.24150000
v -1.38900000 0.66000000 -0.45850000
f 4153 4156 4155
f 4154 4156 4153
f 4157 4159 4160
f 4158 4157 4160
f 4162 4163 4161
f 4164 4163 4162
f 4166 4165 4167
f 4168 4166 4167
f 4170 4171 4169
f 4172 4171 4170
f 4174 4173 4175
f 4176 4174 4175

o letto_master__GUANCIALE_002
usemtl _GUANCIALE
v -1.78900000 0.54000000 -0.52850000
v -1.78900000 0.66000000 -0.52850000
v -1.78900000 0.54000000 -1.22850000
v -1.78900000 0.66000000 -1.22850000
v -1.38900000 0.54000000 -0.52850000
v -1.38900000 0.66000000 -0.52850000
v -1.38900000 0.54000000 -1.22850000
v -1.38900000 0.66000000 -1.22850000
v -1.78900000 0.54000000 -0.52850000
v -1.38900000 0.54000000 -0.52850000
v -1.78900000 0.66000000 -0.52850000
v -1.38900000 0.66000000 -0.52850000
v -1.78900000 0.54000000 -1.22850000
v -1.38900000 0.54000000 -1.22850000
v -1.78900000 0.66000000 -1.22850000
v -1.38900000 0.66000000 -1.22850000
v -1.78900000 0.54000000 -0.52850000
v -1.78900000 0.54000000 -1.22850000
v -1.38900000 0.54000000 -0.52850000
v -1.38900000 0.54000000 -1.22850000
v -1.78900000 0.66000000 -0.52850000
v -1.78900000 0.66000000 -1.22850000
v -1.38900000 0.66000000 -0.52850000
v -1.38900000 0.66000000 -1.22850000
f 4177 4180 4179
f 4178 4180 4177
f 4181 4183 4184
f 4182 4181 4184
f 4186 4187 4185
f 4188 4187 4186
f 4190 4189 4191
f 4192 4190 4191
f 4194 4195 4193
f 4196 4195 4194
f 4198 4197 4199
f 4200 4198 4199

o parete_div_master__DVP_112_FIANCO_SX
usemtl MULT.LAM.B.18mm 305x130
v 1.85640000 0.00000000 0.58770000
v 1.52640000 0.00000000 0.58770000
v 1.52640000 2.19050000 0.58770000
v 1.85640000 2.19050000 0.58770000
v 1.85640000 2.19050000 0.56970000
v 1.85640000 0.00000000 0.56970000
v 1.52640000 0.00000000 0.56970000
v 1.52640000 2.19050000 0.56970000
v 1.85640000 2.19050000 0.58770000
v 1.85640000 2.19050000 0.56970000
v 1.85640000 0.00000000 0.58770000
v 1.85640000 0.00000000 0.56970000
v 1.52640000 2.19050000 0.58770000
v 1.52640000 2.19050000 0.56970000
v 1.85640000 2.19050000 0.58770000
v 1.85640000 2.19050000 0.56970000
v 1.52640000 0.00000000 0.58770000
v 1.52640000 0.00000000 0.56970000
v 1.52640000 2.19050000 0.58770000
v 1.52640000 2.19050000 0.56970000
v 1.85640000 0.00000000 0.58770000
v 1.85640000 0.00000000 0.56970000
v 1.52640000 0.00000000 0.58770000
v 1.52640000 0.00000000 0.56970000
f 4204 4202 4201
f 4203 4202 4204
f 4205 4206 4207
f 4208 4205 4207
f 4212 4210 4209
f 4212 4209 4211
f 4215 4214 4213
f 4216 4214 4215
f 4220 4218 4217
f 4220 4217 4219
f 4224 4222 4221
f 4224 4221 4223

o parete_div_master__DVP_113_FIANCO_DX
usemtl MULT.LAM.B.18mm 305x130
v 1.85640000 0.00000000 -0.22030000
v 1.52640000 0.00000000 -0.22030000
v 1.52640000 2.19050000 -0.22030000
v 1.85640000 2.19050000 -0.22030000
v 1.85640000 0.00000000 -0.22030000
v 1.85640000 0.00000000 -0.20230000
v 1.52640000 0.00000000 -0.22030000
v 1.52640000 0.00000000 -0.20230000
v 1.52640000 0.00000000 -0.22030000
v 1.52640000 0.00000000 -0.20230000
v 1.52640000 2.19050000 -0.22030000
v 1.52640000 2.19050000 -0.20230000
v 1.52640000 2.19050000 -0.22030000
v 1.52640000 2.19050000 -0.20230000
v 1.85640000 2.19050000 -0.22030000
v 1.85640000 2.19050000 -0.20230000
v 1.85640000 2.19050000 -0.22030000
v 1.85640000 2.19050000 -0.20230000
v 1.85640000 0.00000000 -0.22030000
v 1.85640000 0.00000000 -0.20230000
v 1.85640000 2.19050000 -0.20230000
v 1.85640000 0.00000000 -0.20230000
v 1.52640000 0.00000000 -0.20230000
v 1.52640000 2.19050000 -0.20230000
f 4228 4225 4226
f 4227 4228 4226
f 4231 4229 4230
f 4232 4231 4230
f 4236 4233 4234
f 4236 4235 4233
f 4239 4237 4238
f 4240 4239 4238
f 4244 4241 4242
f 4244 4243 4241
f 4245 4247 4246
f 4248 4247 4245

o parete_div_master__DVP_114_TRAVERSO_CIELO
usemtl MULT.LAM.B.18mm 305x130
v 1.85640000 2.17250000 0.56970000
v 1.85640000 2.17250000 -0.20230000
v 1.52640000 2.17250000 -0.20230000
v 1.52640000 2.17250000 0.56970000
v 1.52640000 2.19050000 0.56970000
v 1.85640000 2.19050000 0.56970000
v 1.85640000 2.19050000 -0.20230000
v 1.52640000 2.19050000 -0.20230000
v 1.52640000 2.17250000 0.56970000
v 1.52640000 2.19050000 0.56970000
v 1.85640000 2.17250000 0.56970000
v 1.85640000 2.19050000 0.56970000
v 1.52640000 2.17250000 -0.20230000
v 1.52640000 2.19050000 -0.20230000
v 1.52640000 2.17250000 0.56970000
v 1.52640000 2.19050000 0.56970000
v 1.85640000 2.17250000 -0.20230000
v 1.85640000 2.19050000 -0.20230000
v 1.52640000 2.17250000 -0.20230000
v 1.52640000 2.19050000 -0.20230000
v 1.85640000 2.17250000 0.56970000
v 1.85640000 2.19050000 0.56970000
v 1.85640000 2.17250000 -0.20230000
v 1.85640000 2.19050000 -0.20230000
f 4251 4250 4249
f 4251 4249 4252
f 4256 4253 4254
f 4256 4254 4255
f 4259 4258 4257
f 4260 4258 4259
f 4264 4262 4261
f 4264 4261 4263
f 4268 4266 4265
f 4268 4265 4267
f 4272 4270 4269
f 4272 4269 4271

o parete_div_master__DVP_115_PANNELLO_PORTA
usemtl Tamburato Laminato Nero Opaco
v 1.78540000 2.16750000 0.56570000
v 1.78540000 -0.00050000 0.56570000
v 1.78540000 2.16750000 -0.19830000
v 1.78540000 -0.00050000 -0.19830000
v 1.74040000 -0.00050000 0.56570000
v 1.74040000 -0.00050000 -0.19830000
v 1.74040000 2.16750000 0.56570000
v 1.74040000 2.16750000 -0.19830000
v 1.78540000 -0.00050000 0.56570000
v 1.74040000 -0.00050000 0.56570000
v 1.78540000 -0.00050000 -0.19830000
v 1.74040000 -0.00050000 -0.19830000
v 1.78540000 2.16750000 -0.19830000
v 1.74040000 2.16750000 -0.19830000
v 1.78540000 -0.00050000 -0.19830000
v 1.74040000 -0.00050000 -0.19830000
v 1.78540000 2.16750000 0.56570000
v 1.74040000 2.16750000 0.56570000
v 1.78540000 2.16750000 -0.19830000
v 1.74040000 2.16750000 -0.19830000
v 1.78540000 2.16750000 0.56570000
v 1.74040000 2.16750000 0.56570000
v 1.78540000 -0.00050000 0.56570000
v 1.74040000 -0.00050000 0.56570000
f 4273 4274 4276
f 4275 4273 4276
f 4279 4278 4277
f 4280 4278 4279
f 4284 4281 4282
f 4284 4283 4281
f 4288 4286 4285
f 4288 4285 4287
f 4292 4290 4289
f 4292 4289 4291
f 4296 4293 4294
f 4296 4295 4293

o parete_div_master__DVP_158_BATTUTA
usemtl MASSELLO verniciato BVN
v 1.74940000 -0.00550000 0.58270000
v 1.74940000 2.17250000 0.58270000
v 1.74940000 -0.00550000 0.56070000
v 1.74940000 2.17250000 0.56070000
v 1.74940000 -0.00550000 0.56070000
v 1.74940000 2.17250000 0.56070000
v 1.73840000 -0.00550000 0.56070000
v 1.73840000 2.17250000 0.56070000
v 1.73840000 -0.00550000 0.56070000
v 1.73840000 2.17250000 0.56070000
v 1.73840000 -0.00550000 0.58270000
v 1.73840000 2.17250000 0.58270000
v 1.73840000 -0.00550000 0.58270000
v 1.73840000 2.17250000 0.58270000
v 1.74940000 -0.00550000 0.58270000
v 1.74940000 2.17250000 0.58270000
v 1.74940000 -0.00550000 0.58270000
v 1.74940000 -0.00550000 0.56070000
v 1.73840000 -0.00550000 0.56070000
v 1.73840000 -0.00550000 0.58270000
v 1.74940000 2.17250000 0.58270000
v 1.74940000 2.17250000 0.56070000
v 1.73840000 2.17250000 0.56070000
v 1.73840000 2.17250000 0.58270000
f 4300 4298 4297
f 4300 4297 4299
f 4304 4302 4301
f 4304 4301 4303
f 4308 4306 4305
f 4308 4305 4307
f 4312 4310 4309
f 4312 4309 4311
f 4314 4313 4316
f 4315 4314 4316
f 4318 4320 4317
f 4319 4320 4318

o parete_div_master__DVP_158_BATTUTA_002
usemtl MASSELLO verniciato BVN
v 1.74940000 -0.00550000 -0.19130000
v 1.74940000 2.17250000 -0.19130000
v 1.74940000 -0.00550000 -0.21330000
v 1.74940000 2.17250000 -0.21330000
v 1.74940000 -0.00550000 -0.21330000
v 1.74940000 2.17250000 -0.21330000
v 1.73840000 -0.00550000 -0.21330000
v 1.73840000 2.17250000 -0.21330000
v 1.73840000 -0.00550000 -0.21330000
v 1.73840000 2.17250000 -0.21330000
v 1.73840000 -0.00550000 -0.19130000
v 1.73840000 2.17250000 -0.19130000
v 1.73840000 -0.00550000 -0.19130000
v 1.73840000 2.17250000 -0.19130000
v 1.74940000 -0.00550000 -0.19130000
v 1.74940000 2.17250000 -0.19130000
v 1.74940000 -0.00550000 -0.19130000
v 1.74940000 -0.00550000 -0.21330000
v 1.73840000 -0.00550000 -0.21330000
v 1.73840000 -0.00550000 -0.19130000
v 1.74940000 2.17250000 -0.19130000
v 1.74940000 2.17250000 -0.21330000
v 1.73840000 2.17250000 -0.21330000
v 1.73840000 2.17250000 -0.19130000
f 4324 4322 4321
f 4324 4321 4323
f 4328 4326 4325
f 4328 4325 4327
f 4332 4330 4329
f 4332 4329 4331
f 4336 4334 4333
f 4336 4333 4335
f 4338 4337 4340
f 4339 4338 4340
f 4342 4344 4341
f 4343 4344 4342

o parete_div_master__DV_138_FASCIONE
usemtl MULT.LAM.B.18mm 305x130
v 1.54440000 2.19050000 0.60570000
v 1.54440000 2.29300000 0.60570000
v 1.54440000 2.19050000 -1.76230000
v 1.54440000 2.29300000 -1.76230000
v 1.54440000 2.19050000 -1.76230000
v 1.54440000 2.29300000 -1.76230000
v 1.52640000 2.19050000 -1.76230000
v 1.52640000 2.29300000 -1.76230000
v 1.52640000 2.19050000 -1.76230000
v 1.52640000 2.29300000 -1.76230000
v 1.52640000 2.19050000 0.60570000
v 1.52640000 2.29300000 0.60570000
v 1.52640000 2.19050000 0.60570000
v 1.52640000 2.29300000 0.60570000
v 1.54440000 2.19050000 0.60570000
v 1.54440000 2.29300000 0.60570000
v 1.54440000 2.19050000 0.60570000
v 1.54440000 2.19050000 -1.76230000
v 1.52640000 2.19050000 -1.76230000
v 1.52640000 2.19050000 0.60570000
v 1.54440000 2.29300000 0.60570000
v 1.54440000 2.29300000 -1.76230000
v 1.52640000 2.29300000 -1.76230000
v 1.52640000 2.29300000 0.60570000
f 4347 4346 4345
f 4348 4346 4347
f 4352 4350 4349
f 4352 4349 4351
f 4356 4354 4353
f 4356 4353 4355
f 4360 4358 4357
f 4360 4357 4359
f 4363 4362 4361
f 4363 4361 4364
f 4367 4365 4366
f 4367 4368 4365

o parete_div_master__DV_138_FASCIONE_002
usemtl MULT.LAM.B.18mm 305x130
v 1.85640000 2.19050000 0.60570000
v 1.85640000 2.29300000 0.60570000
v 1.85640000 2.19050000 -1.76230000
v 1.85640000 2.29300000 -1.76230000
v 1.85640000 2.19050000 -1.76230000
v 1.85640000 2.29300000 -1.76230000
v 1.83840000 2.19050000 -1.76230000
v 1.83840000 2.29300000 -1.76230000
v 1.83840000 2.19050000 -1.76230000
v 1.83840000 2.29300000 -1.76230000
v 1.83840000 2.19050000 0.60570000
v 1.83840000 2.29300000 0.60570000
v 1.83840000 2.19050000 0.60570000
v 1.83840000 2.29300000 0.60570000
v 1.85640000 2.19050000 0.60570000
v 1.85640000 2.29300000 0.60570000
v 1.85640000 2.19050000 0.60570000
v 1.85640000 2.19050000 -1.76230000
v 1.83840000 2.19050000 -1.76230000
v 1.83840000 2.19050000 0.60570000
v 1.85640000 2.29300000 0.60570000
v 1.85640000 2.29300000 -1.76230000
v 1.83840000 2.29300000 -1.76230000
v 1.83840000 2.29300000 0.60570000
f 4371 4370 4369
f 4372 4370 4371
f 4376 4374 4373
f 4376 4373 4375
f 4380 4378 4377
f 4380 4377 4379
f 4384 4382 4381
f 4384 4381 4383
f 4387 4386 4385
f 4387 4385 4388
f 4391 4389 4390
f 4391 4392 4389

o parete_div_master__DV_140_CORNICE_VERT
usemtl MASSELLO verniciato BVN
v 1.86440000 -0.00550000 0.60570000
v 1.86440000 2.20850000 0.60570000
v 1.86440000 -0.00550000 0.56970000
v 1.86440000 2.20850000 0.56970000
v 1.86440000 -0.00550000 0.56970000
v 1.86440000 2.20850000 0.56970000
v 1.85640000 -0.00550000 0.56970000
v 1.85640000 2.20850000 0.56970000
v 1.85640000 -0.00550000 0.56970000
v 1.85640000 2.20850000 0.56970000
v 1.85640000 -0.00550000 0.60570000
v 1.85640000 2.20850000 0.60570000
v 1.85640000 -0.00550000 0.60570000
v 1.85640000 2.20850000 0.60570000
v 1.86440000 -0.00550000 0.60570000
v 1.86440000 2.20850000 0.60570000
v 1.86440000 -0.00550000 0.60570000
v 1.86440000 -0.00550000 0.56970000
v 1.85640000 -0.00550000 0.56970000
v 1.85640000 -0.00550000 0.60570000
v 1.86440000 2.20850000 0.60570000
v 1.86440000 2.20850000 0.56970000
v 1.85640000 2.20850000 0.56970000
v 1.85640000 2.20850000 0.60570000
f 4396 4394 4393
f 4396 4393 4395
f 4398 4397 4399
f 4400 4398 4399
f 4404 4402 4401
f 4404 4401 4403
f 4406 4405 4407
f 4408 4406 4407
f 4411 4410 4409
f 4411 4409 4412
f 4415 4413 4414
f 4415 4416 4413

o parete_div_master__DV_140_CORNICE_VERT_002
usemtl MASSELLO verniciato BVN
v 1.86440000 -0.00550000 -0.20230000
v 1.86440000 2.20850000 -0.20230000
v 1.86440000 -0.00550000 -0.23830000
v 1.86440000 2.20850000 -0.23830000
v 1.86440000 -0.00550000 -0.23830000
v 1.86440000 2.20850000 -0.23830000
v 1.85640000 -0.00550000 -0.23830000
v 1.85640000 2.20850000 -0.23830000
v 1.85640000 -0.00550000 -0.23830000
v 1.85640000 2.20850000 -0.23830000
v 1.85640000 -0.00550000 -0.20230000
v 1.85640000 2.20850000 -0.20230000
v 1.85640000 -0.00550000 -0.20230000
v 1.85640000 2.20850000 -0.20230000
v 1.86440000 -0.00550000 -0.20230000
v 1.86440000 2.20850000 -0.20230000
v 1.86440000 -0.00550000 -0.20230000
v 1.86440000 -0.00550000 -0.23830000
v 1.85640000 -0.00550000 -0.23830000
v 1.85640000 -0.00550000 -0.20230000
v 1.86440000 2.20850000 -0.20230000
v 1.86440000 2.20850000 -0.23830000
v 1.85640000 2.20850000 -0.23830000
v 1.85640000 2.20850000 -0.20230000
f 4420 4418 4417
f 4420 4417 4419
f 4422 4421 4423
f 4424 4422 4423
f 4428 4426 4425
f 4428 4425 4427
f 4430 4429 4431
f 4432 4430 4431
f 4434 4433 4436
f 4435 4434 4436
f 4438 4440 4437
f 4439 4440 4438

o parete_div_master__DV_140_CORNICE_VERT_003
usemtl MASSELLO verniciato BVN
v 1.86440000 -0.00550000 -1.72630000
v 1.86440000 2.20850000 -1.72630000
v 1.86440000 -0.00550000 -1.76230000
v 1.86440000 2.20850000 -1.76230000
v 1.86440000 -0.00550000 -1.76230000
v 1.86440000 2.20850000 -1.76230000
v 1.85640000 -0.00550000 -1.76230000
v 1.85640000 2.20850000 -1.76230000
v 1.85640000 -0.00550000 -1.76230000
v 1.85640000 2.20850000 -1.76230000
v 1.85640000 -0.00550000 -1.72630000
v 1.85640000 2.20850000 -1.72630000
v 1.85640000 -0.00550000 -1.72630000
v 1.85640000 2.20850000 -1.72630000
v 1.86440000 -0.00550000 -1.72630000
v 1.86440000 2.20850000 -1.72630000
v 1.86440000 -0.00550000 -1.72630000
v 1.86440000 -0.00550000 -1.76230000
v 1.85640000 -0.00550000 -1.76230000
v 1.85640000 -0.00550000 -1.72630000
v 1.86440000 2.20850000 -1.72630000
v 1.86440000 2.20850000 -1.76230000
v 1.85640000 2.20850000 -1.76230000
v 1.85640000 2.20850000 -1.72630000
f 4444 4442 4441
f 4444 4441 4443
f 4446 4445 4447
f 4448 4446 4447
f 4452 4450 4449
f 4452 4449 4451
f 4454 4453 4455
f 4456 4454 4455
f 4459 4458 4457
f 4459 4457 4460
f 4463 4461 4462
f 4463 4464 4461

o parete_div_master__DV_140_CORNICE_VERT_004
usemtl MASSELLO verniciato BVN
v 1.52640000 -0.00550000 0.60570000
v 1.52640000 2.20850000 0.60570000
v 1.52640000 -0.00550000 0.56970000
v 1.52640000 2.20850000 0.56970000
v 1.52640000 -0.00550000 0.56970000
v 1.52640000 2.20850000 0.56970000
v 1.51840000 -0.00550000 0.56970000
v 1.51840000 2.20850000 0.56970000
v 1.51840000 -0.00550000 0.56970000
v 1.51840000 2.20850000 0.56970000
v 1.51840000 -0.00550000 0.60570000
v 1.51840000 2.20850000 0.60570000
v 1.51840000 -0.00550000 0.60570000
v 1.51840000 2.20850000 0.60570000
v 1.52640000 -0.00550000 0.60570000
v 1.52640000 2.20850000 0.60570000
v 1.52640000 -0.00550000 0.60570000
v 1.52640000 -0.00550000 0.56970000
v 1.51840000 -0.00550000 0.56970000
v 1.51840000 -0.00550000 0.60570000
v 1.52640000 2.20850000 0.60570000
v 1.52640000 2.20850000 0.56970000
v 1.51840000 2.20850000 0.56970000
v 1.51840000 2.20850000 0.60570000
f 4468 4466 4465
f 4468 4465 4467
f 4470 4469 4471
f 4472 4470 4471
f 4476 4474 4473
f 4476 4473 4475
f 4478 4477 4479
f 4480 4478 4479
f 4483 4482 4481
f 4483 4481 4484
f 4487 4485 4486
f 4487 4488 4485

o parete_div_master__DV_140_CORNICE_VERT_005
usemtl MASSELLO verniciato BVN
v 1.52640000 -0.00550000 -0.20230000
v 1.52640000 2.20850000 -0.20230000
v 1.52640000 -0.00550000 -0.23830000
v 1.52640000 2.20850000 -0.23830000
v 1.52640000 -0.00550000 -0.23830000
v 1.52640000 2.20850000 -0.23830000
v 1.51840000 -0.00550000 -0.23830000
v 1.51840000 2.20850000 -0.23830000
v 1.51840000 -0.00550000 -0.23830000
v 1.51840000 2.20850000 -0.23830000
v 1.51840000 -0.00550000 -0.20230000
v 1.51840000 2.20850000 -0.20230000
v 1.51840000 -0.00550000 -0.20230000
v 1.51840000 2.20850000 -0.20230000
v 1.52640000 -0.00550000 -0.20230000
v 1.52640000 2.20850000 -0.20230000
v 1.52640000 -0.00550000 -0.20230000
v 1.52640000 -0.00550000 -0.23830000
v 1.51840000 -0.00550000 -0.23830000
v 1.51840000 -0.00550000 -0.20230000
v 1.52640000 2.20850000 -0.20230000
v 1.52640000 2.20850000 -0.23830000
v 1.51840000 2.20850000 -0.23830000
v 1.51840000 2.20850000 -0.20230000
f 4492 4490 4489
f 4492 4489 4491
f 4494 4493 4495
f 4496 4494 4495
f 4500 4498 4497
f 4500 4497 4499
f 4502 4501 4503
f 4504 4502 4503
f 4506 4505 4508
f 4507 4506 4508
f 4510 4512 4509
f 4511 4512 4510

o parete_div_master__DV_140_CORNICE_VERT_006
usemtl MASSELLO verniciato BVN
v 1.52640000 -0.00550000 -1.72630000
v 1.52640000 2.20850000 -1.72630000
v 1.52640000 -0.00550000 -1.76230000
v 1.52640000 2.20850000 -1.76230000
v 1.52640000 -0.00550000 -1.76230000
v 1.52640000 2.20850000 -1.76230000
v 1.51840000 -0.00550000 -1.76230000
v 1.51840000 2.20850000 -1.76230000
v 1.51840000 -0.00550000 -1.76230000
v 1.51840000 2.20850000 -1.76230000
v 1.51840000 -0.00550000 -1.72630000
v 1.51840000 2.20850000 -1.72630000
v 1.51840000 -0.00550000 -1.72630000
v 1.51840000 2.20850000 -1.72630000
v 1.52640000 -0.00550000 -1.72630000
v 1.52640000 2.20850000 -1.72630000
v 1.52640000 -0.00550000 -1.72630000
v 1.52640000 -0.00550000 -1.76230000
v 1.51840000 -0.00550000 -1.76230000
v 1.51840000 -0.00550000 -1.72630000
v 1.52640000 2.20850000 -1.72630000
v 1.52640000 2.20850000 -1.76230000
v 1.51840000 2.20850000 -1.76230000
v 1.51840000 2.20850000 -1.72630000
f 4516 4514 4513
f 4516 4513 4515
f 4518 4517 4519
f 4520 4518 4519
f 4524 4522 4521
f 4524 4521 4523
f 4526 4525 4527
f 4528 4526 4527
f 4531 4530 4529
f 4531 4529 4532
f 4535 4533 4534
f 4535 4536 4533

o parete_div_master__DV_141_CORNICE_ORIZZ_TV
usemtl MASSELLO verniciato BVN
v 1.86440000 2.17250000 -0.23830000
v 1.86440000 2.20850000 -0.23830000
v 1.86440000 2.17250000 -1.72630000
v 1.86440000 2.20850000 -1.72630000
v 1.86440000 2.17250000 -1.72630000
v 1.86440000 2.20850000 -1.72630000
v 1.85640000 2.17250000 -1.72630000
v 1.85640000 2.20850000 -1.72630000
v 1.85640000 2.17250000 -1.72630000
v 1.85640000 2.20850000 -1.72630000
v 1.85640000 2.17250000 -0.23830000
v 1.85640000 2.20850000 -0.23830000
v 1.85640000 2.17250000 -0.23830000
v 1.85640000 2.20850000 -0.23830000
v 1.86440000 2.17250000 -0.23830000
v 1.86440000 2.20850000 -0.23830000
v 1.86440000 2.17250000 -0.23830000
v 1.86440000 2.17250000 -1.72630000
v 1.85640000 2.17250000 -1.72630000
v 1.85640000 2.17250000 -0.23830000
v 1.86440000 2.20850000 -0.23830000
v 1.86440000 2.20850000 -1.72630000
v 1.85640000 2.20850000 -1.72630000
v 1.85640000 2.20850000 -0.23830000
f 4540 4538 4537
f 4540 4537 4539
f 4544 4542 4541
f 4544 4541 4543
f 4548 4546 4545
f 4548 4545 4547
f 4552 4550 4549
f 4552 4549 4551
f 4555 4554 4553
f 4555 4553 4556
f 4559 4557 4558
f 4559 4560 4557

o parete_div_master__DV_141_CORNICE_ORIZZ_TV_002
usemtl MASSELLO verniciato BVN
v 1.52640000 2.17250000 -0.23830000
v 1.52640000 2.20850000 -0.23830000
v 1.52640000 2.17250000 -1.72630000
v 1.52640000 2.20850000 -1.72630000
v 1.52640000 2.17250000 -1.72630000
v 1.52640000 2.20850000 -1.72630000
v 1.51840000 2.17250000 -1.72630000
v 1.51840000 2.20850000 -1.72630000
v 1.51840000 2.17250000 -1.72630000
v 1.51840000 2.20850000 -1.72630000
v 1.51840000 2.17250000 -0.23830000
v 1.51840000 2.20850000 -0.23830000
v 1.51840000 2.17250000 -0.23830000
v 1.51840000 2.20850000 -0.23830000
v 1.52640000 2.17250000 -0.23830000
v 1.52640000 2.20850000 -0.23830000
v 1.52640000 2.17250000 -0.23830000
v 1.52640000 2.17250000 -1.72630000
v 1.51840000 2.17250000 -1.72630000
v 1.51840000 2.17250000 -0.23830000
v 1.52640000 2.20850000 -0.23830000
v 1.52640000 2.20850000 -1.72630000
v 1.51840000 2.20850000 -1.72630000
v 1.51840000 2.20850000 -0.23830000
f 4564 4562 4561
f 4564 4561 4563
f 4568 4566 4565
f 4568 4565 4567
f 4572 4570 4569
f 4572 4569 4571
f 4576 4574 4573
f 4576 4573 4575
f 4579 4578 4577
f 4579 4577 4580
f 4583 4581 4582
f 4583 4584 4581

o parete_div_master__DV_142_CORNICE_ORIZZ_PORTA
usemtl MASSELLO verniciato BVN
v 1.86440000 2.17250000 0.56970000
v 1.86440000 2.20850000 0.56970000
v 1.86440000 2.17250000 -0.20230000
v 1.86440000 2.20850000 -0.20230000
v 1.86440000 2.17250000 -0.20230000
v 1.86440000 2.20850000 -0.20230000
v 1.85640000 2.17250000 -0.20230000
v 1.85640000 2.20850000 -0.20230000
v 1.85640000 2.17250000 -0.20230000
v 1.85640000 2.20850000 -0.20230000
v 1.85640000 2.17250000 0.56970000
v 1.85640000 2.20850000 0.56970000
v 1.85640000 2.17250000 0.56970000
v 1.85640000 2.20850000 0.56970000
v 1.86440000 2.17250000 0.56970000
v 1.86440000 2.20850000 0.56970000
v 1.86440000 2.17250000 0.56970000
v 1.86440000 2.17250000 -0.20230000
v 1.85640000 2.17250000 -0.20230000
v 1.85640000 2.17250000 0.56970000
v 1.86440000 2.20850000 0.56970000
v 1.86440000 2.20850000 -0.20230000
v 1.85640000 2.20850000 -0.20230000
v 1.85640000 2.20850000 0.56970000
f 4588 4586 4585
f 4588 4585 4587
f 4592 4590 4589
f 4592 4589 4591
f 4596 4594 4593
f 4596 4593 4595
f 4600 4598 4597
f 4600 4597 4599
f 4603 4602 4601
f 4603 4601 4604
f 4607 4605 4606
f 4607 4608 4605

o parete_div_master__DV_142_CORNICE_ORIZZ_PORTA_002
usemtl MASSELLO verniciato BVN
v 1.52640000 2.17250000 0.56970000
v 1.52640000 2.20850000 0.56970000
v 1.52640000 2.17250000 -0.20230000
v 1.52640000 2.20850000 -0.20230000
v 1.52640000 2.17250000 -0.20230000
v 1.52640000 2.20850000 -0.20230000
v 1.51840000 2.17250000 -0.20230000
v 1.51840000 2.20850000 -0.20230000
v 1.51840000 2.17250000 -0.20230000
v 1.51840000 2.20850000 -0.20230000
v 1.51840000 2.17250000 0.56970000
v 1.51840000 2.20850000 0.56970000
v 1.51840000 2.17250000 0.56970000
v 1.51840000 2.20850000 0.56970000
v 1.52640000 2.17250000 0.56970000
v 1.52640000 2.20850000 0.56970000
v 1.52640000 2.17250000 0.56970000
v 1.52640000 2.17250000 -0.20230000
v 1.51840000 2.17250000 -0.20230000
v 1.51840000 2.17250000 0.56970000
v 1.52640000 2.20850000 0.56970000
v 1.52640000 2.20850000 -0.20230000
v 1.51840000 2.20850000 -0.20230000
v 1.51840000 2.20850000 0.56970000
f 4612 4610 4609
f 4612 4609 4611
f 4616 4614 4613
f 4616 4613 4615
f 4620 4618 4617
f 4620 4617 4619
f 4624 4622 4621
f 4624 4621 4623
f 4627 4626 4625
f 4627 4625 4628
f 4631 4629 4630
f 4631 4632 4629

o parete_div_master__DVT_116_FIANCO_SX
usemtl MULT.LAM.B.18mm 305x130
v 1.85640000 0.00000000 -0.22030000
v 1.52640000 0.00000000 -0.22030000
v 1.52640000 2.19050000 -0.22030000
v 1.85640000 2.19050000 -0.22030000
v 1.85640000 2.19050000 -0.23830000
v 1.85640000 0.00000000 -0.23830000
v 1.52640000 0.00000000 -0.23830000
v 1.52640000 2.19050000 -0.23830000
v 1.85640000 2.19050000 -0.22030000
v 1.85640000 2.19050000 -0.23830000
v 1.85640000 0.00000000 -0.22030000
v 1.85640000 0.00000000 -0.23830000
v 1.52640000 2.19050000 -0.22030000
v 1.52640000 2.19050000 -0.23830000
v 1.85640000 2.19050000 -0.22030000
v 1.85640000 2.19050000 -0.23830000
v 1.52640000 0.00000000 -0.22030000
v 1.52640000 0.00000000 -0.23830000
v 1.52640000 2.19050000 -0.22030000
v 1.52640000 2.19050000 -0.23830000
v 1.85640000 0.00000000 -0.22030000
v 1.85640000 0.00000000 -0.23830000
v 1.52640000 0.00000000 -0.22030000
v 1.52640000 0.00000000 -0.23830000
f 4636 4634 4633
f 4635 4634 4636
f 4637 4638 4639
f 4640 4637 4639
f 4644 4642 4641
f 4644 4641 4643
f 4647 4646 4645
f 4648 4646 4647
f 4652 4650 4649
f 4652 4649 4651
f 4656 4654 4653
f 4656 4653 4655

o parete_div_master__DVT_117_FIANCO_DX
usemtl MULT.LAM.B.18mm 305x130
v 1.85640000 0.00000000 -1.74430000
v 1.52640000 0.00000000 -1.74430000
v 1.52640000 2.19050000 -1.74430000
v 1.85640000 2.19050000 -1.74430000
v 1.85640000 0.00000000 -1.74430000
v 1.85640000 0.00000000 -1.72630000
v 1.52640000 0.00000000 -1.74430000
v 1.52640000 0.00000000 -1.72630000
v 1.52640000 0.00000000 -1.74430000
v 1.52640000 0.00000000 -1.72630000
v 1.52640000 2.19050000 -1.74430000
v 1.52640000 2.19050000 -1.72630000
v 1.52640000 2.19050000 -1.74430000
v 1.52640000 2.19050000 -1.72630000
v 1.85640000 2.19050000 -1.74430000
v 1.85640000 2.19050000 -1.72630000
v 1.85640000 2.19050000 -1.74430000
v 1.85640000 2.19050000 -1.72630000
v 1.85640000 0.00000000 -1.74430000
v 1.85640000 0.00000000 -1.72630000
v 1.85640000 2.19050000 -1.72630000
v 1.85640000 0.00000000 -1.72630000
v 1.52640000 0.00000000 -1.72630000
v 1.52640000 2.19050000 -1.72630000
f 4660 4657 4658
f 4659 4660 4658
f 4664 4661 4662
f 4664 4663 4661
f 4668 4665 4666
f 4668 4667 4665
f 4672 4669 4670
f 4672 4671 4669
f 4676 4673 4674
f 4676 4675 4673
f 4677 4679 4678
f 4680 4679 4677

o parete_div_master__DVT_124_CIELO
usemtl MULT.LAM.B.18mm 305x130
v 1.85640000 2.17250000 -0.23830000
v 1.85640000 2.17250000 -1.72630000
v 1.52640000 2.17250000 -1.72630000
v 1.52640000 2.17250000 -0.23830000
v 1.52640000 2.19050000 -0.23830000
v 1.85640000 2.19050000 -0.23830000
v 1.85640000 2.19050000 -1.72630000
v 1.52640000 2.19050000 -1.72630000
v 1.52640000 2.17250000 -0.23830000
v 1.52640000 2.19050000 -0.23830000
v 1.85640000 2.17250000 -0.23830000
v 1.85640000 2.19050000 -0.23830000
v 1.52640000 2.17250000 -1.72630000
v 1.52640000 2.19050000 -1.72630000
v 1.52640000 2.17250000 -0.23830000
v 1.52640000 2.19050000 -0.23830000
v 1.85640000 2.17250000 -1.72630000
v 1.85640000 2.19050000 -1.72630000
v 1.52640000 2.17250000 -1.72630000
v 1.52640000 2.19050000 -1.72630000
v 1.85640000 2.17250000 -0.23830000
v 1.85640000 2.19050000 -0.23830000
v 1.85640000 2.17250000 -1.72630000
v 1.85640000 2.19050000 -1.72630000
f 4683 4682 4681
f 4683 4681 4684
f 4688 4685 4686
f 4688 4686 4687
f 4692 4690 4689
f 4692 4689 4691
f 4695 4694 4693
f 4696 4694 4695
f 4700 4698 4697
f 4700 4697 4699
f 4703 4702 4701
f 4704 4702 4703

o parete_div_master__DVT_118_BASE
usemtl MULT.LAM.B.18mm 305x130
v 1.54940000 0.01250000 -0.23830000
v 1.83240000 0.01250000 -0.23830000
v 1.83240000 0.01250000 -1.72630000
v 1.54940000 0.01250000 -1.72630000
v 1.54940000 0.03050000 -0.23830000
v 1.54940000 0.03050000 -1.72630000
v 1.83240000 0.03050000 -0.23830000
v 1.83240000 0.03050000 -1.72630000
v 1.54940000 0.01250000 -0.23830000
v 1.54940000 0.03050000 -0.23830000
v 1.54940000 0.01250000 -1.72630000
v 1.54940000 0.03050000 -1.72630000
v 1.83240000 0.01250000 -1.72630000
v 1.83240000 0.03050000 -1.72630000
v 1.54940000 0.01250000 -1.72630000
v 1.54940000 0.03050000 -1.72630000
v 1.83240000 0.01250000 -1.72630000
v 1.83240000 0.03050000 -1.72630000
v 1.83240000 0.01250000 -0.23830000
v 1.83240000 0.03050000 -0.23830000
v 1.54940000 0.01250000 -0.23830000
v 1.54940000 0.03050000 -0.23830000
v 1.83240000 0.01250000 -0.23830000
v 1.83240000 0.03050000 -0.23830000
f 4708 4706 4705
f 4708 4707 4706
f 4710 4709 4711
f 4710 4711 4712
f 4715 4713 4714
f 4716 4715 4714
f 4720 4718 4717
f 4720 4717 4719
f 4723 4721 4722
f 4724 4723 4722
f 4728 4726 4725
f 4728 4725 4727

o parete_div_master__DVT_119_TRAV_REGBASSO
usemtl MULT.LAM.B.18mm 305x130
v 1.54940000 0.81850000 -0.23830000
v 1.83240000 0.81850000 -0.23830000
v 1.83240000 0.81850000 -1.72630000
v 1.54940000 0.81850000 -1.72630000
v 1.54940000 0.83650000 -0.23830000
v 1.54940000 0.83650000 -1.72630000
v 1.83240000 0.83650000 -0.23830000
v 1.83240000 0.83650000 -1.72630000
v 1.54940000 0.81850000 -0.23830000
v 1.54940000 0.83650000 -0.23830000
v 1.54940000 0.81850000 -1.72630000
v 1.54940000 0.83650000 -1.72630000
v 1.83240000 0.81850000 -1.72630000
v 1.83240000 0.83650000 -1.72630000
v 1.54940000 0.81850000 -1.72630000
v 1.54940000 0.83650000 -1.72630000
v 1.83240000 0.81850000 -1.72630000
v 1.83240000 0.83650000 -1.72630000
v 1.83240000 0.81850000 -0.23830000
v 1.83240000 0.83650000 -0.23830000
v 1.54940000 0.81850000 -0.23830000
v 1.54940000 0.83650000 -0.23830000
v 1.83240000 0.81850000 -0.23830000
v 1.83240000 0.83650000 -0.23830000
f 4732 4730 4729
f 4732 4731 4730
f 4734 4733 4735
f 4734 4735 4736
f 4739 4737 4738
f 4740 4739 4738
f 4744 4742 4741
f 4744 4741 4743
f 4747 4745 4746
f 4748 4747 4746
f 4752 4750 4749
f 4752 4749 4751

o parete_div_master__DVT_125_FIANCHETTO_BASSO
usemtl MULT.LAM.B.18mm 305x130
v 1.54940000 0.81850000 -0.23830000
v 1.54940000 0.03050000 -0.23830000
v 1.83240000 0.81850000 -0.23830000
v 1.83240000 0.03050000 -0.23830000
v 1.83240000 0.03050000 -0.25630000
v 1.54940000 0.03050000 -0.25630000
v 1.54940000 0.81850000 -0.25630000
v 1.83240000 0.81850000 -0.25630000
v 1.83240000 0.03050000 -0.23830000
v 1.83240000 0.03050000 -0.25630000
v 1.54940000 0.03050000 -0.23830000
v 1.54940000 0.03050000 -0.25630000
v 1.83240000 0.03050000 -0.23830000
v 1.83240000 0.03050000 -0.25630000
v 1.83240000 0.81850000 -0.23830000
v 1.83240000 0.81850000 -0.25630000
v 1.54940000 0.81850000 -0.23830000
v 1.54940000 0.81850000 -0.25630000
v 1.83240000 0.81850000 -0.23830000
v 1.83240000 0.81850000 -0.25630000
v 1.54940000 0.81850000 -0.23830000
v 1.54940000 0.81850000 -0.25630000
v 1.54940000 0.03050000 -0.23830000
v 1.54940000 0.03050000 -0.25630000
f 4755 4754 4756
f 4753 4754 4755
f 4760 4757 4758
f 4759 4760 4758
f 4764 4762 4761
f 4764 4761 4763
f 4768 4765 4766
f 4768 4767 4765
f 4772 4770 4769
f 4772 4769 4771
f 4776 4773 4774
f 4776 4775 4773

o parete_div_master__DVT_125_FIANCHETTO_BASSO_002
usemtl MULT.LAM.B.18mm 305x130
v 1.54940000 0.81850000 -0.68980000
v 1.54940000 0.03050000 -0.68980000
v 1.83240000 0.81850000 -0.68980000
v 1.83240000 0.03050000 -0.68980000
v 1.83240000 0.03050000 -0.70780000
v 1.54940000 0.03050000 -0.70780000
v 1.54940000 0.81850000 -0.70780000
v 1.83240000 0.81850000 -0.70780000
v 1.83240000 0.03050000 -0.68980000
v 1.83240000 0.03050000 -0.70780000
v 1.54940000 0.03050000 -0.68980000
v 1.54940000 0.03050000 -0.70780000
v 1.83240000 0.03050000 -0.68980000
v 1.83240000 0.03050000 -0.70780000
v 1.83240000 0.81850000 -0.68980000
v 1.83240000 0.81850000 -0.70780000
v 1.54940000 0.81850000 -0.68980000
v 1.54940000 0.81850000 -0.70780000
v 1.83240000 0.81850000 -0.68980000
v 1.83240000 0.81850000 -0.70780000
v 1.54940000 0.81850000 -0.68980000
v 1.54940000 0.81850000 -0.70780000
v 1.54940000 0.03050000 -0.68980000
v 1.54940000 0.03050000 -0.70780000
f 4779 4778 4780
f 4777 4778 4779
f 4784 4781 4782
f 4783 4784 4782
f 4788 4786 4785
f 4788 4785 4787
f 4792 4789 4790
f 4792 4791 4789
f 4796 4794 4793
f 4796 4793 4795
f 4800 4797 4798
f 4800 4799 4797

o parete_div_master__DVT_125_FIANCHETTO_BASSO_003
usemtl MULT.LAM.B.18mm 305x130
v 1.54940000 0.81850000 -1.25680000
v 1.54940000 0.03050000 -1.25680000
v 1.83240000 0.81850000 -1.25680000
v 1.83240000 0.03050000 -1.25680000
v 1.83240000 0.03050000 -1.27480000
v 1.54940000 0.03050000 -1.27480000
v 1.54940000 0.81850000 -1.27480000
v 1.83240000 0.81850000 -1.27480000
v 1.83240000 0.03050000 -1.25680000
v 1.83240000 0.03050000 -1.27480000
v 1.54940000 0.03050000 -1.25680000
v 1.54940000 0.03050000 -1.27480000
v 1.83240000 0.03050000 -1.25680000
v 1.83240000 0.03050000 -1.27480000
v 1.83240000 0.81850000 -1.25680000
v 1.83240000 0.81850000 -1.27480000
v 1.54940000 0.81850000 -1.25680000
v 1.54940000 0.81850000 -1.27480000
v 1.83240000 0.81850000 -1.25680000
v 1.83240000 0.81850000 -1.27480000
v 1.54940000 0.81850000 -1.25680000
v 1.54940000 0.81850000 -1.27480000
v 1.54940000 0.03050000 -1.25680000
v 1.54940000 0.03050000 -1.27480000
f 4803 4802 4804
f 4801 4802 4803
f 4808 4805 4806
f 4807 4808 4806
f 4812 4810 4809
f 4812 4809 4811
f 4816 4813 4814
f 4816 4815 4813
f 4820 4818 4817
f 4820 4817 4819
f 4824 4821 4822
f 4824 4823 4821

o parete_div_master__DVT_125_FIANCHETTO_BASSO_004
usemtl MULT.LAM.B.18mm 305x130
v 1.54940000 0.81850000 -1.70830000
v 1.54940000 0.03050000 -1.70830000
v 1.83240000 0.81850000 -1.70830000
v 1.83240000 0.03050000 -1.70830000
v 1.83240000 0.03050000 -1.72630000
v 1.54940000 0.03050000 -1.72630000
v 1.54940000 0.81850000 -1.72630000
v 1.83240000 0.81850000 -1.72630000
v 1.83240000 0.03050000 -1.70830000
v 1.83240000 0.03050000 -1.72630000
v 1.54940000 0.03050000 -1.70830000
v 1.54940000 0.03050000 -1.72630000
v 1.83240000 0.03050000 -1.70830000
v 1.83240000 0.03050000 -1.72630000
v 1.83240000 0.81850000 -1.70830000
v 1.83240000 0.81850000 -1.72630000
v 1.54940000 0.81850000 -1.70830000
v 1.54940000 0.81850000 -1.72630000
v 1.83240000 0.81850000 -1.70830000
v 1.83240000 0.81850000 -1.72630000
v 1.54940000 0.81850000 -1.70830000
v 1.54940000 0.81850000 -1.72630000
v 1.54940000 0.03050000 -1.70830000
v 1.54940000 0.03050000 -1.72630000
f 4825 4828 4827
f 4825 4826 4828
f 4831 4829 4830
f 4831 4832 4829
f 4836 4834 4833
f 4836 4833 4835
f 4840 4837 4838
f 4840 4839 4837
f 4844 4842 4841
f 4844 4841 4843
f 4848 4845 4846
f 4848 4847 4845

o parete_div_master__DVT_127_RIPIANO
usemtl MULT.LAM.B.18mm 305x130
v 1.54940000 0.41150000 -0.25680000
v 1.81940000 0.41150000 -0.25680000
v 1.81940000 0.41150000 -0.68930000
v 1.54940000 0.41150000 -0.68930000
v 1.54940000 0.42950000 -0.25680000
v 1.54940000 0.42950000 -0.68930000
v 1.81940000 0.42950000 -0.25680000
v 1.81940000 0.42950000 -0.68930000
v 1.54940000 0.41150000 -0.25680000
v 1.54940000 0.42950000 -0.25680000
v 1.54940000 0.41150000 -0.68930000
v 1.54940000 0.42950000 -0.68930000
v 1.81940000 0.41150000 -0.68930000
v 1.81940000 0.42950000 -0.68930000
v 1.54940000 0.41150000 -0.68930000
v 1.54940000 0.42950000 -0.68930000
v 1.81940000 0.41150000 -0.68930000
v 1.81940000 0.42950000 -0.68930000
v 1.81940000 0.41150000 -0.25680000
v 1.81940000 0.42950000 -0.25680000
v 1.54940000 0.41150000 -0.25680000
v 1.54940000 0.42950000 -0.25680000
v 1.81940000 0.41150000 -0.25680000
v 1.81940000 0.42950000 -0.25680000
f 4852 4850 4849
f 4852 4851 4850
f 4854 4853 4855
f 4854 4855 4856
f 4860 4857 4858
f 4860 4859 4857
f 4863 4862 4861
f 4864 4862 4863
f 4868 4865 4866
f 4868 4867 4865
f 4871 4870 4869
f 4872 4870 4871

o parete_div_master__DVT_127_RIPIANO_002
usemtl MULT.LAM.B.18mm 305x130
v 1.54940000 0.41150000 -1.27530000
v 1.81940000 0.41150000 -1.27530000
v 1.81940000 0.41150000 -1.70780000
v 1.54940000 0.41150000 -1.70780000
v 1.54940000 0.42950000 -1.27530000
v 1.54940000 0.42950000 -1.70780000
v 1.81940000 0.42950000 -1.27530000
v 1.81940000 0.42950000 -1.70780000
v 1.54940000 0.41150000 -1.27530000
v 1.54940000 0.42950000 -1.27530000
v 1.54940000 0.41150000 -1.70780000
v 1.54940000 0.42950000 -1.70780000
v 1.81940000 0.41150000 -1.70780000
v 1.81940000 0.42950000 -1.70780000
v 1.54940000 0.41150000 -1.70780000
v 1.54940000 0.42950000 -1.70780000
v 1.81940000 0.41150000 -1.70780000
v 1.81940000 0.42950000 -1.70780000
v 1.81940000 0.41150000 -1.27530000
v 1.81940000 0.42950000 -1.27530000
v 1.54940000 0.41150000 -1.27530000
v 1.54940000 0.42950000 -1.27530000
v 1.81940000 0.41150000 -1.27530000
v 1.81940000 0.42950000 -1.27530000
f 4876 4874 4873
f 4876 4875 4874
f 4878 4877 4879
f 4878 4879 4880
f 4884 4881 4882
f 4884 4883 4881
f 4887 4886 4885
f 4888 4886 4887
f 4892 4889 4890
f 4892 4891 4889
f 4895 4894 4893
f 4896 4894 4895

o parete_div_master__DVT_130_ANTA_BASSA_SX
usemtl MULT.LAM.B.18mm 305x130
v 1.83340000 0.84150000 -0.24130000
v 1.83340000 -0.00050000 -0.24130000
v 1.83340000 0.84150000 -0.69730000
v 1.83340000 -0.00050000 -0.69730000
v 1.83340000 0.84150000 -0.24130000
v 1.85140000 0.84150000 -0.24130000
v 1.83340000 -0.00050000 -0.24130000
v 1.85140000 -0.00050000 -0.24130000
v 1.83340000 0.84150000 -0.24130000
v 1.85140000 0.84150000 -0.24130000
v 1.83340000 0.84150000 -0.69730000
v 1.85140000 0.84150000 -0.69730000
v 1.83340000 0.84150000 -0.69730000
v 1.85140000 0.84150000 -0.69730000
v 1.83340000 -0.00050000 -0.69730000
v 1.85140000 -0.00050000 -0.69730000
v 1.83340000 -0.00050000 -0.24130000
v 1.85140000 -0.00050000 -0.24130000
v 1.83340000 -0.00050000 -0.69730000
v 1.85140000 -0.00050000 -0.69730000
v 1.85140000 -0.00050000 -0.24130000
v 1.85140000 -0.00050000 -0.69730000
v 1.85140000 0.84150000 -0.24130000
v 1.85140000 0.84150000 -0.69730000
f 4899 4898 4897
f 4899 4900 4898
f 4904 4902 4901
f 4904 4901 4903
f 4908 4905 4906
f 4908 4907 4905
f 4912 4909 4910
f 4912 4911 4909
f 4916 4914 4913
f 4916 4913 4915
f 4920 4917 4918
f 4920 4919 4917

o parete_div_master__DVT_131_ANTA_BASSA_CEN
usemtl MULT.LAM.B.18mm 305x130
v 1.83340000 0.84150000 -0.70030000
v 1.83340000 -0.00050000 -0.70030000
v 1.83340000 0.84150000 -1.26430000
v 1.83340000 -0.00050000 -1.26430000
v 1.83340000 0.84150000 -0.70030000
v 1.85140000 0.84150000 -0.70030000
v 1.83340000 -0.00050000 -0.70030000
v 1.85140000 -0.00050000 -0.70030000
v 1.83340000 0.84150000 -0.70030000
v 1.85140000 0.84150000 -0.70030000
v 1.83340000 0.84150000 -1.26430000
v 1.85140000 0.84150000 -1.26430000
v 1.83340000 0.84150000 -1.26430000
v 1.85140000 0.84150000 -1.26430000
v 1.83340000 -0.00050000 -1.26430000
v 1.85140000 -0.00050000 -1.26430000
v 1.83340000 -0.00050000 -0.70030000
v 1.85140000 -0.00050000 -0.70030000
v 1.83340000 -0.00050000 -1.26430000
v 1.85140000 -0.00050000 -1.26430000
v 1.85140000 -0.00050000 -0.70030000
v 1.85140000 -0.00050000 -1.26430000
v 1.85140000 0.84150000 -0.70030000
v 1.85140000 0.84150000 -1.26430000
f 4923 4922 4921
f 4923 4924 4922
f 4928 4926 4925
f 4928 4925 4927
f 4931 4929 4930
f 4932 4931 4930
f 4936 4933 4934
f 4936 4935 4933
f 4939 4938 4937
f 4940 4938 4939
f 4944 4941 4942
f 4944 4943 4941

o parete_div_master__DVT_132_ANTA_BASSA_DX
usemtl MULT.LAM.B.18mm 305x130
v 1.83340000 0.84150000 -1.26730000
v 1.83340000 -0.00050000 -1.26730000
v 1.83340000 0.84150000 -1.72330000
v 1.83340000 -0.00050000 -1.72330000
v 1.83340000 0.84150000 -1.26730000
v 1.85140000 0.84150000 -1.26730000
v 1.83340000 -0.00050000 -1.26730000
v 1.85140000 -0.00050000 -1.26730000
v 1.83340000 0.84150000 -1.26730000
v 1.85140000 0.84150000 -1.26730000
v 1.83340000 0.84150000 -1.72330000
v 1.85140000 0.84150000 -1.72330000
v 1.83340000 0.84150000 -1.72330000
v 1.85140000 0.84150000 -1.72330000
v 1.83340000 -0.00050000 -1.72330000
v 1.85140000 -0.00050000 -1.72330000
v 1.83340000 -0.00050000 -1.26730000
v 1.85140000 -0.00050000 -1.26730000
v 1.83340000 -0.00050000 -1.72330000
v 1.85140000 -0.00050000 -1.72330000
v 1.85140000 -0.00050000 -1.26730000
v 1.85140000 -0.00050000 -1.72330000
v 1.85140000 0.84150000 -1.26730000
v 1.85140000 0.84150000 -1.72330000
f 4945 4948 4946
f 4947 4948 4945
f 4952 4950 4949
f 4952 4949 4951
f 4956 4953 4954
f 4956 4955 4953
f 4960 4957 4958
f 4960 4959 4957
f 4964 4962 4961
f 4964 4961 4963
f 4967 4965 4966
f 4968 4967 4966

o parete_div_master__DVT_159_PANNCAM_BASSO_SX
usemtl MULT.LAM.B.18mm 305x130
v 1.53140000 0.84150000 -0.24130000
v 1.53140000 -0.00050000 -0.24130000
v 1.53140000 0.84150000 -0.69730000
v 1.53140000 -0.00050000 -0.69730000
v 1.53140000 0.84150000 -0.24130000
v 1.54940000 0.84150000 -0.24130000
v 1.53140000 -0.00050000 -0.24130000
v 1.54940000 -0.00050000 -0.24130000
v 1.53140000 0.84150000 -0.24130000
v 1.54940000 0.84150000 -0.24130000
v 1.53140000 0.84150000 -0.69730000
v 1.54940000 0.84150000 -0.69730000
v 1.53140000 0.84150000 -0.69730000
v 1.54940000 0.84150000 -0.69730000
v 1.53140000 -0.00050000 -0.69730000
v 1.54940000 -0.00050000 -0.69730000
v 1.53140000 -0.00050000 -0.24130000
v 1.54940000 -0.00050000 -0.24130000
v 1.53140000 -0.00050000 -0.69730000
v 1.54940000 -0.00050000 -0.69730000
v 1.54940000 -0.00050000 -0.24130000
v 1.54940000 -0.00050000 -0.69730000
v 1.54940000 0.84150000 -0.24130000
v 1.54940000 0.84150000 -0.69730000
f 4971 4970 4969
f 4971 4972 4970
f 4976 4974 4973
f 4976 4973 4975
f 4980 4977 4978
f 4980 4979 4977
f 4984 4981 4982
f 4984 4983 4981
f 4988 4986 4985
f 4988 4985 4987
f 4992 4989 4990
f 4992 4991 4989

o parete_div_master__DVT_160_PANNCAM_BASSO_CEN
usemtl MULT.LAM.B.18mm 305x130
v 1.53140000 0.84150000 -0.70030000
v 1.53140000 -0.00050000 -0.70030000
v 1.53140000 0.84150000 -1.26430000
v 1.53140000 -0.00050000 -1.26430000
v 1.53140000 0.84150000 -0.70030000
v 1.54940000 0.84150000 -0.70030000
v 1.53140000 -0.00050000 -0.70030000
v 1.54940000 -0.00050000 -0.70030000
v 1.53140000 0.84150000 -0.70030000
v 1.54940000 0.84150000 -0.70030000
v 1.53140000 0.84150000 -1.26430000
v 1.54940000 0.84150000 -1.26430000
v 1.53140000 0.84150000 -1.26430000
v 1.54940000 0.84150000 -1.26430000
v 1.53140000 -0.00050000 -1.26430000
v 1.54940000 -0.00050000 -1.26430000
v 1.53140000 -0.00050000 -0.70030000
v 1.54940000 -0.00050000 -0.70030000
v 1.53140000 -0.00050000 -1.26430000
v 1.54940000 -0.00050000 -1.26430000
v 1.54940000 -0.00050000 -0.70030000
v 1.54940000 -0.00050000 -1.26430000
v 1.54940000 0.84150000 -0.70030000
v 1.54940000 0.84150000 -1.26430000
f 4995 4994 4993
f 4995 4996 4994
f 5000 4998 4997
f 5000 4997 4999
f 5003 5001 5002
f 5004 5003 5002
f 5008 5005 5006
f 5008 5007 5005
f 5011 5010 5009
f 5012 5010 5011
f 5016 5013 5014
f 5016 5015 5013

o parete_div_master__DVT_161_PANNCAM_BASSO_DX
usemtl MULT.LAM.B.18mm 305x130
v 1.53140000 0.84150000 -1.26730000
v 1.53140000 -0.00050000 -1.26730000
v 1.53140000 0.84150000 -1.72330000
v 1.53140000 -0.00050000 -1.72330000
v 1.53140000 0.84150000 -1.26730000
v 1.54940000 0.84150000 -1.26730000
v 1.53140000 -0.00050000 -1.26730000
v 1.54940000 -0.00050000 -1.26730000
v 1.53140000 0.84150000 -1.26730000
v 1.54940000 0.84150000 -1.26730000
v 1.53140000 0.84150000 -1.72330000
v 1.54940000 0.84150000 -1.72330000
v 1.53140000 0.84150000 -1.72330000
v 1.54940000 0.84150000 -1.72330000
v 1.53140000 -0.00050000 -1.72330000
v 1.54940000 -0.00050000 -1.72330000
v 1.53140000 -0.00050000 -1.26730000
v 1.54940000 -0.00050000 -1.26730000
v 1.53140000 -0.00050000 -1.72330000
v 1.54940000 -0.00050000 -1.72330000
v 1.54940000 -0.00050000 -1.26730000
v 1.54940000 -0.00050000 -1.72330000
v 1.54940000 0.84150000 -1.26730000
v 1.54940000 0.84150000 -1.72330000
f 5017 5020 5018
f 5019 5020 5017
f 5024 5022 5021
f 5024 5021 5023
f 5028 5025 5026
f 5028 5027 5025
f 5032 5029 5030
f 5032 5031 5029
f 5036 5034 5033
f 5036 5033 5035
f 5039 5037 5038
f 5040 5039 5038

o parete_div_master__DVT_120_TRAVONE1
usemtl MULT. PP/PLAC.SP30 CERA
v 1.85640000 0.86650000 -0.23830000
v 1.85640000 0.86650000 -1.72630000
v 1.52640000 0.86650000 -1.72630000
v 1.52640000 0.86650000 -0.23830000
v 1.52640000 0.89650000 -0.23830000
v 1.85640000 0.89650000 -0.23830000
v 1.85640000 0.89650000 -1.72630000
v 1.52640000 0.89650000 -1.72630000
v 1.52640000 0.86650000 -0.23830000
v 1.52640000 0.89650000 -0.23830000
v 1.85640000 0.86650000 -0.23830000
v 1.85640000 0.89650000 -0.23830000
v 1.52640000 0.86650000 -1.72630000
v 1.52640000 0.89650000 -1.72630000
v 1.52640000 0.86650000 -0.23830000
v 1.52640000 0.89650000 -0.23830000
v 1.85640000 0.86650000 -1.72630000
v 1.85640000 0.89650000 -1.72630000
v 1.52640000 0.86650000 -1.72630000
v 1.52640000 0.89650000 -1.72630000
v 1.85640000 0.86650000 -0.23830000
v 1.85640000 0.89650000 -0.23830000
v 1.85640000 0.86650000 -1.72630000
v 1.85640000 0.89650000 -1.72630000
f 5043 5042 5041
f 5043 5041 5044
f 5048 5045 5046
f 5048 5046 5047
f 5052 5050 5049
f 5052 5049 5051
f 5056 5054 5053
f 5056 5053 5055
f 5059 5058 5057
f 5060 5058 5059
f 5064 5062 5061
f 5064 5061 5063

o parete_div_master__DVT_121_TRAVONE2
usemtl MULT. PP/PLAC.SP30 CERA
v 1.85640000 1.69250000 -0.23830000
v 1.85640000 1.69250000 -1.72630000
v 1.52640000 1.69250000 -1.72630000
v 1.52640000 1.69250000 -0.23830000
v 1.52640000 1.72250000 -0.23830000
v 1.85640000 1.72250000 -0.23830000
v 1.85640000 1.72250000 -1.72630000
v 1.52640000 1.72250000 -1.72630000
v 1.52640000 1.69250000 -0.23830000
v 1.52640000 1.72250000 -0.23830000
v 1.85640000 1.69250000 -0.23830000
v 1.85640000 1.72250000 -0.23830000
v 1.52640000 1.69250000 -1.72630000
v 1.52640000 1.72250000 -1.72630000
v 1.52640000 1.69250000 -0.23830000
v 1.52640000 1.72250000 -0.23830000
v 1.85640000 1.69250000 -1.72630000
v 1.85640000 1.72250000 -1.72630000
v 1.52640000 1.69250000 -1.72630000
v 1.52640000 1.72250000 -1.72630000
v 1.85640000 1.69250000 -0.23830000
v 1.85640000 1.72250000 -0.23830000
v 1.85640000 1.69250000 -1.72630000
v 1.85640000 1.72250000 -1.72630000
f 5067 5066 5065
f 5067 5065 5068
f 5072 5069 5070
f 5072 5070 5071
f 5076 5074 5073
f 5076 5073 5075
f 5080 5078 5077
f 5080 5077 5079
f 5083 5082 5081
f 5084 5082 5083
f 5088 5086 5085
f 5088 5085 5087

o parete_div_master__DVT_167_DISTANZIALE_TRAVONI
usemtl MULT.LAM.B.18mm 305x130
v 1.81340000 0.83650000 -0.23830000
v 1.81340000 0.83650000 -1.72630000
v 1.79540000 0.83650000 -1.72630000
v 1.79540000 0.83650000 -0.23830000
v 1.79540000 0.86650000 -0.23830000
v 1.81340000 0.86650000 -0.23830000
v 1.81340000 0.86650000 -1.72630000
v 1.79540000 0.86650000 -1.72630000
v 1.79540000 0.83650000 -0.23830000
v 1.79540000 0.86650000 -0.23830000
v 1.81340000 0.83650000 -0.23830000
v 1.81340000 0.86650000 -0.23830000
v 1.79540000 0.83650000 -1.72630000
v 1.79540000 0.86650000 -1.72630000
v 1.79540000 0.83650000 -0.23830000
v 1.79540000 0.86650000 -0.23830000
v 1.81340000 0.83650000 -1.72630000
v 1.81340000 0.86650000 -1.72630000
v 1.79540000 0.83650000 -1.72630000
v 1.79540000 0.86650000 -1.72630000
v 1.81340000 0.83650000 -0.23830000
v 1.81340000 0.86650000 -0.23830000
v 1.81340000 0.83650000 -1.72630000
v 1.81340000 0.86650000 -1.72630000
f 5090 5089 5092
f 5091 5090 5092
f 5095 5093 5094
f 5096 5093 5095
f 5098 5097 5099
f 5100 5098 5099
f 5104 5102 5101
f 5104 5101 5103
f 5106 5105 5107
f 5108 5106 5107
f 5112 5110 5109
f 5112 5109 5111

o parete_div_master__DVT_167_DISTANZIALE_TRAVONI_002
usemtl MULT.LAM.B.18mm 305x130
v 1.58740000 0.83650000 -0.23830000
v 1.58740000 0.83650000 -1.72630000
v 1.56940000 0.83650000 -1.72630000
v 1.56940000 0.83650000 -0.23830000
v 1.56940000 0.86650000 -0.23830000
v 1.58740000 0.86650000 -0.23830000
v 1.58740000 0.86650000 -1.72630000
v 1.56940000 0.86650000 -1.72630000
v 1.56940000 0.83650000 -0.23830000
v 1.56940000 0.86650000 -0.23830000
v 1.58740000 0.83650000 -0.23830000
v 1.58740000 0.86650000 -0.23830000
v 1.56940000 0.83650000 -1.72630000
v 1.56940000 0.86650000 -1.72630000
v 1.56940000 0.83650000 -0.23830000
v 1.56940000 0.86650000 -0.23830000
v 1.58740000 0.83650000 -1.72630000
v 1.58740000 0.86650000 -1.72630000
v 1.56940000 0.83650000 -1.72630000
v 1.56940000 0.86650000 -1.72630000
v 1.58740000 0.83650000 -0.23830000
v 1.58740000 0.86650000 -0.23830000
v 1.58740000 0.83650000 -1.72630000
v 1.58740000 0.86650000 -1.72630000
f 5114 5113 5116
f 5115 5114 5116
f 5119 5117 5118
f 5120 5117 5119
f 5122 5121 5123
f 5124 5122 5123
f 5128 5126 5125
f 5128 5125 5127
f 5130 5129 5131
f 5132 5130 5131
f 5136 5134 5133
f 5136 5133 5135

o parete_div_master__DVT_167_DISTANZIALE_TRAVONI_003
usemtl MULT.LAM.B.18mm 305x130
v 1.81340000 1.72250000 -0.23830000
v 1.81340000 1.72250000 -1.72630000
v 1.79540000 1.72250000 -1.72630000
v 1.79540000 1.72250000 -0.23830000
v 1.79540000 1.75250000 -0.23830000
v 1.81340000 1.75250000 -0.23830000
v 1.81340000 1.75250000 -1.72630000
v 1.79540000 1.75250000 -1.72630000
v 1.79540000 1.72250000 -0.23830000
v 1.79540000 1.75250000 -0.23830000
v 1.81340000 1.72250000 -0.23830000
v 1.81340000 1.75250000 -0.23830000
v 1.79540000 1.72250000 -1.72630000
v 1.79540000 1.75250000 -1.72630000
v 1.79540000 1.72250000 -0.23830000
v 1.79540000 1.75250000 -0.23830000
v 1.81340000 1.72250000 -1.72630000
v 1.81340000 1.75250000 -1.72630000
v 1.79540000 1.72250000 -1.72630000
v 1.79540000 1.75250000 -1.72630000
v 1.81340000 1.72250000 -0.23830000
v 1.81340000 1.75250000 -0.23830000
v 1.81340000 1.72250000 -1.72630000
v 1.81340000 1.75250000 -1.72630000
f 5138 5137 5140
f 5139 5138 5140
f 5143 5141 5142
f 5144 5141 5143
f 5146 5145 5147
f 5148 5146 5147
f 5152 5150 5149
f 5152 5149 5151
f 5154 5153 5155
f 5156 5154 5155
f 5160 5158 5157
f 5160 5157 5159

o parete_div_master__DVT_167_DISTANZIALE_TRAVONI_004
usemtl MULT.LAM.B.18mm 305x130
v 1.58740000 1.72250000 -0.23830000
v 1.58740000 1.72250000 -1.72630000
v 1.56940000 1.72250000 -1.72630000
v 1.56940000 1.72250000 -0.23830000
v 1.56940000 1.75250000 -0.23830000
v 1.58740000 1.75250000 -0.23830000
v 1.58740000 1.75250000 -1.72630000
v 1.56940000 1.75250000 -1.72630000
v 1.56940000 1.72250000 -0.23830000
v 1.56940000 1.75250000 -0.23830000
v 1.58740000 1.72250000 -0.23830000
v 1.58740000 1.75250000 -0.23830000
v 1.56940000 1.72250000 -1.72630000
v 1.56940000 1.75250000 -1.72630000
v 1.56940000 1.72250000 -0.23830000
v 1.56940000 1.75250000 -0.23830000
v 1.58740000 1.72250000 -1.72630000
v 1.58740000 1.75250000 -1.72630000
v 1.56940000 1.72250000 -1.72630000
v 1.56940000 1.75250000 -1.72630000
v 1.58740000 1.72250000 -0.23830000
v 1.58740000 1.75250000 -0.23830000
v 1.58740000 1.72250000 -1.72630000
v 1.58740000 1.75250000 -1.72630000
f 5162 5161 5164
f 5163 5162 5164
f 5167 5165 5166
f 5168 5165 5167
f 5170 5169 5171
f 5172 5170 5171
f 5176 5174 5173
f 5176 5173 5175
f 5178 5177 5179
f 5180 5178 5179
f 5184 5182 5181
f 5184 5181 5183

o parete_div_master__DVT_165_PANNELLO_TV_LIVING
usemtl MULT.LAM.B.18mm 305x130
v 1.74640000 1.69250000 -0.23830000
v 1.74640000 0.89650000 -0.23830000
v 1.74640000 1.69250000 -1.72630000
v 1.74640000 0.89650000 -1.72630000
v 1.72840000 0.89650000 -0.23830000
v 1.72840000 0.89650000 -1.72630000
v 1.72840000 1.69250000 -0.23830000
v 1.72840000 1.69250000 -1.72630000
v 1.74640000 0.89650000 -0.23830000
v 1.72840000 0.89650000 -0.23830000
v 1.74640000 0.89650000 -1.72630000
v 1.72840000 0.89650000 -1.72630000
v 1.74640000 1.69250000 -1.72630000
v 1.72840000 1.69250000 -1.72630000
v 1.74640000 0.89650000 -1.72630000
v 1.72840000 0.89650000 -1.72630000
v 1.74640000 1.69250000 -0.23830000
v 1.72840000 1.69250000 -0.23830000
v 1.74640000 1.69250000 -1.72630000
v 1.72840000 1.69250000 -1.72630000
v 1.74640000 1.69250000 -0.23830000
v 1.72840000 1.69250000 -0.23830000
v 1.74640000 0.89650000 -0.23830000
v 1.72840000 0.89650000 -0.23830000
f 5187 5185 5186
f 5187 5186 5188
f 5192 5190 5189
f 5192 5189 5191
f 5195 5193 5194
f 5196 5195 5194
f 5199 5198 5197
f 5200 5198 5199
f 5203 5202 5201
f 5204 5202 5203
f 5207 5205 5206
f 5208 5207 5206

o parete_div_master__DVT_166_PANNELLO_TV_CAMERA
usemtl MULT.LAM.B.18mm 305x130
v 1.58040000 1.69250000 -0.23830000
v 1.58040000 0.89650000 -0.23830000
v 1.58040000 1.69250000 -1.72630000
v 1.58040000 0.89650000 -1.72630000
v 1.56240000 0.89650000 -0.23830000
v 1.56240000 0.89650000 -1.72630000
v 1.56240000 1.69250000 -0.23830000
v 1.56240000 1.69250000 -1.72630000
v 1.58040000 0.89650000 -0.23830000
v 1.56240000 0.89650000 -0.23830000
v 1.58040000 0.89650000 -1.72630000
v 1.56240000 0.89650000 -1.72630000
v 1.58040000 1.69250000 -1.72630000
v 1.56240000 1.69250000 -1.72630000
v 1.58040000 0.89650000 -1.72630000
v 1.56240000 0.89650000 -1.72630000
v 1.58040000 1.69250000 -0.23830000
v 1.56240000 1.69250000 -0.23830000
v 1.58040000 1.69250000 -1.72630000
v 1.56240000 1.69250000 -1.72630000
v 1.58040000 1.69250000 -0.23830000
v 1.56240000 1.69250000 -0.23830000
v 1.58040000 0.89650000 -0.23830000
v 1.56240000 0.89650000 -0.23830000
f 5211 5209 5210
f 5211 5210 5212
f 5216 5214 5213
f 5216 5213 5215
f 5219 5217 5218
f 5220 5219 5218
f 5223 5222 5221
f 5224 5222 5223
f 5227 5226 5225
f 5228 5226 5227
f 5231 5229 5230
f 5232 5231 5230

o parete_div_master__DVT_122_TRAV_REGALTO
usemtl MULT.LAM.B.18mm 305x130
v 1.54940000 1.75250000 -0.23830000
v 1.83240000 1.75250000 -0.23830000
v 1.83240000 1.75250000 -1.72630000
v 1.54940000 1.75250000 -1.72630000
v 1.54940000 1.77050000 -0.23830000
v 1.54940000 1.77050000 -1.72630000
v 1.83240000 1.77050000 -0.23830000
v 1.83240000 1.77050000 -1.72630000
v 1.54940000 1.75250000 -0.23830000
v 1.54940000 1.77050000 -0.23830000
v 1.54940000 1.75250000 -1.72630000
v 1.54940000 1.77050000 -1.72630000
v 1.83240000 1.75250000 -1.72630000
v 1.83240000 1.77050000 -1.72630000
v 1.54940000 1.75250000 -1.72630000
v 1.54940000 1.77050000 -1.72630000
v 1.83240000 1.75250000 -1.72630000
v 1.83240000 1.77050000 -1.72630000
v 1.83240000 1.75250000 -0.23830000
v 1.83240000 1.77050000 -0.23830000
v 1.54940000 1.75250000 -0.23830000
v 1.54940000 1.77050000 -0.23830000
v 1.83240000 1.75250000 -0.23830000
v 1.83240000 1.77050000 -0.23830000
f 5236 5234 5233
f 5236 5235 5234
f 5238 5237 5239
f 5238 5239 5240
f 5243 5241 5242
f 5244 5243 5242
f 5248 5246 5245
f 5248 5245 5247
f 5251 5249 5250
f 5252 5251 5250
f 5256 5254 5253
f 5256 5253 5255

o parete_div_master__DVT_123_TRAV_SOTTOCIELO
usemtl MULT.LAM.B.18mm 305x130
v 1.54940000 2.15450000 -0.23830000
v 1.83240000 2.15450000 -0.23830000
v 1.83240000 2.15450000 -1.72630000
v 1.54940000 2.15450000 -1.72630000
v 1.54940000 2.17250000 -0.23830000
v 1.54940000 2.17250000 -1.72630000
v 1.83240000 2.17250000 -0.23830000
v 1.83240000 2.17250000 -1.72630000
v 1.54940000 2.15450000 -0.23830000
v 1.54940000 2.17250000 -0.23830000
v 1.54940000 2.15450000 -1.72630000
v 1.54940000 2.17250000 -1.72630000
v 1.83240000 2.15450000 -1.72630000
v 1.83240000 2.17250000 -1.72630000
v 1.54940000 2.15450000 -1.72630000
v 1.54940000 2.17250000 -1.72630000
v 1.83240000 2.15450000 -1.72630000
v 1.83240000 2.17250000 -1.72630000
v 1.83240000 2.15450000 -0.23830000
v 1.83240000 2.17250000 -0.23830000
v 1.54940000 2.15450000 -0.23830000
v 1.54940000 2.17250000 -0.23830000
v 1.83240000 2.15450000 -0.23830000
v 1.83240000 2.17250000 -0.23830000
f 5260 5258 5257
f 5260 5259 5258
f 5262 5261 5263
f 5262 5263 5264
f 5267 5265 5266
f 5268 5267 5266
f 5272 5270 5269
f 5272 5269 5271
f 5275 5273 5274
f 5276 5275 5274
f 5280 5278 5277
f 5280 5277 5279

o parete_div_master__DVT_126_FIANCHETTO_ALTO
usemtl MULT.LAM.B.18mm 305x130
v 1.54940000 2.15450000 -0.23830000
v 1.54940000 1.77050000 -0.23830000
v 1.83240000 2.15450000 -0.23830000
v 1.83240000 1.77050000 -0.23830000
v 1.83240000 1.77050000 -0.25630000
v 1.54940000 1.77050000 -0.25630000
v 1.54940000 2.15450000 -0.25630000
v 1.83240000 2.15450000 -0.25630000
v 1.83240000 1.77050000 -0.23830000
v 1.83240000 1.77050000 -0.25630000
v 1.54940000 1.77050000 -0.23830000
v 1.54940000 1.77050000 -0.25630000
v 1.83240000 1.77050000 -0.23830000
v 1.83240000 1.77050000 -0.25630000
v 1.83240000 2.15450000 -0.23830000
v 1.83240000 2.15450000 -0.25630000
v 1.54940000 2.15450000 -0.23830000
v 1.54940000 2.15450000 -0.25630000
v 1.83240000 2.15450000 -0.23830000
v 1.83240000 2.15450000 -0.25630000
v 1.54940000 2.15450000 -0.23830000
v 1.54940000 2.15450000 -0.25630000
v 1.54940000 1.77050000 -0.23830000
v 1.54940000 1.77050000 -0.25630000
f 5281 5284 5283
f 5281 5282 5284
f 5287 5285 5286
f 5287 5288 5285
f 5292 5290 5289
f 5292 5289 5291
f 5296 5293 5294
f 5296 5295 5293
f 5300 5298 5297
f 5300 5297 5299
f 5304 5301 5302
f 5304 5303 5301

o parete_div_master__DVT_126_FIANCHETTO_ALTO_002
usemtl MULT.LAM.B.18mm 305x130
v 1.54940000 2.15450000 -0.68980000
v 1.54940000 1.77050000 -0.68980000
v 1.83240000 2.15450000 -0.68980000
v 1.83240000 1.77050000 -0.68980000
v 1.83240000 1.77050000 -0.70780000
v 1.54940000 1.77050000 -0.70780000
v 1.54940000 2.15450000 -0.70780000
v 1.83240000 2.15450000 -0.70780000
v 1.83240000 1.77050000 -0.68980000
v 1.83240000 1.77050000 -0.70780000
v 1.54940000 1.77050000 -0.68980000
v 1.54940000 1.77050000 -0.70780000
v 1.83240000 1.77050000 -0.68980000
v 1.83240000 1.77050000 -0.70780000
v 1.83240000 2.15450000 -0.68980000
v 1.83240000 2.15450000 -0.70780000
v 1.54940000 2.15450000 -0.68980000
v 1.54940000 2.15450000 -0.70780000
v 1.83240000 2.15450000 -0.68980000
v 1.83240000 2.15450000 -0.70780000
v 1.54940000 2.15450000 -0.68980000
v 1.54940000 2.15450000 -0.70780000
v 1.54940000 1.77050000 -0.68980000
v 1.54940000 1.77050000 -0.70780000
f 5305 5308 5307
f 5305 5306 5308
f 5311 5309 5310
f 5311 5312 5309
f 5316 5314 5313
f 5316 5313 5315
f 5320 5317 5318
f 5320 5319 5317
f 5324 5322 5321
f 5324 5321 5323
f 5328 5325 5326
f 5328 5327 5325

o parete_div_master__DVT_126_FIANCHETTO_ALTO_003
usemtl MULT.LAM.B.18mm 305x130
v 1.54940000 2.15450000 -1.25680000
v 1.54940000 1.77050000 -1.25680000
v 1.83240000 2.15450000 -1.25680000
v 1.83240000 1.77050000 -1.25680000
v 1.83240000 1.77050000 -1.27480000
v 1.54940000 1.77050000 -1.27480000
v 1.54940000 2.15450000 -1.27480000
v 1.83240000 2.15450000 -1.27480000
v 1.83240000 1.77050000 -1.25680000
v 1.83240000 1.77050000 -1.27480000
v 1.54940000 1.77050000 -1.25680000
v 1.54940000 1.77050000 -1.27480000
v 1.83240000 1.77050000 -1.25680000
v 1.83240000 1.77050000 -1.27480000
v 1.83240000 2.15450000 -1.25680000
v 1.83240000 2.15450000 -1.27480000
v 1.54940000 2.15450000 -1.25680000
v 1.54940000 2.15450000 -1.27480000
v 1.83240000 2.15450000 -1.25680000
v 1.83240000 2.15450000 -1.27480000
v 1.54940000 2.15450000 -1.25680000
v 1.54940000 2.15450000 -1.27480000
v 1.54940000 1.77050000 -1.25680000
v 1.54940000 1.77050000 -1.27480000
f 5329 5332 5331
f 5329 5330 5332
f 5335 5333 5334
f 5335 5336 5333
f 5340 5338 5337
f 5340 5337 5339
f 5344 5341 5342
f 5344 5343 5341
f 5348 5346 5345
f 5348 5345 5347
f 5352 5349 5350
f 5352 5351 5349

o parete_div_master__DVT_126_FIANCHETTO_ALTO_004
usemtl MULT.LAM.B.18mm 305x130
v 1.54940000 2.15450000 -1.70830000
v 1.54940000 1.77050000 -1.70830000
v 1.83240000 2.15450000 -1.70830000
v 1.83240000 1.77050000 -1.70830000
v 1.83240000 1.77050000 -1.72630000
v 1.54940000 1.77050000 -1.72630000
v 1.54940000 2.15450000 -1.72630000
v 1.83240000 2.15450000 -1.72630000
v 1.83240000 1.77050000 -1.70830000
v 1.83240000 1.77050000 -1.72630000
v 1.54940000 1.77050000 -1.70830000
v 1.54940000 1.77050000 -1.72630000
v 1.83240000 1.77050000 -1.70830000
v 1.83240000 1.77050000 -1.72630000
v 1.83240000 2.15450000 -1.70830000
v 1.83240000 2.15450000 -1.72630000
v 1.54940000 2.15450000 -1.70830000
v 1.54940000 2.15450000 -1.72630000
v 1.83240000 2.15450000 -1.70830000
v 1.83240000 2.15450000 -1.72630000
v 1.54940000 2.15450000 -1.70830000
v 1.54940000 2.15450000 -1.72630000
v 1.54940000 1.77050000 -1.70830000
v 1.54940000 1.77050000 -1.72630000
f 5353 5356 5355
f 5353 5354 5356
f 5359 5357 5358
f 5359 5360 5357
f 5364 5362 5361
f 5364 5361 5363
f 5368 5365 5366
f 5368 5367 5365
f 5372 5370 5369
f 5372 5369 5371
f 5376 5373 5374
f 5376 5375 5373

o parete_div_master__DVT_133_ANTA_ALTA_SX
usemtl MULT.LAM.B.18mm 305x130
v 1.83340000 2.16950000 -0.24130000
v 1.83340000 1.74750000 -0.24130000
v 1.83340000 2.16950000 -0.69730000
v 1.83340000 1.74750000 -0.69730000
v 1.83340000 2.16950000 -0.24130000
v 1.85140000 2.16950000 -0.24130000
v 1.83340000 1.74750000 -0.24130000
v 1.85140000 1.74750000 -0.24130000
v 1.83340000 2.16950000 -0.24130000
v 1.85140000 2.16950000 -0.24130000
v 1.83340000 2.16950000 -0.69730000
v 1.85140000 2.16950000 -0.69730000
v 1.83340000 2.16950000 -0.69730000
v 1.85140000 2.16950000 -0.69730000
v 1.83340000 1.74750000 -0.69730000
v 1.85140000 1.74750000 -0.69730000
v 1.83340000 1.74750000 -0.24130000
v 1.85140000 1.74750000 -0.24130000
v 1.83340000 1.74750000 -0.69730000
v 1.85140000 1.74750000 -0.69730000
v 1.85140000 1.74750000 -0.24130000
v 1.85140000 1.74750000 -0.69730000
v 1.85140000 2.16950000 -0.24130000
v 1.85140000 2.16950000 -0.69730000
f 5379 5378 5377
f 5379 5380 5378
f 5384 5382 5381
f 5384 5381 5383
f 5388 5385 5386
f 5388 5387 5385
f 5392 5389 5390
f 5392 5391 5389
f 5396 5394 5393
f 5396 5393 5395
f 5400 5397 5398
f 5400 5399 5397

o parete_div_master__DVT_134_ANTA_ALTA_CEN
usemtl MULT.LAM.B.18mm 305x130
v 1.83340000 2.16950000 -0.70030000
v 1.83340000 1.74750000 -0.70030000
v 1.83340000 2.16950000 -1.26430000
v 1.83340000 1.74750000 -1.26430000
v 1.83340000 2.16950000 -0.70030000
v 1.85140000 2.16950000 -0.70030000
v 1.83340000 1.74750000 -0.70030000
v 1.85140000 1.74750000 -0.70030000
v 1.83340000 2.16950000 -0.70030000
v 1.85140000 2.16950000 -0.70030000
v 1.83340000 2.16950000 -1.26430000
v 1.85140000 2.16950000 -1.26430000
v 1.83340000 2.16950000 -1.26430000
v 1.85140000 2.16950000 -1.26430000
v 1.83340000 1.74750000 -1.26430000
v 1.85140000 1.74750000 -1.26430000
v 1.83340000 1.74750000 -0.70030000
v 1.85140000 1.74750000 -0.70030000
v 1.83340000 1.74750000 -1.26430000
v 1.85140000 1.74750000 -1.26430000
v 1.85140000 1.74750000 -0.70030000
v 1.85140000 1.74750000 -1.26430000
v 1.85140000 2.16950000 -0.70030000
v 1.85140000 2.16950000 -1.26430000
f 5403 5402 5401
f 5403 5404 5402
f 5408 5406 5405
f 5408 5405 5407
f 5411 5409 5410
f 5412 5411 5410
f 5416 5413 5414
f 5416 5415 5413
f 5419 5418 5417
f 5420 5418 5419
f 5424 5421 5422
f 5424 5423 5421

o parete_div_master__DVT_135_ANTA_ALTA_DX
usemtl MULT.LAM.B.18mm 305x130
v 1.83340000 2.16950000 -1.26730000
v 1.83340000 1.74750000 -1.26730000
v 1.83340000 2.16950000 -1.72330000
v 1.83340000 1.74750000 -1.72330000
v 1.83340000 2.16950000 -1.26730000
v 1.85140000 2.16950000 -1.26730000
v 1.83340000 1.74750000 -1.26730000
v 1.85140000 1.74750000 -1.26730000
v 1.83340000 2.16950000 -1.26730000
v 1.85140000 2.16950000 -1.26730000
v 1.83340000 2.16950000 -1.72330000
v 1.85140000 2.16950000 -1.72330000
v 1.83340000 2.16950000 -1.72330000
v 1.85140000 2.16950000 -1.72330000
v 1.83340000 1.74750000 -1.72330000
v 1.85140000 1.74750000 -1.72330000
v 1.83340000 1.74750000 -1.26730000
v 1.85140000 1.74750000 -1.26730000
v 1.83340000 1.74750000 -1.72330000
v 1.85140000 1.74750000 -1.72330000
v 1.85140000 1.74750000 -1.26730000
v 1.85140000 1.74750000 -1.72330000
v 1.85140000 2.16950000 -1.26730000
v 1.85140000 2.16950000 -1.72330000
f 5427 5426 5425
f 5427 5428 5426
f 5432 5430 5429
f 5432 5429 5431
f 5436 5433 5434
f 5436 5435 5433
f 5440 5437 5438
f 5440 5439 5437
f 5444 5442 5441
f 5444 5441 5443
f 5448 5445 5446
f 5448 5447 5445

o parete_div_master__DVT_162_PANNCAM_ALTO_SX
usemtl MULT.LAM.B.18mm 305x130
v 1.53140000 2.16950000 -0.24130000
v 1.53140000 1.74750000 -0.24130000
v 1.53140000 2.16950000 -0.69730000
v 1.53140000 1.74750000 -0.69730000
v 1.53140000 2.16950000 -0.24130000
v 1.54940000 2.16950000 -0.24130000
v 1.53140000 1.74750000 -0.24130000
v 1.54940000 1.74750000 -0.24130000
v 1.53140000 2.16950000 -0.24130000
v 1.54940000 2.16950000 -0.24130000
v 1.53140000 2.16950000 -0.69730000
v 1.54940000 2.16950000 -0.69730000
v 1.53140000 2.16950000 -0.69730000
v 1.54940000 2.16950000 -0.69730000
v 1.53140000 1.74750000 -0.69730000
v 1.54940000 1.74750000 -0.69730000
v 1.53140000 1.74750000 -0.24130000
v 1.54940000 1.74750000 -0.24130000
v 1.53140000 1.74750000 -0.69730000
v 1.54940000 1.74750000 -0.69730000
v 1.54940000 1.74750000 -0.24130000
v 1.54940000 1.74750000 -0.69730000
v 1.54940000 2.16950000 -0.24130000
v 1.54940000 2.16950000 -0.69730000
f 5451 5450 5449
f 5451 5452 5450
f 5456 5454 5453
f 5456 5453 5455
f 5460 5457 5458
f 5460 5459 5457
f 5464 5461 5462
f 5464 5463 5461
f 5468 5466 5465
f 5468 5465 5467
f 5472 5469 5470
f 5472 5471 5469

o parete_div_master__DVT_163_PANNCAM_ALTO_CEN
usemtl MULT.LAM.B.18mm 305x130
v 1.53140000 2.16950000 -0.70030000
v 1.53140000 1.74750000 -0.70030000
v 1.53140000 2.16950000 -1.26430000
v 1.53140000 1.74750000 -1.26430000
v 1.53140000 2.16950000 -0.70030000
v 1.54940000 2.16950000 -0.70030000
v 1.53140000 1.74750000 -0.70030000
v 1.54940000 1.74750000 -0.70030000
v 1.53140000 2.16950000 -0.70030000
v 1.54940000 2.16950000 -0.70030000
v 1.53140000 2.16950000 -1.26430000
v 1.54940000 2.16950000 -1.26430000
v 1.53140000 2.16950000 -1.26430000
v 1.54940000 2.16950000 -1.26430000
v 1.53140000 1.74750000 -1.26430000
v 1.54940000 1.74750000 -1.26430000
v 1.53140000 1.74750000 -0.70030000
v 1.54940000 1.74750000 -0.70030000
v 1.53140000 1.74750000 -1.26430000
v 1.54940000 1.74750000 -1.26430000
v 1.54940000 1.74750000 -0.70030000
v 1.54940000 1.74750000 -1.26430000
v 1.54940000 2.16950000 -0.70030000
v 1.54940000 2.16950000 -1.26430000
f 5475 5474 5473
f 5475 5476 5474
f 5480 5478 5477
f 5480 5477 5479
f 5483 5481 5482
f 5484 5483 5482
f 5488 5485 5486
f 5488 5487 5485
f 5491 5490 5489
f 5492 5490 5491
f 5496 5493 5494
f 5496 5495 5493

o parete_div_master__DVT_164_PANNCAM_ALTO_DX
usemtl MULT.LAM.B.18mm 305x130
v 1.53140000 2.16950000 -1.26730000
v 1.53140000 1.74750000 -1.26730000
v 1.53140000 2.16950000 -1.72330000
v 1.53140000 1.74750000 -1.72330000
v 1.53140000 2.16950000 -1.26730000
v 1.54940000 2.16950000 -1.26730000
v 1.53140000 1.74750000 -1.26730000
v 1.54940000 1.74750000 -1.26730000
v 1.53140000 2.16950000 -1.26730000
v 1.54940000 2.16950000 -1.26730000
v 1.53140000 2.16950000 -1.72330000
v 1.54940000 2.16950000 -1.72330000
v 1.53140000 2.16950000 -1.72330000
v 1.54940000 2.16950000 -1.72330000
v 1.53140000 1.74750000 -1.72330000
v 1.54940000 1.74750000 -1.72330000
v 1.53140000 1.74750000 -1.26730000
v 1.54940000 1.74750000 -1.26730000
v 1.53140000 1.74750000 -1.72330000
v 1.54940000 1.74750000 -1.72330000
v 1.54940000 1.74750000 -1.26730000
v 1.54940000 1.74750000 -1.72330000
v 1.54940000 2.16950000 -1.26730000
v 1.54940000 2.16950000 -1.72330000
f 5499 5498 5497
f 5499 5500 5498
f 5504 5502 5501
f 5504 5501 5503
f 5508 5505 5506
f 5508 5507 5505
f 5512 5509 5510
f 5512 5511 5509
f 5516 5514 5513
f 5516 5513 5515
f 5520 5517 5518
f 5520 5519 5517

