ISO-10303-21;
HEADER;
FILE_DESCRIPTION(('CATIA V5 STEP Exchange'),'2;1');

FILE_NAME('C:\\Users\\macst\\MATERIA\\CAMPOGIANO\\009_26-A011_Dino_Chiesa\\009_Elaborati di lavoro\\26-A011_Scocca.stp','2026-09-02T12:27:32+00:00',('none'),('none'),'CATIA Version 5 Release 20 SP 1 (IN-10)','CATIA V5 STEP AP214','none');

FILE_SCHEMA(('AUTOMOTIVE_DESIGN { 1 0 10303 214 1 1 1 1 }'));

ENDSEC;
/* file written by CATIA V5R20 */
DATA;
#5=PRODUCT('26-A011_Scocca_Skeleton','','',(#2)) ;
#2=PRODUCT_CONTEXT(' ',#1,'mechanical') ;
#1=APPLICATION_CONTEXT('automotive design') ;
#10=PRODUCT_DEFINITION('',' ',#6,#3) ;
#3=PRODUCT_DEFINITION_CONTEXT('part definition',#1,' ') ;
#11=PRODUCT_DEFINITION_SHAPE(' ',' ',#10) ;
#5307=MECHANICAL_DESIGN_GEOMETRIC_PRESENTATION_REPRESENTATION(' ',(#30,#1514,#2295,#3344,#4046,#5004,#5156),#17) ;
#20=SHAPE_REPRESENTATION(' ',(#19),#17) ;
#19=AXIS2_PLACEMENT_3D(' ',#18,$,$) ;
#35=AXIS2_PLACEMENT_3D('Plane Axis2P3D',#32,#33,#34) ;
#62=AXIS2_PLACEMENT_3D('Circle Axis2P3D',#60,#61,$) ;
#75=AXIS2_PLACEMENT_3D('Plane Axis2P3D',#72,#73,#74) ;
#115=AXIS2_PLACEMENT_3D('Torus Axis2P3D',#112,#113,#114) ;
#163=AXIS2_PLACEMENT_3D('Circle Axis2P3D',#161,#162,$) ;
#176=AXIS2_PLACEMENT_3D('Cone Axis2P3D',#173,#174,#175) ;
#471=AXIS2_PLACEMENT_3D('Plane Axis2P3D',#468,#469,#470) ;
#493=AXIS2_PLACEMENT_3D('Plane Axis2P3D',#490,#491,#492) ;
#515=AXIS2_PLACEMENT_3D('Plane Axis2P3D',#512,#513,#514) ;
#598=AXIS2_PLACEMENT_3D('Plane Axis2P3D',#595,#596,#597) ;
#681=AXIS2_PLACEMENT_3D('Plane Axis2P3D',#678,#679,#680) ;
#844=AXIS2_PLACEMENT_3D('Plane Axis2P3D',#841,#842,#843) ;
#1007=AXIS2_PLACEMENT_3D('Torus Axis2P3D',#1004,#1005,#1006) ;
#1011=AXIS2_PLACEMENT_3D('Circle Axis2P3D',#1009,#1010,$) ;
#1016=AXIS2_PLACEMENT_3D('Circle Axis2P3D',#1014,#1015,$) ;
#1029=AXIS2_PLACEMENT_3D('Plane Axis2P3D',#1026,#1027,#1028) ;
#1046=AXIS2_PLACEMENT_3D('Plane Axis2P3D',#1043,#1044,#1045) ;
#1068=AXIS2_PLACEMENT_3D('Cone Axis2P3D',#1065,#1066,#1067) ;
#1097=AXIS2_PLACEMENT_3D('Plane Axis2P3D',#1094,#1095,#1096) ;
#1269=AXIS2_PLACEMENT_3D('Plane Axis2P3D',#1266,#1267,#1268) ;
#1281=AXIS2_PLACEMENT_3D('Plane Axis2P3D',#1278,#1279,#1280) ;
#1303=AXIS2_PLACEMENT_3D('Plane Axis2P3D',#1300,#1301,#1302) ;
#1320=AXIS2_PLACEMENT_3D('Plane Axis2P3D',#1317,#1318,#1319) ;
#1337=AXIS2_PLACEMENT_3D('Plane Axis2P3D',#1334,#1335,#1336) ;
#1397=AXIS2_PLACEMENT_3D('Plane Axis2P3D',#1394,#1395,#1396) ;
#1419=AXIS2_PLACEMENT_3D('Plane Axis2P3D',#1416,#1417,#1418) ;
#1448=AXIS2_PLACEMENT_3D('Plane Axis2P3D',#1445,#1446,#1447) ;
#1519=AXIS2_PLACEMENT_3D('Plane Axis2P3D',#1516,#1517,#1518) ;
#1559=AXIS2_PLACEMENT_3D('Plane Axis2P3D',#1556,#1557,#1558) ;
#1590=AXIS2_PLACEMENT_3D('Plane Axis2P3D',#1587,#1588,#1589) ;
#1647=AXIS2_PLACEMENT_3D('Plane Axis2P3D',#1644,#1645,#1646) ;
#1678=AXIS2_PLACEMENT_3D('Plane Axis2P3D',#1675,#1676,#1677) ;
#1702=AXIS2_PLACEMENT_3D('Plane Axis2P3D',#1699,#1700,#1701) ;
#1726=AXIS2_PLACEMENT_3D('Plane Axis2P3D',#1723,#1724,#1725) ;
#1743=AXIS2_PLACEMENT_3D('Plane Axis2P3D',#1740,#1741,#1742) ;
#1797=AXIS2_PLACEMENT_3D('Plane Axis2P3D',#1794,#1795,#1796) ;
#1846=AXIS2_PLACEMENT_3D('Plane Axis2P3D',#1843,#1844,#1845) ;
#1863=AXIS2_PLACEMENT_3D('Plane Axis2P3D',#1860,#1861,#1862) ;
#1954=AXIS2_PLACEMENT_3D('Plane Axis2P3D',#1951,#1952,#1953) ;
#2030=AXIS2_PLACEMENT_3D('Plane Axis2P3D',#2027,#2028,#2029) ;
#2073=AXIS2_PLACEMENT_3D('Plane Axis2P3D',#2070,#2071,#2072) ;
#2142=AXIS2_PLACEMENT_3D('Plane Axis2P3D',#2139,#2140,#2141) ;
#2177=AXIS2_PLACEMENT_3D('Plane Axis2P3D',#2174,#2175,#2176) ;
#2210=AXIS2_PLACEMENT_3D('Plane Axis2P3D',#2207,#2208,#2209) ;
#2236=AXIS2_PLACEMENT_3D('Plane Axis2P3D',#2233,#2234,#2235) ;
#2260=AXIS2_PLACEMENT_3D('Plane Axis2P3D',#2257,#2258,#2259) ;
#2279=AXIS2_PLACEMENT_3D('Plane Axis2P3D',#2276,#2277,#2278) ;
#2300=AXIS2_PLACEMENT_3D('Plane Axis2P3D',#2297,#2298,#2299) ;
#2340=AXIS2_PLACEMENT_3D('Plane Axis2P3D',#2337,#2338,#2339) ;
#2413=AXIS2_PLACEMENT_3D('Plane Axis2P3D',#2410,#2411,#2412) ;
#2475=AXIS2_PLACEMENT_3D('Plane Axis2P3D',#2472,#2473,#2474) ;
#2506=AXIS2_PLACEMENT_3D('Plane Axis2P3D',#2503,#2504,#2505) ;
#2530=AXIS2_PLACEMENT_3D('Plane Axis2P3D',#2527,#2528,#2529) ;
#2554=AXIS2_PLACEMENT_3D('Plane Axis2P3D',#2551,#2552,#2553) ;
#2571=AXIS2_PLACEMENT_3D('Plane Axis2P3D',#2568,#2569,#2570) ;
#2616=AXIS2_PLACEMENT_3D('Plane Axis2P3D',#2613,#2614,#2615) ;
#2647=AXIS2_PLACEMENT_3D('Plane Axis2P3D',#2644,#2645,#2646) ;
#2689=AXIS2_PLACEMENT_3D('Plane Axis2P3D',#2686,#2687,#2688) ;
#2721=AXIS2_PLACEMENT_3D('Plane Axis2P3D',#2718,#2719,#2720) ;
#2764=AXIS2_PLACEMENT_3D('Plane Axis2P3D',#2761,#2762,#2763) ;
#2797=AXIS2_PLACEMENT_3D('Plane Axis2P3D',#2794,#2795,#2796) ;
#2821=AXIS2_PLACEMENT_3D('Plane Axis2P3D',#2818,#2819,#2820) ;
#2866=AXIS2_PLACEMENT_3D('Plane Axis2P3D',#2863,#2864,#2865) ;
#2887=AXIS2_PLACEMENT_3D('Plane Axis2P3D',#2884,#2885,#2886) ;
#3001=AXIS2_PLACEMENT_3D('Plane Axis2P3D',#2998,#2999,#3000) ;
#3032=AXIS2_PLACEMENT_3D('Plane Axis2P3D',#3029,#3030,#3031) ;
#3147=AXIS2_PLACEMENT_3D('Plane Axis2P3D',#3144,#3145,#3146) ;
#3164=AXIS2_PLACEMENT_3D('Plane Axis2P3D',#3161,#3162,#3163) ;
#3190=AXIS2_PLACEMENT_3D('Plane Axis2P3D',#3187,#3188,#3189) ;
#3202=AXIS2_PLACEMENT_3D('Plane Axis2P3D',#3199,#3200,#3201) ;
#3224=AXIS2_PLACEMENT_3D('Plane Axis2P3D',#3221,#3222,#3223) ;
#3241=AXIS2_PLACEMENT_3D('Plane Axis2P3D',#3238,#3239,#3240) ;
#3258=AXIS2_PLACEMENT_3D('Plane Axis2P3D',#3255,#3256,#3257) ;
#3287=AXIS2_PLACEMENT_3D('Plane Axis2P3D',#3284,#3285,#3286) ;
#3316=AXIS2_PLACEMENT_3D('Plane Axis2P3D',#3313,#3314,#3315) ;
#3328=AXIS2_PLACEMENT_3D('Plane Axis2P3D',#3325,#3326,#3327) ;
#3349=AXIS2_PLACEMENT_3D('Plane Axis2P3D',#3346,#3347,#3348) ;
#3389=AXIS2_PLACEMENT_3D('Plane Axis2P3D',#3386,#3387,#3388) ;
#3454=AXIS2_PLACEMENT_3D('Plane Axis2P3D',#3451,#3452,#3453) ;
#3485=AXIS2_PLACEMENT_3D('Plane Axis2P3D',#3482,#3483,#3484) ;
#3509=AXIS2_PLACEMENT_3D('Plane Axis2P3D',#3506,#3507,#3508) ;
#3533=AXIS2_PLACEMENT_3D('Plane Axis2P3D',#3530,#3531,#3532) ;
#3550=AXIS2_PLACEMENT_3D('Plane Axis2P3D',#3547,#3548,#3549) ;
#3596=AXIS2_PLACEMENT_3D('Plane Axis2P3D',#3593,#3594,#3595) ;
#3660=AXIS2_PLACEMENT_3D('Plane Axis2P3D',#3657,#3658,#3659) ;
#3691=AXIS2_PLACEMENT_3D('Plane Axis2P3D',#3688,#3689,#3690) ;
#3715=AXIS2_PLACEMENT_3D('Plane Axis2P3D',#3712,#3713,#3714) ;
#3739=AXIS2_PLACEMENT_3D('Plane Axis2P3D',#3736,#3737,#3738) ;
#3756=AXIS2_PLACEMENT_3D('Plane Axis2P3D',#3753,#3754,#3755) ;
#3802=AXIS2_PLACEMENT_3D('Plane Axis2P3D',#3799,#3800,#3801) ;
#3856=AXIS2_PLACEMENT_3D('Plane Axis2P3D',#3853,#3854,#3855) ;
#3873=AXIS2_PLACEMENT_3D('Plane Axis2P3D',#3870,#3871,#3872) ;
#3906=AXIS2_PLACEMENT_3D('Plane Axis2P3D',#3903,#3904,#3905) ;
#3930=AXIS2_PLACEMENT_3D('Plane Axis2P3D',#3927,#3928,#3929) ;
#3947=AXIS2_PLACEMENT_3D('Plane Axis2P3D',#3944,#3945,#3946) ;
#3984=AXIS2_PLACEMENT_3D('Plane Axis2P3D',#3981,#3982,#3983) ;
#4001=AXIS2_PLACEMENT_3D('Plane Axis2P3D',#3998,#3999,#4000) ;
#4018=AXIS2_PLACEMENT_3D('Plane Axis2P3D',#4015,#4016,#4017) ;
#4030=AXIS2_PLACEMENT_3D('Plane Axis2P3D',#4027,#4028,#4029) ;
#4051=AXIS2_PLACEMENT_3D('Plane Axis2P3D',#4048,#4049,#4050) ;
#4091=AXIS2_PLACEMENT_3D('Plane Axis2P3D',#4088,#4089,#4090) ;
#4122=AXIS2_PLACEMENT_3D('Plane Axis2P3D',#4119,#4120,#4121) ;
#4153=AXIS2_PLACEMENT_3D('Plane Axis2P3D',#4150,#4151,#4152) ;
#4175=AXIS2_PLACEMENT_3D('Plane Axis2P3D',#4172,#4173,#4174) ;
#4220=AXIS2_PLACEMENT_3D('Plane Axis2P3D',#4217,#4218,#4219) ;
#4251=AXIS2_PLACEMENT_3D('Plane Axis2P3D',#4248,#4249,#4250) ;
#4281=AXIS2_PLACEMENT_3D('Plane Axis2P3D',#4278,#4279,#4280) ;
#4303=AXIS2_PLACEMENT_3D('Plane Axis2P3D',#4300,#4301,#4302) ;
#4349=AXIS2_PLACEMENT_3D('Plane Axis2P3D',#4346,#4347,#4348) ;
#4380=AXIS2_PLACEMENT_3D('Plane Axis2P3D',#4377,#4378,#4379) ;
#4410=AXIS2_PLACEMENT_3D('Plane Axis2P3D',#4407,#4408,#4409) ;
#4466=AXIS2_PLACEMENT_3D('Plane Axis2P3D',#4463,#4464,#4465) ;
#4483=AXIS2_PLACEMENT_3D('Plane Axis2P3D',#4480,#4481,#4482) ;
#4518=AXIS2_PLACEMENT_3D('Plane Axis2P3D',#4515,#4516,#4517) ;
#4542=AXIS2_PLACEMENT_3D('Plane Axis2P3D',#4539,#4540,#4541) ;
#4566=AXIS2_PLACEMENT_3D('Plane Axis2P3D',#4563,#4564,#4565) ;
#4583=AXIS2_PLACEMENT_3D('Plane Axis2P3D',#4580,#4581,#4582) ;
#4697=AXIS2_PLACEMENT_3D('Plane Axis2P3D',#4694,#4695,#4696) ;
#4728=AXIS2_PLACEMENT_3D('Plane Axis2P3D',#4725,#4726,#4727) ;
#4752=AXIS2_PLACEMENT_3D('Plane Axis2P3D',#4749,#4750,#4751) ;
#4776=AXIS2_PLACEMENT_3D('Plane Axis2P3D',#4773,#4774,#4775) ;
#4793=AXIS2_PLACEMENT_3D('Plane Axis2P3D',#4790,#4791,#4792) ;
#4879=AXIS2_PLACEMENT_3D('Plane Axis2P3D',#4876,#4877,#4878) ;
#4913=AXIS2_PLACEMENT_3D('Plane Axis2P3D',#4910,#4911,#4912) ;
#4937=AXIS2_PLACEMENT_3D('Plane Axis2P3D',#4934,#4935,#4936) ;
#4959=AXIS2_PLACEMENT_3D('Plane Axis2P3D',#4956,#4957,#4958) ;
#4976=AXIS2_PLACEMENT_3D('Plane Axis2P3D',#4973,#4974,#4975) ;
#5009=AXIS2_PLACEMENT_3D('Plane Axis2P3D',#5006,#5007,#5008) ;
#5084=AXIS2_PLACEMENT_3D('Plane Axis2P3D',#5081,#5082,#5083) ;
#5106=AXIS2_PLACEMENT_3D('Plane Axis2P3D',#5103,#5104,#5105) ;
#5123=AXIS2_PLACEMENT_3D('Plane Axis2P3D',#5120,#5121,#5122) ;
#5140=AXIS2_PLACEMENT_3D('Plane Axis2P3D',#5137,#5138,#5139) ;
#5161=AXIS2_PLACEMENT_3D('Plane Axis2P3D',#5158,#5159,#5160) ;
#5236=AXIS2_PLACEMENT_3D('Plane Axis2P3D',#5233,#5234,#5235) ;
#5258=AXIS2_PLACEMENT_3D('Plane Axis2P3D',#5255,#5256,#5257) ;
#5275=AXIS2_PLACEMENT_3D('Plane Axis2P3D',#5272,#5273,#5274) ;
#5292=AXIS2_PLACEMENT_3D('Plane Axis2P3D',#5289,#5290,#5291) ;
#5304=AXIS2_PLACEMENT_3D('AXS_Scocca',#5301,#5302,#5303) ;
#18=CARTESIAN_POINT(' ',(0.,0.,0.)) ;
#32=CARTESIAN_POINT('Axis2P3D Location',(-29.9863,0.,2905.0398)) ;
#37=CARTESIAN_POINT('Line Origine',(6414.49322828,1270.,2905.0398)) ;
#41=CARTESIAN_POINT('Vertex',(-29.9863,1270.,2905.0398)) ;
#43=CARTESIAN_POINT('Vertex',(12858.9727566,1270.,2905.0398)) ;
#46=CARTESIAN_POINT('Line Origine',(-29.9863,0.,2905.0398)) ;
#50=CARTESIAN_POINT('Vertex',(-29.9863,-1270.,2905.0398)) ;
#53=CARTESIAN_POINT('Line Origine',(6414.49322828,-1270.,2905.0398)) ;
#57=CARTESIAN_POINT('Vertex',(12858.9727566,-1270.,2905.0398)) ;
#60=CARTESIAN_POINT('Axis2P3D Location',(11921.0183302,1.84755534103E-013,2905.0398)) ;
#72=CARTESIAN_POINT('Axis2P3D Location',(13024.9818733,0.,-144.9602)) ;
#77=CARTESIAN_POINT('Line Origine',(13024.9818733,0.,-144.9602)) ;
#81=CARTESIAN_POINT('Vertex',(13024.9818733,-1270.,-144.9602)) ;
#83=CARTESIAN_POINT('Vertex',(13024.9818733,1270.,-144.9602)) ;
#86=CARTESIAN_POINT('Line Origine',(6497.49778667,-1270.,-144.9602)) ;
#90=CARTESIAN_POINT('Vertex',(-29.9863,-1270.,-144.9602)) ;
#93=CARTESIAN_POINT('Line Origine',(-29.9863,0.,-144.9602)) ;
#97=CARTESIAN_POINT('Vertex',(-29.9863,1270.,-144.9602)) ;
#100=CARTESIAN_POINT('Line Origine',(6497.49778667,1270.,-144.9602)) ;
#112=CARTESIAN_POINT('Axis2P3D Location',(11921.0183302,-3.41060513165E-013,2805.0398)) ;
#118=CARTESIAN_POINT('Control Point',(13017.6897431,1270.00000018,2818.00533949)) ;
#119=CARTESIAN_POINT('Control Point',(13016.1739329,1270.00000018,2825.58177269)) ;
#120=CARTESIAN_POINT('Control Point',(13013.5725206,1270.00000011,2832.9480958)) ;
#121=CARTESIAN_POINT('Control Point',(13009.9907832,1269.99999985,2839.91057652)) ;
#122=CARTESIAN_POINT('Control Point',(13002.5496418,1270.00000011,2850.99968657)) ;
#123=CARTESIAN_POINT('Control Point',(12993.3078221,1269.99999992,2860.63312019)) ;
#124=CARTESIAN_POINT('Control Point',(12989.2065358,1269.99999994,2864.3848114)) ;
#125=CARTESIAN_POINT('Control Point',(12979.8056903,1270.00000007,2872.02101984)) ;
#126=CARTESIAN_POINT('Control Point',(12969.5663381,1269.99999991,2878.51855956)) ;
#127=CARTESIAN_POINT('Control Point',(12963.8322748,1269.99999994,2881.71946167)) ;
#128=CARTESIAN_POINT('Control Point',(12952.2338658,1270.00000006,2887.4410341)) ;
#129=CARTESIAN_POINT('Control Point',(12940.1664967,1269.99999994,2892.07039156)) ;
#130=CARTESIAN_POINT('Control Point',(12934.1333649,1269.99999996,2894.10212277)) ;
#131=CARTESIAN_POINT('Control Point',(12915.7898743,1270.00000008,2899.50295948)) ;
#132=CARTESIAN_POINT('Control Point',(12896.9687221,1269.99999983,2902.88238002)) ;
#133=CARTESIAN_POINT('Control Point',(12884.3152882,1270.00000012,2904.33280802)) ;
#134=CARTESIAN_POINT('Control Point',(12871.6318292,1270.,2905.0398)) ;
#135=CARTESIAN_POINT('Control Point',(12858.9727566,1270.,2905.0398)) ;
#136=CARTESIAN_POINT('Vertex',(13017.6897426,1270.,2818.00533949)) ;
#140=CARTESIAN_POINT('Control Point',(13017.6897431,-1270.00000018,2818.00533949)) ;
#141=CARTESIAN_POINT('Control Point',(13016.1739329,-1270.00000018,2825.5817727)) ;
#142=CARTESIAN_POINT('Control Point',(13013.5725206,-1270.00000011,2832.94809582)) ;
#143=CARTESIAN_POINT('Control Point',(13009.9907832,-1269.99999985,2839.9105765)) ;
#144=CARTESIAN_POINT('Control Point',(13002.5496418,-1270.00000011,2850.99968656)) ;
#145=CARTESIAN_POINT('Control Point',(12993.3078221,-1269.99999992,2860.63312018)) ;
#146=CARTESIAN_POINT('Control Point',(12989.2065358,-1269.99999994,2864.3848114)) ;
#147=CARTESIAN_POINT('Control Point',(12979.8056903,-1270.00000007,2872.02101984)) ;
#148=CARTESIAN_POINT('Control Point',(12969.5663381,-1269.99999992,2878.51855956)) ;
#149=CARTESIAN_POINT('Control Point',(12963.8322748,-1269.99999994,2881.71946167)) ;
#150=CARTESIAN_POINT('Control Point',(12952.2338658,-1270.00000006,2887.4410341)) ;
#151=CARTESIAN_POINT('Control Point',(12940.1664967,-1269.99999994,2892.07039156)) ;
#152=CARTESIAN_POINT('Control Point',(12934.1333649,-1269.99999996,2894.10212277)) ;
#153=CARTESIAN_POINT('Control Point',(12915.7898743,-1270.00000008,2899.50295948)) ;
#154=CARTESIAN_POINT('Control Point',(12896.9687222,-1269.99999983,2902.88238002)) ;
#155=CARTESIAN_POINT('Control Point',(12884.3152882,-1270.00000012,2904.33280802)) ;
#156=CARTESIAN_POINT('Control Point',(12871.6318292,-1270.,2905.0398)) ;
#157=CARTESIAN_POINT('Control Point',(12858.9727566,-1270.,2905.0398)) ;
#158=CARTESIAN_POINT('Vertex',(13017.6897426,-1270.,2818.00533948)) ;
#161=CARTESIAN_POINT('Axis2P3D Location',(11921.0183302,-3.41060513165E-013,2818.00533949)) ;
#173=CARTESIAN_POINT('Axis2P3D Location',(11921.0183302,0.,3514.86127082)) ;
#179=CARTESIAN_POINT('Control Point',(13017.6897431,-1270.00000018,2818.00533949)) ;
#180=CARTESIAN_POINT('Control Point',(13043.9894149,-1270.0000009,2686.55239571)) ;
#181=CARTESIAN_POINT('Control Point',(13069.8606181,-1270.00000355,2554.98372739)) ;
#182=CARTESIAN_POINT('Control Point',(13095.3514278,-1270.00000004,2423.32165058)) ;
#183=CARTESIAN_POINT('Control Point',(13154.0820573,-1269.99999994,2115.63862196)) ;
#184=CARTESIAN_POINT('Control Point',(13211.1127338,-1270.00000008,1807.52906376)) ;
#185=CARTESIAN_POINT('Control Point',(13243.2339642,-1269.99999999,1631.26639194)) ;
#186=CARTESIAN_POINT('Control Point',(13296.8982947,-1270.00000001,1332.61275125)) ;
#187=CARTESIAN_POINT('Control Point',(13349.4489098,-1269.99999999,1033.70998912)) ;
#188=CARTESIAN_POINT('Control Point',(13370.790783,-1270.00000198,911.300781498)) ;
#189=CARTESIAN_POINT('Control Point',(13413.1529538,-1270.00000242,666.415834817)) ;
#190=CARTESIAN_POINT('Control Point',(13454.9145049,-1270.00000018,421.40196116)) ;
#191=CARTESIAN_POINT('Control Point',(13475.6559036,-1269.99999951,298.862909659)) ;
#192=CARTESIAN_POINT('Control Point',(13496.2660568,-1270.00000016,176.297887884)) ;
#193=CARTESIAN_POINT('Control Point',(13516.7527645,-1270.0000002,53.708652741)) ;
#194=CARTESIAN_POINT('Vertex',(13516.7527646,-1270.,53.7086527369)) ;
#198=CARTESIAN_POINT('Control Point',(13516.7527645,1270.00000021,53.7086527373)) ;
#199=CARTESIAN_POINT('Control Point',(13617.4018077,1140.71282807,67.1541571692)) ;
#200=CARTESIAN_POINT('Control Point',(13705.2968998,1001.38934751,78.8939858893)) ;
#201=CARTESIAN_POINT('Control Point',(13779.0944937,853.696414159,88.749615857)) ;
#202=CARTESIAN_POINT('Control Point',(13876.9087608,596.807793101,101.811643364)) ;
#203=CARTESIAN_POINT('Control Point',(13931.070658,327.930530842,109.043662327)) ;
#204=CARTESIAN_POINT('Control Point',(13945.5777972,219.052920444,110.980687034)) ;
#205=CARTESIAN_POINT('Control Point',(13960.084788,3.9352611661E-005,112.917692343)) ;
#206=CARTESIAN_POINT('Control Point',(13945.5778056,-219.052842288,110.98068815)) ;
#207=CARTESIAN_POINT('Control Point',(13931.0706705,-327.93045322,109.043664)) ;
#208=CARTESIAN_POINT('Control Point',(13876.9087803,-596.807733071,101.811645962)) ;
#209=CARTESIAN_POINT('Control Point',(13779.0945147,-853.69637212,88.7496186693)) ;
#210=CARTESIAN_POINT('Control Point',(13705.2969172,-1001.38932009,78.8939881914)) ;
#211=CARTESIAN_POINT('Control Point',(13617.4018175,-1140.71281549,67.1541584769)) ;
#212=CARTESIAN_POINT('Control Point',(13516.7527645,-1270.0000002,53.708652741)) ;
#213=CARTESIAN_POINT('Vertex',(13516.7527646,1270.,53.7086527332)) ;
#217=CARTESIAN_POINT('Control Point',(13017.6897431,1270.00000018,2818.00533949)) ;
#218=CARTESIAN_POINT('Control Point',(13043.989415,1270.0000009,2686.55239493)) ;
#219=CARTESIAN_POINT('Control Point',(13069.8606184,1270.00000355,2554.98372574)) ;
#220=CARTESIAN_POINT('Control Point',(13095.3514283,1270.00000004,2423.32164784)) ;
#221=CARTESIAN_POINT('Control Point',(13154.082058,1269.99999994,2115.63861829)) ;
#222=CARTESIAN_POINT('Control Point',(13211.1127346,1270.00000008,1807.52905944)) ;
#223=CARTESIAN_POINT('Control Point',(13243.2339651,1269.99999998,1631.26638669)) ;
#224=CARTESIAN_POINT('Control Point',(13296.8982962,1270.00000001,1332.61274284)) ;
#225=CARTESIAN_POINT('Control Point',(13349.448912,1269.99999999,1033.70997677)) ;
#226=CARTESIAN_POINT('Control Point',(13370.7907844,1270.00000195,911.300773848)) ;
#227=CARTESIAN_POINT('Control Point',(13413.1529528,1270.00000245,666.41584059)) ;
#228=CARTESIAN_POINT('Control Point',(13454.9145028,1270.00000023,421.401973168)) ;
#229=CARTESIAN_POINT('Control Point',(13475.6559024,1269.99999951,298.862916783)) ;
#230=CARTESIAN_POINT('Control Point',(13496.2660562,1270.00000018,176.297891449)) ;
#231=CARTESIAN_POINT('Control Point',(13516.7527645,1270.00000021,53.7086527373)) ;
#241=CARTESIAN_POINT('Control Point',(13374.1453848,1270.,-95.2539958169)) ;
#242=CARTESIAN_POINT('Control Point',(13389.0178514,1283.09881271,-93.1367818485)) ;
#243=CARTESIAN_POINT('Control Point',(13403.330834,1296.19785226,-87.0876001105)) ;
#244=CARTESIAN_POINT('Control Point',(13416.2943193,1308.60210674,-77.2125182977)) ;
#245=CARTESIAN_POINT('Control Point',(13438.0797241,1330.64058957,-50.9103891438)) ;
#246=CARTESIAN_POINT('Control Point',(13449.8198885,1345.20956485,-14.8269568821)) ;
#247=CARTESIAN_POINT('Control Point',(13452.7304367,1350.13858853,4.83692261835)) ;
#248=CARTESIAN_POINT('Control Point',(13452.5191771,1352.43759418,25.0287241236)) ;
#249=CARTESIAN_POINT('Control Point',(13449.358515,1352.12721142,44.7052489939)) ;
#250=CARTESIAN_POINT('Control Point',(13448.2250002,1184.18501844,-84.7081731109)) ;
#251=CARTESIAN_POINT('Control Point',(13463.8037621,1196.36145354,-82.4904123821)) ;
#252=CARTESIAN_POINT('Control Point',(13478.8268913,1208.53809487,-76.3676879962)) ;
#253=CARTESIAN_POINT('Control Point',(13492.4723589,1220.07366357,-66.4507559753)) ;
#254=CARTESIAN_POINT('Control Point',(13515.4998641,1240.58879283,-40.1250496315)) ;
#255=CARTESIAN_POINT('Control Point',(13528.1375218,1254.20601337,-4.11265382045)) ;
#256=CARTESIAN_POINT('Control Point',(13531.3852835,1258.83846421,15.4982900502)) ;
#257=CARTESIAN_POINT('Control Point',(13531.3820959,1261.03870127,35.6305468993)) ;
#258=CARTESIAN_POINT('Control Point',(13528.2954317,1260.8219115,55.2510716998)) ;
#259=CARTESIAN_POINT('Control Point',(13516.0720634,1092.94226943,-75.0496037889)) ;
#260=CARTESIAN_POINT('Control Point',(13532.2927832,1104.15014137,-72.7404552564)) ;
#261=CARTESIAN_POINT('Control Point',(13547.9613868,1115.35819944,-66.5510038415)) ;
#262=CARTESIAN_POINT('Control Point',(13562.2274146,1125.98008837,-56.5961699885)) ;
#263=CARTESIAN_POINT('Control Point',(13586.3879691,1144.88666148,-30.2492191264)) ;
#264=CARTESIAN_POINT('Control Point',(13599.852039,1157.48136707,5.69865584029)) ;
#265=CARTESIAN_POINT('Control Point',(13603.4135903,1161.78668276,25.2615826001)) ;
#266=CARTESIAN_POINT('Control Point',(13603.6087076,1163.86363768,45.3398594288)) ;
#267=CARTESIAN_POINT('Control Point',(13600.599873,1163.72300145,64.9096410215)) ;
#268=CARTESIAN_POINT('Control Point',(13577.1553562,996.870090157,-66.353911011)) ;
#269=CARTESIAN_POINT('Control Point',(13593.9503818,1007.06913948,-63.9630054887)) ;
#270=CARTESIAN_POINT('Control Point',(13610.196449,1017.26835534,-57.7139459816)) ;
#271=CARTESIAN_POINT('Control Point',(13625.0181649,1026.93721422,-47.7253059504)) ;
#272=CARTESIAN_POINT('Control Point',(13650.1954311,1044.16018681,-21.3594870175)) ;
#273=CARTESIAN_POINT('Control Point',(13664.4068477,1055.66863097,14.5307001017)) ;
#274=CARTESIAN_POINT('Control Point',(13668.2546123,1059.61874774,34.0507418823)) ;
#275=CARTESIAN_POINT('Control Point',(13668.6340729,1061.5492367,54.0808319667)) ;
#276=CARTESIAN_POINT('Control Point',(13665.7028814,1061.46742415,73.6053338)) ;
#277=CARTESIAN_POINT('Control Point',(13708.51136,752.496341307,-47.6543386612)) ;
#278=CARTESIAN_POINT('Control Point',(13726.5353734,760.152382123,-45.0884769344)) ;
#279=CARTESIAN_POINT('Control Point',(13744.0172063,767.808542836,-38.7120028399)) ;
#280=CARTESIAN_POINT('Control Point',(13760.0289396,775.072124927,-28.6511868185)) ;
#281=CARTESIAN_POINT('Control Point',(13787.3870108,788.03378188,-2.24521851665)) ;
#282=CARTESIAN_POINT('Control Point',(13803.2110497,796.758867515,33.5215748485)) ;
#283=CARTESIAN_POINT('Control Point',(13807.6804298,799.782838393,52.9499636334)) ;
#284=CARTESIAN_POINT('Control Point',(13808.4659262,801.305630677,72.877109271)) ;
#285=CARTESIAN_POINT('Control Point',(13805.7142618,801.32828813,92.3049061494)) ;
#286=CARTESIAN_POINT('Control Point',(13794.9660326,487.836677858,-35.3468280896)) ;
#287=CARTESIAN_POINT('Control Point',(13813.7895537,492.784440097,-32.6671500837)) ;
#288=CARTESIAN_POINT('Control Point',(13832.0753344,497.732278018,-26.2080125251)) ;
#289=CARTESIAN_POINT('Control Point',(13848.8625854,502.428437335,-16.100504851)) ;
#290=CARTESIAN_POINT('Control Point',(13877.6473222,510.817074631,10.3312272618)) ;
#291=CARTESIAN_POINT('Control Point',(13894.5413243,516.487329152,46.0178348142)) ;
#292=CARTESIAN_POINT('Control Point',(13899.429401,518.463184727,65.3867851733)) ;
#293=CARTESIAN_POINT('Control Point',(13900.497154,519.474422191,85.2472312081)) ;
#294=CARTESIAN_POINT('Control Point',(13897.883281,519.520131088,104.612416722)) ;
#295=CARTESIAN_POINT('Control Point',(13829.3255392,326.848845614,-30.4554789264)) ;
#296=CARTESIAN_POINT('Control Point',(13848.4654196,330.160276468,-27.7307646517)) ;
#297=CARTESIAN_POINT('Control Point',(13867.0693212,333.471757564,-21.2389512586)) ;
#298=CARTESIAN_POINT('Control Point',(13884.1636427,336.615259345,-11.1130068544)) ;
#299=CARTESIAN_POINT('Control Point',(13913.514093,342.232358835,15.3288672662)) ;
#300=CARTESIAN_POINT('Control Point',(13930.834617,346.03457136,50.9837588806)) ;
#301=CARTESIAN_POINT('Control Point',(13935.8905289,347.361910449,70.3292174194)) ;
#302=CARTESIAN_POINT('Control Point',(13937.0727149,348.044917545,90.1633108965)) ;
#303=CARTESIAN_POINT('Control Point',(13934.5165697,348.082621956,109.503765884)) ;
#304=CARTESIAN_POINT('Control Point',(13863.6815203,3.6929265774E-005,-25.5646316474)) ;
#305=CARTESIAN_POINT('Control Point',(13883.1377596,3.73036900331E-005,-22.7948811695)) ;
#306=CARTESIAN_POINT('Control Point',(13902.0597815,3.7678121408E-005,-16.2703912495)) ;
#307=CARTESIAN_POINT('Control Point',(13919.4611684,3.80336519267E-005,-6.12600931287)) ;
#308=CARTESIAN_POINT('Control Point',(13949.3773036,3.86693503479E-005,20.3260079073)) ;
#309=CARTESIAN_POINT('Control Point',(13967.1242727,3.91007551333E-005,55.9491833322)) ;
#310=CARTESIAN_POINT('Control Point',(13972.3479665,3.9251856267E-005,75.2711494957)) ;
#311=CARTESIAN_POINT('Control Point',(13973.6445156,3.93303615511E-005,95.0788896078)) ;
#312=CARTESIAN_POINT('Control Point',(13971.146013,3.93360882352E-005,114.394613164)) ;
#313=CARTESIAN_POINT('Control Point',(13829.3255517,-326.848772029,-30.4554771513)) ;
#314=CARTESIAN_POINT('Control Point',(13848.4654322,-330.160202138,-27.7307628603)) ;
#315=CARTESIAN_POINT('Control Point',(13867.0693339,-333.47168249,-21.2389494554)) ;
#316=CARTESIAN_POINT('Control Point',(13884.1636555,-336.615183564,-11.1130050445)) ;
#317=CARTESIAN_POINT('Control Point',(13913.514106,-342.232281791,15.3288690798)) ;
#318=CARTESIAN_POINT('Control Point',(13930.8346301,-346.034493463,50.9837606827)) ;
#319=CARTESIAN_POINT('Control Point',(13935.8905421,-347.361832256,70.329219213)) ;
#320=CARTESIAN_POINT('Control Point',(13937.0727282,-348.044839201,90.1633126805)) ;
#321=CARTESIAN_POINT('Control Point',(13934.516583,-348.082543606,109.503767659)) ;
#322=CARTESIAN_POINT('Control Point',(13794.9660508,-487.836606644,-35.3468255076)) ;
#323=CARTESIAN_POINT('Control Point',(13813.789572,-492.784368194,-32.6671474792)) ;
#324=CARTESIAN_POINT('Control Point',(13832.0753529,-497.732205428,-26.2080099042)) ;
#325=CARTESIAN_POINT('Control Point',(13848.862604,-502.428364092,-16.1005022209)) ;
#326=CARTESIAN_POINT('Control Point',(13877.6473411,-510.817000225,10.3312298969)) ;
#327=CARTESIAN_POINT('Control Point',(13894.5413434,-516.487253963,46.0178374331)) ;
#328=CARTESIAN_POINT('Control Point',(13899.4294202,-518.463109267,65.3867877802)) ;
#329=CARTESIAN_POINT('Control Point',(13900.4971733,-519.474346596,85.2472338016)) ;
#330=CARTESIAN_POINT('Control Point',(13897.8833003,-519.520055492,104.612419303)) ;
#331=CARTESIAN_POINT('Control Point',(13708.5113842,-752.496286689,-47.6543352147)) ;
#332=CARTESIAN_POINT('Control Point',(13726.5353979,-760.152326916,-45.088473455)) ;
#333=CARTESIAN_POINT('Control Point',(13744.0172309,-767.808487039,-38.7119993366)) ;
#334=CARTESIAN_POINT('Control Point',(13760.0289645,-775.072068572,-28.6511833017)) ;
#335=CARTESIAN_POINT('Control Point',(13787.3870361,-788.033724532,-2.2452149922)) ;
#336=CARTESIAN_POINT('Control Point',(13803.2110754,-796.758809512,33.52157835)) ;
#337=CARTESIAN_POINT('Control Point',(13807.6804555,-799.782780168,52.9499671178)) ;
#338=CARTESIAN_POINT('Control Point',(13808.465952,-801.305572348,72.8771127362)) ;
#339=CARTESIAN_POINT('Control Point',(13805.7142877,-801.328229815,92.3049095966)) ;
#340=CARTESIAN_POINT('Control Point',(13577.1553797,-996.870053142,-66.3539076738)) ;
#341=CARTESIAN_POINT('Control Point',(13593.9504054,-1007.0691021,-63.9630021207)) ;
#342=CARTESIAN_POINT('Control Point',(13610.1964729,-1017.26831758,-57.7139425911)) ;
#343=CARTESIAN_POINT('Control Point',(13625.018189,-1026.93717612,-47.7253025472)) ;
#344=CARTESIAN_POINT('Control Point',(13650.1954556,-1044.16014808,-21.3594836074)) ;
#345=CARTESIAN_POINT('Control Point',(13664.4068725,-1055.66859185,14.53070349)) ;
#346=CARTESIAN_POINT('Control Point',(13668.2546371,-1059.61870849,34.0507452544)) ;
#347=CARTESIAN_POINT('Control Point',(13668.6340978,-1061.5491974,54.0808353205)) ;
#348=CARTESIAN_POINT('Control Point',(13665.7029064,-1061.46738486,73.6053371368)) ;
#349=CARTESIAN_POINT('Control Point',(13516.0720813,-1092.94224541,-75.0496012469)) ;
#350=CARTESIAN_POINT('Control Point',(13532.2928013,-1104.15011708,-72.7404526892)) ;
#351=CARTESIAN_POINT('Control Point',(13547.961405,-1115.35817488,-66.551001256)) ;
#352=CARTESIAN_POINT('Control Point',(13562.227433,-1125.98006356,-56.5961673926)) ;
#353=CARTESIAN_POINT('Control Point',(13586.3879878,-1144.88663623,-30.2492165245)) ;
#354=CARTESIAN_POINT('Control Point',(13599.8520579,-1157.48134154,5.69865842468)) ;
#355=CARTESIAN_POINT('Control Point',(13603.4136093,-1161.78665714,25.2615851714)) ;
#356=CARTESIAN_POINT('Control Point',(13603.6087267,-1163.86361202,45.3398619853)) ;
#357=CARTESIAN_POINT('Control Point',(13600.5998921,-1163.72297581,64.9096435642)) ;
#358=CARTESIAN_POINT('Control Point',(13448.2250095,-1184.1850075,-84.7081717742)) ;
#359=CARTESIAN_POINT('Control Point',(13463.8037716,-1196.3614425,-82.4904110338)) ;
#360=CARTESIAN_POINT('Control Point',(13478.8269009,-1208.53808373,-76.3676866394)) ;
#361=CARTESIAN_POINT('Control Point',(13492.4723686,-1220.07365234,-66.4507546137)) ;
#362=CARTESIAN_POINT('Control Point',(13515.4998739,-1240.58878144,-40.1250482671)) ;
#363=CARTESIAN_POINT('Control Point',(13528.1375317,-1254.20600188,-4.1126524644)) ;
#364=CARTESIAN_POINT('Control Point',(13531.3852934,-1258.83845268,15.4982914001)) ;
#365=CARTESIAN_POINT('Control Point',(13531.3821058,-1261.03868973,35.6305482423)) ;
#366=CARTESIAN_POINT('Control Point',(13528.2954416,-1260.82189997,55.2510730362)) ;
#367=CARTESIAN_POINT('Control Point',(13374.1453848,-1270.,-95.2539958184)) ;
#368=CARTESIAN_POINT('Control Point',(13389.0178514,-1283.09881272,-93.1367818502)) ;
#369=CARTESIAN_POINT('Control Point',(13403.3308339,-1296.19785227,-87.0876001123)) ;
#370=CARTESIAN_POINT('Control Point',(13416.2943193,-1308.60210675,-77.2125182996)) ;
#371=CARTESIAN_POINT('Control Point',(13438.0797241,-1330.64058959,-50.9103891458)) ;
#372=CARTESIAN_POINT('Control Point',(13449.8198885,-1345.20956487,-14.8269568839)) ;
#373=CARTESIAN_POINT('Control Point',(13452.7304367,-1350.13858855,4.83692261663)) ;
#374=CARTESIAN_POINT('Control Point',(13452.5191771,-1352.43759421,25.028724122)) ;
#375=CARTESIAN_POINT('Control Point',(13449.358515,-1352.12721144,44.7052489924)) ;
#377=CARTESIAN_POINT('Control Point',(13516.7527648,-1269.9999999,53.708652741)) ;
#378=CARTESIAN_POINT('Control Point',(13518.2460339,-1269.9999999,44.7731649514)) ;
#379=CARTESIAN_POINT('Control Point',(13518.7117283,-1269.99999991,35.657777269)) ;
#380=CARTESIAN_POINT('Control Point',(13518.1019116,-1269.99999988,26.5812873107)) ;
#381=CARTESIAN_POINT('Control Point',(13515.6831538,-1270.00000007,13.0559779549)) ;
#382=CARTESIAN_POINT('Control Point',(13511.3100441,-1269.99999996,0.372407019501)) ;
#383=CARTESIAN_POINT('Control Point',(13509.5718096,-1269.99999996,-3.92399301806)) ;
#384=CARTESIAN_POINT('Control Point',(13505.0292582,-1270.00000005,-13.7234396815)) ;
#385=CARTESIAN_POINT('Control Point',(13499.5181225,-1269.99999993,-22.7973291523)) ;
#386=CARTESIAN_POINT('Control Point',(13496.0787937,-1269.99999995,-27.7613193024)) ;
#387=CARTESIAN_POINT('Control Point',(13488.1729382,-1270.00000006,-37.9150098445)) ;
#388=CARTESIAN_POINT('Control Point',(13479.3398759,-1269.99999993,-46.9362007975)) ;
#389=CARTESIAN_POINT('Control Point',(13474.3901003,-1269.99999995,-51.4525244001)) ;
#390=CARTESIAN_POINT('Control Point',(13463.3709589,-1270.00000006,-60.4989909175)) ;
#391=CARTESIAN_POINT('Control Point',(13451.6487895,-1269.99999993,-68.1974923624)) ;
#392=CARTESIAN_POINT('Control Point',(13445.2254909,-1269.99999995,-71.9457109112)) ;
#393=CARTESIAN_POINT('Control Point',(13427.6817117,-1270.00000009,-81.0482089434)) ;
#394=CARTESIAN_POINT('Control Point',(13409.3879433,-1269.99999985,-87.7505119019)) ;
#395=CARTESIAN_POINT('Control Point',(13397.7420398,-1270.00000011,-91.0753635887)) ;
#396=CARTESIAN_POINT('Control Point',(13385.9764078,-1270.,-93.5697555486)) ;
#397=CARTESIAN_POINT('Control Point',(13374.1453848,-1270.,-95.253995818)) ;
#398=CARTESIAN_POINT('Vertex',(13374.1453848,-1270.,-95.253995818)) ;
#402=CARTESIAN_POINT('Control Point',(13374.1453848,1270.,-95.2539958168)) ;
#403=CARTESIAN_POINT('Control Point',(13408.6588741,1230.01903577,-90.3407259806)) ;
#404=CARTESIAN_POINT('Control Point',(13441.8195239,1188.85990154,-85.6200436324)) ;
#405=CARTESIAN_POINT('Control Point',(13473.5735992,1146.58315421,-81.0995983385)) ;
#406=CARTESIAN_POINT('Control Point',(13538.6044527,1053.57975103,-71.8419388806)) ;
#407=CARTESIAN_POINT('Control Point',(13596.7167095,956.035838539,-63.5691967203)) ;
#408=CARTESIAN_POINT('Control Point',(13625.7126244,902.744145717,-59.4413975202)) ;
#409=CARTESIAN_POINT('Control Point',(13679.4527956,794.083755603,-51.7910565326)) ;
#410=CARTESIAN_POINT('Control Point',(13724.59031,681.536785465,-45.3653721927)) ;
#411=CARTESIAN_POINT('Control Point',(13744.940983,624.45379534,-42.4682919566)) ;
#412=CARTESIAN_POINT('Control Point',(13781.138648,508.870270018,-37.3152663094)) ;
#413=CARTESIAN_POINT('Control Point',(13808.248005,390.796660309,-33.4560336342)) ;
#414=CARTESIAN_POINT('Control Point',(13819.4921072,331.291001119,-31.855346213)) ;
#415=CARTESIAN_POINT('Control Point',(13834.64908,229.502434515,-29.6976305349)) ;
#416=CARTESIAN_POINT('Control Point',(13843.0449772,126.965941442,-28.5024077594)) ;
#417=CARTESIAN_POINT('Control Point',(13845.3506801,84.6722122819,-28.174172598)) ;
#418=CARTESIAN_POINT('Control Point',(13847.6563839,3.68911307047E-005,-27.8459373183)) ;
#419=CARTESIAN_POINT('Control Point',(13845.3506834,-84.6721384996,-28.174172138)) ;
#420=CARTESIAN_POINT('Control Point',(13843.0449821,-126.965868021,-28.5024070686)) ;
#421=CARTESIAN_POINT('Control Point',(13834.6490886,-229.502362122,-29.6976293134)) ;
#422=CARTESIAN_POINT('Control Point',(13819.4921196,-331.290929716,-31.8553444481)) ;
#423=CARTESIAN_POINT('Control Point',(13808.2480196,-390.796589017,-33.4560315527)) ;
#424=CARTESIAN_POINT('Control Point',(13781.138667,-508.87019995,-37.3152636048)) ;
#425=CARTESIAN_POINT('Control Point',(13744.9410063,-624.453726495,-42.4682886365)) ;
#426=CARTESIAN_POINT('Control Point',(13724.5903354,-681.536717423,-45.3653685675)) ;
#427=CARTESIAN_POINT('Control Point',(13679.4528252,-794.083689287,-51.7910523136)) ;
#428=CARTESIAN_POINT('Control Point',(13625.7126582,-902.744081097,-59.4413927011)) ;
#429=CARTESIAN_POINT('Control Point',(13596.7167451,-956.035775289,-63.56919165)) ;
#430=CARTESIAN_POINT('Control Point',(13538.6044847,-1053.5797025,-71.8419343339)) ;
#431=CARTESIAN_POINT('Control Point',(13473.5736255,-1146.58311901,-81.0995945874)) ;
#432=CARTESIAN_POINT('Control Point',(13441.8195421,-1188.85987884,-85.6200410392)) ;
#433=CARTESIAN_POINT('Control Point',(13408.6588836,-1230.01902481,-90.3407246382)) ;
#434=CARTESIAN_POINT('Control Point',(13374.1453848,-1270.,-95.253995818)) ;
#435=CARTESIAN_POINT('Vertex',(13374.1453848,1270.,-95.2539958168)) ;
#439=CARTESIAN_POINT('Control Point',(13516.7527648,1269.99999992,53.7086527373)) ;
#440=CARTESIAN_POINT('Control Point',(13518.246034,1269.99999992,44.7731648384)) ;
#441=CARTESIAN_POINT('Control Point',(13518.7117283,1269.99999993,35.6577770421)) ;
#442=CARTESIAN_POINT('Control Point',(13518.1019117,1269.99999988,26.5812875544)) ;
#443=CARTESIAN_POINT('Control Point',(13515.6831539,1270.00000007,13.0559780889)) ;
#444=CARTESIAN_POINT('Control Point',(13511.3100441,1269.99999996,0.372407057225)) ;
#445=CARTESIAN_POINT('Control Point',(13509.5718096,1269.99999996,-3.92399298545)) ;
#446=CARTESIAN_POINT('Control Point',(13505.0292583,1270.00000005,-13.7234396442)) ;
#447=CARTESIAN_POINT('Control Point',(13499.5181225,1269.99999993,-22.79732911)) ;
#448=CARTESIAN_POINT('Control Point',(13496.0787937,1269.99999995,-27.7613192567)) ;
#449=CARTESIAN_POINT('Control Point',(13488.1729383,1270.00000006,-37.9150098091)) ;
#450=CARTESIAN_POINT('Control Point',(13479.3398759,1269.99999993,-46.9362007695)) ;
#451=CARTESIAN_POINT('Control Point',(13474.3901004,1269.99999995,-51.4525243331)) ;
#452=CARTESIAN_POINT('Control Point',(13463.370959,1270.00000006,-60.4989908703)) ;
#453=CARTESIAN_POINT('Control Point',(13451.6487896,1269.99999993,-68.1974923211)) ;
#454=CARTESIAN_POINT('Control Point',(13445.225491,1269.99999995,-71.945710867)) ;
#455=CARTESIAN_POINT('Control Point',(13427.6817118,1270.00000009,-81.0482089133)) ;
#456=CARTESIAN_POINT('Control Point',(13409.3879433,1269.99999986,-87.7505118923)) ;
#457=CARTESIAN_POINT('Control Point',(13397.7420398,1270.00000011,-91.0753635762)) ;
#458=CARTESIAN_POINT('Control Point',(13385.9764078,1270.,-93.569755544)) ;
#459=CARTESIAN_POINT('Control Point',(13374.1453848,1270.,-95.2539958168)) ;
#468=CARTESIAN_POINT('Axis2P3D Location',(13968.90293,0.,-10.5855267105)) ;
#473=CARTESIAN_POINT('Line Origine',(13199.5636291,-1270.,-120.107097909)) ;
#478=CARTESIAN_POINT('Line Origine',(13199.5636291,1270.,-120.107097908)) ;
#490=CARTESIAN_POINT('Axis2P3D Location',(-29.9863,0.,-144.9602)) ;
#495=CARTESIAN_POINT('Line Origine',(-29.9863,1270.,1380.0398)) ;
#500=CARTESIAN_POINT('Line Origine',(-29.9863,-1270.,1380.0398)) ;
#512=CARTESIAN_POINT('Axis2P3D Location',(0.,-1270.,0.)) ;
#526=CARTESIAN_POINT('Line Origine',(5019.3843,-1270.,2530.03865)) ;
#530=CARTESIAN_POINT('Vertex',(381.8843,-1270.,2530.0375)) ;
#532=CARTESIAN_POINT('Vertex',(9656.8843,-1270.,2530.0398)) ;
#535=CARTESIAN_POINT('Line Origine',(9656.8843,-1270.,1257.5398)) ;
#539=CARTESIAN_POINT('Vertex',(9656.8843,-1270.,-14.9602)) ;
#542=CARTESIAN_POINT('Line Origine',(5019.3843,-1270.,-14.9602)) ;
#546=CARTESIAN_POINT('Vertex',(381.8843,-1270.,-14.9602)) ;
#549=CARTESIAN_POINT('Line Origine',(381.8843,-1270.,1257.53865)) ;
#560=CARTESIAN_POINT('Line Origine',(11552.4625,-1270.,2530.0398)) ;
#564=CARTESIAN_POINT('Vertex',(10049.9613,-1270.,2530.0398)) ;
#566=CARTESIAN_POINT('Vertex',(13054.9637,-1270.,2530.0398)) ;
#569=CARTESIAN_POINT('Line Origine',(13054.9637,-1270.,1257.5398)) ;
#573=CARTESIAN_POINT('Vertex',(13054.9637,-1270.,-14.9602)) ;
#576=CARTESIAN_POINT('Line Origine',(11552.4625,-1270.,-14.9602)) ;
#580=CARTESIAN_POINT('Vertex',(10049.9613,-1270.,-14.9602)) ;
#583=CARTESIAN_POINT('Line Origine',(10049.9613,-1270.,1257.5398)) ;
#595=CARTESIAN_POINT('Axis2P3D Location',(0.,1270.,0.)) ;
#609=CARTESIAN_POINT('Line Origine',(5019.3843,1270.,2530.03865)) ;
#613=CARTESIAN_POINT('Vertex',(381.8843,1270.,2530.0375)) ;
#615=CARTESIAN_POINT('Vertex',(9656.8843,1270.,2530.0398)) ;
#618=CARTESIAN_POINT('Line Origine',(381.8843,1270.,1257.53865)) ;
#622=CARTESIAN_POINT('Vertex',(381.8843,1270.,-14.9602)) ;
#625=CARTESIAN_POINT('Line Origine',(5019.3843,1270.,-14.9602)) ;
#629=CARTESIAN_POINT('Vertex',(9656.8843,1270.,-14.9602)) ;
#632=CARTESIAN_POINT('Line Origine',(9656.8843,1270.,1257.5398)) ;
#643=CARTESIAN_POINT('Line Origine',(11552.4625,1270.,2530.0398)) ;
#647=CARTESIAN_POINT('Vertex',(10049.9613,1270.,2530.0398)) ;
#649=CARTESIAN_POINT('Vertex',(13054.9637,1270.,2530.0398)) ;
#652=CARTESIAN_POINT('Line Origine',(10049.9613,1270.,1257.5398)) ;
#656=CARTESIAN_POINT('Vertex',(10049.9613,1270.,-14.9602)) ;
#659=CARTESIAN_POINT('Line Origine',(11552.4625,1270.,-14.9602)) ;
#663=CARTESIAN_POINT('Vertex',(13054.9637,1270.,-14.9602)) ;
#666=CARTESIAN_POINT('Line Origine',(13054.9637,1270.,1257.5398)) ;
#678=CARTESIAN_POINT('Axis2P3D Location',(0.,1209.,0.)) ;
#683=CARTESIAN_POINT('Line Origine',(31.0137,1209.,1380.0398)) ;
#687=CARTESIAN_POINT('Vertex',(31.0137,1209.,2850.0398)) ;
#689=CARTESIAN_POINT('Vertex',(31.0137,1209.,-89.9602)) ;
#692=CARTESIAN_POINT('Line Origine',(6732.77694444,1209.,-89.9602)) ;
#696=CARTESIAN_POINT('Vertex',(13021.0866654,1209.,-89.9602)) ;
#700=CARTESIAN_POINT('Control Point',(13416.9200255,1209.,-33.6101715067)) ;
#701=CARTESIAN_POINT('Control Point',(13021.0866654,1209.,-89.9602)) ;
#702=CARTESIAN_POINT('Vertex',(13416.9200255,1209.,-33.6101715067)) ;
#706=CARTESIAN_POINT('Control Point',(13494.7542384,1209.,49.4161312327)) ;
#707=CARTESIAN_POINT('Control Point',(13495.3527928,1209.,45.7861220885)) ;
#708=CARTESIAN_POINT('Control Point',(13495.6521931,1209.,42.1065123733)) ;
#709=CARTESIAN_POINT('Control Point',(13495.645494,1209.,38.4139149786)) ;
#710=CARTESIAN_POINT('Control Point',(13495.0566082,1209.,31.3370827114)) ;
#711=CARTESIAN_POINT('Control Point',(13493.4192956,1209.,24.4580749594)) ;
#712=CARTESIAN_POINT('Control Point',(13492.4012616,1209.,21.2156718869)) ;
#713=CARTESIAN_POINT('Control Point',(13489.8213627,1209.,14.5898198558)) ;
#714=CARTESIAN_POINT('Control Point',(13486.3971842,1209.,8.39980939902)) ;
#715=CARTESIAN_POINT('Control Point',(13484.3970009,1209.,5.29191245704)) ;
#716=CARTESIAN_POINT('Control Point',(13479.2265912,1209.,-1.73698990186)) ;
#717=CARTESIAN_POINT('Control Point',(13473.1590413,1209.,-7.94412741175)) ;
#718=CARTESIAN_POINT('Control Point',(13469.4052778,1209.,-11.2501694598)) ;
#719=CARTESIAN_POINT('Control Point',(13457.7508687,1209.,-20.1650298122)) ;
#720=CARTESIAN_POINT('Control Point',(13444.6474427,1209.,-26.674841448)) ;
#721=CARTESIAN_POINT('Control Point',(13435.6082629,1209.,-29.9596808451)) ;
#722=CARTESIAN_POINT('Control Point',(13426.3247891,1209.,-32.2713285792)) ;
#723=CARTESIAN_POINT('Control Point',(13416.9200255,1209.,-33.6101715067)) ;
#724=CARTESIAN_POINT('Vertex',(13494.7542381,1209.00000025,49.4161312333)) ;
#728=CARTESIAN_POINT('Control Point',(13494.7542383,1209.,49.4161312441)) ;
#729=CARTESIAN_POINT('Control Point',(13458.7132907,1209.,267.991016648)) ;
#730=CARTESIAN_POINT('Control Point',(13422.3016972,1209.,486.491444446)) ;
#731=CARTESIAN_POINT('Control Point',(13385.4815715,1209.,704.884127703)) ;
#732=CARTESIAN_POINT('Control Point',(13317.2560836,1209.,1104.34334111)) ;
#733=CARTESIAN_POINT('Control Point',(13247.2440538,1209.,1503.39807572)) ;
#734=CARTESIAN_POINT('Control Point',(13215.0908268,1209.,1684.24553362)) ;
#735=CARTESIAN_POINT('Control Point',(13154.8003977,1209.,2018.39341534)) ;
#736=CARTESIAN_POINT('Control Point',(13092.7144955,1209.,2352.08416072)) ;
#737=CARTESIAN_POINT('Control Point',(13063.7962921,1209.,2505.14074413)) ;
#738=CARTESIAN_POINT('Control Point',(13034.4034467,1209.,2658.08529396)) ;
#739=CARTESIAN_POINT('Control Point',(13004.4676687,1209.,2810.87429277)) ;
#740=CARTESIAN_POINT('Vertex',(13004.4676687,1209.,2810.87429277)) ;
#744=CARTESIAN_POINT('Control Point',(13004.4676687,1209.,2810.87429277)) ;
#745=CARTESIAN_POINT('Control Point',(13003.4765422,1209.,2815.93289596)) ;
#746=CARTESIAN_POINT('Control Point',(13001.4179599,1209.,2820.86036695)) ;
#747=CARTESIAN_POINT('Control Point',(12998.3585537,1209.,2825.46729279)) ;
#748=CARTESIAN_POINT('Control Point',(12992.2616679,1209.,2832.05093956)) ;
#749=CARTESIAN_POINT('Control Point',(12984.5745575,1209.,2837.43367875)) ;
#750=CARTESIAN_POINT('Control Point',(12981.5717733,1209.,2839.23836518)) ;
#751=CARTESIAN_POINT('Control Point',(12971.6743339,1209.,2844.35572576)) ;
#752=CARTESIAN_POINT('Control Point',(12960.5262394,1209.,2847.76119464)) ;
#753=CARTESIAN_POINT('Control Point',(12952.5976907,1209.,2849.28370855)) ;
#754=CARTESIAN_POINT('Control Point',(12944.5012778,1209.,2850.0398)) ;
#755=CARTESIAN_POINT('Control Point',(12936.3889551,1209.,2850.0398)) ;
#756=CARTESIAN_POINT('Vertex',(12936.3889551,1209.,2850.0398)) ;
#759=CARTESIAN_POINT('Line Origine',(6732.77694444,1209.,2850.0398)) ;
#773=CARTESIAN_POINT('Line Origine',(9656.8843,1209.,1380.0398)) ;
#777=CARTESIAN_POINT('Vertex',(9656.8843,1209.,-14.9602)) ;
#779=CARTESIAN_POINT('Vertex',(9656.8843,1209.,2530.0398)) ;
#782=CARTESIAN_POINT('Line Origine',(6732.77694444,1209.,-14.9602)) ;
#786=CARTESIAN_POINT('Vertex',(381.8843,1209.,-14.9602)) ;
#789=CARTESIAN_POINT('Line Origine',(381.8843,1209.,1380.0398)) ;
#793=CARTESIAN_POINT('Vertex',(381.8843,1209.,2530.0375)) ;
#797=CARTESIAN_POINT('Control Point',(381.8843,1209.,2530.0375)) ;
#798=CARTESIAN_POINT('Control Point',(9656.8843,1209.,2530.0398)) ;
#806=CARTESIAN_POINT('Line Origine',(13054.9637,1209.,1380.0398)) ;
#810=CARTESIAN_POINT('Vertex',(13054.9637,1209.,-14.9602)) ;
#812=CARTESIAN_POINT('Vertex',(13054.9637,1209.,2530.0398)) ;
#815=CARTESIAN_POINT('Line Origine',(6732.77694444,1209.,-14.9602)) ;
#819=CARTESIAN_POINT('Vertex',(10049.9613,1209.,-14.9602)) ;
#822=CARTESIAN_POINT('Line Origine',(10049.9613,1209.,1380.0398)) ;
#826=CARTESIAN_POINT('Vertex',(10049.9613,1209.,2530.0398)) ;
#829=CARTESIAN_POINT('Line Origine',(6732.77694444,1209.,2530.0398)) ;
#841=CARTESIAN_POINT('Axis2P3D Location',(0.,-1209.,0.)) ;
#846=CARTESIAN_POINT('Line Origine',(6732.77694443,-1209.,2850.0398)) ;
#850=CARTESIAN_POINT('Vertex',(31.0137,-1209.,2850.0398)) ;
#852=CARTESIAN_POINT('Vertex',(12936.3889551,-1209.,2850.0398)) ;
#856=CARTESIAN_POINT('Control Point',(13004.4676687,-1209.,2810.87429277)) ;
#857=CARTESIAN_POINT('Control Point',(13003.4765422,-1209.,2815.93289596)) ;
#858=CARTESIAN_POINT('Control Point',(13001.4179599,-1209.,2820.86036694)) ;
#859=CARTESIAN_POINT('Control Point',(12998.3585537,-1209.,2825.46729279)) ;
#860=CARTESIAN_POINT('Control Point',(12992.2616679,-1209.,2832.05093956)) ;
#861=CARTESIAN_POINT('Control Point',(12984.5745576,-1209.,2837.43367875)) ;
#862=CARTESIAN_POINT('Control Point',(12981.5717733,-1209.,2839.23836518)) ;
#863=CARTESIAN_POINT('Control Point',(12971.6743339,-1209.,2844.35572576)) ;
#864=CARTESIAN_POINT('Control Point',(12960.5262394,-1209.,2847.76119464)) ;
#865=CARTESIAN_POINT('Control Point',(12952.5976907,-1209.,2849.28370855)) ;
#866=CARTESIAN_POINT('Control Point',(12944.5012778,-1209.,2850.0398)) ;
#867=CARTESIAN_POINT('Control Point',(12936.3889551,-1209.,2850.0398)) ;
#868=CARTESIAN_POINT('Vertex',(13004.4676687,-1209.,2810.87429277)) ;
#872=CARTESIAN_POINT('Control Point',(13494.7542383,-1209.,49.4161312612)) ;
#873=CARTESIAN_POINT('Control Point',(13458.7132957,-1209.,267.990986381)) ;
#874=CARTESIAN_POINT('Control Point',(13422.3017075,-1209.,486.491384052)) ;
#875=CARTESIAN_POINT('Control Point',(13385.4815785,-1209.,704.884085776)) ;
#876=CARTESIAN_POINT('Control Point',(13317.2560951,-1209.,1104.34327375)) ;
#877=CARTESIAN_POINT('Control Point',(13247.2440703,-1209.,1503.39798252)) ;
#878=CARTESIAN_POINT('Control Point',(13215.0908439,-1209.,1684.24543811)) ;
#879=CARTESIAN_POINT('Control Point',(13154.8004101,-1209.,2018.39334783)) ;
#880=CARTESIAN_POINT('Control Point',(13092.7145029,-1209.,2352.08412146)) ;
#881=CARTESIAN_POINT('Control Point',(13063.796301,-1209.,2505.14069692)) ;
#882=CARTESIAN_POINT('Control Point',(13034.4034513,-1209.,2658.08527048)) ;
#883=CARTESIAN_POINT('Control Point',(13004.4676687,-1209.,2810.87429277)) ;
#884=CARTESIAN_POINT('Vertex',(13494.7542383,-1209.,49.4161312428)) ;
#888=CARTESIAN_POINT('Control Point',(13494.7542383,-1209.,49.4161312428)) ;
#889=CARTESIAN_POINT('Control Point',(13495.3527928,-1209.,45.7861220945)) ;
#890=CARTESIAN_POINT('Control Point',(13495.6521931,-1209.,42.106512375)) ;
#891=CARTESIAN_POINT('Control Point',(13495.645494,-1209.,38.4139149927)) ;
#892=CARTESIAN_POINT('Control Point',(13495.0566082,-1209.,31.3370827268)) ;
#893=CARTESIAN_POINT('Control Point',(13493.4192956,-1209.,24.4580749753)) ;
#894=CARTESIAN_POINT('Control Point',(13492.4012616,-1209.,21.2156718745)) ;
#895=CARTESIAN_POINT('Control Point',(13489.8213627,-1209.,14.5898198531)) ;
#896=CARTESIAN_POINT('Control Point',(13486.3971842,-1209.,8.39980940246)) ;
#897=CARTESIAN_POINT('Control Point',(13484.3970008,-1209.,5.29191244399)) ;
#898=CARTESIAN_POINT('Control Point',(13479.2265912,-1209.,-1.73698991636)) ;
#899=CARTESIAN_POINT('Control Point',(13473.1590413,-1209.,-7.94412742558)) ;
#900=CARTESIAN_POINT('Control Point',(13469.4052778,-1209.,-11.2501694686)) ;
#901=CARTESIAN_POINT('Control Point',(13457.7508687,-1209.,-20.1650298093)) ;
#902=CARTESIAN_POINT('Control Point',(13444.6474427,-1209.,-26.6748414401)) ;
#903=CARTESIAN_POINT('Control Point',(13435.6082628,-1209.,-29.9596808611)) ;
#904=CARTESIAN_POINT('Control Point',(13426.324789,-1209.,-32.2713285888)) ;
#905=CARTESIAN_POINT('Control Point',(13416.9200254,-1209.,-33.6101715138)) ;
#906=CARTESIAN_POINT('Vertex',(13416.9200254,-1209.,-33.6101715138)) ;
#910=CARTESIAN_POINT('Control Point',(13416.9200254,-1209.,-33.6101715138)) ;
#911=CARTESIAN_POINT('Control Point',(13021.0866654,-1209.,-89.9602)) ;
#912=CARTESIAN_POINT('Vertex',(13021.0866654,-1209.,-89.9602)) ;
#915=CARTESIAN_POINT('Line Origine',(6732.77694443,-1209.,-89.9602)) ;
#919=CARTESIAN_POINT('Vertex',(31.0137,-1209.,-89.9602)) ;
#922=CARTESIAN_POINT('Line Origine',(31.0137,-1209.,1380.0398)) ;
#937=CARTESIAN_POINT('Control Point',(381.8843,-1209.,2530.0375)) ;
#938=CARTESIAN_POINT('Control Point',(9656.8843,-1209.,2530.0398)) ;
#939=CARTESIAN_POINT('Vertex',(381.8843,-1209.,2530.0375)) ;
#941=CARTESIAN_POINT('Vertex',(9656.8843,-1209.,2530.0398)) ;
#944=CARTESIAN_POINT('Line Origine',(381.8843,-1209.,1380.0398)) ;
#948=CARTESIAN_POINT('Vertex',(381.8843,-1209.,-14.9602)) ;
#951=CARTESIAN_POINT('Line Origine',(6732.77694443,-1209.,-14.9602)) ;
#955=CARTESIAN_POINT('Vertex',(9656.8843,-1209.,-14.9602)) ;
#958=CARTESIAN_POINT('Line Origine',(9656.8843,-1209.,1380.0398)) ;
#969=CARTESIAN_POINT('Line Origine',(6732.77694443,-1209.,2530.0398)) ;
#973=CARTESIAN_POINT('Vertex',(10049.9613,-1209.,2530.0398)) ;
#975=CARTESIAN_POINT('Vertex',(13054.9637,-1209.,2530.0398)) ;
#978=CARTESIAN_POINT('Line Origine',(10049.9613,-1209.,1380.0398)) ;
#982=CARTESIAN_POINT('Vertex',(10049.9613,-1209.,-14.9602)) ;
#985=CARTESIAN_POINT('Line Origine',(6732.77694443,-1209.,-14.9602)) ;
#989=CARTESIAN_POINT('Vertex',(13054.9637,-1209.,-14.9602)) ;
#992=CARTESIAN_POINT('Line Origine',(13054.9637,-1209.,1380.0398)) ;
#1004=CARTESIAN_POINT('Axis2P3D Location',(11921.0183302,-3.41060513165E-013,2805.0398)) ;
#1009=CARTESIAN_POINT('Axis2P3D Location',(11921.0183302,-3.41060513165E-013,2810.87429277)) ;
#1014=CARTESIAN_POINT('Axis2P3D Location',(11921.0183302,-3.41060513165E-013,2850.0398)) ;
#1026=CARTESIAN_POINT('Axis2P3D Location',(-29.9863,0.,2850.0398)) ;
#1031=CARTESIAN_POINT('Line Origine',(31.0137,2.27373675443E-013,2850.0398)) ;
#1043=CARTESIAN_POINT('Axis2P3D Location',(13024.9818733,0.,-89.9602)) ;
#1048=CARTESIAN_POINT('Line Origine',(31.0137,0.,-89.9602)) ;
#1053=CARTESIAN_POINT('Line Origine',(13021.0866654,0.,-89.9602)) ;
#1065=CARTESIAN_POINT('Axis2P3D Location',(11921.0183302,0.,2810.87429277)) ;
#1071=CARTESIAN_POINT('Control Point',(13494.7542381,1209.00000025,49.4161312333)) ;
#1072=CARTESIAN_POINT('Control Point',(13586.4523691,1086.93556183,62.007023829)) ;
#1073=CARTESIAN_POINT('Control Point',(13666.6222269,956.121340022,73.0140314479)) ;
#1074=CARTESIAN_POINT('Control Point',(13734.1428583,818.000929562,82.2837188552)) ;
#1075=CARTESIAN_POINT('Control Point',(13825.7948853,574.096046849,94.8657908446)) ;
#1076=CARTESIAN_POINT('Control Point',(13877.1291815,319.129486732,101.91261561)) ;
#1077=CARTESIAN_POINT('Control Point',(13891.2401357,213.173336149,103.849640317)) ;
#1078=CARTESIAN_POINT('Control Point',(13905.350947,3.82961505463E-005,105.786645626)) ;
#1079=CARTESIAN_POINT('Control Point',(13891.2401438,-213.173260091,103.849641433)) ;
#1080=CARTESIAN_POINT('Control Point',(13877.1291936,-319.129411192,101.912617283)) ;
#1081=CARTESIAN_POINT('Control Point',(13825.794904,-574.095988348,94.8657934082)) ;
#1082=CARTESIAN_POINT('Control Point',(13734.1428783,-818.000888435,82.2837216205)) ;
#1083=CARTESIAN_POINT('Control Point',(13666.622243,-956.121313588,73.0140336559)) ;
#1084=CARTESIAN_POINT('Control Point',(13586.4523786,-1086.93554922,62.0070251238)) ;
#1085=CARTESIAN_POINT('Control Point',(13494.7542383,-1209.,49.4161312612)) ;
#1094=CARTESIAN_POINT('Axis2P3D Location',(13961.1513939,0.,43.8654942893)) ;
#1100=CARTESIAN_POINT('Control Point',(13416.9200255,1209.,-33.6101715067)) ;
#1101=CARTESIAN_POINT('Control Point',(13515.2060635,1085.29320323,-19.6183719179)) ;
#1102=CARTESIAN_POINT('Control Point',(13600.9675614,951.543674014,-7.40954028349)) ;
#1103=CARTESIAN_POINT('Control Point',(13672.8300359,809.429930418,2.82065477711)) ;
#1104=CARTESIAN_POINT('Control Point',(13766.7250765,564.470887797,16.1873609427)) ;
#1105=CARTESIAN_POINT('Control Point',(13818.3419845,307.928157973,23.5354385154)) ;
#1106=CARTESIAN_POINT('Control Point',(13831.9487034,205.690228994,25.4724632217)) ;
#1107=CARTESIAN_POINT('Control Point',(13845.5552861,3.68231088603E-005,27.4094685334)) ;
#1108=CARTESIAN_POINT('Control Point',(13831.9487113,-205.690155347,25.472464338)) ;
#1109=CARTESIAN_POINT('Control Point',(13818.3419963,-307.928084815,23.5354401892)) ;
#1110=CARTESIAN_POINT('Control Point',(13766.7250949,-564.470831871,16.1873635608)) ;
#1111=CARTESIAN_POINT('Control Point',(13672.8300559,-809.429890402,2.82065762043)) ;
#1112=CARTESIAN_POINT('Control Point',(13600.967578,-951.543648359,-7.40953792717)) ;
#1113=CARTESIAN_POINT('Control Point',(13515.2060728,-1085.29319147,-19.6183706045)) ;
#1114=CARTESIAN_POINT('Control Point',(13416.9200254,-1209.,-33.6101715138)) ;
#1124=CARTESIAN_POINT('Control Point',(13416.9200255,1209.,-33.6101715067)) ;
#1125=CARTESIAN_POINT('Control Point',(13425.5178651,1215.96948888,-32.3862006252)) ;
#1126=CARTESIAN_POINT('Control Point',(13433.8038635,1222.93909678,-28.9706345706)) ;
#1127=CARTESIAN_POINT('Control Point',(13441.3234776,1229.54076641,-23.4246485019)) ;
#1128=CARTESIAN_POINT('Control Point',(13453.9972509,1241.27713339,-8.68648714153)) ;
#1129=CARTESIAN_POINT('Control Point',(13460.9150005,1249.0557501,11.4931586259)) ;
#1130=CARTESIAN_POINT('Control Point',(13462.6742205,1251.69666441,22.4847607243)) ;
#1131=CARTESIAN_POINT('Control Point',(13462.636193,1252.94280469,33.7694841892)) ;
#1132=CARTESIAN_POINT('Control Point',(13460.8955322,1252.8037053,44.7670055969)) ;
#1133=CARTESIAN_POINT('Control Point',(13515.2060635,1085.29320323,-19.618371918)) ;
#1134=CARTESIAN_POINT('Control Point',(13524.3266869,1091.52333455,-18.319978612)) ;
#1135=CARTESIAN_POINT('Control Point',(13533.1383262,1097.75356904,-14.8500249796)) ;
#1136=CARTESIAN_POINT('Control Point',(13541.163011,1103.6582728,-9.27311727296)) ;
#1137=CARTESIAN_POINT('Control Point',(13554.7578117,1114.16969845,5.48242077344)) ;
#1138=CARTESIAN_POINT('Control Point',(13562.3441772,1121.17542545,25.6095050582)) ;
#1139=CARTESIAN_POINT('Control Point',(13564.3559421,1123.57182197,36.5619643496)) ;
#1140=CARTESIAN_POINT('Control Point',(13564.4756385,1124.73032951,47.8026709359)) ;
#1141=CARTESIAN_POINT('Control Point',(13562.7940258,1124.65667742,58.7588051841)) ;
#1142=CARTESIAN_POINT('Control Point',(13600.9678359,951.543954672,-7.40950120427)) ;
#1143=CARTESIAN_POINT('Control Point',(13610.5398186,956.987224608,-6.04685330604)) ;
#1144=CARTESIAN_POINT('Control Point',(13619.8052998,962.430582387,-2.53005698146)) ;
#1145=CARTESIAN_POINT('Control Point',(13628.266739,967.591987801,3.07341427688)) ;
#1146=CARTESIAN_POINT('Control Point',(13642.6607535,976.790513401,17.8437736916)) ;
#1147=CARTESIAN_POINT('Control Point',(13650.8348782,982.949705538,37.9255215843)) ;
#1148=CARTESIAN_POINT('Control Point',(13653.0718572,985.069553499,48.8442805056)) ;
#1149=CARTESIAN_POINT('Control Point',(13653.3367708,986.114454225,60.0471217429)) ;
#1150=CARTESIAN_POINT('Control Point',(13651.716558,986.08742007,70.9676759006)) ;
#1151=CARTESIAN_POINT('Control Point',(13672.8302035,809.430145108,2.82067864122)) ;
#1152=CARTESIAN_POINT('Control Point',(13682.7773905,814.048126557,4.23673985592)) ;
#1153=CARTESIAN_POINT('Control Point',(13692.4201495,818.666181077,7.79240366068)) ;
#1154=CARTESIAN_POINT('Control Point',(13701.2450865,823.046630425,13.4178731069)) ;
#1155=CARTESIAN_POINT('Control Point',(13716.3060071,830.860038778,28.2004400102)) ;
#1156=CARTESIAN_POINT('Control Point',(13724.9753827,836.110275097,48.2445285612)) ;
#1157=CARTESIAN_POINT('Control Point',(13727.4041408,837.925700742,59.1353323459)) ;
#1158=CARTESIAN_POINT('Control Point',(13727.7955476,838.83347461,70.3067830929)) ;
#1159=CARTESIAN_POINT('Control Point',(13726.2330749,838.834879241,81.1978557472)) ;
#1160=CARTESIAN_POINT('Control Point',(13766.7249677,564.470748336,16.1873454407)) ;
#1161=CARTESIAN_POINT('Control Point',(13777.160033,567.679685713,17.6728600327)) ;
#1162=CARTESIAN_POINT('Control Point',(13787.2933745,570.888672516,21.2790064862)) ;
#1163=CARTESIAN_POINT('Control Point',(13796.5913121,573.934046636,26.9330142055)) ;
#1164=CARTESIAN_POINT('Control Point',(13812.5214226,579.372325205,41.7313650759)) ;
#1165=CARTESIAN_POINT('Control Point',(13821.8400571,583.043870516,61.7265071135)) ;
#1166=CARTESIAN_POINT('Control Point',(13824.5218083,584.321257271,72.5810076045)) ;
#1167=CARTESIAN_POINT('Control Point',(13825.0822846,584.971983643,83.7117093096)) ;
#1168=CARTESIAN_POINT('Control Point',(13823.6002222,584.995758713,94.5645225435)) ;
#1169=CARTESIAN_POINT('Control Point',(13818.3420553,307.928248566,23.5354485854)) ;
#1170=CARTESIAN_POINT('Control Point',(13829.0437258,309.676041418,25.0589165348)) ;
#1171=CARTESIAN_POINT('Control Point',(13839.4451554,311.423860875,28.6926110503)) ;
#1172=CARTESIAN_POINT('Control Point',(13849.0018018,313.082923272,34.3621689056)) ;
#1173=CARTESIAN_POINT('Control Point',(13865.4082566,316.047085904,49.1690842984)) ;
#1174=CARTESIAN_POINT('Control Point',(13875.0852811,318.05241016,69.1374940568)) ;
#1175=CARTESIAN_POINT('Control Point',(13877.9077491,318.751958773,79.9721881146)) ;
#1176=CARTESIAN_POINT('Control Point',(13878.5637423,319.11116168,91.0806683982)) ;
#1177=CARTESIAN_POINT('Control Point',(13877.1292557,319.129581931,101.91262569)) ;
#1178=CARTESIAN_POINT('Control Point',(13831.9487395,205.690229087,25.4724683611)) ;
#1179=CARTESIAN_POINT('Control Point',(13842.7205721,206.85722793,27.0059244366)) ;
#1180=CARTESIAN_POINT('Control Point',(13853.1925544,208.024244479,30.6468658915)) ;
#1181=CARTESIAN_POINT('Control Point',(13862.8173022,209.13206255,36.3205127561)) ;
#1182=CARTESIAN_POINT('Control Point',(13879.3492167,211.111614258,51.1296775976)) ;
#1183=CARTESIAN_POINT('Control Point',(13889.1208243,212.451572062,71.0910533648)) ;
#1184=CARTESIAN_POINT('Control Point',(13891.9805071,212.919346644,81.9205373312)) ;
#1185=CARTESIAN_POINT('Control Point',(13892.6618694,213.160048783,93.0231730334)) ;
#1186=CARTESIAN_POINT('Control Point',(13891.2401737,213.173336393,103.849645464)) ;
#1187=CARTESIAN_POINT('Control Point',(13845.55525,3.67294519496E-005,27.409463394)) ;
#1188=CARTESIAN_POINT('Control Point',(13856.3972445,3.6935493449E-005,28.9529075819)) ;
#1189=CARTESIAN_POINT('Control Point',(13866.9397794,3.71415365731E-005,32.6010959846)) ;
#1190=CARTESIAN_POINT('Control Point',(13876.6326283,3.73371544049E-005,38.2788318733)) ;
#1191=CARTESIAN_POINT('Control Point',(13893.2900017,3.76868047224E-005,53.0902461877)) ;
#1192=CARTESIAN_POINT('Control Point',(13903.1561903,3.79237732212E-005,73.0445879669)) ;
#1193=CARTESIAN_POINT('Control Point',(13906.0530866,3.80066258872E-005,83.8688618355)) ;
#1194=CARTESIAN_POINT('Control Point',(13906.7598161,3.80494590218E-005,94.9656529446)) ;
#1195=CARTESIAN_POINT('Control Point',(13905.3509089,3.80521867146E-005,105.786640499)) ;
#1196=CARTESIAN_POINT('Control Point',(13831.9487474,-205.690155254,25.4724694774)) ;
#1197=CARTESIAN_POINT('Control Point',(13842.72058,-206.857153673,27.0059255587)) ;
#1198=CARTESIAN_POINT('Control Point',(13853.1925623,-208.024169798,30.6468670178)) ;
#1199=CARTESIAN_POINT('Control Point',(13862.8173101,-209.131987467,36.3205138848)) ;
#1200=CARTESIAN_POINT('Control Point',(13879.3492247,-211.111538457,51.1296787275)) ;
#1201=CARTESIAN_POINT('Control Point',(13889.1208323,-212.451495776,71.0910544906)) ;
#1202=CARTESIAN_POINT('Control Point',(13891.9805152,-212.919270188,81.9205384541)) ;
#1203=CARTESIAN_POINT('Control Point',(13892.6618775,-213.15997224,93.023174153)) ;
#1204=CARTESIAN_POINT('Control Point',(13891.2401819,-213.173259847,103.84964658)) ;
#1205=CARTESIAN_POINT('Control Point',(13818.342067,-307.9281758,23.5354502566)) ;
#1206=CARTESIAN_POINT('Control Point',(13829.0437376,-309.67596825,25.058918214)) ;
#1207=CARTESIAN_POINT('Control Point',(13839.4451672,-311.423787304,28.6926127352)) ;
#1208=CARTESIAN_POINT('Control Point',(13849.0018137,-313.082849319,34.3621705937)) ;
#1209=CARTESIAN_POINT('Control Point',(13865.4082686,-316.047011269,49.1690859881)) ;
#1210=CARTESIAN_POINT('Control Point',(13875.0852932,-318.052335065,69.1374957408)) ;
#1211=CARTESIAN_POINT('Control Point',(13877.9077612,-318.751883518,79.9721897944)) ;
#1212=CARTESIAN_POINT('Control Point',(13878.5637544,-319.111086343,91.0806700733)) ;
#1213=CARTESIAN_POINT('Control Point',(13877.1292679,-319.129506592,101.912627361)) ;
#1214=CARTESIAN_POINT('Control Point',(13766.7249861,-564.470691807,16.1873480627)) ;
#1215=CARTESIAN_POINT('Control Point',(13777.1600516,-567.679628843,17.6728626693)) ;
#1216=CARTESIAN_POINT('Control Point',(13787.2933932,-570.888615304,21.2790091335)) ;
#1217=CARTESIAN_POINT('Control Point',(13796.5913308,-573.933989101,26.9330168589)) ;
#1218=CARTESIAN_POINT('Control Point',(13812.5214415,-579.372267093,41.7313677328)) ;
#1219=CARTESIAN_POINT('Control Point',(13821.8400762,-583.043812019,61.7265097602)) ;
#1220=CARTESIAN_POINT('Control Point',(13824.5218274,-584.321198642,72.5810102438)) ;
#1221=CARTESIAN_POINT('Control Point',(13825.0823037,-584.971924949,83.7117119403)) ;
#1222=CARTESIAN_POINT('Control Point',(13823.6002414,-584.995700022,94.5645251662)) ;
#1223=CARTESIAN_POINT('Control Point',(13672.8302235,-809.430106022,2.82068147839)) ;
#1224=CARTESIAN_POINT('Control Point',(13682.7774105,-814.048087272,4.23674270625)) ;
#1225=CARTESIAN_POINT('Control Point',(13692.4201696,-818.666141591,7.79240652054)) ;
#1226=CARTESIAN_POINT('Control Point',(13701.2451067,-823.04659075,13.417875972)) ;
#1227=CARTESIAN_POINT('Control Point',(13716.3060275,-830.859998767,28.2004428781)) ;
#1228=CARTESIAN_POINT('Control Point',(13724.9754031,-836.110234867,48.2445314195)) ;
#1229=CARTESIAN_POINT('Control Point',(13727.4041613,-837.925660439,59.1353351972)) ;
#1230=CARTESIAN_POINT('Control Point',(13727.7955682,-838.833434274,70.3067859363)) ;
#1231=CARTESIAN_POINT('Control Point',(13726.2330955,-838.834838913,81.1978585832)) ;
#1232=CARTESIAN_POINT('Control Point',(13600.9678517,-951.543930281,-7.40949896634)) ;
#1233=CARTESIAN_POINT('Control Point',(13610.5398344,-956.987200049,-6.04685105599)) ;
#1234=CARTESIAN_POINT('Control Point',(13619.8053156,-962.430557661,-2.53005472273)) ;
#1235=CARTESIAN_POINT('Control Point',(13628.2667549,-967.591962916,3.07341654031)) ;
#1236=CARTESIAN_POINT('Control Point',(13642.6607696,-976.790488236,17.843775957)) ;
#1237=CARTESIAN_POINT('Control Point',(13650.8348944,-982.949680192,37.9255238401)) ;
#1238=CARTESIAN_POINT('Control Point',(13653.0718735,-985.069528094,48.8442827545)) ;
#1239=CARTESIAN_POINT('Control Point',(13653.3367871,-986.114428795,60.0471239842)) ;
#1240=CARTESIAN_POINT('Control Point',(13651.7165743,-986.087394649,70.9676781349)) ;
#1241=CARTESIAN_POINT('Control Point',(13515.2060728,-1085.29319147,-19.6183706048)) ;
#1242=CARTESIAN_POINT('Control Point',(13524.3266962,-1091.52332274,-18.3199772916)) ;
#1243=CARTESIAN_POINT('Control Point',(13533.1383355,-1097.75355718,-14.8500236538)) ;
#1244=CARTESIAN_POINT('Control Point',(13541.1630204,-1103.6582609,-9.27311594374)) ;
#1245=CARTESIAN_POINT('Control Point',(13554.7578212,-1114.16968646,5.48242210528)) ;
#1246=CARTESIAN_POINT('Control Point',(13562.3441867,-1121.1754134,25.6095063861)) ;
#1247=CARTESIAN_POINT('Control Point',(13564.3559516,-1123.5718099,36.5619656744)) ;
#1248=CARTESIAN_POINT('Control Point',(13564.475648,-1124.73031744,47.8026722568)) ;
#1249=CARTESIAN_POINT('Control Point',(13562.7940353,-1124.65666535,58.7588065014)) ;
#1250=CARTESIAN_POINT('Control Point',(13416.9200254,-1209.,-33.6101715141)) ;
#1251=CARTESIAN_POINT('Control Point',(13425.517865,-1215.96948889,-32.3862006327)) ;
#1252=CARTESIAN_POINT('Control Point',(13433.8038634,-1222.9390968,-28.9706345781)) ;
#1253=CARTESIAN_POINT('Control Point',(13441.3234776,-1229.54076644,-23.4246485093)) ;
#1254=CARTESIAN_POINT('Control Point',(13453.9972509,-1241.27713344,-8.68648714858)) ;
#1255=CARTESIAN_POINT('Control Point',(13460.9150005,-1249.05575016,11.4931586194)) ;
#1256=CARTESIAN_POINT('Control Point',(13462.6742204,-1251.69666447,22.4847607182)) ;
#1257=CARTESIAN_POINT('Control Point',(13462.6361929,-1252.94280475,33.7694841833)) ;
#1258=CARTESIAN_POINT('Control Point',(13460.8955321,-1252.80370536,44.7670055912)) ;
#1266=CARTESIAN_POINT('Axis2P3D Location',(31.0137,0.,-144.9602)) ;
#1278=CARTESIAN_POINT('Axis2P3D Location',(13054.9637,1270.,-14.9602)) ;
#1283=CARTESIAN_POINT('Line Origine',(13054.9637,-1239.5,-14.9602)) ;
#1288=CARTESIAN_POINT('Line Origine',(13054.9637,-1239.5,2530.0398)) ;
#1300=CARTESIAN_POINT('Axis2P3D Location',(10049.9613,1270.,2530.0398)) ;
#1305=CARTESIAN_POINT('Line Origine',(10049.9613,-1239.5,2530.0398)) ;
#1317=CARTESIAN_POINT('Axis2P3D Location',(13054.9637,1270.,-14.9602)) ;
#1322=CARTESIAN_POINT('Line Origine',(10049.9613,-1239.5,-14.9602)) ;
#1334=CARTESIAN_POINT('Axis2P3D Location',(10049.9613,1270.,2530.0398)) ;
#1346=CARTESIAN_POINT('Line Origine',(13054.9637,1239.5,2530.0398)) ;
#1351=CARTESIAN_POINT('Line Origine',(13054.9637,1239.5,-14.9602)) ;
#1363=CARTESIAN_POINT('Line Origine',(10049.9613,1239.5,-14.9602)) ;
#1375=CARTESIAN_POINT('Line Origine',(10049.9613,1239.5,2530.0398)) ;
#1394=CARTESIAN_POINT('Axis2P3D Location',(9656.8843,1270.,-14.9602)) ;
#1399=CARTESIAN_POINT('Line Origine',(9656.8843,-1239.5,-14.9602)) ;
#1404=CARTESIAN_POINT('Line Origine',(9656.8843,-1239.5,2530.0398)) ;
#1416=CARTESIAN_POINT('Axis2P3D Location',(381.8843,1270.,2530.0375)) ;
#1421=CARTESIAN_POINT('Line Origine',(381.8843,-1239.5,2530.0375)) ;
#1433=CARTESIAN_POINT('Line Origine',(381.8843,-1239.5,-14.9602)) ;
#1445=CARTESIAN_POINT('Axis2P3D Location',(381.8843,1270.,2530.0375)) ;
#1457=CARTESIAN_POINT('Line Origine',(9656.8843,1239.5,2530.0398)) ;
#1462=CARTESIAN_POINT('Line Origine',(9656.8843,1239.5,-14.9602)) ;
#1474=CARTESIAN_POINT('Line Origine',(381.8843,1239.5,-14.9602)) ;
#1486=CARTESIAN_POINT('Line Origine',(381.8843,1239.5,2530.0375)) ;
#1516=CARTESIAN_POINT('Axis2P3D Location',(0.,2354.,0.)) ;
#1521=CARTESIAN_POINT('Line Origine',(12955.3864995,2354.,1352.56652233)) ;
#1525=CARTESIAN_POINT('Vertex',(12955.3864995,2354.,2405.09356507)) ;
#1527=CARTESIAN_POINT('Vertex',(12955.3864995,2354.,300.0351)) ;
#1530=CARTESIAN_POINT('Line Origine',(11552.3864995,2354.,2405.09356507)) ;
#1534=CARTESIAN_POINT('Vertex',(10149.3864995,2354.,2405.09356507)) ;
#1537=CARTESIAN_POINT('Line Origine',(10149.3864995,2354.,1352.56652233)) ;
#1541=CARTESIAN_POINT('Vertex',(10149.3864995,2354.,300.0351)) ;
#1544=CARTESIAN_POINT('Line Origine',(11552.3864995,2354.,300.0351)) ;
#1556=CARTESIAN_POINT('Axis2P3D Location',(10065.0151,1209.,300.0351)) ;
#1561=CARTESIAN_POINT('Line Origine',(11552.3864995,1183.,300.0351)) ;
#1565=CARTESIAN_POINT('Vertex',(10149.3864995,1183.,300.0351)) ;
#1567=CARTESIAN_POINT('Vertex',(12955.3864995,1183.,300.0351)) ;
#1570=CARTESIAN_POINT('Line Origine',(12955.3864995,1787.,300.0351)) ;
#1575=CARTESIAN_POINT('Line Origine',(10149.3864995,1787.,300.0351)) ;
#1587=CARTESIAN_POINT('Axis2P3D Location',(12955.3864995,1209.,0.0351000000015)) ;
#1592=CARTESIAN_POINT('Line Origine',(12955.3864995,1183.,1284.93274011)) ;
#1596=CARTESIAN_POINT('Vertex',(12955.3864995,1183.,2451.71634404)) ;
#1600=CARTESIAN_POINT('Control Point',(12955.3864995,2354.,2405.09356507)) ;
#1601=CARTESIAN_POINT('Control Point',(12955.3864995,1183.,2451.71634404)) ;
#1609=CARTESIAN_POINT('Line Origine',(12955.3864995,1826.17631979,730.471)) ;
#1613=CARTESIAN_POINT('Vertex',(12955.3864995,1680.0269,730.471)) ;
#1615=CARTESIAN_POINT('Vertex',(12955.3864995,1330.0269,730.471)) ;
#1618=CARTESIAN_POINT('Line Origine',(12955.3864995,1680.0269,1284.93274011)) ;
#1622=CARTESIAN_POINT('Vertex',(12955.3864995,1680.0269,1950.471)) ;
#1625=CARTESIAN_POINT('Line Origine',(12955.3864995,1826.17631979,1950.471)) ;
#1629=CARTESIAN_POINT('Vertex',(12955.3864995,1330.0269,1950.471)) ;
#1632=CARTESIAN_POINT('Line Origine',(12955.3864995,1330.0269,1284.93274011)) ;
#1644=CARTESIAN_POINT('Axis2P3D Location',(13039.966,1680.0269,730.471)) ;
#1649=CARTESIAN_POINT('Line Origine',(12982.8864995,1680.0269,730.471)) ;
#1653=CARTESIAN_POINT('Vertex',(13010.3864995,1680.0269,730.471)) ;
#1656=CARTESIAN_POINT('Line Origine',(13010.3864995,1680.0269,1340.471)) ;
#1660=CARTESIAN_POINT('Vertex',(13010.3864995,1680.0269,1950.471)) ;
#1663=CARTESIAN_POINT('Line Origine',(12982.8864995,1680.0269,1950.471)) ;
#1675=CARTESIAN_POINT('Axis2P3D Location',(13039.966,1680.0269,730.471)) ;
#1680=CARTESIAN_POINT('Line Origine',(12982.8864995,1330.0269,730.471)) ;
#1684=CARTESIAN_POINT('Vertex',(13010.3864995,1330.0269,730.471)) ;
#1687=CARTESIAN_POINT('Line Origine',(13010.3864995,1505.0269,730.471)) ;
#1699=CARTESIAN_POINT('Axis2P3D Location',(13039.966,1330.0269,1950.471)) ;
#1704=CARTESIAN_POINT('Line Origine',(12982.8864995,1330.0269,1950.471)) ;
#1708=CARTESIAN_POINT('Vertex',(13010.3864995,1330.0269,1950.471)) ;
#1711=CARTESIAN_POINT('Line Origine',(13010.3864995,1330.0269,1340.471)) ;
#1723=CARTESIAN_POINT('Axis2P3D Location',(13039.966,1330.0269,1950.471)) ;
#1728=CARTESIAN_POINT('Line Origine',(13010.3864995,1505.0269,1950.471)) ;
#1740=CARTESIAN_POINT('Axis2P3D Location',(13010.3864995,1209.,0.0351000000015)) ;
#1745=CARTESIAN_POINT('Line Origine',(13010.3864995,1772.01295,2483.30866379)) ;
#1749=CARTESIAN_POINT('Vertex',(13010.3864995,1183.,2506.75991962)) ;
#1751=CARTESIAN_POINT('Vertex',(13010.3864995,2361.0259,2459.85740796)) ;
#1754=CARTESIAN_POINT('Line Origine',(13010.3864995,1183.,1253.39750981)) ;
#1758=CARTESIAN_POINT('Vertex',(13010.3864995,1183.,0.0351000000015)) ;
#1761=CARTESIAN_POINT('Line Origine',(13010.3864995,1785.40131979,0.0351000000015)) ;
#1765=CARTESIAN_POINT('Vertex',(13010.3864995,2387.80263957,0.0351000000015)) ;
#1768=CARTESIAN_POINT('Line Origine',(13010.3864995,2387.80263957,1229.41320274)) ;
#1772=CARTESIAN_POINT('Vertex',(13010.3864995,2387.80263957,2458.79130548)) ;
#1775=CARTESIAN_POINT('Line Origine',(13010.3864995,2374.41426979,2459.32435672)) ;
#1794=CARTESIAN_POINT('Axis2P3D Location',(0.,1183.,0.)) ;
#1799=CARTESIAN_POINT('Line Origine',(11552.3864995,1183.,2506.75991962)) ;
#1803=CARTESIAN_POINT('Vertex',(10094.3864995,1183.,2506.75991962)) ;
#1806=CARTESIAN_POINT('Line Origine',(10094.3864995,1183.,1253.40268569)) ;
#1810=CARTESIAN_POINT('Vertex',(10094.3864995,1183.,0.0351000000015)) ;
#1813=CARTESIAN_POINT('Line Origine',(11552.3864995,1183.,0.0351000000015)) ;
#1824=CARTESIAN_POINT('Line Origine',(10149.3864995,1183.,1253.40268569)) ;
#1828=CARTESIAN_POINT('Vertex',(10149.3864995,1183.,2451.71634404)) ;
#1831=CARTESIAN_POINT('Line Origine',(11552.3864995,1183.,2451.71634404)) ;
#1843=CARTESIAN_POINT('Axis2P3D Location',(13039.966,899.324525479,2463.01074109)) ;
#1848=CARTESIAN_POINT('Line Origine',(10149.3864995,1812.79889032,2426.64121641)) ;
#1860=CARTESIAN_POINT('Axis2P3D Location',(10149.3864995,1209.,0.0351000000015)) ;
#1871=CARTESIAN_POINT('Line Origine',(10149.3864995,1330.0269,1284.93274011)) ;
#1875=CARTESIAN_POINT('Vertex',(10149.3864995,1330.0269,1950.471)) ;
#1877=CARTESIAN_POINT('Vertex',(10149.3864995,1330.0269,730.471)) ;
#1880=CARTESIAN_POINT('Line Origine',(10149.3864995,1826.17631979,1950.471)) ;
#1884=CARTESIAN_POINT('Vertex',(10149.3864995,1680.0269,1950.471)) ;
#1887=CARTESIAN_POINT('Line Origine',(10149.3864995,1680.0269,1284.93274011)) ;
#1891=CARTESIAN_POINT('Vertex',(10149.3864995,1680.0269,730.471)) ;
#1894=CARTESIAN_POINT('Line Origine',(10149.3864995,1826.17631979,730.471)) ;
#1906=CARTESIAN_POINT('Line Origine',(10121.8864995,1680.0269,1950.471)) ;
#1910=CARTESIAN_POINT('Vertex',(10094.3864995,1680.0269,1950.471)) ;
#1913=CARTESIAN_POINT('Line Origine',(10094.3864995,1680.0269,1340.471)) ;
#1917=CARTESIAN_POINT('Vertex',(10094.3864995,1680.0269,730.471)) ;
#1920=CARTESIAN_POINT('Line Origine',(10121.8864995,1680.0269,730.471)) ;
#1932=CARTESIAN_POINT('Line Origine',(10094.3864995,1505.0269,730.471)) ;
#1936=CARTESIAN_POINT('Vertex',(10094.3864995,1330.0269,730.471)) ;
#1939=CARTESIAN_POINT('Line Origine',(10121.8864995,1330.0269,730.471)) ;
#1951=CARTESIAN_POINT('Axis2P3D Location',(10094.3864995,1209.,0.0351000000015)) ;
#1956=CARTESIAN_POINT('Line Origine',(10094.3864995,2374.41426979,2459.32435672)) ;
#1960=CARTESIAN_POINT('Vertex',(10094.3864995,2361.0259,2459.85740796)) ;
#1962=CARTESIAN_POINT('Vertex',(10094.3864995,2387.80263957,2458.79130548)) ;
#1965=CARTESIAN_POINT('Line Origine',(10094.3864995,2387.80263957,1229.41320274)) ;
#1969=CARTESIAN_POINT('Vertex',(10094.3864995,2387.80263957,0.0351000000015)) ;
#1972=CARTESIAN_POINT('Line Origine',(10094.3864995,1785.40131979,0.0351000000015)) ;
#1977=CARTESIAN_POINT('Line Origine',(10094.3864995,1772.01295,2483.30866379)) ;
#1989=CARTESIAN_POINT('Line Origine',(10094.3864995,1505.0269,1950.471)) ;
#1993=CARTESIAN_POINT('Vertex',(10094.3864995,1330.0269,1950.471)) ;
#1996=CARTESIAN_POINT('Line Origine',(10094.3864995,1330.0269,1340.471)) ;
#2008=CARTESIAN_POINT('Line Origine',(10121.8864995,1330.0269,1950.471)) ;
#2027=CARTESIAN_POINT('Axis2P3D Location',(13039.966,901.512589387,2517.9672)) ;
#2032=CARTESIAN_POINT('Line Origine',(11552.3864995,2361.0259,2459.85740796)) ;
#2044=CARTESIAN_POINT('Line Origine',(13025.1762498,2387.80263957,2458.79130548)) ;
#2048=CARTESIAN_POINT('Vertex',(13039.966,2387.80263957,2458.79130548)) ;
#2051=CARTESIAN_POINT('Line Origine',(13039.966,2374.41426979,2459.32435672)) ;
#2055=CARTESIAN_POINT('Vertex',(13039.966,2361.0259,2459.85740796)) ;
#2058=CARTESIAN_POINT('Line Origine',(13025.1762498,2361.0259,2459.85740796)) ;
#2070=CARTESIAN_POINT('Axis2P3D Location',(10065.0151,2387.80263957,0.0351000000015)) ;
#2075=CARTESIAN_POINT('Line Origine',(13025.1762498,2387.80263957,0.0351000000015)) ;
#2079=CARTESIAN_POINT('Vertex',(13039.966,2387.80263957,0.0351000000014)) ;
#2082=CARTESIAN_POINT('Line Origine',(13039.966,2387.80263957,1229.41320274)) ;
#2094=CARTESIAN_POINT('Line Origine',(10065.0151,2387.80263957,1229.41320274)) ;
#2098=CARTESIAN_POINT('Vertex',(10065.0151,2387.80263957,0.0351000000015)) ;
#2100=CARTESIAN_POINT('Vertex',(10065.0151,2387.80263957,2458.79130548)) ;
#2103=CARTESIAN_POINT('Line Origine',(10079.7007998,2387.80263957,0.0351000000015)) ;
#2108=CARTESIAN_POINT('Line Origine',(10079.7007998,2387.80263957,2458.79130548)) ;
#2120=CARTESIAN_POINT('Line Origine',(10079.7007998,2361.0259,2459.85740796)) ;
#2124=CARTESIAN_POINT('Vertex',(10065.0151,2361.0259,2459.85740796)) ;
#2127=CARTESIAN_POINT('Line Origine',(10065.0151,2374.41426979,2459.32435672)) ;
#2139=CARTESIAN_POINT('Axis2P3D Location',(10065.0151,1209.,0.0351000000015)) ;
#2144=CARTESIAN_POINT('Line Origine',(10065.0151,2403.90131979,0.0351000000015)) ;
#2148=CARTESIAN_POINT('Vertex',(10065.0151,2420.,0.0351000000015)) ;
#2151=CARTESIAN_POINT('Line Origine',(11552.49055,2420.,0.0351000000015)) ;
#2155=CARTESIAN_POINT('Vertex',(13039.966,2420.,0.0351000000014)) ;
#2158=CARTESIAN_POINT('Line Origine',(13039.966,2403.90131979,0.0351000000015)) ;
#2174=CARTESIAN_POINT('Axis2P3D Location',(13039.966,2361.0259,2459.85740796)) ;
#2179=CARTESIAN_POINT('Line Origine',(10065.0151,2361.0259,2487.44745398)) ;
#2183=CARTESIAN_POINT('Vertex',(10065.0151,2361.0259,2515.0375)) ;
#2186=CARTESIAN_POINT('Line Origine',(13039.966,2361.0259,2487.44745398)) ;
#2190=CARTESIAN_POINT('Vertex',(13039.966,2361.0259,2515.0375)) ;
#2193=CARTESIAN_POINT('Line Origine',(11552.49055,2361.0259,2515.0375)) ;
#2207=CARTESIAN_POINT('Axis2P3D Location',(13039.966,1209.,0.0351000000014)) ;
#2212=CARTESIAN_POINT('Line Origine',(13039.966,2420.,1257.5363)) ;
#2216=CARTESIAN_POINT('Vertex',(13039.966,2420.,2515.0375)) ;
#2219=CARTESIAN_POINT('Line Origine',(13039.966,2390.51295,2515.0375)) ;
#2233=CARTESIAN_POINT('Axis2P3D Location',(0.,2420.,0.)) ;
#2238=CARTESIAN_POINT('Line Origine',(10065.0151,2420.,1257.5363)) ;
#2242=CARTESIAN_POINT('Vertex',(10065.0151,2420.,2515.0375)) ;
#2245=CARTESIAN_POINT('Line Origine',(11552.49055,2420.,2515.0375)) ;
#2257=CARTESIAN_POINT('Axis2P3D Location',(10065.0151,1209.,2515.0375)) ;
#2262=CARTESIAN_POINT('Line Origine',(10065.0151,2390.51295,2515.0375)) ;
#2276=CARTESIAN_POINT('Axis2P3D Location',(13039.966,1209.,2515.0375)) ;
#2297=CARTESIAN_POINT('Axis2P3D Location',(13039.966,901.512589387,2517.9672)) ;
#2302=CARTESIAN_POINT('Line Origine',(5012.40199954,2361.0259,2459.85740796)) ;
#2306=CARTESIAN_POINT('Vertex',(9605.40199954,2361.0259,2459.85740796)) ;
#2308=CARTESIAN_POINT('Vertex',(419.401999537,2361.0259,2459.85740796)) ;
#2311=CARTESIAN_POINT('Line Origine',(419.401999537,1772.01295,2483.30866379)) ;
#2315=CARTESIAN_POINT('Vertex',(419.401999537,1183.,2506.75991962)) ;
#2318=CARTESIAN_POINT('Line Origine',(5012.40199954,1183.,2506.75991962)) ;
#2322=CARTESIAN_POINT('Vertex',(9605.40199954,1183.,2506.75991962)) ;
#2325=CARTESIAN_POINT('Line Origine',(9605.40199954,1772.01295,2483.30866379)) ;
#2337=CARTESIAN_POINT('Axis2P3D Location',(13039.966,2361.0259,2459.85740796)) ;
#2342=CARTESIAN_POINT('Line Origine',(389.9815,2361.0259,2487.44515398)) ;
#2346=CARTESIAN_POINT('Vertex',(389.9815,2361.0259,2459.85740796)) ;
#2348=CARTESIAN_POINT('Vertex',(389.9815,2361.0259,2515.0329)) ;
#2351=CARTESIAN_POINT('Line Origine',(404.691749768,2361.0259,2459.85740796)) ;
#2356=CARTESIAN_POINT('Line Origine',(9620.19174977,2361.0259,2459.85740796)) ;
#2360=CARTESIAN_POINT('Vertex',(9634.9815,2361.0259,2459.85740796)) ;
#2363=CARTESIAN_POINT('Line Origine',(9634.9815,2361.0259,2487.44515398)) ;
#2367=CARTESIAN_POINT('Vertex',(9634.9815,2361.0259,2515.0329)) ;
#2370=CARTESIAN_POINT('Line Origine',(5012.4815,2361.0259,2515.0329)) ;
#2384=CARTESIAN_POINT('Line Origine',(389.9815,2374.41426979,2459.32435672)) ;
#2388=CARTESIAN_POINT('Vertex',(389.9815,2387.80263957,2458.79130548)) ;
#2391=CARTESIAN_POINT('Line Origine',(404.691749768,2387.80263957,2458.79130548)) ;
#2395=CARTESIAN_POINT('Vertex',(419.401999537,2387.80263957,2458.79130548)) ;
#2398=CARTESIAN_POINT('Line Origine',(419.401999537,2374.41426979,2459.32435672)) ;
#2410=CARTESIAN_POINT('Axis2P3D Location',(419.401999537,2387.80263957,0.0328000000002)) ;
#2415=CARTESIAN_POINT('Line Origine',(419.401999537,2387.80263957,1229.41205274)) ;
#2419=CARTESIAN_POINT('Vertex',(419.401999537,2387.80263957,0.0328000000002)) ;
#2422=CARTESIAN_POINT('Line Origine',(419.401999537,1785.40131979,0.0328000000002)) ;
#2426=CARTESIAN_POINT('Vertex',(419.401999537,1183.,0.0328000000002)) ;
#2429=CARTESIAN_POINT('Line Origine',(419.401999537,1183.,1253.39635981)) ;
#2442=CARTESIAN_POINT('Control Point',(419.401999537,1330.0269,1950.471)) ;
#2443=CARTESIAN_POINT('Control Point',(419.401999537,1680.0269,1950.471)) ;
#2444=CARTESIAN_POINT('Vertex',(419.401999537,1330.0269,1950.471)) ;
#2446=CARTESIAN_POINT('Vertex',(419.401999537,1680.0269,1950.471)) ;
#2450=CARTESIAN_POINT('Control Point',(419.401999537,1330.0269,730.471)) ;
#2451=CARTESIAN_POINT('Control Point',(419.401999537,1330.0269,1950.471)) ;
#2452=CARTESIAN_POINT('Vertex',(419.401999537,1330.0269,730.471)) ;
#2456=CARTESIAN_POINT('Control Point',(419.401999537,1680.0269,730.471)) ;
#2457=CARTESIAN_POINT('Control Point',(419.401999537,1330.0269,730.471)) ;
#2458=CARTESIAN_POINT('Vertex',(419.401999537,1680.0269,730.471)) ;
#2462=CARTESIAN_POINT('Control Point',(419.401999537,1680.0269,1950.471)) ;
#2463=CARTESIAN_POINT('Control Point',(419.401999537,1680.0269,730.471)) ;
#2472=CARTESIAN_POINT('Axis2P3D Location',(419.401999537,1680.0269,730.471)) ;
#2477=CARTESIAN_POINT('Line Origine',(446.901999537,1680.0269,730.471)) ;
#2481=CARTESIAN_POINT('Vertex',(474.401999537,1680.0269,730.471)) ;
#2484=CARTESIAN_POINT('Line Origine',(446.901999537,1330.0269,730.471)) ;
#2488=CARTESIAN_POINT('Vertex',(474.401999537,1330.0269,730.471)) ;
#2491=CARTESIAN_POINT('Line Origine',(474.401999537,1505.0269,730.471)) ;
#2503=CARTESIAN_POINT('Axis2P3D Location',(419.401999537,1330.0269,730.471)) ;
#2508=CARTESIAN_POINT('Line Origine',(446.901999537,1330.0269,1950.471)) ;
#2512=CARTESIAN_POINT('Vertex',(474.401999537,1330.0269,1950.471)) ;
#2515=CARTESIAN_POINT('Line Origine',(474.401999537,1330.0269,1340.471)) ;
#2527=CARTESIAN_POINT('Axis2P3D Location',(419.401999537,1330.0269,1950.471)) ;
#2532=CARTESIAN_POINT('Line Origine',(446.901999537,1680.0269,1950.471)) ;
#2536=CARTESIAN_POINT('Vertex',(474.401999537,1680.0269,1950.471)) ;
#2539=CARTESIAN_POINT('Line Origine',(474.401999537,1505.0269,1950.471)) ;
#2551=CARTESIAN_POINT('Axis2P3D Location',(419.401999537,1680.0269,1950.471)) ;
#2556=CARTESIAN_POINT('Line Origine',(474.401999537,1680.0269,1340.471)) ;
#2568=CARTESIAN_POINT('Axis2P3D Location',(474.401999537,2387.80263957,0.0328000000002)) ;
#2573=CARTESIAN_POINT('Line Origine',(474.401999537,1826.17631979,300.0328)) ;
#2577=CARTESIAN_POINT('Vertex',(474.401999537,2354.,300.0328)) ;
#2579=CARTESIAN_POINT('Vertex',(474.401999537,1183.,300.0328)) ;
#2582=CARTESIAN_POINT('Line Origine',(474.401999537,2354.,1284.93159011)) ;
#2586=CARTESIAN_POINT('Vertex',(474.401999537,2354.,2405.09356507)) ;
#2590=CARTESIAN_POINT('Control Point',(474.401999537,2354.,2405.09356507)) ;
#2591=CARTESIAN_POINT('Control Point',(474.401999537,1183.,2451.71634404)) ;
#2592=CARTESIAN_POINT('Vertex',(474.401999537,1183.,2451.71634404)) ;
#2595=CARTESIAN_POINT('Line Origine',(474.401999537,1183.,1284.93159011)) ;
#2613=CARTESIAN_POINT('Axis2P3D Location',(13039.966,899.324525479,2463.01074109)) ;
#2618=CARTESIAN_POINT('Line Origine',(5012.40199954,1183.,2451.71634404)) ;
#2622=CARTESIAN_POINT('Vertex',(9550.40199954,1183.,2451.71634404)) ;
#2625=CARTESIAN_POINT('Line Origine',(5012.40199954,2354.,2405.09356507)) ;
#2629=CARTESIAN_POINT('Vertex',(9550.40199954,2354.,2405.09356507)) ;
#2632=CARTESIAN_POINT('Line Origine',(9550.40199954,1812.79889032,2426.64121641)) ;
#2644=CARTESIAN_POINT('Axis2P3D Location',(0.,1183.,0.)) ;
#2649=CARTESIAN_POINT('Line Origine',(5012.40199954,1183.,0.0328000000002)) ;
#2653=CARTESIAN_POINT('Vertex',(9605.40199954,1183.,0.0328000000002)) ;
#2656=CARTESIAN_POINT('Line Origine',(9605.40199954,1183.,1253.40153569)) ;
#2667=CARTESIAN_POINT('Line Origine',(9550.40199954,1183.,1253.40153569)) ;
#2671=CARTESIAN_POINT('Vertex',(9550.40199954,1183.,300.0328)) ;
#2674=CARTESIAN_POINT('Line Origine',(5012.40199954,1183.,300.0328)) ;
#2686=CARTESIAN_POINT('Axis2P3D Location',(9605.40199954,1209.,0.0328000000002)) ;
#2691=CARTESIAN_POINT('Line Origine',(9605.40199954,2387.80263957,1229.41205274)) ;
#2695=CARTESIAN_POINT('Vertex',(9605.40199954,2387.80263957,0.0328000000002)) ;
#2697=CARTESIAN_POINT('Vertex',(9605.40199954,2387.80263957,2458.79130548)) ;
#2700=CARTESIAN_POINT('Line Origine',(9605.40199954,2374.41426979,2459.32435672)) ;
#2705=CARTESIAN_POINT('Line Origine',(9605.40199954,1785.40131979,0.0328000000002)) ;
#2718=CARTESIAN_POINT('Axis2P3D Location',(9634.9815,2387.80263957,0.0328000000002)) ;
#2723=CARTESIAN_POINT('Line Origine',(9620.19174977,2387.80263957,2458.79130548)) ;
#2727=CARTESIAN_POINT('Vertex',(9634.9815,2387.80263957,2458.79130548)) ;
#2730=CARTESIAN_POINT('Line Origine',(9620.19174977,2387.80263957,0.0328000000002)) ;
#2734=CARTESIAN_POINT('Vertex',(9634.9815,2387.80263957,0.0328000000004)) ;
#2737=CARTESIAN_POINT('Line Origine',(9634.9815,2387.80263957,1229.41205274)) ;
#2749=CARTESIAN_POINT('Line Origine',(9634.9815,2374.41426979,2459.32435672)) ;
#2761=CARTESIAN_POINT('Axis2P3D Location',(9634.9815,1209.,2515.0329)) ;
#2766=CARTESIAN_POINT('Line Origine',(9634.9815,2403.90131979,0.0328000000004)) ;
#2770=CARTESIAN_POINT('Vertex',(9634.9815,2420.,0.0328000000004)) ;
#2773=CARTESIAN_POINT('Line Origine',(9634.9815,2420.,1257.53285)) ;
#2777=CARTESIAN_POINT('Vertex',(9634.9815,2420.,2515.0329)) ;
#2780=CARTESIAN_POINT('Line Origine',(9634.9815,2390.51295,2515.0329)) ;
#2794=CARTESIAN_POINT('Axis2P3D Location',(389.9815,1209.,2515.0329)) ;
#2799=CARTESIAN_POINT('Line Origine',(5012.4815,2420.,2515.0329)) ;
#2803=CARTESIAN_POINT('Vertex',(389.9815,2420.,2515.0329)) ;
#2806=CARTESIAN_POINT('Line Origine',(389.9815,2390.51295,2515.0329)) ;
#2818=CARTESIAN_POINT('Axis2P3D Location',(389.9815,1209.,0.0328)) ;
#2823=CARTESIAN_POINT('Line Origine',(389.9815,2420.,1257.53285)) ;
#2827=CARTESIAN_POINT('Vertex',(389.9815,2420.,0.0328)) ;
#2830=CARTESIAN_POINT('Line Origine',(389.9815,2403.90131979,0.0328)) ;
#2834=CARTESIAN_POINT('Vertex',(389.9815,2387.80263957,0.0328)) ;
#2837=CARTESIAN_POINT('Line Origine',(389.9815,2387.80263957,1229.41205274)) ;
#2851=CARTESIAN_POINT('Line Origine',(404.691749768,2387.80263957,0.0328000000002)) ;
#2863=CARTESIAN_POINT('Axis2P3D Location',(9634.9815,1209.,0.0328000000002)) ;
#2868=CARTESIAN_POINT('Line Origine',(5012.4815,2420.,0.0328000000002)) ;
#2884=CARTESIAN_POINT('Axis2P3D Location',(0.,2420.,0.)) ;
#2895=CARTESIAN_POINT('Line Origine',(5455.0315,2420.,2365.0328)) ;
#2899=CARTESIAN_POINT('Vertex',(5030.0315,2420.,2365.0328)) ;
#2901=CARTESIAN_POINT('Vertex',(5880.0315,2420.,2365.0328)) ;
#2904=CARTESIAN_POINT('Line Origine',(5030.0315,2420.,1332.5328)) ;
#2908=CARTESIAN_POINT('Vertex',(5030.0315,2420.,300.0328)) ;
#2911=CARTESIAN_POINT('Line Origine',(5455.0315,2420.,300.0328)) ;
#2915=CARTESIAN_POINT('Vertex',(5880.0315,2420.,300.0328)) ;
#2918=CARTESIAN_POINT('Line Origine',(5880.0315,2420.,1332.5328)) ;
#2929=CARTESIAN_POINT('Line Origine',(3540.0315,2420.,1947.0262)) ;
#2933=CARTESIAN_POINT('Vertex',(2793.0315,2420.,1947.0262)) ;
#2935=CARTESIAN_POINT('Vertex',(4287.0315,2420.,1947.0262)) ;
#2938=CARTESIAN_POINT('Line Origine',(2793.0315,2420.,1625.0262)) ;
#2942=CARTESIAN_POINT('Vertex',(2793.0315,2420.,1303.0262)) ;
#2945=CARTESIAN_POINT('Line Origine',(3540.0315,2420.,1303.0262)) ;
#2949=CARTESIAN_POINT('Vertex',(4287.0315,2420.,1303.0262)) ;
#2952=CARTESIAN_POINT('Line Origine',(4287.0315,2420.,1625.0262)) ;
#2963=CARTESIAN_POINT('Line Origine',(8250.0315,2420.,1947.0262)) ;
#2967=CARTESIAN_POINT('Vertex',(7153.0315,2420.,1947.0262)) ;
#2969=CARTESIAN_POINT('Vertex',(9347.0315,2420.,1947.0262)) ;
#2972=CARTESIAN_POINT('Line Origine',(7153.0315,2420.,1625.0262)) ;
#2976=CARTESIAN_POINT('Vertex',(7153.0315,2420.,1303.0262)) ;
#2979=CARTESIAN_POINT('Line Origine',(8250.0315,2420.,1303.0262)) ;
#2983=CARTESIAN_POINT('Vertex',(9347.0315,2420.,1303.0262)) ;
#2986=CARTESIAN_POINT('Line Origine',(9347.0315,2420.,1625.0262)) ;
#2998=CARTESIAN_POINT('Axis2P3D Location',(5030.0315,2420.,2365.0328)) ;
#3003=CARTESIAN_POINT('Line Origine',(5880.0315,2387.,2365.0328)) ;
#3007=CARTESIAN_POINT('Vertex',(5880.0315,2354.,2365.0328)) ;
#3010=CARTESIAN_POINT('Line Origine',(5455.0315,2354.,2365.0328)) ;
#3014=CARTESIAN_POINT('Vertex',(5030.0315,2354.,2365.0328)) ;
#3017=CARTESIAN_POINT('Line Origine',(5030.0315,2387.,2365.0328)) ;
#3029=CARTESIAN_POINT('Axis2P3D Location',(0.,2354.,0.)) ;
#3034=CARTESIAN_POINT('Line Origine',(5880.0315,2354.,1352.56537233)) ;
#3038=CARTESIAN_POINT('Vertex',(5880.0315,2354.,300.0328)) ;
#3041=CARTESIAN_POINT('Line Origine',(5012.40199954,2354.,300.0328)) ;
#3045=CARTESIAN_POINT('Vertex',(9550.40199954,2354.,300.0328)) ;
#3048=CARTESIAN_POINT('Line Origine',(9550.40199954,2354.,1352.56537233)) ;
#3053=CARTESIAN_POINT('Line Origine',(5012.40199954,2354.,300.0328)) ;
#3057=CARTESIAN_POINT('Vertex',(5030.0315,2354.,300.0328)) ;
#3060=CARTESIAN_POINT('Line Origine',(5030.0315,2354.,1352.56537233)) ;
#3075=CARTESIAN_POINT('Line Origine',(4287.0315,2354.,1352.56537233)) ;
#3079=CARTESIAN_POINT('Vertex',(4287.0315,2354.,1947.0262)) ;
#3081=CARTESIAN_POINT('Vertex',(4287.0315,2354.,1303.0262)) ;
#3084=CARTESIAN_POINT('Line Origine',(5012.40199954,2354.,1303.0262)) ;
#3088=CARTESIAN_POINT('Vertex',(2793.0315,2354.,1303.0262)) ;
#3091=CARTESIAN_POINT('Line Origine',(2793.0315,2354.,1352.56537233)) ;
#3095=CARTESIAN_POINT('Vertex',(2793.0315,2354.,1947.0262)) ;
#3098=CARTESIAN_POINT('Line Origine',(5012.40199954,2354.,1947.0262)) ;
#3109=CARTESIAN_POINT('Line Origine',(7153.0315,2354.,1352.56537233)) ;
#3113=CARTESIAN_POINT('Vertex',(7153.0315,2354.,1947.0262)) ;
#3115=CARTESIAN_POINT('Vertex',(7153.0315,2354.,1303.0262)) ;
#3118=CARTESIAN_POINT('Line Origine',(5012.40199954,2354.,1947.0262)) ;
#3122=CARTESIAN_POINT('Vertex',(9347.0315,2354.,1947.0262)) ;
#3125=CARTESIAN_POINT('Line Origine',(9347.0315,2354.,1352.56537233)) ;
#3129=CARTESIAN_POINT('Vertex',(9347.0315,2354.,1303.0262)) ;
#3132=CARTESIAN_POINT('Line Origine',(5012.40199954,2354.,1303.0262)) ;
#3144=CARTESIAN_POINT('Axis2P3D Location',(5030.0315,2420.,2365.0328)) ;
#3149=CARTESIAN_POINT('Line Origine',(5030.0315,2387.,300.0328)) ;
#3161=CARTESIAN_POINT('Axis2P3D Location',(9634.9815,1209.,300.0328)) ;
#3166=CARTESIAN_POINT('Line Origine',(5880.0315,1814.5,300.0328)) ;
#3171=CARTESIAN_POINT('Line Origine',(9550.40199954,1814.5,300.0328)) ;
#3187=CARTESIAN_POINT('Axis2P3D Location',(5880.0315,2420.,300.0328)) ;
#3199=CARTESIAN_POINT('Axis2P3D Location',(7153.0315,2420.,1947.0262)) ;
#3204=CARTESIAN_POINT('Line Origine',(4287.0315,2387.,1947.0262)) ;
#3209=CARTESIAN_POINT('Line Origine',(2793.0315,2387.,1947.0262)) ;
#3221=CARTESIAN_POINT('Axis2P3D Location',(2793.0315,2420.,1947.0262)) ;
#3226=CARTESIAN_POINT('Line Origine',(2793.0315,2387.,1303.0262)) ;
#3238=CARTESIAN_POINT('Axis2P3D Location',(9347.0315,2420.,1303.0262)) ;
#3243=CARTESIAN_POINT('Line Origine',(4287.0315,2387.,1303.0262)) ;
#3255=CARTESIAN_POINT('Axis2P3D Location',(4287.0315,2420.,1303.0262)) ;
#3267=CARTESIAN_POINT('Line Origine',(9347.0315,2387.,1947.0262)) ;
#3272=CARTESIAN_POINT('Line Origine',(7153.0315,2387.,1947.0262)) ;
#3284=CARTESIAN_POINT('Axis2P3D Location',(7153.0315,2420.,1947.0262)) ;
#3289=CARTESIAN_POINT('Line Origine',(7153.0315,2387.,1303.0262)) ;
#3301=CARTESIAN_POINT('Line Origine',(9347.0315,2387.,1303.0262)) ;
#3313=CARTESIAN_POINT('Axis2P3D Location',(9347.0315,2420.,1303.0262)) ;
#3325=CARTESIAN_POINT('Axis2P3D Location',(9550.40199954,1209.,0.0328000000002)) ;
#3346=CARTESIAN_POINT('Axis2P3D Location',(10064.966,-1209.,2515.0329)) ;
#3351=CARTESIAN_POINT('Line Origine',(11552.466,-2360.9737,2515.0329)) ;
#3355=CARTESIAN_POINT('Vertex',(13039.966,-2360.9737,2515.0329)) ;
#3357=CARTESIAN_POINT('Vertex',(10064.966,-2360.9737,2515.0329)) ;
#3360=CARTESIAN_POINT('Line Origine',(10064.966,-2390.48685,2515.0329)) ;
#3364=CARTESIAN_POINT('Vertex',(10064.966,-2420.,2515.0329)) ;
#3367=CARTESIAN_POINT('Line Origine',(11552.466,-2420.,2515.0329)) ;
#3371=CARTESIAN_POINT('Vertex',(13039.966,-2420.,2515.0329)) ;
#3374=CARTESIAN_POINT('Line Origine',(13039.966,-2390.48685,2515.0329)) ;
#3386=CARTESIAN_POINT('Axis2P3D Location',(0.,-2420.,0.)) ;
#3391=CARTESIAN_POINT('Line Origine',(13039.966,-2420.,1257.5329)) ;
#3395=CARTESIAN_POINT('Vertex',(13039.966,-2420.,0.0329000000013)) ;
#3398=CARTESIAN_POINT('Line Origine',(10064.966,-2420.,1257.5329)) ;
#3402=CARTESIAN_POINT('Vertex',(10064.966,-2420.,0.0329000000013)) ;
#3405=CARTESIAN_POINT('Line Origine',(11552.466,-2420.,0.0329000000013)) ;
#3416=CARTESIAN_POINT('Line Origine',(11261.966,-2420.,1625.0262)) ;
#3420=CARTESIAN_POINT('Vertex',(11261.966,-2420.,1947.0262)) ;
#3422=CARTESIAN_POINT('Vertex',(11261.966,-2420.,1303.0262)) ;
#3425=CARTESIAN_POINT('Line Origine',(10864.966,-2420.,1303.0262)) ;
#3429=CARTESIAN_POINT('Vertex',(10467.966,-2420.,1303.0262)) ;
#3432=CARTESIAN_POINT('Line Origine',(10467.966,-2420.,1625.0262)) ;
#3436=CARTESIAN_POINT('Vertex',(10467.966,-2420.,1947.0262)) ;
#3439=CARTESIAN_POINT('Line Origine',(10864.966,-2420.,1947.0262)) ;
#3451=CARTESIAN_POINT('Axis2P3D Location',(11261.966,-2420.,1303.0262)) ;
#3456=CARTESIAN_POINT('Line Origine',(11261.966,-2387.,1303.0262)) ;
#3460=CARTESIAN_POINT('Vertex',(11261.966,-2354.,1303.0262)) ;
#3463=CARTESIAN_POINT('Line Origine',(11261.966,-2387.,1947.0262)) ;
#3467=CARTESIAN_POINT('Vertex',(11261.966,-2354.,1947.0262)) ;
#3470=CARTESIAN_POINT('Line Origine',(11261.966,-2354.,1625.0262)) ;
#3482=CARTESIAN_POINT('Axis2P3D Location',(10467.966,-2420.,1947.0262)) ;
#3487=CARTESIAN_POINT('Line Origine',(10467.966,-2387.,1947.0262)) ;
#3491=CARTESIAN_POINT('Vertex',(10467.966,-2354.,1947.0262)) ;
#3494=CARTESIAN_POINT('Line Origine',(10864.966,-2354.,1947.0262)) ;
#3506=CARTESIAN_POINT('Axis2P3D Location',(10467.966,-2420.,1947.0262)) ;
#3511=CARTESIAN_POINT('Line Origine',(10467.966,-2387.,1303.0262)) ;
#3515=CARTESIAN_POINT('Vertex',(10467.966,-2354.,1303.0262)) ;
#3518=CARTESIAN_POINT('Line Origine',(10467.966,-2354.,1625.0262)) ;
#3530=CARTESIAN_POINT('Axis2P3D Location',(11261.966,-2420.,1303.0262)) ;
#3535=CARTESIAN_POINT('Line Origine',(10864.966,-2354.,1303.0262)) ;
#3547=CARTESIAN_POINT('Axis2P3D Location',(0.,-2354.,0.)) ;
#3552=CARTESIAN_POINT('Line Origine',(11552.3864995,-2354.,300.0329)) ;
#3556=CARTESIAN_POINT('Vertex',(10149.3864995,-2354.,300.0329)) ;
#3558=CARTESIAN_POINT('Vertex',(12955.3864995,-2354.,300.0329)) ;
#3561=CARTESIAN_POINT('Line Origine',(10149.3864995,-2354.,1352.5318794)) ;
#3565=CARTESIAN_POINT('Vertex',(10149.3864995,-2354.,2405.0264792)) ;
#3568=CARTESIAN_POINT('Line Origine',(11552.3864995,-2354.,2405.0264792)) ;
#3572=CARTESIAN_POINT('Vertex',(12955.3864995,-2354.,2405.0264792)) ;
#3575=CARTESIAN_POINT('Line Origine',(12955.3864995,-2354.,1352.5318794)) ;
#3593=CARTESIAN_POINT('Axis2P3D Location',(12955.3864995,-1209.,0.0329000000013)) ;
#3598=CARTESIAN_POINT('Line Origine',(12955.3864995,-1183.,1252.82353939)) ;
#3602=CARTESIAN_POINT('Vertex',(12955.3864995,-1183.,2451.64935799)) ;
#3604=CARTESIAN_POINT('Vertex',(12955.3864995,-1183.,300.0329)) ;
#3607=CARTESIAN_POINT('Line Origine',(12955.3864995,-1812.76185,300.0329)) ;
#3613=CARTESIAN_POINT('Control Point',(12955.3864995,-2354.,2405.0264792)) ;
#3614=CARTESIAN_POINT('Control Point',(12955.3864995,-1183.,2451.64935799)) ;
#3622=CARTESIAN_POINT('Line Origine',(12955.3864995,-1812.76185,1950.471)) ;
#3626=CARTESIAN_POINT('Vertex',(12955.3864995,-1329.9737,1950.471)) ;
#3628=CARTESIAN_POINT('Vertex',(12955.3864995,-1679.9737,1950.471)) ;
#3631=CARTESIAN_POINT('Line Origine',(12955.3864995,-1679.9737,1252.82353939)) ;
#3635=CARTESIAN_POINT('Vertex',(12955.3864995,-1679.9737,730.471)) ;
#3638=CARTESIAN_POINT('Line Origine',(12955.3864995,-1812.76185,730.471)) ;
#3642=CARTESIAN_POINT('Vertex',(12955.3864995,-1329.9737,730.471)) ;
#3645=CARTESIAN_POINT('Line Origine',(12955.3864995,-1329.9737,1252.82353939)) ;
#3657=CARTESIAN_POINT('Axis2P3D Location',(13010.3864995,-1679.9737,1950.471)) ;
#3662=CARTESIAN_POINT('Line Origine',(12982.8864995,-1679.9737,1950.471)) ;
#3666=CARTESIAN_POINT('Vertex',(13010.3864995,-1679.9737,1950.471)) ;
#3669=CARTESIAN_POINT('Line Origine',(13010.3864995,-1679.9737,1340.471)) ;
#3673=CARTESIAN_POINT('Vertex',(13010.3864995,-1679.9737,730.471)) ;
#3676=CARTESIAN_POINT('Line Origine',(12982.8864995,-1679.9737,730.471)) ;
#3688=CARTESIAN_POINT('Axis2P3D Location',(13010.3864995,-1329.9737,1950.471)) ;
#3693=CARTESIAN_POINT('Line Origine',(12982.8864995,-1329.9737,1950.471)) ;
#3697=CARTESIAN_POINT('Vertex',(13010.3864995,-1329.9737,1950.471)) ;
#3700=CARTESIAN_POINT('Line Origine',(13010.3864995,-1504.9737,1950.471)) ;
#3712=CARTESIAN_POINT('Axis2P3D Location',(13010.3864995,-1329.9737,730.471)) ;
#3717=CARTESIAN_POINT('Line Origine',(12982.8864995,-1329.9737,730.471)) ;
#3721=CARTESIAN_POINT('Vertex',(13010.3864995,-1329.9737,730.471)) ;
#3724=CARTESIAN_POINT('Line Origine',(13010.3864995,-1329.9737,1340.471)) ;
#3736=CARTESIAN_POINT('Axis2P3D Location',(13010.3864995,-1679.9737,730.471)) ;
#3741=CARTESIAN_POINT('Line Origine',(13010.3864995,-1504.9737,730.471)) ;
#3753=CARTESIAN_POINT('Axis2P3D Location',(13010.3864995,-1209.,0.0329000000013)) ;
#3758=CARTESIAN_POINT('Line Origine',(13010.3864995,-1771.98685,0.0329000000013)) ;
#3762=CARTESIAN_POINT('Vertex',(13010.3864995,-1183.,0.0329000000013)) ;
#3764=CARTESIAN_POINT('Vertex',(13010.3864995,-2360.9737,0.0329000000013)) ;
#3767=CARTESIAN_POINT('Line Origine',(13010.3864995,-1183.,1253.36291688)) ;
#3771=CARTESIAN_POINT('Vertex',(13010.3864995,-1183.,2506.69293376)) ;
#3774=CARTESIAN_POINT('Line Origine',(13010.3864995,-1771.98685,2483.24266688)) ;
#3778=CARTESIAN_POINT('Vertex',(13010.3864995,-2360.9737,2459.7924)) ;
#3781=CARTESIAN_POINT('Line Origine',(13010.3864995,-2360.9737,1229.91265)) ;
#3799=CARTESIAN_POINT('Axis2P3D Location',(13039.966,-2360.9737,2515.0329)) ;
#3804=CARTESIAN_POINT('Line Origine',(13039.966,-2360.9737,1257.5329)) ;
#3808=CARTESIAN_POINT('Vertex',(13039.966,-2360.9737,0.0329000000013)) ;
#3811=CARTESIAN_POINT('Line Origine',(13025.1762498,-2360.9737,0.0329000000011)) ;
#3816=CARTESIAN_POINT('Line Origine',(11552.3864995,-2360.9737,2459.7924)) ;
#3820=CARTESIAN_POINT('Vertex',(10094.3864995,-2360.9737,2459.7924)) ;
#3823=CARTESIAN_POINT('Line Origine',(10094.3864995,-2360.9737,1229.91265)) ;
#3827=CARTESIAN_POINT('Vertex',(10094.3864995,-2360.9737,0.0329000000013)) ;
#3830=CARTESIAN_POINT('Line Origine',(10079.6762498,-2360.9737,0.0329000000011)) ;
#3834=CARTESIAN_POINT('Vertex',(10064.966,-2360.9737,0.0329000000013)) ;
#3837=CARTESIAN_POINT('Line Origine',(10064.966,-2360.9737,1257.5329)) ;
#3853=CARTESIAN_POINT('Axis2P3D Location',(13039.966,-1209.,0.0328999999986)) ;
#3858=CARTESIAN_POINT('Line Origine',(13039.966,-2390.48685,0.0328999999986)) ;
#3870=CARTESIAN_POINT('Axis2P3D Location',(13039.966,-1209.,0.0329000000013)) ;
#3875=CARTESIAN_POINT('Line Origine',(10064.966,-2390.48685,0.0329000000013)) ;
#3880=CARTESIAN_POINT('Line Origine',(10094.3864995,-1771.98685,0.0329000000013)) ;
#3884=CARTESIAN_POINT('Vertex',(10094.3864995,-1183.,0.0329000000013)) ;
#3887=CARTESIAN_POINT('Line Origine',(11552.3864995,-1183.,0.0329000000013)) ;
#3903=CARTESIAN_POINT('Axis2P3D Location',(10094.3864995,-2360.9737,0.0329000000013)) ;
#3908=CARTESIAN_POINT('Line Origine',(10094.3864995,-1771.98685,2483.24266688)) ;
#3912=CARTESIAN_POINT('Vertex',(10094.3864995,-1183.,2506.69293376)) ;
#3915=CARTESIAN_POINT('Line Origine',(10094.3864995,-1183.,1253.36291688)) ;
#3927=CARTESIAN_POINT('Axis2P3D Location',(13039.966,-2360.9737,2459.7924)) ;
#3932=CARTESIAN_POINT('Line Origine',(11552.3864995,-1183.,2506.69293376)) ;
#3944=CARTESIAN_POINT('Axis2P3D Location',(0.,-1183.,0.)) ;
#3955=CARTESIAN_POINT('Line Origine',(11552.3864995,-1183.,2451.64935799)) ;
#3959=CARTESIAN_POINT('Vertex',(10149.3864995,-1183.,2451.64935799)) ;
#3962=CARTESIAN_POINT('Line Origine',(10149.3864995,-1183.,1253.36809278)) ;
#3966=CARTESIAN_POINT('Vertex',(10149.3864995,-1183.,300.0329)) ;
#3969=CARTESIAN_POINT('Line Origine',(11552.3864995,-1183.,300.0329)) ;
#3981=CARTESIAN_POINT('Axis2P3D Location',(13039.966,-2358.78563141,2404.83594127)) ;
#3986=CARTESIAN_POINT('Line Origine',(10149.3864995,-1812.77279034,2426.57521583)) ;
#3998=CARTESIAN_POINT('Axis2P3D Location',(10149.3864995,-2360.9737,0.0329000000013)) ;
#4003=CARTESIAN_POINT('Line Origine',(10149.3864995,-1812.76185,300.0329)) ;
#4015=CARTESIAN_POINT('Axis2P3D Location',(13039.966,-1209.,300.0329)) ;
#4027=CARTESIAN_POINT('Axis2P3D Location',(10064.966,-1209.,2515.0329)) ;
#4048=CARTESIAN_POINT('Axis2P3D Location',(419.401999537,-1679.9737,1950.471)) ;
#4053=CARTESIAN_POINT('Line Origine',(446.901999537,-1679.9737,1950.471)) ;
#4057=CARTESIAN_POINT('Vertex',(419.401999537,-1679.9737,1950.471)) ;
#4059=CARTESIAN_POINT('Vertex',(474.401999537,-1679.9737,1950.471)) ;
#4062=CARTESIAN_POINT('Line Origine',(419.401999537,-1504.9737,1950.471)) ;
#4066=CARTESIAN_POINT('Vertex',(419.401999537,-1329.9737,1950.471)) ;
#4069=CARTESIAN_POINT('Line Origine',(446.901999537,-1329.9737,1950.471)) ;
#4073=CARTESIAN_POINT('Vertex',(474.401999537,-1329.9737,1950.471)) ;
#4076=CARTESIAN_POINT('Line Origine',(474.401999537,-1504.9737,1950.471)) ;
#4088=CARTESIAN_POINT('Axis2P3D Location',(419.401999537,-1679.9737,730.471)) ;
#4093=CARTESIAN_POINT('Line Origine',(446.901999537,-1679.9737,730.471)) ;
#4097=CARTESIAN_POINT('Vertex',(419.401999537,-1679.9737,730.471)) ;
#4099=CARTESIAN_POINT('Vertex',(474.401999537,-1679.9737,730.471)) ;
#4102=CARTESIAN_POINT('Line Origine',(419.401999537,-1679.9737,1340.471)) ;
#4107=CARTESIAN_POINT('Line Origine',(474.401999537,-1679.9737,1340.471)) ;
#4119=CARTESIAN_POINT('Axis2P3D Location',(419.401999537,-1329.9737,730.471)) ;
#4124=CARTESIAN_POINT('Line Origine',(446.901999537,-1329.9737,730.471)) ;
#4128=CARTESIAN_POINT('Vertex',(419.401999537,-1329.9737,730.471)) ;
#4130=CARTESIAN_POINT('Vertex',(474.401999537,-1329.9737,730.471)) ;
#4133=CARTESIAN_POINT('Line Origine',(419.401999537,-1504.9737,730.471)) ;
#4138=CARTESIAN_POINT('Line Origine',(474.401999537,-1504.9737,730.471)) ;
#4150=CARTESIAN_POINT('Axis2P3D Location',(419.401999537,-1329.9737,1950.471)) ;
#4155=CARTESIAN_POINT('Line Origine',(419.401999537,-1329.9737,1340.471)) ;
#4160=CARTESIAN_POINT('Line Origine',(474.401999537,-1329.9737,1340.471)) ;
#4172=CARTESIAN_POINT('Axis2P3D Location',(474.401999537,-2360.9737,0.0328)) ;
#4177=CARTESIAN_POINT('Line Origine',(474.401999537,-1183.,1252.82348939)) ;
#4181=CARTESIAN_POINT('Vertex',(474.401999537,-1183.,2451.64935799)) ;
#4183=CARTESIAN_POINT('Vertex',(474.401999537,-1183.,300.0328)) ;
#4187=CARTESIAN_POINT('Control Point',(474.401999537,-2354.,2405.0264792)) ;
#4188=CARTESIAN_POINT('Control Point',(474.401999537,-1183.,2451.64935799)) ;
#4189=CARTESIAN_POINT('Vertex',(474.401999537,-2354.,2405.0264792)) ;
#4192=CARTESIAN_POINT('Line Origine',(474.401999537,-2354.,1252.82348939)) ;
#4196=CARTESIAN_POINT('Vertex',(474.401999537,-2354.,300.0328)) ;
#4199=CARTESIAN_POINT('Line Origine',(474.401999537,-1812.76185,300.0328)) ;
#4217=CARTESIAN_POINT('Axis2P3D Location',(9634.9815,-1209.,300.0328)) ;
#4222=CARTESIAN_POINT('Line Origine',(9550.40199954,-1787.,300.0328)) ;
#4226=CARTESIAN_POINT('Vertex',(9550.40199954,-2354.,300.0328)) ;
#4228=CARTESIAN_POINT('Vertex',(9550.40199954,-1183.,300.0328)) ;
#4231=CARTESIAN_POINT('Line Origine',(5012.40199954,-1183.,300.0328)) ;
#4236=CARTESIAN_POINT('Line Origine',(5012.40199954,-2354.,300.0328)) ;
#4248=CARTESIAN_POINT('Axis2P3D Location',(9550.40199954,-1209.,0.0328)) ;
#4254=CARTESIAN_POINT('Control Point',(9550.40199954,-2354.,2405.0264792)) ;
#4255=CARTESIAN_POINT('Control Point',(9550.40199954,-1183.,2451.64935799)) ;
#4256=CARTESIAN_POINT('Vertex',(9550.40199954,-2354.,2405.0264792)) ;
#4258=CARTESIAN_POINT('Vertex',(9550.40199954,-1183.,2451.64935799)) ;
#4261=CARTESIAN_POINT('Line Origine',(9550.40199954,-1183.,1252.82348939)) ;
#4266=CARTESIAN_POINT('Line Origine',(9550.40199954,-2354.,1252.82348939)) ;
#4278=CARTESIAN_POINT('Axis2P3D Location',(13039.966,-2358.78563141,2404.83594127)) ;
#4283=CARTESIAN_POINT('Line Origine',(5012.40199954,-2354.,2405.0264792)) ;
#4288=CARTESIAN_POINT('Line Origine',(5012.40199954,-1183.,2451.64935799)) ;
#4300=CARTESIAN_POINT('Axis2P3D Location',(0.,-1183.,0.)) ;
#4305=CARTESIAN_POINT('Line Origine',(9605.40199954,-1183.,1253.36804278)) ;
#4309=CARTESIAN_POINT('Vertex',(9605.40199954,-1183.,0.0328)) ;
#4311=CARTESIAN_POINT('Vertex',(9605.40199954,-1183.,2506.69293376)) ;
#4314=CARTESIAN_POINT('Line Origine',(5012.40199954,-1183.,0.0328)) ;
#4318=CARTESIAN_POINT('Vertex',(419.401999537,-1183.,0.0328)) ;
#4321=CARTESIAN_POINT('Line Origine',(419.401999537,-1183.,1253.36804278)) ;
#4325=CARTESIAN_POINT('Vertex',(419.401999537,-1183.,2506.69293376)) ;
#4328=CARTESIAN_POINT('Line Origine',(5012.40199954,-1183.,2506.69293376)) ;
#4346=CARTESIAN_POINT('Axis2P3D Location',(13039.966,-2360.9737,2459.7924)) ;
#4351=CARTESIAN_POINT('Line Origine',(419.401999537,-1771.98685,2483.24266688)) ;
#4355=CARTESIAN_POINT('Vertex',(419.401999537,-2360.9737,2459.7924)) ;
#4358=CARTESIAN_POINT('Line Origine',(5012.40199954,-2360.9737,2459.7924)) ;
#4362=CARTESIAN_POINT('Vertex',(9605.40199954,-2360.9737,2459.7924)) ;
#4365=CARTESIAN_POINT('Line Origine',(9605.40199954,-1771.98685,2483.24266688)) ;
#4377=CARTESIAN_POINT('Axis2P3D Location',(419.401999537,-2360.9737,0.0328)) ;
#4382=CARTESIAN_POINT('Line Origine',(419.401999537,-2360.9737,1229.9126)) ;
#4386=CARTESIAN_POINT('Vertex',(419.401999537,-2360.9737,0.0328)) ;
#4389=CARTESIAN_POINT('Line Origine',(419.401999537,-1771.98685,0.0328)) ;
#4407=CARTESIAN_POINT('Axis2P3D Location',(13039.966,-2360.9737,2515.0329)) ;
#4412=CARTESIAN_POINT('Line Origine',(404.691749769,-2360.9737,0.0328)) ;
#4416=CARTESIAN_POINT('Vertex',(389.9815,-2360.9737,0.0328)) ;
#4419=CARTESIAN_POINT('Line Origine',(389.9815,-2360.9737,1257.53285)) ;
#4423=CARTESIAN_POINT('Vertex',(389.9815,-2360.9737,2515.0329)) ;
#4426=CARTESIAN_POINT('Line Origine',(5012.4815,-2360.9737,2515.0329)) ;
#4430=CARTESIAN_POINT('Vertex',(9634.9815,-2360.9737,2515.0329)) ;
#4433=CARTESIAN_POINT('Line Origine',(9634.9815,-2360.9737,1257.53285)) ;
#4437=CARTESIAN_POINT('Vertex',(9634.9815,-2360.9737,0.0328)) ;
#4440=CARTESIAN_POINT('Line Origine',(9620.19174977,-2360.9737,0.0328)) ;
#4444=CARTESIAN_POINT('Vertex',(9605.40199954,-2360.9737,0.0328)) ;
#4447=CARTESIAN_POINT('Line Origine',(9605.40199954,-2360.9737,1229.9126)) ;
#4463=CARTESIAN_POINT('Axis2P3D Location',(9605.40199954,-1209.,0.0328)) ;
#4468=CARTESIAN_POINT('Line Origine',(9605.40199954,-1771.98685,0.0328)) ;
#4480=CARTESIAN_POINT('Axis2P3D Location',(9634.9815,-1209.,0.0328)) ;
#4485=CARTESIAN_POINT('Line Origine',(9634.9815,-2390.48685,0.0328)) ;
#4489=CARTESIAN_POINT('Vertex',(9634.9815,-2420.,0.0328)) ;
#4492=CARTESIAN_POINT('Line Origine',(5012.4815,-2420.,0.0328)) ;
#4496=CARTESIAN_POINT('Vertex',(389.9815,-2420.,0.0328)) ;
#4499=CARTESIAN_POINT('Line Origine',(389.9815,-2390.48685,0.0328)) ;
#4515=CARTESIAN_POINT('Axis2P3D Location',(389.9815,-1209.,2515.0329)) ;
#4520=CARTESIAN_POINT('Line Origine',(389.9815,-2420.,1257.53285)) ;
#4524=CARTESIAN_POINT('Vertex',(389.9815,-2420.,2515.0329)) ;
#4527=CARTESIAN_POINT('Line Origine',(389.9815,-2390.48685,2515.0329)) ;
#4539=CARTESIAN_POINT('Axis2P3D Location',(389.9815,-1209.,2515.0329)) ;
#4544=CARTESIAN_POINT('Line Origine',(5012.4815,-2420.,2515.0329)) ;
#4548=CARTESIAN_POINT('Vertex',(9634.9815,-2420.,2515.0329)) ;
#4551=CARTESIAN_POINT('Line Origine',(9634.9815,-2390.48685,2515.0329)) ;
#4563=CARTESIAN_POINT('Axis2P3D Location',(9634.9815,-1209.,0.0328)) ;
#4568=CARTESIAN_POINT('Line Origine',(9634.9815,-2420.,1257.53285)) ;
#4580=CARTESIAN_POINT('Axis2P3D Location',(0.,-2420.,0.)) ;
#4591=CARTESIAN_POINT('Line Origine',(7144.9815,-2420.,1303.0262)) ;
#4595=CARTESIAN_POINT('Vertex',(8241.9815,-2420.,1303.0262)) ;
#4597=CARTESIAN_POINT('Vertex',(6047.9815,-2420.,1303.0262)) ;
#4600=CARTESIAN_POINT('Line Origine',(6047.9815,-2420.,1625.0262)) ;
#4604=CARTESIAN_POINT('Vertex',(6047.9815,-2420.,1947.0262)) ;
#4607=CARTESIAN_POINT('Line Origine',(7144.9815,-2420.,1947.0262)) ;
#4611=CARTESIAN_POINT('Vertex',(8241.9815,-2420.,1947.0262)) ;
#4614=CARTESIAN_POINT('Line Origine',(8241.9815,-2420.,1625.0262)) ;
#4625=CARTESIAN_POINT('Line Origine',(4861.9815,-2420.,1625.0262)) ;
#4629=CARTESIAN_POINT('Vertex',(4861.9815,-2420.,1947.0262)) ;
#4631=CARTESIAN_POINT('Vertex',(4861.9815,-2420.,1303.0262)) ;
#4634=CARTESIAN_POINT('Line Origine',(4539.9815,-2420.,1303.0262)) ;
#4638=CARTESIAN_POINT('Vertex',(4217.9815,-2420.,1303.0262)) ;
#4641=CARTESIAN_POINT('Line Origine',(4217.9815,-2420.,1625.0262)) ;
#4645=CARTESIAN_POINT('Vertex',(4217.9815,-2420.,1947.0262)) ;
#4648=CARTESIAN_POINT('Line Origine',(4539.9815,-2420.,1947.0262)) ;
#4659=CARTESIAN_POINT('Line Origine',(3121.9815,-2420.,1623.5262)) ;
#4663=CARTESIAN_POINT('Vertex',(3121.9815,-2420.,1947.0262)) ;
#4665=CARTESIAN_POINT('Vertex',(3121.9815,-2420.,1300.0262)) ;
#4668=CARTESIAN_POINT('Line Origine',(2674.9815,-2420.,1300.0262)) ;
#4672=CARTESIAN_POINT('Vertex',(2227.9815,-2420.,1300.0262)) ;
#4675=CARTESIAN_POINT('Line Origine',(2227.9815,-2420.,1623.5262)) ;
#4679=CARTESIAN_POINT('Vertex',(2227.9815,-2420.,1947.0262)) ;
#4682=CARTESIAN_POINT('Line Origine',(2674.9815,-2420.,1947.0262)) ;
#4694=CARTESIAN_POINT('Axis2P3D Location',(8241.9815,-2420.,1947.0262)) ;
#4699=CARTESIAN_POINT('Line Origine',(8241.9815,-2387.,1947.0262)) ;
#4703=CARTESIAN_POINT('Vertex',(8241.9815,-2354.,1947.0262)) ;
#4706=CARTESIAN_POINT('Line Origine',(8241.9815,-2354.,1625.0262)) ;
#4710=CARTESIAN_POINT('Vertex',(8241.9815,-2354.,1303.0262)) ;
#4713=CARTESIAN_POINT('Line Origine',(8241.9815,-2387.,1303.0262)) ;
#4725=CARTESIAN_POINT('Axis2P3D Location',(2227.9815,-2420.,1947.0262)) ;
#4730=CARTESIAN_POINT('Line Origine',(6047.9815,-2387.,1947.0262)) ;
#4734=CARTESIAN_POINT('Vertex',(6047.9815,-2354.,1947.0262)) ;
#4737=CARTESIAN_POINT('Line Origine',(7144.9815,-2354.,1947.0262)) ;
#4749=CARTESIAN_POINT('Axis2P3D Location',(6047.9815,-2420.,1303.0262)) ;
#4754=CARTESIAN_POINT('Line Origine',(6047.9815,-2387.,1303.0262)) ;
#4758=CARTESIAN_POINT('Vertex',(6047.9815,-2354.,1303.0262)) ;
#4761=CARTESIAN_POINT('Line Origine',(6047.9815,-2354.,1625.0262)) ;
#4773=CARTESIAN_POINT('Axis2P3D Location',(4861.9815,-2420.,1303.0262)) ;
#4778=CARTESIAN_POINT('Line Origine',(7144.9815,-2354.,1303.0262)) ;
#4790=CARTESIAN_POINT('Axis2P3D Location',(0.,-2354.,0.)) ;
#4807=CARTESIAN_POINT('Line Origine',(5012.40199954,-2354.,1947.0262)) ;
#4811=CARTESIAN_POINT('Vertex',(4861.9815,-2354.,1947.0262)) ;
#4813=CARTESIAN_POINT('Vertex',(4217.9815,-2354.,1947.0262)) ;
#4816=CARTESIAN_POINT('Line Origine',(4217.9815,-2354.,1352.5318294)) ;
#4820=CARTESIAN_POINT('Vertex',(4217.9815,-2354.,1303.0262)) ;
#4823=CARTESIAN_POINT('Line Origine',(5012.40199954,-2354.,1303.0262)) ;
#4827=CARTESIAN_POINT('Vertex',(4861.9815,-2354.,1303.0262)) ;
#4830=CARTESIAN_POINT('Line Origine',(4861.9815,-2354.,1352.5318294)) ;
#4841=CARTESIAN_POINT('Line Origine',(5012.40199954,-2354.,1300.0262)) ;
#4845=CARTESIAN_POINT('Vertex',(2227.9815,-2354.,1300.0262)) ;
#4847=CARTESIAN_POINT('Vertex',(3121.9815,-2354.,1300.0262)) ;
#4850=CARTESIAN_POINT('Line Origine',(3121.9815,-2354.,1352.5318294)) ;
#4854=CARTESIAN_POINT('Vertex',(3121.9815,-2354.,1947.0262)) ;
#4857=CARTESIAN_POINT('Line Origine',(5012.40199954,-2354.,1947.0262)) ;
#4861=CARTESIAN_POINT('Vertex',(2227.9815,-2354.,1947.0262)) ;
#4864=CARTESIAN_POINT('Line Origine',(2227.9815,-2354.,1352.5318294)) ;
#4876=CARTESIAN_POINT('Axis2P3D Location',(4217.9815,-2420.,1947.0262)) ;
#4881=CARTESIAN_POINT('Line Origine',(4217.9815,-2387.,1303.0262)) ;
#4886=CARTESIAN_POINT('Line Origine',(4217.9815,-2387.,1947.0262)) ;
#4898=CARTESIAN_POINT('Line Origine',(4861.9815,-2387.,1303.0262)) ;
#4910=CARTESIAN_POINT('Axis2P3D Location',(4861.9815,-2420.,1303.0262)) ;
#4915=CARTESIAN_POINT('Line Origine',(4861.9815,-2387.,1947.0262)) ;
#4934=CARTESIAN_POINT('Axis2P3D Location',(2227.9815,-2420.,1947.0262)) ;
#4939=CARTESIAN_POINT('Line Origine',(2227.9815,-2387.,1300.0262)) ;
#4944=CARTESIAN_POINT('Line Origine',(2227.9815,-2387.,1947.0262)) ;
#4956=CARTESIAN_POINT('Axis2P3D Location',(3121.9815,-2420.,1300.0262)) ;
#4961=CARTESIAN_POINT('Line Origine',(3121.9815,-2387.,1300.0262)) ;
#4973=CARTESIAN_POINT('Axis2P3D Location',(3121.9815,-2420.,1300.0262)) ;
#4978=CARTESIAN_POINT('Line Origine',(3121.9815,-2387.,1947.0262)) ;
#5006=CARTESIAN_POINT('Axis2P3D Location',(0.,0.,0.)) ;
#5011=CARTESIAN_POINT('Line Origine',(6728.46686275,1145.,0.)) ;
#5015=CARTESIAN_POINT('Vertex',(13416.9200255,1145.,0.)) ;
#5017=CARTESIAN_POINT('Vertex',(40.0137,1145.,0.)) ;
#5020=CARTESIAN_POINT('Line Origine',(13416.9200255,0.,0.)) ;
#5024=CARTESIAN_POINT('Vertex',(13416.9200255,-1145.,0.)) ;
#5027=CARTESIAN_POINT('Line Origine',(6728.46686275,-1145.,0.)) ;
#5031=CARTESIAN_POINT('Vertex',(40.0137,-1145.,0.)) ;
#5034=CARTESIAN_POINT('Line Origine',(40.0137,-9.09494701773E-013,0.)) ;
#5046=CARTESIAN_POINT('Line Origine',(6728.46686275,1145.,300.0351)) ;
#5050=CARTESIAN_POINT('Vertex',(40.0137,1145.,300.0351)) ;
#5052=CARTESIAN_POINT('Vertex',(13416.9200255,1145.,300.0351)) ;
#5055=CARTESIAN_POINT('Line Origine',(40.0137,-9.09494701773E-013,300.0351)) ;
#5059=CARTESIAN_POINT('Vertex',(40.0137,-1145.,300.0351)) ;
#5062=CARTESIAN_POINT('Line Origine',(6728.46686275,-1145.,300.0351)) ;
#5066=CARTESIAN_POINT('Vertex',(13416.9200255,-1145.,300.0351)) ;
#5069=CARTESIAN_POINT('Line Origine',(13416.9200255,0.,300.0351)) ;
#5081=CARTESIAN_POINT('Axis2P3D Location',(40.0137,1145.,0.)) ;
#5086=CARTESIAN_POINT('Line Origine',(13416.9200255,1145.,150.01755)) ;
#5091=CARTESIAN_POINT('Line Origine',(40.0137,1145.,150.01755)) ;
#5103=CARTESIAN_POINT('Axis2P3D Location',(13416.9200255,-1145.,0.)) ;
#5108=CARTESIAN_POINT('Line Origine',(13416.9200255,-1145.,150.01755)) ;
#5120=CARTESIAN_POINT('Axis2P3D Location',(13416.9200255,-1145.,0.)) ;
#5125=CARTESIAN_POINT('Line Origine',(40.0137,-1145.,150.01755)) ;
#5137=CARTESIAN_POINT('Axis2P3D Location',(40.0137,1145.,0.)) ;
#5158=CARTESIAN_POINT('Axis2P3D Location',(10149.3864995,-2360.9737,0.0329000000013)) ;
#5163=CARTESIAN_POINT('Line Origine',(10149.3864995,-1981.05445,2397.8556)) ;
#5167=CARTESIAN_POINT('Vertex',(10149.3864995,-1608.1089,2397.8556)) ;
#5169=CARTESIAN_POINT('Vertex',(10149.3864995,-2354.,2397.8556)) ;
#5172=CARTESIAN_POINT('Line Origine',(10149.3864995,-1608.1089,2388.8556)) ;
#5176=CARTESIAN_POINT('Vertex',(10149.3864995,-1608.1089,2379.8556)) ;
#5179=CARTESIAN_POINT('Line Origine',(10149.3864995,-1981.05445,2379.8556)) ;
#5183=CARTESIAN_POINT('Vertex',(10149.3864995,-2354.,2379.8556)) ;
#5186=CARTESIAN_POINT('Line Origine',(10149.3864995,-2354.,2388.8556)) ;
#5198=CARTESIAN_POINT('Line Origine',(12955.3864995,-1981.05445,2397.8556)) ;
#5202=CARTESIAN_POINT('Vertex',(12955.3864995,-2354.,2397.8556)) ;
#5204=CARTESIAN_POINT('Vertex',(12955.3864995,-1608.1089,2397.8556)) ;
#5207=CARTESIAN_POINT('Line Origine',(12955.3864995,-2354.,2388.8556)) ;
#5211=CARTESIAN_POINT('Vertex',(12955.3864995,-2354.,2379.8556)) ;
#5214=CARTESIAN_POINT('Line Origine',(12955.3864995,-1981.05445,2379.8556)) ;
#5218=CARTESIAN_POINT('Vertex',(12955.3864995,-1608.1089,2379.8556)) ;
#5221=CARTESIAN_POINT('Line Origine',(12955.3864995,-1608.1089,2388.8556)) ;
#5233=CARTESIAN_POINT('Axis2P3D Location',(10149.3864995,-2354.,2397.8556)) ;
#5238=CARTESIAN_POINT('Line Origine',(11552.3864995,-1608.1089,2397.8556)) ;
#5243=CARTESIAN_POINT('Line Origine',(11552.3864995,-2354.,2397.8556)) ;
#5255=CARTESIAN_POINT('Axis2P3D Location',(10149.3864995,-1608.1089,2379.8556)) ;
#5260=CARTESIAN_POINT('Line Origine',(11552.3864995,-1608.1089,2379.8556)) ;
#5272=CARTESIAN_POINT('Axis2P3D Location',(10149.3864995,-1608.1089,2379.8556)) ;
#5277=CARTESIAN_POINT('Line Origine',(11552.3864995,-2354.,2379.8556)) ;
#5289=CARTESIAN_POINT('Axis2P3D Location',(10149.3864995,-2354.,2397.8556)) ;
#5301=CARTESIAN_POINT('Axis2P3D Location',(0.,0.,0.)) ;
#33=DIRECTION('Axis2P3D Direction',(0.,0.,1.)) ;
#34=DIRECTION('Axis2P3D XDirection',(1.,0.,0.)) ;
#38=DIRECTION('Vector Direction',(1.,0.,0.)) ;
#47=DIRECTION('Vector Direction',(0.,1.,0.)) ;
#54=DIRECTION('Vector Direction',(1.,0.,0.)) ;
#61=DIRECTION('Axis2P3D Direction',(0.,0.,1.)) ;
#73=DIRECTION('Axis2P3D Direction',(0.,0.,-1.)) ;
#74=DIRECTION('Axis2P3D XDirection',(-1.,0.,0.)) ;
#78=DIRECTION('Vector Direction',(0.,1.,0.)) ;
#87=DIRECTION('Vector Direction',(-1.,0.,0.)) ;
#94=DIRECTION('Vector Direction',(0.,1.,0.)) ;
#101=DIRECTION('Vector Direction',(-1.,0.,0.)) ;
#113=DIRECTION('Axis2P3D Direction',(0.,0.,1.)) ;
#114=DIRECTION('Axis2P3D XDirection',(-0.598753503883,-0.800933356521,0.)) ;
#162=DIRECTION('Axis2P3D Direction',(0.,0.,1.)) ;
#174=DIRECTION('Axis2P3D Direction',(-0.,-0.,-1.)) ;
#175=DIRECTION('Axis2P3D XDirection',(0.633224775311,0.773967947613,0.)) ;
#469=DIRECTION('Axis2P3D Direction',(0.140937020204,0.,-0.990018563632)) ;
#470=DIRECTION('Axis2P3D XDirection',(-0.990018563632,-0.,-0.140937020204)) ;
#474=DIRECTION('Vector Direction',(-0.990018563632,0.,-0.140937020204)) ;
#479=DIRECTION('Vector Direction',(-0.990018563632,0.,-0.140937020204)) ;
#491=DIRECTION('Axis2P3D Direction',(-1.,0.,0.)) ;
#492=DIRECTION('Axis2P3D XDirection',(0.,0.,1.)) ;
#496=DIRECTION('Vector Direction',(0.,0.,1.)) ;
#501=DIRECTION('Vector Direction',(0.,0.,1.)) ;
#513=DIRECTION('Axis2P3D Direction',(0.,1.,0.)) ;
#514=DIRECTION('Axis2P3D XDirection',(0.,0.,1.)) ;
#527=DIRECTION('Vector Direction',(1.,0.,2.47978436669E-007)) ;
#536=DIRECTION('Vector Direction',(0.,0.,1.)) ;
#543=DIRECTION('Vector Direction',(-1.,0.,0.)) ;
#550=DIRECTION('Vector Direction',(0.,0.,-1.)) ;
#561=DIRECTION('Vector Direction',(1.,0.,0.)) ;
#570=DIRECTION('Vector Direction',(0.,0.,1.)) ;
#577=DIRECTION('Vector Direction',(-1.,0.,0.)) ;
#584=DIRECTION('Vector Direction',(0.,0.,-1.)) ;
#596=DIRECTION('Axis2P3D Direction',(0.,1.,0.)) ;
#597=DIRECTION('Axis2P3D XDirection',(0.,0.,1.)) ;
#610=DIRECTION('Vector Direction',(1.,0.,2.47978436669E-007)) ;
#619=DIRECTION('Vector Direction',(0.,0.,-1.)) ;
#626=DIRECTION('Vector Direction',(-1.,0.,0.)) ;
#633=DIRECTION('Vector Direction',(0.,0.,1.)) ;
#644=DIRECTION('Vector Direction',(1.,0.,0.)) ;
#653=DIRECTION('Vector Direction',(0.,0.,-1.)) ;
#660=DIRECTION('Vector Direction',(-1.,0.,0.)) ;
#667=DIRECTION('Vector Direction',(0.,0.,1.)) ;
#679=DIRECTION('Axis2P3D Direction',(0.,1.,0.)) ;
#680=DIRECTION('Axis2P3D XDirection',(0.,0.,1.)) ;
#684=DIRECTION('Vector Direction',(0.,0.,1.)) ;
#693=DIRECTION('Vector Direction',(1.,0.,0.)) ;
#760=DIRECTION('Vector Direction',(1.,0.,0.)) ;
#774=DIRECTION('Vector Direction',(0.,0.,1.)) ;
#783=DIRECTION('Vector Direction',(1.,0.,0.)) ;
#790=DIRECTION('Vector Direction',(0.,0.,1.)) ;
#807=DIRECTION('Vector Direction',(0.,0.,1.)) ;
#816=DIRECTION('Vector Direction',(1.,0.,0.)) ;
#823=DIRECTION('Vector Direction',(0.,0.,1.)) ;
#830=DIRECTION('Vector Direction',(1.,0.,0.)) ;
#842=DIRECTION('Axis2P3D Direction',(0.,1.,0.)) ;
#843=DIRECTION('Axis2P3D XDirection',(0.,0.,1.)) ;
#847=DIRECTION('Vector Direction',(1.,0.,0.)) ;
#916=DIRECTION('Vector Direction',(1.,0.,0.)) ;
#923=DIRECTION('Vector Direction',(0.,0.,1.)) ;
#945=DIRECTION('Vector Direction',(0.,0.,1.)) ;
#952=DIRECTION('Vector Direction',(1.,0.,0.)) ;
#959=DIRECTION('Vector Direction',(0.,0.,1.)) ;
#970=DIRECTION('Vector Direction',(1.,0.,0.)) ;
#979=DIRECTION('Vector Direction',(0.,0.,1.)) ;
#986=DIRECTION('Vector Direction',(1.,0.,0.)) ;
#993=DIRECTION('Vector Direction',(0.,0.,1.)) ;
#1005=DIRECTION('Axis2P3D Direction',(0.,0.,1.)) ;
#1006=DIRECTION('Axis2P3D XDirection',(-0.598753503883,-0.800933356521,0.)) ;
#1010=DIRECTION('Axis2P3D Direction',(0.,0.,1.)) ;
#1015=DIRECTION('Axis2P3D Direction',(0.,0.,1.)) ;
#1027=DIRECTION('Axis2P3D Direction',(0.,0.,1.)) ;
#1028=DIRECTION('Axis2P3D XDirection',(1.,0.,0.)) ;
#1032=DIRECTION('Vector Direction',(0.,1.,0.)) ;
#1044=DIRECTION('Axis2P3D Direction',(0.,0.,-1.)) ;
#1045=DIRECTION('Axis2P3D XDirection',(-1.,0.,0.)) ;
#1049=DIRECTION('Vector Direction',(0.,1.,0.)) ;
#1054=DIRECTION('Vector Direction',(0.,1.,0.)) ;
#1066=DIRECTION('Axis2P3D Direction',(-0.,-0.,-1.)) ;
#1067=DIRECTION('Axis2P3D XDirection',(-1.,-6.27775884702E-016,0.)) ;
#1095=DIRECTION('Axis2P3D Direction',(0.140937020204,0.,-0.990018563632)) ;
#1096=DIRECTION('Axis2P3D XDirection',(-0.990018563632,-0.,-0.140937020204)) ;
#1267=DIRECTION('Axis2P3D Direction',(-1.,0.,0.)) ;
#1268=DIRECTION('Axis2P3D XDirection',(0.,0.,1.)) ;
#1279=DIRECTION('Axis2P3D Direction',(1.,0.,-0.)) ;
#1280=DIRECTION('Axis2P3D XDirection',(0.,0.,1.)) ;
#1284=DIRECTION('Vector Direction',(0.,-1.,0.)) ;
#1289=DIRECTION('Vector Direction',(0.,-1.,0.)) ;
#1301=DIRECTION('Axis2P3D Direction',(0.,0.,-1.)) ;
#1302=DIRECTION('Axis2P3D XDirection',(1.,0.,0.)) ;
#1306=DIRECTION('Vector Direction',(0.,-1.,0.)) ;
#1318=DIRECTION('Axis2P3D Direction',(0.,0.,1.)) ;
#1319=DIRECTION('Axis2P3D XDirection',(-1.,0.,0.)) ;
#1323=DIRECTION('Vector Direction',(0.,-1.,0.)) ;
#1335=DIRECTION('Axis2P3D Direction',(-1.,-0.,-0.)) ;
#1336=DIRECTION('Axis2P3D XDirection',(0.,0.,-1.)) ;
#1347=DIRECTION('Vector Direction',(0.,-1.,0.)) ;
#1352=DIRECTION('Vector Direction',(0.,-1.,0.)) ;
#1364=DIRECTION('Vector Direction',(0.,-1.,0.)) ;
#1376=DIRECTION('Vector Direction',(0.,-1.,0.)) ;
#1395=DIRECTION('Axis2P3D Direction',(1.,0.,-0.)) ;
#1396=DIRECTION('Axis2P3D XDirection',(0.,0.,1.)) ;
#1400=DIRECTION('Vector Direction',(0.,-1.,0.)) ;
#1405=DIRECTION('Vector Direction',(0.,-1.,0.)) ;
#1417=DIRECTION('Axis2P3D Direction',(2.47978436669E-007,0.,-1.)) ;
#1418=DIRECTION('Axis2P3D XDirection',(1.,0.,2.47978436669E-007)) ;
#1422=DIRECTION('Vector Direction',(0.,-1.,0.)) ;
#1434=DIRECTION('Vector Direction',(0.,-1.,0.)) ;
#1446=DIRECTION('Axis2P3D Direction',(-1.,-0.,-0.)) ;
#1447=DIRECTION('Axis2P3D XDirection',(0.,0.,-1.)) ;
#1458=DIRECTION('Vector Direction',(0.,-1.,0.)) ;
#1463=DIRECTION('Vector Direction',(0.,-1.,0.)) ;
#1475=DIRECTION('Vector Direction',(0.,-1.,0.)) ;
#1487=DIRECTION('Vector Direction',(0.,-1.,0.)) ;
#1517=DIRECTION('Axis2P3D Direction',(0.,1.,0.)) ;
#1518=DIRECTION('Axis2P3D XDirection',(0.,0.,1.)) ;
#1522=DIRECTION('Vector Direction',(0.,0.,1.)) ;
#1531=DIRECTION('Vector Direction',(1.,0.,0.)) ;
#1538=DIRECTION('Vector Direction',(0.,0.,1.)) ;
#1545=DIRECTION('Vector Direction',(1.,0.,0.)) ;
#1557=DIRECTION('Axis2P3D Direction',(0.,0.,1.)) ;
#1558=DIRECTION('Axis2P3D XDirection',(1.,0.,0.)) ;
#1562=DIRECTION('Vector Direction',(1.,0.,0.)) ;
#1571=DIRECTION('Vector Direction',(0.,1.,0.)) ;
#1576=DIRECTION('Vector Direction',(0.,1.,0.)) ;
#1588=DIRECTION('Axis2P3D Direction',(1.,0.,0.)) ;
#1589=DIRECTION('Axis2P3D XDirection',(0.,1.,0.)) ;
#1593=DIRECTION('Vector Direction',(0.,0.,1.)) ;
#1610=DIRECTION('Vector Direction',(0.,1.,0.)) ;
#1619=DIRECTION('Vector Direction',(0.,0.,1.)) ;
#1626=DIRECTION('Vector Direction',(0.,1.,0.)) ;
#1633=DIRECTION('Vector Direction',(0.,0.,1.)) ;
#1645=DIRECTION('Axis2P3D Direction',(0.,-1.,0.)) ;
#1646=DIRECTION('Axis2P3D XDirection',(0.,0.,1.)) ;
#1650=DIRECTION('Vector Direction',(-1.,0.,0.)) ;
#1657=DIRECTION('Vector Direction',(0.,0.,1.)) ;
#1664=DIRECTION('Vector Direction',(-1.,0.,0.)) ;
#1676=DIRECTION('Axis2P3D Direction',(-0.,-0.,-1.)) ;
#1677=DIRECTION('Axis2P3D XDirection',(0.,-1.,0.)) ;
#1681=DIRECTION('Vector Direction',(-1.,0.,0.)) ;
#1688=DIRECTION('Vector Direction',(0.,-1.,0.)) ;
#1700=DIRECTION('Axis2P3D Direction',(0.,1.,0.)) ;
#1701=DIRECTION('Axis2P3D XDirection',(0.,0.,-1.)) ;
#1705=DIRECTION('Vector Direction',(-1.,0.,0.)) ;
#1712=DIRECTION('Vector Direction',(0.,0.,-1.)) ;
#1724=DIRECTION('Axis2P3D Direction',(0.,-0.,1.)) ;
#1725=DIRECTION('Axis2P3D XDirection',(0.,1.,0.)) ;
#1729=DIRECTION('Vector Direction',(0.,1.,0.)) ;
#1741=DIRECTION('Axis2P3D Direction',(1.,0.,0.)) ;
#1742=DIRECTION('Axis2P3D XDirection',(0.,1.,0.)) ;
#1746=DIRECTION('Vector Direction',(0.,0.999208343885,-0.0397829801501)) ;
#1755=DIRECTION('Vector Direction',(0.,0.,1.)) ;
#1762=DIRECTION('Vector Direction',(0.,1.,0.)) ;
#1769=DIRECTION('Vector Direction',(0.,0.,1.)) ;
#1776=DIRECTION('Vector Direction',(0.,0.999208343885,-0.0397829801501)) ;
#1795=DIRECTION('Axis2P3D Direction',(0.,1.,0.)) ;
#1796=DIRECTION('Axis2P3D XDirection',(0.,0.,1.)) ;
#1800=DIRECTION('Vector Direction',(1.,0.,0.)) ;
#1807=DIRECTION('Vector Direction',(0.,0.,1.)) ;
#1814=DIRECTION('Vector Direction',(1.,0.,0.)) ;
#1825=DIRECTION('Vector Direction',(0.,0.,1.)) ;
#1832=DIRECTION('Vector Direction',(1.,0.,0.)) ;
#1844=DIRECTION('Axis2P3D Direction',(0.,0.0397829801501,0.999208343885)) ;
#1845=DIRECTION('Axis2P3D XDirection',(0.,0.999208343885,-0.0397829801501)) ;
#1849=DIRECTION('Vector Direction',(0.,0.999208343885,-0.0397829801501)) ;
#1861=DIRECTION('Axis2P3D Direction',(1.,0.,0.)) ;
#1862=DIRECTION('Axis2P3D XDirection',(0.,1.,0.)) ;
#1872=DIRECTION('Vector Direction',(0.,0.,1.)) ;
#1881=DIRECTION('Vector Direction',(0.,1.,0.)) ;
#1888=DIRECTION('Vector Direction',(0.,0.,1.)) ;
#1895=DIRECTION('Vector Direction',(0.,1.,0.)) ;
#1907=DIRECTION('Vector Direction',(-1.,0.,0.)) ;
#1914=DIRECTION('Vector Direction',(0.,0.,1.)) ;
#1921=DIRECTION('Vector Direction',(-1.,0.,0.)) ;
#1933=DIRECTION('Vector Direction',(0.,-1.,0.)) ;
#1940=DIRECTION('Vector Direction',(-1.,0.,0.)) ;
#1952=DIRECTION('Axis2P3D Direction',(1.,0.,0.)) ;
#1953=DIRECTION('Axis2P3D XDirection',(0.,1.,0.)) ;
#1957=DIRECTION('Vector Direction',(0.,0.999208343885,-0.0397829801501)) ;
#1966=DIRECTION('Vector Direction',(0.,0.,1.)) ;
#1973=DIRECTION('Vector Direction',(0.,1.,0.)) ;
#1978=DIRECTION('Vector Direction',(0.,0.999208343885,-0.0397829801501)) ;
#1990=DIRECTION('Vector Direction',(0.,1.,0.)) ;
#1997=DIRECTION('Vector Direction',(0.,0.,-1.)) ;
#2009=DIRECTION('Vector Direction',(-1.,0.,0.)) ;
#2028=DIRECTION('Axis2P3D Direction',(0.,0.0397829801501,0.999208343885)) ;
#2029=DIRECTION('Axis2P3D XDirection',(0.,0.999208343885,-0.0397829801501)) ;
#2033=DIRECTION('Vector Direction',(-1.,0.,0.)) ;
#2045=DIRECTION('Vector Direction',(1.,0.,0.)) ;
#2052=DIRECTION('Vector Direction',(0.,-0.999208343885,0.0397829801501)) ;
#2059=DIRECTION('Vector Direction',(-1.,0.,0.)) ;
#2071=DIRECTION('Axis2P3D Direction',(0.,-1.,0.)) ;
#2072=DIRECTION('Axis2P3D XDirection',(1.,0.,0.)) ;
#2076=DIRECTION('Vector Direction',(1.,0.,0.)) ;
#2083=DIRECTION('Vector Direction',(0.,0.,1.)) ;
#2095=DIRECTION('Vector Direction',(0.,0.,1.)) ;
#2104=DIRECTION('Vector Direction',(1.,0.,0.)) ;
#2109=DIRECTION('Vector Direction',(1.,0.,0.)) ;
#2121=DIRECTION('Vector Direction',(-1.,0.,0.)) ;
#2128=DIRECTION('Vector Direction',(0.,-0.999208343885,0.0397829801501)) ;
#2140=DIRECTION('Axis2P3D Direction',(0.,0.,1.)) ;
#2141=DIRECTION('Axis2P3D XDirection',(1.,0.,0.)) ;
#2145=DIRECTION('Vector Direction',(0.,1.,0.)) ;
#2152=DIRECTION('Vector Direction',(1.,0.,0.)) ;
#2159=DIRECTION('Vector Direction',(0.,1.,0.)) ;
#2175=DIRECTION('Axis2P3D Direction',(0.,-1.,0.)) ;
#2176=DIRECTION('Axis2P3D XDirection',(0.,0.,1.)) ;
#2180=DIRECTION('Vector Direction',(0.,0.,1.)) ;
#2187=DIRECTION('Vector Direction',(0.,0.,1.)) ;
#2194=DIRECTION('Vector Direction',(1.,0.,0.)) ;
#2208=DIRECTION('Axis2P3D Direction',(-1.,0.,0.)) ;
#2209=DIRECTION('Axis2P3D XDirection',(0.,0.,1.)) ;
#2213=DIRECTION('Vector Direction',(0.,0.,1.)) ;
#2220=DIRECTION('Vector Direction',(0.,1.,0.)) ;
#2234=DIRECTION('Axis2P3D Direction',(0.,1.,0.)) ;
#2235=DIRECTION('Axis2P3D XDirection',(0.,0.,1.)) ;
#2239=DIRECTION('Vector Direction',(0.,0.,-1.)) ;
#2246=DIRECTION('Vector Direction',(-1.,0.,0.)) ;
#2258=DIRECTION('Axis2P3D Direction',(1.,-0.,0.)) ;
#2259=DIRECTION('Axis2P3D XDirection',(0.,0.,-1.)) ;
#2263=DIRECTION('Vector Direction',(0.,1.,0.)) ;
#2277=DIRECTION('Axis2P3D Direction',(0.,0.,-1.)) ;
#2278=DIRECTION('Axis2P3D XDirection',(-1.,0.,0.)) ;
#2298=DIRECTION('Axis2P3D Direction',(0.,0.0397829801501,0.999208343885)) ;
#2299=DIRECTION('Axis2P3D XDirection',(0.,0.999208343885,-0.0397829801501)) ;
#2303=DIRECTION('Vector Direction',(-1.,0.,0.)) ;
#2312=DIRECTION('Vector Direction',(0.,-0.999208343885,0.0397829801501)) ;
#2319=DIRECTION('Vector Direction',(1.,0.,0.)) ;
#2326=DIRECTION('Vector Direction',(0.,0.999208343885,-0.0397829801501)) ;
#2338=DIRECTION('Axis2P3D Direction',(0.,-1.,0.)) ;
#2339=DIRECTION('Axis2P3D XDirection',(0.,0.,1.)) ;
#2343=DIRECTION('Vector Direction',(0.,0.,1.)) ;
#2352=DIRECTION('Vector Direction',(-1.,0.,0.)) ;
#2357=DIRECTION('Vector Direction',(-1.,0.,0.)) ;
#2364=DIRECTION('Vector Direction',(0.,0.,1.)) ;
#2371=DIRECTION('Vector Direction',(1.,0.,0.)) ;
#2385=DIRECTION('Vector Direction',(0.,-0.999208343885,0.0397829801501)) ;
#2392=DIRECTION('Vector Direction',(-1.,0.,0.)) ;
#2399=DIRECTION('Vector Direction',(0.,-0.999208343885,0.0397829801501)) ;
#2411=DIRECTION('Axis2P3D Direction',(-1.,0.,0.)) ;
#2412=DIRECTION('Axis2P3D XDirection',(-0.,-1.,0.)) ;
#2416=DIRECTION('Vector Direction',(0.,0.,1.)) ;
#2423=DIRECTION('Vector Direction',(0.,1.,0.)) ;
#2430=DIRECTION('Vector Direction',(0.,0.,1.)) ;
#2473=DIRECTION('Axis2P3D Direction',(-0.,0.,1.)) ;
#2474=DIRECTION('Axis2P3D XDirection',(0.,-1.,0.)) ;
#2478=DIRECTION('Vector Direction',(1.,0.,0.)) ;
#2485=DIRECTION('Vector Direction',(1.,0.,0.)) ;
#2492=DIRECTION('Vector Direction',(0.,-1.,0.)) ;
#2504=DIRECTION('Axis2P3D Direction',(0.,1.,-4.93038065763E-032)) ;
#2505=DIRECTION('Axis2P3D XDirection',(0.,4.93038065763E-032,1.)) ;
#2509=DIRECTION('Vector Direction',(1.,0.,0.)) ;
#2516=DIRECTION('Vector Direction',(0.,0.,1.)) ;
#2528=DIRECTION('Axis2P3D Direction',(0.,0.,-1.)) ;
#2529=DIRECTION('Axis2P3D XDirection',(0.,1.,0.)) ;
#2533=DIRECTION('Vector Direction',(1.,0.,0.)) ;
#2540=DIRECTION('Vector Direction',(0.,1.,0.)) ;
#2552=DIRECTION('Axis2P3D Direction',(0.,-1.,-0.)) ;
#2553=DIRECTION('Axis2P3D XDirection',(-0.,0.,-1.)) ;
#2557=DIRECTION('Vector Direction',(0.,0.,-1.)) ;
#2569=DIRECTION('Axis2P3D Direction',(-1.,0.,0.)) ;
#2570=DIRECTION('Axis2P3D XDirection',(-0.,-1.,0.)) ;
#2574=DIRECTION('Vector Direction',(0.,-1.,0.)) ;
#2583=DIRECTION('Vector Direction',(0.,0.,1.)) ;
#2596=DIRECTION('Vector Direction',(0.,0.,1.)) ;
#2614=DIRECTION('Axis2P3D Direction',(0.,0.0397829801501,0.999208343885)) ;
#2615=DIRECTION('Axis2P3D XDirection',(0.,0.999208343885,-0.0397829801501)) ;
#2619=DIRECTION('Vector Direction',(-1.,0.,0.)) ;
#2626=DIRECTION('Vector Direction',(-1.,0.,0.)) ;
#2633=DIRECTION('Vector Direction',(0.,0.999208343885,-0.0397829801501)) ;
#2645=DIRECTION('Axis2P3D Direction',(0.,1.,0.)) ;
#2646=DIRECTION('Axis2P3D XDirection',(0.,0.,1.)) ;
#2650=DIRECTION('Vector Direction',(1.,0.,0.)) ;
#2657=DIRECTION('Vector Direction',(0.,0.,1.)) ;
#2668=DIRECTION('Vector Direction',(0.,0.,1.)) ;
#2675=DIRECTION('Vector Direction',(1.,0.,0.)) ;
#2687=DIRECTION('Axis2P3D Direction',(1.,0.,0.)) ;
#2688=DIRECTION('Axis2P3D XDirection',(0.,1.,0.)) ;
#2692=DIRECTION('Vector Direction',(0.,0.,1.)) ;
#2701=DIRECTION('Vector Direction',(0.,0.999208343885,-0.0397829801501)) ;
#2706=DIRECTION('Vector Direction',(0.,1.,0.)) ;
#2719=DIRECTION('Axis2P3D Direction',(0.,1.,-0.)) ;
#2720=DIRECTION('Axis2P3D XDirection',(-1.,0.,0.)) ;
#2724=DIRECTION('Vector Direction',(-1.,0.,0.)) ;
#2731=DIRECTION('Vector Direction',(-1.,0.,0.)) ;
#2738=DIRECTION('Vector Direction',(0.,0.,1.)) ;
#2750=DIRECTION('Vector Direction',(0.,-0.999208343885,0.0397829801501)) ;
#2762=DIRECTION('Axis2P3D Direction',(1.,-0.,0.)) ;
#2763=DIRECTION('Axis2P3D XDirection',(0.,0.,-1.)) ;
#2767=DIRECTION('Vector Direction',(0.,1.,0.)) ;
#2774=DIRECTION('Vector Direction',(0.,0.,-1.)) ;
#2781=DIRECTION('Vector Direction',(0.,1.,0.)) ;
#2795=DIRECTION('Axis2P3D Direction',(0.,0.,1.)) ;
#2796=DIRECTION('Axis2P3D XDirection',(1.,0.,0.)) ;
#2800=DIRECTION('Vector Direction',(1.,0.,0.)) ;
#2807=DIRECTION('Vector Direction',(0.,1.,0.)) ;
#2819=DIRECTION('Axis2P3D Direction',(-1.,0.,0.)) ;
#2820=DIRECTION('Axis2P3D XDirection',(0.,0.,1.)) ;
#2824=DIRECTION('Vector Direction',(0.,0.,1.)) ;
#2831=DIRECTION('Vector Direction',(0.,1.,0.)) ;
#2838=DIRECTION('Vector Direction',(0.,0.,1.)) ;
#2852=DIRECTION('Vector Direction',(-1.,0.,0.)) ;
#2864=DIRECTION('Axis2P3D Direction',(0.,0.,-1.)) ;
#2865=DIRECTION('Axis2P3D XDirection',(-1.,0.,0.)) ;
#2869=DIRECTION('Vector Direction',(-1.,0.,0.)) ;
#2885=DIRECTION('Axis2P3D Direction',(0.,1.,0.)) ;
#2886=DIRECTION('Axis2P3D XDirection',(0.,0.,1.)) ;
#2896=DIRECTION('Vector Direction',(1.,0.,0.)) ;
#2905=DIRECTION('Vector Direction',(0.,0.,-1.)) ;
#2912=DIRECTION('Vector Direction',(-1.,0.,0.)) ;
#2919=DIRECTION('Vector Direction',(0.,0.,1.)) ;
#2930=DIRECTION('Vector Direction',(1.,0.,0.)) ;
#2939=DIRECTION('Vector Direction',(0.,0.,-1.)) ;
#2946=DIRECTION('Vector Direction',(-1.,0.,0.)) ;
#2953=DIRECTION('Vector Direction',(0.,0.,1.)) ;
#2964=DIRECTION('Vector Direction',(1.,0.,0.)) ;
#2973=DIRECTION('Vector Direction',(0.,0.,-1.)) ;
#2980=DIRECTION('Vector Direction',(-1.,0.,0.)) ;
#2987=DIRECTION('Vector Direction',(0.,0.,1.)) ;
#2999=DIRECTION('Axis2P3D Direction',(0.,0.,-1.)) ;
#3000=DIRECTION('Axis2P3D XDirection',(1.,0.,0.)) ;
#3004=DIRECTION('Vector Direction',(-1.37802227541E-014,1.,0.)) ;
#3011=DIRECTION('Vector Direction',(-1.,0.,0.)) ;
#3018=DIRECTION('Vector Direction',(0.,1.,0.)) ;
#3030=DIRECTION('Axis2P3D Direction',(0.,1.,0.)) ;
#3031=DIRECTION('Axis2P3D XDirection',(0.,0.,1.)) ;
#3035=DIRECTION('Vector Direction',(0.,0.,1.)) ;
#3042=DIRECTION('Vector Direction',(1.,0.,0.)) ;
#3049=DIRECTION('Vector Direction',(0.,0.,1.)) ;
#3054=DIRECTION('Vector Direction',(1.,0.,0.)) ;
#3061=DIRECTION('Vector Direction',(0.,0.,1.)) ;
#3076=DIRECTION('Vector Direction',(0.,0.,1.)) ;
#3085=DIRECTION('Vector Direction',(1.,0.,0.)) ;
#3092=DIRECTION('Vector Direction',(0.,0.,1.)) ;
#3099=DIRECTION('Vector Direction',(1.,0.,0.)) ;
#3110=DIRECTION('Vector Direction',(0.,0.,1.)) ;
#3119=DIRECTION('Vector Direction',(1.,0.,0.)) ;
#3126=DIRECTION('Vector Direction',(0.,0.,1.)) ;
#3133=DIRECTION('Vector Direction',(1.,0.,0.)) ;
#3145=DIRECTION('Axis2P3D Direction',(-1.,-0.,-0.)) ;
#3146=DIRECTION('Axis2P3D XDirection',(0.,0.,-1.)) ;
#3150=DIRECTION('Vector Direction',(0.,1.,0.)) ;
#3162=DIRECTION('Axis2P3D Direction',(0.,0.,-1.)) ;
#3163=DIRECTION('Axis2P3D XDirection',(-1.,0.,0.)) ;
#3167=DIRECTION('Vector Direction',(0.,1.,0.)) ;
#3172=DIRECTION('Vector Direction',(0.,1.,0.)) ;
#3188=DIRECTION('Axis2P3D Direction',(1.,0.,-0.)) ;
#3189=DIRECTION('Axis2P3D XDirection',(0.,0.,1.)) ;
#3200=DIRECTION('Axis2P3D Direction',(0.,0.,-1.)) ;
#3201=DIRECTION('Axis2P3D XDirection',(1.,0.,0.)) ;
#3205=DIRECTION('Vector Direction',(0.,1.,0.)) ;
#3210=DIRECTION('Vector Direction',(0.,1.,0.)) ;
#3222=DIRECTION('Axis2P3D Direction',(-1.,-0.,-0.)) ;
#3223=DIRECTION('Axis2P3D XDirection',(0.,0.,-1.)) ;
#3227=DIRECTION('Vector Direction',(0.,1.,0.)) ;
#3239=DIRECTION('Axis2P3D Direction',(0.,0.,1.)) ;
#3240=DIRECTION('Axis2P3D XDirection',(-1.,0.,0.)) ;
#3244=DIRECTION('Vector Direction',(0.,1.,0.)) ;
#3256=DIRECTION('Axis2P3D Direction',(1.,0.,-0.)) ;
#3257=DIRECTION('Axis2P3D XDirection',(0.,0.,1.)) ;
#3268=DIRECTION('Vector Direction',(0.,1.,0.)) ;
#3273=DIRECTION('Vector Direction',(0.,1.,0.)) ;
#3285=DIRECTION('Axis2P3D Direction',(-1.,-0.,-0.)) ;
#3286=DIRECTION('Axis2P3D XDirection',(0.,0.,-1.)) ;
#3290=DIRECTION('Vector Direction',(0.,1.,0.)) ;
#3302=DIRECTION('Vector Direction',(0.,1.,0.)) ;
#3314=DIRECTION('Axis2P3D Direction',(1.,0.,-0.)) ;
#3315=DIRECTION('Axis2P3D XDirection',(0.,0.,1.)) ;
#3326=DIRECTION('Axis2P3D Direction',(1.,0.,0.)) ;
#3327=DIRECTION('Axis2P3D XDirection',(0.,1.,0.)) ;
#3347=DIRECTION('Axis2P3D Direction',(0.,0.,-1.)) ;
#3348=DIRECTION('Axis2P3D XDirection',(1.,0.,0.)) ;
#3352=DIRECTION('Vector Direction',(-1.,0.,0.)) ;
#3361=DIRECTION('Vector Direction',(0.,-1.,0.)) ;
#3368=DIRECTION('Vector Direction',(1.,0.,0.)) ;
#3375=DIRECTION('Vector Direction',(0.,-1.,0.)) ;
#3387=DIRECTION('Axis2P3D Direction',(0.,1.,0.)) ;
#3388=DIRECTION('Axis2P3D XDirection',(0.,0.,1.)) ;
#3392=DIRECTION('Vector Direction',(0.,0.,1.)) ;
#3399=DIRECTION('Vector Direction',(0.,0.,-1.)) ;
#3406=DIRECTION('Vector Direction',(-1.,0.,0.)) ;
#3417=DIRECTION('Vector Direction',(0.,0.,1.)) ;
#3426=DIRECTION('Vector Direction',(-1.,0.,0.)) ;
#3433=DIRECTION('Vector Direction',(0.,0.,-1.)) ;
#3440=DIRECTION('Vector Direction',(1.,0.,0.)) ;
#3452=DIRECTION('Axis2P3D Direction',(-1.,0.,0.)) ;
#3453=DIRECTION('Axis2P3D XDirection',(0.,0.,1.)) ;
#3457=DIRECTION('Vector Direction',(0.,-1.,0.)) ;
#3464=DIRECTION('Vector Direction',(0.,-1.,0.)) ;
#3471=DIRECTION('Vector Direction',(0.,0.,-1.)) ;
#3483=DIRECTION('Axis2P3D Direction',(0.,0.,1.)) ;
#3484=DIRECTION('Axis2P3D XDirection',(1.,0.,0.)) ;
#3488=DIRECTION('Vector Direction',(0.,-1.,0.)) ;
#3495=DIRECTION('Vector Direction',(1.,0.,0.)) ;
#3507=DIRECTION('Axis2P3D Direction',(1.,-0.,0.)) ;
#3508=DIRECTION('Axis2P3D XDirection',(0.,0.,-1.)) ;
#3512=DIRECTION('Vector Direction',(0.,-1.,0.)) ;
#3519=DIRECTION('Vector Direction',(0.,0.,-1.)) ;
#3531=DIRECTION('Axis2P3D Direction',(0.,0.,-1.)) ;
#3532=DIRECTION('Axis2P3D XDirection',(-1.,0.,0.)) ;
#3536=DIRECTION('Vector Direction',(1.,0.,0.)) ;
#3548=DIRECTION('Axis2P3D Direction',(0.,1.,0.)) ;
#3549=DIRECTION('Axis2P3D XDirection',(0.,0.,1.)) ;
#3553=DIRECTION('Vector Direction',(1.,0.,0.)) ;
#3562=DIRECTION('Vector Direction',(0.,0.,1.)) ;
#3569=DIRECTION('Vector Direction',(1.,0.,0.)) ;
#3576=DIRECTION('Vector Direction',(0.,0.,1.)) ;
#3594=DIRECTION('Axis2P3D Direction',(-1.,0.,0.)) ;
#3595=DIRECTION('Axis2P3D XDirection',(0.,-1.,0.)) ;
#3599=DIRECTION('Vector Direction',(0.,0.,1.)) ;
#3608=DIRECTION('Vector Direction',(0.,-1.,0.)) ;
#3623=DIRECTION('Vector Direction',(0.,-1.,0.)) ;
#3632=DIRECTION('Vector Direction',(0.,0.,1.)) ;
#3639=DIRECTION('Vector Direction',(0.,-1.,0.)) ;
#3646=DIRECTION('Vector Direction',(0.,0.,1.)) ;
#3658=DIRECTION('Axis2P3D Direction',(0.,1.,0.)) ;
#3659=DIRECTION('Axis2P3D XDirection',(0.,-0.,-1.)) ;
#3663=DIRECTION('Vector Direction',(-1.,0.,0.)) ;
#3670=DIRECTION('Vector Direction',(0.,0.,-1.)) ;
#3677=DIRECTION('Vector Direction',(-1.,0.,0.)) ;
#3689=DIRECTION('Axis2P3D Direction',(-0.,-0.,-1.)) ;
#3690=DIRECTION('Axis2P3D XDirection',(0.,-1.,0.)) ;
#3694=DIRECTION('Vector Direction',(-1.,0.,0.)) ;
#3701=DIRECTION('Vector Direction',(0.,-1.,0.)) ;
#3713=DIRECTION('Axis2P3D Direction',(0.,-1.,0.)) ;
#3714=DIRECTION('Axis2P3D XDirection',(0.,0.,1.)) ;
#3718=DIRECTION('Vector Direction',(-1.,0.,0.)) ;
#3725=DIRECTION('Vector Direction',(0.,0.,1.)) ;
#3737=DIRECTION('Axis2P3D Direction',(0.,-0.,1.)) ;
#3738=DIRECTION('Axis2P3D XDirection',(0.,1.,0.)) ;
#3742=DIRECTION('Vector Direction',(0.,1.,0.)) ;
#3754=DIRECTION('Axis2P3D Direction',(-1.,0.,0.)) ;
#3755=DIRECTION('Axis2P3D XDirection',(0.,-1.,0.)) ;
#3759=DIRECTION('Vector Direction',(0.,-1.,0.)) ;
#3768=DIRECTION('Vector Direction',(0.,0.,1.)) ;
#3775=DIRECTION('Vector Direction',(0.,-0.999208340499,-0.0397830651993)) ;
#3782=DIRECTION('Vector Direction',(0.,0.,1.)) ;
#3800=DIRECTION('Axis2P3D Direction',(0.,1.,0.)) ;
#3801=DIRECTION('Axis2P3D XDirection',(0.,-0.,-1.)) ;
#3805=DIRECTION('Vector Direction',(0.,0.,-1.)) ;
#3812=DIRECTION('Vector Direction',(-1.,0.,0.)) ;
#3817=DIRECTION('Vector Direction',(-1.,0.,0.)) ;
#3824=DIRECTION('Vector Direction',(0.,0.,1.)) ;
#3831=DIRECTION('Vector Direction',(-1.,0.,0.)) ;
#3838=DIRECTION('Vector Direction',(0.,0.,-1.)) ;
#3854=DIRECTION('Axis2P3D Direction',(1.,0.,-0.)) ;
#3855=DIRECTION('Axis2P3D XDirection',(0.,0.,1.)) ;
#3859=DIRECTION('Vector Direction',(0.,-1.,0.)) ;
#3871=DIRECTION('Axis2P3D Direction',(0.,0.,1.)) ;
#3872=DIRECTION('Axis2P3D XDirection',(-1.,0.,0.)) ;
#3876=DIRECTION('Vector Direction',(0.,-1.,0.)) ;
#3881=DIRECTION('Vector Direction',(0.,-1.,0.)) ;
#3888=DIRECTION('Vector Direction',(-1.,0.,0.)) ;
#3904=DIRECTION('Axis2P3D Direction',(1.,0.,-0.)) ;
#3905=DIRECTION('Axis2P3D XDirection',(-0.,1.,0.)) ;
#3909=DIRECTION('Vector Direction',(0.,-0.999208340499,-0.0397830651993)) ;
#3916=DIRECTION('Vector Direction',(0.,0.,1.)) ;
#3928=DIRECTION('Axis2P3D Direction',(0.,-0.0397830651993,0.999208340499)) ;
#3929=DIRECTION('Axis2P3D XDirection',(0.,0.999208340499,0.0397830651993)) ;
#3933=DIRECTION('Vector Direction',(1.,0.,0.)) ;
#3945=DIRECTION('Axis2P3D Direction',(0.,1.,0.)) ;
#3946=DIRECTION('Axis2P3D XDirection',(0.,0.,1.)) ;
#3956=DIRECTION('Vector Direction',(1.,0.,0.)) ;
#3963=DIRECTION('Vector Direction',(0.,0.,1.)) ;
#3970=DIRECTION('Vector Direction',(1.,0.,0.)) ;
#3982=DIRECTION('Axis2P3D Direction',(0.,-0.0397830651993,0.999208340499)) ;
#3983=DIRECTION('Axis2P3D XDirection',(0.,0.999208340499,0.0397830651993)) ;
#3987=DIRECTION('Vector Direction',(0.,0.999208340499,0.0397830651993)) ;
#3999=DIRECTION('Axis2P3D Direction',(1.,0.,-0.)) ;
#4000=DIRECTION('Axis2P3D XDirection',(-0.,1.,0.)) ;
#4004=DIRECTION('Vector Direction',(0.,1.,0.)) ;
#4016=DIRECTION('Axis2P3D Direction',(0.,0.,1.)) ;
#4017=DIRECTION('Axis2P3D XDirection',(-1.,0.,0.)) ;
#4028=DIRECTION('Axis2P3D Direction',(-1.,-0.,-0.)) ;
#4029=DIRECTION('Axis2P3D XDirection',(0.,0.,-1.)) ;
#4049=DIRECTION('Axis2P3D Direction',(0.,0.,-1.)) ;
#4050=DIRECTION('Axis2P3D XDirection',(0.,1.,0.)) ;
#4054=DIRECTION('Vector Direction',(1.,0.,0.)) ;
#4063=DIRECTION('Vector Direction',(0.,1.,0.)) ;
#4070=DIRECTION('Vector Direction',(1.,0.,0.)) ;
#4077=DIRECTION('Vector Direction',(0.,1.,0.)) ;
#4089=DIRECTION('Axis2P3D Direction',(0.,1.,0.)) ;
#4090=DIRECTION('Axis2P3D XDirection',(0.,0.,1.)) ;
#4094=DIRECTION('Vector Direction',(1.,0.,0.)) ;
#4103=DIRECTION('Vector Direction',(0.,0.,1.)) ;
#4108=DIRECTION('Vector Direction',(0.,0.,1.)) ;
#4120=DIRECTION('Axis2P3D Direction',(-0.,0.,1.)) ;
#4121=DIRECTION('Axis2P3D XDirection',(0.,-1.,0.)) ;
#4125=DIRECTION('Vector Direction',(1.,0.,0.)) ;
#4134=DIRECTION('Vector Direction',(0.,-1.,0.)) ;
#4139=DIRECTION('Vector Direction',(0.,-1.,0.)) ;
#4151=DIRECTION('Axis2P3D Direction',(0.,-1.,2.46519032882E-032)) ;
#4152=DIRECTION('Axis2P3D XDirection',(-0.,-2.46519032882E-032,-1.)) ;
#4156=DIRECTION('Vector Direction',(0.,0.,-1.)) ;
#4161=DIRECTION('Vector Direction',(0.,0.,-1.)) ;
#4173=DIRECTION('Axis2P3D Direction',(1.,0.,-0.)) ;
#4174=DIRECTION('Axis2P3D XDirection',(-0.,1.,0.)) ;
#4178=DIRECTION('Vector Direction',(0.,0.,1.)) ;
#4193=DIRECTION('Vector Direction',(0.,0.,1.)) ;
#4200=DIRECTION('Vector Direction',(0.,1.,0.)) ;
#4218=DIRECTION('Axis2P3D Direction',(0.,0.,1.)) ;
#4219=DIRECTION('Axis2P3D XDirection',(-1.,0.,0.)) ;
#4223=DIRECTION('Vector Direction',(0.,-1.,0.)) ;
#4232=DIRECTION('Vector Direction',(-1.,0.,0.)) ;
#4237=DIRECTION('Vector Direction',(-1.,0.,0.)) ;
#4249=DIRECTION('Axis2P3D Direction',(-1.,0.,0.)) ;
#4250=DIRECTION('Axis2P3D XDirection',(0.,-1.,0.)) ;
#4262=DIRECTION('Vector Direction',(0.,0.,1.)) ;
#4267=DIRECTION('Vector Direction',(0.,0.,1.)) ;
#4279=DIRECTION('Axis2P3D Direction',(0.,-0.0397830651993,0.999208340499)) ;
#4280=DIRECTION('Axis2P3D XDirection',(0.,0.999208340499,0.0397830651993)) ;
#4284=DIRECTION('Vector Direction',(-1.,0.,0.)) ;
#4289=DIRECTION('Vector Direction',(-1.,0.,0.)) ;
#4301=DIRECTION('Axis2P3D Direction',(0.,1.,0.)) ;
#4302=DIRECTION('Axis2P3D XDirection',(0.,0.,1.)) ;
#4306=DIRECTION('Vector Direction',(0.,0.,1.)) ;
#4315=DIRECTION('Vector Direction',(1.,0.,0.)) ;
#4322=DIRECTION('Vector Direction',(0.,0.,1.)) ;
#4329=DIRECTION('Vector Direction',(1.,0.,0.)) ;
#4347=DIRECTION('Axis2P3D Direction',(0.,-0.0397830651993,0.999208340499)) ;
#4348=DIRECTION('Axis2P3D XDirection',(0.,0.999208340499,0.0397830651993)) ;
#4352=DIRECTION('Vector Direction',(0.,-0.999208340499,-0.0397830651993)) ;
#4359=DIRECTION('Vector Direction',(-1.,0.,0.)) ;
#4366=DIRECTION('Vector Direction',(0.,-0.999208340499,-0.0397830651993)) ;
#4378=DIRECTION('Axis2P3D Direction',(1.,0.,-0.)) ;
#4379=DIRECTION('Axis2P3D XDirection',(-0.,1.,0.)) ;
#4383=DIRECTION('Vector Direction',(0.,0.,1.)) ;
#4390=DIRECTION('Vector Direction',(0.,-1.,0.)) ;
#4408=DIRECTION('Axis2P3D Direction',(0.,1.,0.)) ;
#4409=DIRECTION('Axis2P3D XDirection',(0.,-0.,-1.)) ;
#4413=DIRECTION('Vector Direction',(-1.,0.,0.)) ;
#4420=DIRECTION('Vector Direction',(0.,0.,-1.)) ;
#4427=DIRECTION('Vector Direction',(-1.,0.,0.)) ;
#4434=DIRECTION('Vector Direction',(0.,0.,-1.)) ;
#4441=DIRECTION('Vector Direction',(-1.,0.,0.)) ;
#4448=DIRECTION('Vector Direction',(0.,0.,1.)) ;
#4464=DIRECTION('Axis2P3D Direction',(-1.,0.,0.)) ;
#4465=DIRECTION('Axis2P3D XDirection',(0.,-1.,0.)) ;
#4469=DIRECTION('Vector Direction',(0.,-1.,0.)) ;
#4481=DIRECTION('Axis2P3D Direction',(0.,0.,1.)) ;
#4482=DIRECTION('Axis2P3D XDirection',(-1.,0.,0.)) ;
#4486=DIRECTION('Vector Direction',(0.,-1.,0.)) ;
#4493=DIRECTION('Vector Direction',(-1.,0.,0.)) ;
#4500=DIRECTION('Vector Direction',(0.,-1.,0.)) ;
#4516=DIRECTION('Axis2P3D Direction',(-1.,-0.,-0.)) ;
#4517=DIRECTION('Axis2P3D XDirection',(0.,0.,-1.)) ;
#4521=DIRECTION('Vector Direction',(0.,0.,-1.)) ;
#4528=DIRECTION('Vector Direction',(0.,-1.,0.)) ;
#4540=DIRECTION('Axis2P3D Direction',(0.,0.,-1.)) ;
#4541=DIRECTION('Axis2P3D XDirection',(1.,0.,0.)) ;
#4545=DIRECTION('Vector Direction',(1.,0.,0.)) ;
#4552=DIRECTION('Vector Direction',(0.,-1.,0.)) ;
#4564=DIRECTION('Axis2P3D Direction',(1.,0.,-0.)) ;
#4565=DIRECTION('Axis2P3D XDirection',(0.,0.,1.)) ;
#4569=DIRECTION('Vector Direction',(0.,0.,1.)) ;
#4581=DIRECTION('Axis2P3D Direction',(0.,1.,0.)) ;
#4582=DIRECTION('Axis2P3D XDirection',(0.,0.,1.)) ;
#4592=DIRECTION('Vector Direction',(-1.,0.,0.)) ;
#4601=DIRECTION('Vector Direction',(0.,0.,1.)) ;
#4608=DIRECTION('Vector Direction',(1.,0.,0.)) ;
#4615=DIRECTION('Vector Direction',(0.,0.,-1.)) ;
#4626=DIRECTION('Vector Direction',(0.,0.,1.)) ;
#4635=DIRECTION('Vector Direction',(-1.,0.,0.)) ;
#4642=DIRECTION('Vector Direction',(0.,0.,-1.)) ;
#4649=DIRECTION('Vector Direction',(1.,0.,0.)) ;
#4660=DIRECTION('Vector Direction',(0.,0.,1.)) ;
#4669=DIRECTION('Vector Direction',(-1.,0.,0.)) ;
#4676=DIRECTION('Vector Direction',(0.,0.,-1.)) ;
#4683=DIRECTION('Vector Direction',(1.,0.,0.)) ;
#4695=DIRECTION('Axis2P3D Direction',(1.,-0.,0.)) ;
#4696=DIRECTION('Axis2P3D XDirection',(0.,0.,-1.)) ;
#4700=DIRECTION('Vector Direction',(0.,-1.,0.)) ;
#4707=DIRECTION('Vector Direction',(0.,0.,-1.)) ;
#4714=DIRECTION('Vector Direction',(0.,-1.,0.)) ;
#4726=DIRECTION('Axis2P3D Direction',(0.,0.,1.)) ;
#4727=DIRECTION('Axis2P3D XDirection',(1.,0.,0.)) ;
#4731=DIRECTION('Vector Direction',(-1.37802227541E-014,-1.,0.)) ;
#4738=DIRECTION('Vector Direction',(-1.,0.,0.)) ;
#4750=DIRECTION('Axis2P3D Direction',(-1.,0.,0.)) ;
#4751=DIRECTION('Axis2P3D XDirection',(0.,0.,1.)) ;
#4755=DIRECTION('Vector Direction',(0.,-1.,0.)) ;
#4762=DIRECTION('Vector Direction',(0.,0.,-1.)) ;
#4774=DIRECTION('Axis2P3D Direction',(0.,0.,-1.)) ;
#4775=DIRECTION('Axis2P3D XDirection',(-1.,0.,0.)) ;
#4779=DIRECTION('Vector Direction',(1.,0.,0.)) ;
#4791=DIRECTION('Axis2P3D Direction',(0.,1.,0.)) ;
#4792=DIRECTION('Axis2P3D XDirection',(0.,0.,1.)) ;
#4808=DIRECTION('Vector Direction',(1.,0.,0.)) ;
#4817=DIRECTION('Vector Direction',(0.,0.,1.)) ;
#4824=DIRECTION('Vector Direction',(1.,0.,0.)) ;
#4831=DIRECTION('Vector Direction',(0.,0.,1.)) ;
#4842=DIRECTION('Vector Direction',(1.,0.,0.)) ;
#4851=DIRECTION('Vector Direction',(0.,0.,1.)) ;
#4858=DIRECTION('Vector Direction',(1.,0.,0.)) ;
#4865=DIRECTION('Vector Direction',(0.,0.,1.)) ;
#4877=DIRECTION('Axis2P3D Direction',(1.,-0.,0.)) ;
#4878=DIRECTION('Axis2P3D XDirection',(0.,0.,-1.)) ;
#4882=DIRECTION('Vector Direction',(0.,-1.,0.)) ;
#4887=DIRECTION('Vector Direction',(0.,-1.,0.)) ;
#4899=DIRECTION('Vector Direction',(0.,-1.,0.)) ;
#4911=DIRECTION('Axis2P3D Direction',(-1.,0.,0.)) ;
#4912=DIRECTION('Axis2P3D XDirection',(0.,0.,1.)) ;
#4916=DIRECTION('Vector Direction',(0.,-1.,0.)) ;
#4935=DIRECTION('Axis2P3D Direction',(1.,-0.,0.)) ;
#4936=DIRECTION('Axis2P3D XDirection',(0.,0.,-1.)) ;
#4940=DIRECTION('Vector Direction',(0.,-1.,0.)) ;
#4945=DIRECTION('Vector Direction',(0.,-1.,6.89011137707E-015)) ;
#4957=DIRECTION('Axis2P3D Direction',(0.,0.,-1.)) ;
#4958=DIRECTION('Axis2P3D XDirection',(-1.,0.,0.)) ;
#4962=DIRECTION('Vector Direction',(0.,-1.,0.)) ;
#4974=DIRECTION('Axis2P3D Direction',(-1.,0.,0.)) ;
#4975=DIRECTION('Axis2P3D XDirection',(0.,0.,1.)) ;
#4979=DIRECTION('Vector Direction',(0.,-1.,0.)) ;
#5007=DIRECTION('Axis2P3D Direction',(0.,0.,1.)) ;
#5008=DIRECTION('Axis2P3D XDirection',(1.,0.,0.)) ;
#5012=DIRECTION('Vector Direction',(1.,0.,0.)) ;
#5021=DIRECTION('Vector Direction',(0.,1.,0.)) ;
#5028=DIRECTION('Vector Direction',(-1.,0.,0.)) ;
#5035=DIRECTION('Vector Direction',(0.,-1.,0.)) ;
#5047=DIRECTION('Vector Direction',(1.,0.,0.)) ;
#5056=DIRECTION('Vector Direction',(0.,-1.,0.)) ;
#5063=DIRECTION('Vector Direction',(-1.,0.,0.)) ;
#5070=DIRECTION('Vector Direction',(0.,1.,0.)) ;
#5082=DIRECTION('Axis2P3D Direction',(0.,-1.,0.)) ;
#5083=DIRECTION('Axis2P3D XDirection',(1.,0.,0.)) ;
#5087=DIRECTION('Vector Direction',(0.,0.,1.)) ;
#5092=DIRECTION('Vector Direction',(0.,0.,1.)) ;
#5104=DIRECTION('Axis2P3D Direction',(1.,0.,0.)) ;
#5105=DIRECTION('Axis2P3D XDirection',(0.,1.,0.)) ;
#5109=DIRECTION('Vector Direction',(0.,0.,1.)) ;
#5121=DIRECTION('Axis2P3D Direction',(0.,1.,-0.)) ;
#5122=DIRECTION('Axis2P3D XDirection',(-1.,0.,0.)) ;
#5126=DIRECTION('Vector Direction',(0.,0.,1.)) ;
#5138=DIRECTION('Axis2P3D Direction',(-1.,0.,0.)) ;
#5139=DIRECTION('Axis2P3D XDirection',(0.,-1.,0.)) ;
#5159=DIRECTION('Axis2P3D Direction',(1.,0.,-0.)) ;
#5160=DIRECTION('Axis2P3D XDirection',(0.,1.,0.)) ;
#5164=DIRECTION('Vector Direction',(0.,1.,0.)) ;
#5173=DIRECTION('Vector Direction',(0.,0.,1.)) ;
#5180=DIRECTION('Vector Direction',(0.,-1.,0.)) ;
#5187=DIRECTION('Vector Direction',(0.,0.,-1.)) ;
#5199=DIRECTION('Vector Direction',(0.,1.,0.)) ;
#5208=DIRECTION('Vector Direction',(0.,0.,-1.)) ;
#5215=DIRECTION('Vector Direction',(0.,-1.,0.)) ;
#5222=DIRECTION('Vector Direction',(0.,0.,1.)) ;
#5234=DIRECTION('Axis2P3D Direction',(0.,0.,-1.)) ;
#5235=DIRECTION('Axis2P3D XDirection',(0.,1.,0.)) ;
#5239=DIRECTION('Vector Direction',(1.,0.,0.)) ;
#5244=DIRECTION('Vector Direction',(1.,0.,0.)) ;
#5256=DIRECTION('Axis2P3D Direction',(0.,1.,0.)) ;
#5257=DIRECTION('Axis2P3D XDirection',(0.,0.,1.)) ;
#5261=DIRECTION('Vector Direction',(1.,0.,0.)) ;
#5273=DIRECTION('Axis2P3D Direction',(-0.,0.,1.)) ;
#5274=DIRECTION('Axis2P3D XDirection',(0.,-1.,0.)) ;
#5278=DIRECTION('Vector Direction',(1.,0.,0.)) ;
#5290=DIRECTION('Axis2P3D Direction',(0.,-1.,0.)) ;
#5291=DIRECTION('Axis2P3D XDirection',(0.,0.,-1.)) ;
#5302=DIRECTION('Axis2P3D Direction',(0.,0.,1.)) ;
#5303=DIRECTION('Axis2P3D XDirection',(1.,0.,0.)) ;
#8=PRODUCT_RELATED_PRODUCT_CATEGORY('part',$,(#5)) ;
#7=PRODUCT_CATEGORY('part','specification') ;
#30=STYLED_ITEM(' ',(#29),#22) ;
#1514=STYLED_ITEM(' ',(#1513),#1507) ;
#2295=STYLED_ITEM(' ',(#2294),#2288) ;
#3344=STYLED_ITEM(' ',(#3343),#3337) ;
#4046=STYLED_ITEM(' ',(#4045),#4039) ;
#5004=STYLED_ITEM(' ',(#5003),#4997) ;
#5156=STYLED_ITEM(' ',(#5155),#5149) ;
#29=PRESENTATION_STYLE_ASSIGNMENT((#28)) ;
#1513=PRESENTATION_STYLE_ASSIGNMENT((#1512)) ;
#2294=PRESENTATION_STYLE_ASSIGNMENT((#2293)) ;
#3343=PRESENTATION_STYLE_ASSIGNMENT((#3342)) ;
#4045=PRESENTATION_STYLE_ASSIGNMENT((#4044)) ;
#5003=PRESENTATION_STYLE_ASSIGNMENT((#5002)) ;
#5155=PRESENTATION_STYLE_ASSIGNMENT((#5154)) ;
#28=SURFACE_STYLE_USAGE(.BOTH.,#27) ;
#1512=SURFACE_STYLE_USAGE(.BOTH.,#1511) ;
#2293=SURFACE_STYLE_USAGE(.BOTH.,#2292) ;
#3342=SURFACE_STYLE_USAGE(.BOTH.,#3341) ;
#4044=SURFACE_STYLE_USAGE(.BOTH.,#4043) ;
#5002=SURFACE_STYLE_USAGE(.BOTH.,#5001) ;
#5154=SURFACE_STYLE_USAGE(.BOTH.,#5153) ;
#27=SURFACE_SIDE_STYLE(' ',(#26)) ;
#1511=SURFACE_SIDE_STYLE(' ',(#1510)) ;
#2292=SURFACE_SIDE_STYLE(' ',(#2291)) ;
#3341=SURFACE_SIDE_STYLE(' ',(#3340)) ;
#4043=SURFACE_SIDE_STYLE(' ',(#4042)) ;
#5001=SURFACE_SIDE_STYLE(' ',(#5000)) ;
#5153=SURFACE_SIDE_STYLE(' ',(#5152)) ;
#26=SURFACE_STYLE_FILL_AREA(#25) ;
#1510=SURFACE_STYLE_FILL_AREA(#1509) ;
#2291=SURFACE_STYLE_FILL_AREA(#2290) ;
#3340=SURFACE_STYLE_FILL_AREA(#3339) ;
#4042=SURFACE_STYLE_FILL_AREA(#4041) ;
#5000=SURFACE_STYLE_FILL_AREA(#4999) ;
#5152=SURFACE_STYLE_FILL_AREA(#5151) ;
#25=FILL_AREA_STYLE(' ',(#24)) ;
#1509=FILL_AREA_STYLE(' ',(#1508)) ;
#2290=FILL_AREA_STYLE(' ',(#2289)) ;
#3339=FILL_AREA_STYLE(' ',(#3338)) ;
#4041=FILL_AREA_STYLE(' ',(#4040)) ;
#4999=FILL_AREA_STYLE(' ',(#4998)) ;
#5151=FILL_AREA_STYLE(' ',(#5150)) ;
#24=FILL_AREA_STYLE_COLOUR(' ',#23) ;
#1508=FILL_AREA_STYLE_COLOUR(' ',#23) ;
#2289=FILL_AREA_STYLE_COLOUR(' ',#23) ;
#3338=FILL_AREA_STYLE_COLOUR(' ',#23) ;
#4040=FILL_AREA_STYLE_COLOUR(' ',#23) ;
#4998=FILL_AREA_STYLE_COLOUR(' ',#23) ;
#5150=FILL_AREA_STYLE_COLOUR(' ',#23) ;
#39=VECTOR('Line Direction',#38,1.) ;
#48=VECTOR('Line Direction',#47,1.) ;
#55=VECTOR('Line Direction',#54,1.) ;
#79=VECTOR('Line Direction',#78,1.) ;
#88=VECTOR('Line Direction',#87,1.) ;
#95=VECTOR('Line Direction',#94,1.) ;
#102=VECTOR('Line Direction',#101,1.) ;
#475=VECTOR('Line Direction',#474,1.) ;
#480=VECTOR('Line Direction',#479,1.) ;
#497=VECTOR('Line Direction',#496,1.) ;
#502=VECTOR('Line Direction',#501,1.) ;
#528=VECTOR('Line Direction',#527,1.) ;
#537=VECTOR('Line Direction',#536,1.) ;
#544=VECTOR('Line Direction',#543,1.) ;
#551=VECTOR('Line Direction',#550,1.) ;
#562=VECTOR('Line Direction',#561,1.) ;
#571=VECTOR('Line Direction',#570,1.) ;
#578=VECTOR('Line Direction',#577,1.) ;
#585=VECTOR('Line Direction',#584,1.) ;
#611=VECTOR('Line Direction',#610,1.) ;
#620=VECTOR('Line Direction',#619,1.) ;
#627=VECTOR('Line Direction',#626,1.) ;
#634=VECTOR('Line Direction',#633,1.) ;
#645=VECTOR('Line Direction',#644,1.) ;
#654=VECTOR('Line Direction',#653,1.) ;
#661=VECTOR('Line Direction',#660,1.) ;
#668=VECTOR('Line Direction',#667,1.) ;
#685=VECTOR('Line Direction',#684,1.) ;
#694=VECTOR('Line Direction',#693,1.) ;
#761=VECTOR('Line Direction',#760,1.) ;
#775=VECTOR('Line Direction',#774,1.) ;
#784=VECTOR('Line Direction',#783,1.) ;
#791=VECTOR('Line Direction',#790,1.) ;
#808=VECTOR('Line Direction',#807,1.) ;
#817=VECTOR('Line Direction',#816,1.) ;
#824=VECTOR('Line Direction',#823,1.) ;
#831=VECTOR('Line Direction',#830,1.) ;
#848=VECTOR('Line Direction',#847,1.) ;
#917=VECTOR('Line Direction',#916,1.) ;
#924=VECTOR('Line Direction',#923,1.) ;
#946=VECTOR('Line Direction',#945,1.) ;
#953=VECTOR('Line Direction',#952,1.) ;
#960=VECTOR('Line Direction',#959,1.) ;
#971=VECTOR('Line Direction',#970,1.) ;
#980=VECTOR('Line Direction',#979,1.) ;
#987=VECTOR('Line Direction',#986,1.) ;
#994=VECTOR('Line Direction',#993,1.) ;
#1033=VECTOR('Line Direction',#1032,1.) ;
#1050=VECTOR('Line Direction',#1049,1.) ;
#1055=VECTOR('Line Direction',#1054,1.) ;
#1285=VECTOR('Line Direction',#1284,1.) ;
#1290=VECTOR('Line Direction',#1289,1.) ;
#1307=VECTOR('Line Direction',#1306,1.) ;
#1324=VECTOR('Line Direction',#1323,1.) ;
#1348=VECTOR('Line Direction',#1347,1.) ;
#1353=VECTOR('Line Direction',#1352,1.) ;
#1365=VECTOR('Line Direction',#1364,1.) ;
#1377=VECTOR('Line Direction',#1376,1.) ;
#1401=VECTOR('Line Direction',#1400,1.) ;
#1406=VECTOR('Line Direction',#1405,1.) ;
#1423=VECTOR('Line Direction',#1422,1.) ;
#1435=VECTOR('Line Direction',#1434,1.) ;
#1459=VECTOR('Line Direction',#1458,1.) ;
#1464=VECTOR('Line Direction',#1463,1.) ;
#1476=VECTOR('Line Direction',#1475,1.) ;
#1488=VECTOR('Line Direction',#1487,1.) ;
#1523=VECTOR('Line Direction',#1522,1.) ;
#1532=VECTOR('Line Direction',#1531,1.) ;
#1539=VECTOR('Line Direction',#1538,1.) ;
#1546=VECTOR('Line Direction',#1545,1.) ;
#1563=VECTOR('Line Direction',#1562,1.) ;
#1572=VECTOR('Line Direction',#1571,1.) ;
#1577=VECTOR('Line Direction',#1576,1.) ;
#1594=VECTOR('Line Direction',#1593,1.) ;
#1611=VECTOR('Line Direction',#1610,1.) ;
#1620=VECTOR('Line Direction',#1619,1.) ;
#1627=VECTOR('Line Direction',#1626,1.) ;
#1634=VECTOR('Line Direction',#1633,1.) ;
#1651=VECTOR('Line Direction',#1650,1.) ;
#1658=VECTOR('Line Direction',#1657,1.) ;
#1665=VECTOR('Line Direction',#1664,1.) ;
#1682=VECTOR('Line Direction',#1681,1.) ;
#1689=VECTOR('Line Direction',#1688,1.) ;
#1706=VECTOR('Line Direction',#1705,1.) ;
#1713=VECTOR('Line Direction',#1712,1.) ;
#1730=VECTOR('Line Direction',#1729,1.) ;
#1747=VECTOR('Line Direction',#1746,1.) ;
#1756=VECTOR('Line Direction',#1755,1.) ;
#1763=VECTOR('Line Direction',#1762,1.) ;
#1770=VECTOR('Line Direction',#1769,1.) ;
#1777=VECTOR('Line Direction',#1776,1.) ;
#1801=VECTOR('Line Direction',#1800,1.) ;
#1808=VECTOR('Line Direction',#1807,1.) ;
#1815=VECTOR('Line Direction',#1814,1.) ;
#1826=VECTOR('Line Direction',#1825,1.) ;
#1833=VECTOR('Line Direction',#1832,1.) ;
#1850=VECTOR('Line Direction',#1849,1.) ;
#1873=VECTOR('Line Direction',#1872,1.) ;
#1882=VECTOR('Line Direction',#1881,1.) ;
#1889=VECTOR('Line Direction',#1888,1.) ;
#1896=VECTOR('Line Direction',#1895,1.) ;
#1908=VECTOR('Line Direction',#1907,1.) ;
#1915=VECTOR('Line Direction',#1914,1.) ;
#1922=VECTOR('Line Direction',#1921,1.) ;
#1934=VECTOR('Line Direction',#1933,1.) ;
#1941=VECTOR('Line Direction',#1940,1.) ;
#1958=VECTOR('Line Direction',#1957,1.) ;
#1967=VECTOR('Line Direction',#1966,1.) ;
#1974=VECTOR('Line Direction',#1973,1.) ;
#1979=VECTOR('Line Direction',#1978,1.) ;
#1991=VECTOR('Line Direction',#1990,1.) ;
#1998=VECTOR('Line Direction',#1997,1.) ;
#2010=VECTOR('Line Direction',#2009,1.) ;
#2034=VECTOR('Line Direction',#2033,1.) ;
#2046=VECTOR('Line Direction',#2045,1.) ;
#2053=VECTOR('Line Direction',#2052,1.) ;
#2060=VECTOR('Line Direction',#2059,1.) ;
#2077=VECTOR('Line Direction',#2076,1.) ;
#2084=VECTOR('Line Direction',#2083,1.) ;
#2096=VECTOR('Line Direction',#2095,1.) ;
#2105=VECTOR('Line Direction',#2104,1.) ;
#2110=VECTOR('Line Direction',#2109,1.) ;
#2122=VECTOR('Line Direction',#2121,1.) ;
#2129=VECTOR('Line Direction',#2128,1.) ;
#2146=VECTOR('Line Direction',#2145,1.) ;
#2153=VECTOR('Line Direction',#2152,1.) ;
#2160=VECTOR('Line Direction',#2159,1.) ;
#2181=VECTOR('Line Direction',#2180,1.) ;
#2188=VECTOR('Line Direction',#2187,1.) ;
#2195=VECTOR('Line Direction',#2194,1.) ;
#2214=VECTOR('Line Direction',#2213,1.) ;
#2221=VECTOR('Line Direction',#2220,1.) ;
#2240=VECTOR('Line Direction',#2239,1.) ;
#2247=VECTOR('Line Direction',#2246,1.) ;
#2264=VECTOR('Line Direction',#2263,1.) ;
#2304=VECTOR('Line Direction',#2303,1.) ;
#2313=VECTOR('Line Direction',#2312,1.) ;
#2320=VECTOR('Line Direction',#2319,1.) ;
#2327=VECTOR('Line Direction',#2326,1.) ;
#2344=VECTOR('Line Direction',#2343,1.) ;
#2353=VECTOR('Line Direction',#2352,1.) ;
#2358=VECTOR('Line Direction',#2357,1.) ;
#2365=VECTOR('Line Direction',#2364,1.) ;
#2372=VECTOR('Line Direction',#2371,1.) ;
#2386=VECTOR('Line Direction',#2385,1.) ;
#2393=VECTOR('Line Direction',#2392,1.) ;
#2400=VECTOR('Line Direction',#2399,1.) ;
#2417=VECTOR('Line Direction',#2416,1.) ;
#2424=VECTOR('Line Direction',#2423,1.) ;
#2431=VECTOR('Line Direction',#2430,1.) ;
#2479=VECTOR('Line Direction',#2478,1.) ;
#2486=VECTOR('Line Direction',#2485,1.) ;
#2493=VECTOR('Line Direction',#2492,1.) ;
#2510=VECTOR('Line Direction',#2509,1.) ;
#2517=VECTOR('Line Direction',#2516,1.) ;
#2534=VECTOR('Line Direction',#2533,1.) ;
#2541=VECTOR('Line Direction',#2540,1.) ;
#2558=VECTOR('Line Direction',#2557,1.) ;
#2575=VECTOR('Line Direction',#2574,1.) ;
#2584=VECTOR('Line Direction',#2583,1.) ;
#2597=VECTOR('Line Direction',#2596,1.) ;
#2620=VECTOR('Line Direction',#2619,1.) ;
#2627=VECTOR('Line Direction',#2626,1.) ;
#2634=VECTOR('Line Direction',#2633,1.) ;
#2651=VECTOR('Line Direction',#2650,1.) ;
#2658=VECTOR('Line Direction',#2657,1.) ;
#2669=VECTOR('Line Direction',#2668,1.) ;
#2676=VECTOR('Line Direction',#2675,1.) ;
#2693=VECTOR('Line Direction',#2692,1.) ;
#2702=VECTOR('Line Direction',#2701,1.) ;
#2707=VECTOR('Line Direction',#2706,1.) ;
#2725=VECTOR('Line Direction',#2724,1.) ;
#2732=VECTOR('Line Direction',#2731,1.) ;
#2739=VECTOR('Line Direction',#2738,1.) ;
#2751=VECTOR('Line Direction',#2750,1.) ;
#2768=VECTOR('Line Direction',#2767,1.) ;
#2775=VECTOR('Line Direction',#2774,1.) ;
#2782=VECTOR('Line Direction',#2781,1.) ;
#2801=VECTOR('Line Direction',#2800,1.) ;
#2808=VECTOR('Line Direction',#2807,1.) ;
#2825=VECTOR('Line Direction',#2824,1.) ;
#2832=VECTOR('Line Direction',#2831,1.) ;
#2839=VECTOR('Line Direction',#2838,1.) ;
#2853=VECTOR('Line Direction',#2852,1.) ;
#2870=VECTOR('Line Direction',#2869,1.) ;
#2897=VECTOR('Line Direction',#2896,1.) ;
#2906=VECTOR('Line Direction',#2905,1.) ;
#2913=VECTOR('Line Direction',#2912,1.) ;
#2920=VECTOR('Line Direction',#2919,1.) ;
#2931=VECTOR('Line Direction',#2930,1.) ;
#2940=VECTOR('Line Direction',#2939,1.) ;
#2947=VECTOR('Line Direction',#2946,1.) ;
#2954=VECTOR('Line Direction',#2953,1.) ;
#2965=VECTOR('Line Direction',#2964,1.) ;
#2974=VECTOR('Line Direction',#2973,1.) ;
#2981=VECTOR('Line Direction',#2980,1.) ;
#2988=VECTOR('Line Direction',#2987,1.) ;
#3005=VECTOR('Line Direction',#3004,1.) ;
#3012=VECTOR('Line Direction',#3011,1.) ;
#3019=VECTOR('Line Direction',#3018,1.) ;
#3036=VECTOR('Line Direction',#3035,1.) ;
#3043=VECTOR('Line Direction',#3042,1.) ;
#3050=VECTOR('Line Direction',#3049,1.) ;
#3055=VECTOR('Line Direction',#3054,1.) ;
#3062=VECTOR('Line Direction',#3061,1.) ;
#3077=VECTOR('Line Direction',#3076,1.) ;
#3086=VECTOR('Line Direction',#3085,1.) ;
#3093=VECTOR('Line Direction',#3092,1.) ;
#3100=VECTOR('Line Direction',#3099,1.) ;
#3111=VECTOR('Line Direction',#3110,1.) ;
#3120=VECTOR('Line Direction',#3119,1.) ;
#3127=VECTOR('Line Direction',#3126,1.) ;
#3134=VECTOR('Line Direction',#3133,1.) ;
#3151=VECTOR('Line Direction',#3150,1.) ;
#3168=VECTOR('Line Direction',#3167,1.) ;
#3173=VECTOR('Line Direction',#3172,1.) ;
#3206=VECTOR('Line Direction',#3205,1.) ;
#3211=VECTOR('Line Direction',#3210,1.) ;
#3228=VECTOR('Line Direction',#3227,1.) ;
#3245=VECTOR('Line Direction',#3244,1.) ;
#3269=VECTOR('Line Direction',#3268,1.) ;
#3274=VECTOR('Line Direction',#3273,1.) ;
#3291=VECTOR('Line Direction',#3290,1.) ;
#3303=VECTOR('Line Direction',#3302,1.) ;
#3353=VECTOR('Line Direction',#3352,1.) ;
#3362=VECTOR('Line Direction',#3361,1.) ;
#3369=VECTOR('Line Direction',#3368,1.) ;
#3376=VECTOR('Line Direction',#3375,1.) ;
#3393=VECTOR('Line Direction',#3392,1.) ;
#3400=VECTOR('Line Direction',#3399,1.) ;
#3407=VECTOR('Line Direction',#3406,1.) ;
#3418=VECTOR('Line Direction',#3417,1.) ;
#3427=VECTOR('Line Direction',#3426,1.) ;
#3434=VECTOR('Line Direction',#3433,1.) ;
#3441=VECTOR('Line Direction',#3440,1.) ;
#3458=VECTOR('Line Direction',#3457,1.) ;
#3465=VECTOR('Line Direction',#3464,1.) ;
#3472=VECTOR('Line Direction',#3471,1.) ;
#3489=VECTOR('Line Direction',#3488,1.) ;
#3496=VECTOR('Line Direction',#3495,1.) ;
#3513=VECTOR('Line Direction',#3512,1.) ;
#3520=VECTOR('Line Direction',#3519,1.) ;
#3537=VECTOR('Line Direction',#3536,1.) ;
#3554=VECTOR('Line Direction',#3553,1.) ;
#3563=VECTOR('Line Direction',#3562,1.) ;
#3570=VECTOR('Line Direction',#3569,1.) ;
#3577=VECTOR('Line Direction',#3576,1.) ;
#3600=VECTOR('Line Direction',#3599,1.) ;
#3609=VECTOR('Line Direction',#3608,1.) ;
#3624=VECTOR('Line Direction',#3623,1.) ;
#3633=VECTOR('Line Direction',#3632,1.) ;
#3640=VECTOR('Line Direction',#3639,1.) ;
#3647=VECTOR('Line Direction',#3646,1.) ;
#3664=VECTOR('Line Direction',#3663,1.) ;
#3671=VECTOR('Line Direction',#3670,1.) ;
#3678=VECTOR('Line Direction',#3677,1.) ;
#3695=VECTOR('Line Direction',#3694,1.) ;
#3702=VECTOR('Line Direction',#3701,1.) ;
#3719=VECTOR('Line Direction',#3718,1.) ;
#3726=VECTOR('Line Direction',#3725,1.) ;
#3743=VECTOR('Line Direction',#3742,1.) ;
#3760=VECTOR('Line Direction',#3759,1.) ;
#3769=VECTOR('Line Direction',#3768,1.) ;
#3776=VECTOR('Line Direction',#3775,1.) ;
#3783=VECTOR('Line Direction',#3782,1.) ;
#3806=VECTOR('Line Direction',#3805,1.) ;
#3813=VECTOR('Line Direction',#3812,1.) ;
#3818=VECTOR('Line Direction',#3817,1.) ;
#3825=VECTOR('Line Direction',#3824,1.) ;
#3832=VECTOR('Line Direction',#3831,1.) ;
#3839=VECTOR('Line Direction',#3838,1.) ;
#3860=VECTOR('Line Direction',#3859,1.) ;
#3877=VECTOR('Line Direction',#3876,1.) ;
#3882=VECTOR('Line Direction',#3881,1.) ;
#3889=VECTOR('Line Direction',#3888,1.) ;
#3910=VECTOR('Line Direction',#3909,1.) ;
#3917=VECTOR('Line Direction',#3916,1.) ;
#3934=VECTOR('Line Direction',#3933,1.) ;
#3957=VECTOR('Line Direction',#3956,1.) ;
#3964=VECTOR('Line Direction',#3963,1.) ;
#3971=VECTOR('Line Direction',#3970,1.) ;
#3988=VECTOR('Line Direction',#3987,1.) ;
#4005=VECTOR('Line Direction',#4004,1.) ;
#4055=VECTOR('Line Direction',#4054,1.) ;
#4064=VECTOR('Line Direction',#4063,1.) ;
#4071=VECTOR('Line Direction',#4070,1.) ;
#4078=VECTOR('Line Direction',#4077,1.) ;
#4095=VECTOR('Line Direction',#4094,1.) ;
#4104=VECTOR('Line Direction',#4103,1.) ;
#4109=VECTOR('Line Direction',#4108,1.) ;
#4126=VECTOR('Line Direction',#4125,1.) ;
#4135=VECTOR('Line Direction',#4134,1.) ;
#4140=VECTOR('Line Direction',#4139,1.) ;
#4157=VECTOR('Line Direction',#4156,1.) ;
#4162=VECTOR('Line Direction',#4161,1.) ;
#4179=VECTOR('Line Direction',#4178,1.) ;
#4194=VECTOR('Line Direction',#4193,1.) ;
#4201=VECTOR('Line Direction',#4200,1.) ;
#4224=VECTOR('Line Direction',#4223,1.) ;
#4233=VECTOR('Line Direction',#4232,1.) ;
#4238=VECTOR('Line Direction',#4237,1.) ;
#4263=VECTOR('Line Direction',#4262,1.) ;
#4268=VECTOR('Line Direction',#4267,1.) ;
#4285=VECTOR('Line Direction',#4284,1.) ;
#4290=VECTOR('Line Direction',#4289,1.) ;
#4307=VECTOR('Line Direction',#4306,1.) ;
#4316=VECTOR('Line Direction',#4315,1.) ;
#4323=VECTOR('Line Direction',#4322,1.) ;
#4330=VECTOR('Line Direction',#4329,1.) ;
#4353=VECTOR('Line Direction',#4352,1.) ;
#4360=VECTOR('Line Direction',#4359,1.) ;
#4367=VECTOR('Line Direction',#4366,1.) ;
#4384=VECTOR('Line Direction',#4383,1.) ;
#4391=VECTOR('Line Direction',#4390,1.) ;
#4414=VECTOR('Line Direction',#4413,1.) ;
#4421=VECTOR('Line Direction',#4420,1.) ;
#4428=VECTOR('Line Direction',#4427,1.) ;
#4435=VECTOR('Line Direction',#4434,1.) ;
#4442=VECTOR('Line Direction',#4441,1.) ;
#4449=VECTOR('Line Direction',#4448,1.) ;
#4470=VECTOR('Line Direction',#4469,1.) ;
#4487=VECTOR('Line Direction',#4486,1.) ;
#4494=VECTOR('Line Direction',#4493,1.) ;
#4501=VECTOR('Line Direction',#4500,1.) ;
#4522=VECTOR('Line Direction',#4521,1.) ;
#4529=VECTOR('Line Direction',#4528,1.) ;
#4546=VECTOR('Line Direction',#4545,1.) ;
#4553=VECTOR('Line Direction',#4552,1.) ;
#4570=VECTOR('Line Direction',#4569,1.) ;
#4593=VECTOR('Line Direction',#4592,1.) ;
#4602=VECTOR('Line Direction',#4601,1.) ;
#4609=VECTOR('Line Direction',#4608,1.) ;
#4616=VECTOR('Line Direction',#4615,1.) ;
#4627=VECTOR('Line Direction',#4626,1.) ;
#4636=VECTOR('Line Direction',#4635,1.) ;
#4643=VECTOR('Line Direction',#4642,1.) ;
#4650=VECTOR('Line Direction',#4649,1.) ;
#4661=VECTOR('Line Direction',#4660,1.) ;
#4670=VECTOR('Line Direction',#4669,1.) ;
#4677=VECTOR('Line Direction',#4676,1.) ;
#4684=VECTOR('Line Direction',#4683,1.) ;
#4701=VECTOR('Line Direction',#4700,1.) ;
#4708=VECTOR('Line Direction',#4707,1.) ;
#4715=VECTOR('Line Direction',#4714,1.) ;
#4732=VECTOR('Line Direction',#4731,1.) ;
#4739=VECTOR('Line Direction',#4738,1.) ;
#4756=VECTOR('Line Direction',#4755,1.) ;
#4763=VECTOR('Line Direction',#4762,1.) ;
#4780=VECTOR('Line Direction',#4779,1.) ;
#4809=VECTOR('Line Direction',#4808,1.) ;
#4818=VECTOR('Line Direction',#4817,1.) ;
#4825=VECTOR('Line Direction',#4824,1.) ;
#4832=VECTOR('Line Direction',#4831,1.) ;
#4843=VECTOR('Line Direction',#4842,1.) ;
#4852=VECTOR('Line Direction',#4851,1.) ;
#4859=VECTOR('Line Direction',#4858,1.) ;
#4866=VECTOR('Line Direction',#4865,1.) ;
#4883=VECTOR('Line Direction',#4882,1.) ;
#4888=VECTOR('Line Direction',#4887,1.) ;
#4900=VECTOR('Line Direction',#4899,1.) ;
#4917=VECTOR('Line Direction',#4916,1.) ;
#4941=VECTOR('Line Direction',#4940,1.) ;
#4946=VECTOR('Line Direction',#4945,1.) ;
#4963=VECTOR('Line Direction',#4962,1.) ;
#4980=VECTOR('Line Direction',#4979,1.) ;
#5013=VECTOR('Line Direction',#5012,1.) ;
#5022=VECTOR('Line Direction',#5021,1.) ;
#5029=VECTOR('Line Direction',#5028,1.) ;
#5036=VECTOR('Line Direction',#5035,1.) ;
#5048=VECTOR('Line Direction',#5047,1.) ;
#5057=VECTOR('Line Direction',#5056,1.) ;
#5064=VECTOR('Line Direction',#5063,1.) ;
#5071=VECTOR('Line Direction',#5070,1.) ;
#5088=VECTOR('Line Direction',#5087,1.) ;
#5093=VECTOR('Line Direction',#5092,1.) ;
#5110=VECTOR('Line Direction',#5109,1.) ;
#5127=VECTOR('Line Direction',#5126,1.) ;
#5165=VECTOR('Line Direction',#5164,1.) ;
#5174=VECTOR('Line Direction',#5173,1.) ;
#5181=VECTOR('Line Direction',#5180,1.) ;
#5188=VECTOR('Line Direction',#5187,1.) ;
#5200=VECTOR('Line Direction',#5199,1.) ;
#5209=VECTOR('Line Direction',#5208,1.) ;
#5216=VECTOR('Line Direction',#5215,1.) ;
#5223=VECTOR('Line Direction',#5222,1.) ;
#5240=VECTOR('Line Direction',#5239,1.) ;
#5245=VECTOR('Line Direction',#5244,1.) ;
#5262=VECTOR('Line Direction',#5261,1.) ;
#5279=VECTOR('Line Direction',#5278,1.) ;
#16=UNCERTAINTY_MEASURE_WITH_UNIT(LENGTH_MEASURE(0.005),#12,'distance_accuracy_value','CONFUSED CURVE UNCERTAINTY') ;
#1506=SHAPE_REPRESENTATION_RELATIONSHIP(' ',' ',#20,#1505) ;
#66=ORIENTED_EDGE('',*,*,#45,.F.) ;
#67=ORIENTED_EDGE('',*,*,#52,.F.) ;
#68=ORIENTED_EDGE('',*,*,#59,.T.) ;
#69=ORIENTED_EDGE('',*,*,#64,.T.) ;
#106=ORIENTED_EDGE('',*,*,#85,.F.) ;
#107=ORIENTED_EDGE('',*,*,#92,.T.) ;
#108=ORIENTED_EDGE('',*,*,#99,.T.) ;
#109=ORIENTED_EDGE('',*,*,#104,.F.) ;
#167=ORIENTED_EDGE('',*,*,#138,.T.) ;
#168=ORIENTED_EDGE('',*,*,#64,.F.) ;
#169=ORIENTED_EDGE('',*,*,#160,.T.) ;
#170=ORIENTED_EDGE('',*,*,#165,.T.) ;
#234=ORIENTED_EDGE('',*,*,#196,.T.) ;
#235=ORIENTED_EDGE('',*,*,#215,.T.) ;
#236=ORIENTED_EDGE('',*,*,#232,.F.) ;
#237=ORIENTED_EDGE('',*,*,#165,.F.) ;
#462=ORIENTED_EDGE('',*,*,#215,.F.) ;
#463=ORIENTED_EDGE('',*,*,#400,.T.) ;
#464=ORIENTED_EDGE('',*,*,#437,.T.) ;
#465=ORIENTED_EDGE('',*,*,#460,.T.) ;
#484=ORIENTED_EDGE('',*,*,#477,.T.) ;
#485=ORIENTED_EDGE('',*,*,#85,.T.) ;
#486=ORIENTED_EDGE('',*,*,#482,.F.) ;
#487=ORIENTED_EDGE('',*,*,#437,.F.) ;
#506=ORIENTED_EDGE('',*,*,#52,.T.) ;
#507=ORIENTED_EDGE('',*,*,#499,.F.) ;
#508=ORIENTED_EDGE('',*,*,#99,.F.) ;
#509=ORIENTED_EDGE('',*,*,#504,.T.) ;
#518=ORIENTED_EDGE('',*,*,#160,.F.) ;
#519=ORIENTED_EDGE('',*,*,#59,.F.) ;
#520=ORIENTED_EDGE('',*,*,#504,.F.) ;
#521=ORIENTED_EDGE('',*,*,#92,.F.) ;
#522=ORIENTED_EDGE('',*,*,#477,.F.) ;
#523=ORIENTED_EDGE('',*,*,#400,.F.) ;
#524=ORIENTED_EDGE('',*,*,#196,.F.) ;
#555=ORIENTED_EDGE('',*,*,#534,.T.) ;
#556=ORIENTED_EDGE('',*,*,#541,.F.) ;
#557=ORIENTED_EDGE('',*,*,#548,.T.) ;
#558=ORIENTED_EDGE('',*,*,#553,.F.) ;
#589=ORIENTED_EDGE('',*,*,#568,.T.) ;
#590=ORIENTED_EDGE('',*,*,#575,.F.) ;
#591=ORIENTED_EDGE('',*,*,#582,.T.) ;
#592=ORIENTED_EDGE('',*,*,#587,.F.) ;
#601=ORIENTED_EDGE('',*,*,#232,.T.) ;
#602=ORIENTED_EDGE('',*,*,#460,.F.) ;
#603=ORIENTED_EDGE('',*,*,#482,.T.) ;
#604=ORIENTED_EDGE('',*,*,#104,.T.) ;
#605=ORIENTED_EDGE('',*,*,#499,.T.) ;
#606=ORIENTED_EDGE('',*,*,#45,.T.) ;
#607=ORIENTED_EDGE('',*,*,#138,.F.) ;
#638=ORIENTED_EDGE('',*,*,#617,.F.) ;
#639=ORIENTED_EDGE('',*,*,#624,.F.) ;
#640=ORIENTED_EDGE('',*,*,#631,.F.) ;
#641=ORIENTED_EDGE('',*,*,#636,.F.) ;
#672=ORIENTED_EDGE('',*,*,#651,.F.) ;
#673=ORIENTED_EDGE('',*,*,#658,.F.) ;
#674=ORIENTED_EDGE('',*,*,#665,.F.) ;
#675=ORIENTED_EDGE('',*,*,#670,.F.) ;
#765=ORIENTED_EDGE('',*,*,#691,.T.) ;
#766=ORIENTED_EDGE('',*,*,#698,.T.) ;
#767=ORIENTED_EDGE('',*,*,#704,.F.) ;
#768=ORIENTED_EDGE('',*,*,#726,.F.) ;
#769=ORIENTED_EDGE('',*,*,#742,.T.) ;
#770=ORIENTED_EDGE('',*,*,#758,.T.) ;
#771=ORIENTED_EDGE('',*,*,#763,.F.) ;
#801=ORIENTED_EDGE('',*,*,#781,.F.) ;
#802=ORIENTED_EDGE('',*,*,#788,.T.) ;
#803=ORIENTED_EDGE('',*,*,#795,.F.) ;
#804=ORIENTED_EDGE('',*,*,#799,.T.) ;
#835=ORIENTED_EDGE('',*,*,#814,.F.) ;
#836=ORIENTED_EDGE('',*,*,#821,.T.) ;
#837=ORIENTED_EDGE('',*,*,#828,.F.) ;
#838=ORIENTED_EDGE('',*,*,#833,.T.) ;
#928=ORIENTED_EDGE('',*,*,#854,.T.) ;
#929=ORIENTED_EDGE('',*,*,#870,.F.) ;
#930=ORIENTED_EDGE('',*,*,#886,.F.) ;
#931=ORIENTED_EDGE('',*,*,#908,.T.) ;
#932=ORIENTED_EDGE('',*,*,#914,.T.) ;
#933=ORIENTED_EDGE('',*,*,#921,.F.) ;
#934=ORIENTED_EDGE('',*,*,#926,.T.) ;
#964=ORIENTED_EDGE('',*,*,#943,.F.) ;
#965=ORIENTED_EDGE('',*,*,#950,.T.) ;
#966=ORIENTED_EDGE('',*,*,#957,.F.) ;
#967=ORIENTED_EDGE('',*,*,#962,.T.) ;
#998=ORIENTED_EDGE('',*,*,#977,.F.) ;
#999=ORIENTED_EDGE('',*,*,#984,.T.) ;
#1000=ORIENTED_EDGE('',*,*,#991,.F.) ;
#1001=ORIENTED_EDGE('',*,*,#996,.T.) ;
#1020=ORIENTED_EDGE('',*,*,#758,.F.) ;
#1021=ORIENTED_EDGE('',*,*,#1013,.F.) ;
#1022=ORIENTED_EDGE('',*,*,#870,.T.) ;
#1023=ORIENTED_EDGE('',*,*,#1018,.T.) ;
#1037=ORIENTED_EDGE('',*,*,#1035,.T.) ;
#1038=ORIENTED_EDGE('',*,*,#763,.T.) ;
#1039=ORIENTED_EDGE('',*,*,#1018,.F.) ;
#1040=ORIENTED_EDGE('',*,*,#854,.F.) ;
#1059=ORIENTED_EDGE('',*,*,#1052,.T.) ;
#1060=ORIENTED_EDGE('',*,*,#921,.T.) ;
#1061=ORIENTED_EDGE('',*,*,#1057,.F.) ;
#1062=ORIENTED_EDGE('',*,*,#698,.F.) ;
#1088=ORIENTED_EDGE('',*,*,#886,.T.) ;
#1089=ORIENTED_EDGE('',*,*,#1013,.T.) ;
#1090=ORIENTED_EDGE('',*,*,#742,.F.) ;
#1091=ORIENTED_EDGE('',*,*,#1086,.T.) ;
#1117=ORIENTED_EDGE('',*,*,#914,.F.) ;
#1118=ORIENTED_EDGE('',*,*,#1115,.F.) ;
#1119=ORIENTED_EDGE('',*,*,#704,.T.) ;
#1120=ORIENTED_EDGE('',*,*,#1057,.T.) ;
#1260=ORIENTED_EDGE('',*,*,#1115,.T.) ;
#1261=ORIENTED_EDGE('',*,*,#908,.F.) ;
#1262=ORIENTED_EDGE('',*,*,#1086,.F.) ;
#1263=ORIENTED_EDGE('',*,*,#726,.T.) ;
#1272=ORIENTED_EDGE('',*,*,#691,.F.) ;
#1273=ORIENTED_EDGE('',*,*,#1035,.F.) ;
#1274=ORIENTED_EDGE('',*,*,#926,.F.) ;
#1275=ORIENTED_EDGE('',*,*,#1052,.F.) ;
#1294=ORIENTED_EDGE('',*,*,#996,.F.) ;
#1295=ORIENTED_EDGE('',*,*,#1287,.T.) ;
#1296=ORIENTED_EDGE('',*,*,#575,.T.) ;
#1297=ORIENTED_EDGE('',*,*,#1292,.F.) ;
#1311=ORIENTED_EDGE('',*,*,#1292,.T.) ;
#1312=ORIENTED_EDGE('',*,*,#568,.F.) ;
#1313=ORIENTED_EDGE('',*,*,#1309,.F.) ;
#1314=ORIENTED_EDGE('',*,*,#977,.T.) ;
#1328=ORIENTED_EDGE('',*,*,#1326,.T.) ;
#1329=ORIENTED_EDGE('',*,*,#582,.F.) ;
#1330=ORIENTED_EDGE('',*,*,#1287,.F.) ;
#1331=ORIENTED_EDGE('',*,*,#991,.T.) ;
#1340=ORIENTED_EDGE('',*,*,#984,.F.) ;
#1341=ORIENTED_EDGE('',*,*,#1309,.T.) ;
#1342=ORIENTED_EDGE('',*,*,#587,.T.) ;
#1343=ORIENTED_EDGE('',*,*,#1326,.F.) ;
#1357=ORIENTED_EDGE('',*,*,#814,.T.) ;
#1358=ORIENTED_EDGE('',*,*,#1350,.F.) ;
#1359=ORIENTED_EDGE('',*,*,#670,.T.) ;
#1360=ORIENTED_EDGE('',*,*,#1355,.T.) ;
#1369=ORIENTED_EDGE('',*,*,#1355,.F.) ;
#1370=ORIENTED_EDGE('',*,*,#665,.T.) ;
#1371=ORIENTED_EDGE('',*,*,#1367,.T.) ;
#1372=ORIENTED_EDGE('',*,*,#821,.F.) ;
#1381=ORIENTED_EDGE('',*,*,#1379,.F.) ;
#1382=ORIENTED_EDGE('',*,*,#651,.T.) ;
#1383=ORIENTED_EDGE('',*,*,#1350,.T.) ;
#1384=ORIENTED_EDGE('',*,*,#833,.F.) ;
#1388=ORIENTED_EDGE('',*,*,#828,.T.) ;
#1389=ORIENTED_EDGE('',*,*,#1367,.F.) ;
#1390=ORIENTED_EDGE('',*,*,#658,.T.) ;
#1391=ORIENTED_EDGE('',*,*,#1379,.T.) ;
#1410=ORIENTED_EDGE('',*,*,#962,.F.) ;
#1411=ORIENTED_EDGE('',*,*,#1403,.T.) ;
#1412=ORIENTED_EDGE('',*,*,#541,.T.) ;
#1413=ORIENTED_EDGE('',*,*,#1408,.F.) ;
#1427=ORIENTED_EDGE('',*,*,#1408,.T.) ;
#1428=ORIENTED_EDGE('',*,*,#534,.F.) ;
#1429=ORIENTED_EDGE('',*,*,#1425,.F.) ;
#1430=ORIENTED_EDGE('',*,*,#943,.T.) ;
#1439=ORIENTED_EDGE('',*,*,#1437,.T.) ;
#1440=ORIENTED_EDGE('',*,*,#548,.F.) ;
#1441=ORIENTED_EDGE('',*,*,#1403,.F.) ;
#1442=ORIENTED_EDGE('',*,*,#957,.T.) ;
#1451=ORIENTED_EDGE('',*,*,#950,.F.) ;
#1452=ORIENTED_EDGE('',*,*,#1425,.T.) ;
#1453=ORIENTED_EDGE('',*,*,#553,.T.) ;
#1454=ORIENTED_EDGE('',*,*,#1437,.F.) ;
#1468=ORIENTED_EDGE('',*,*,#781,.T.) ;
#1469=ORIENTED_EDGE('',*,*,#1461,.F.) ;
#1470=ORIENTED_EDGE('',*,*,#636,.T.) ;
#1471=ORIENTED_EDGE('',*,*,#1466,.T.) ;
#1480=ORIENTED_EDGE('',*,*,#1466,.F.) ;
#1481=ORIENTED_EDGE('',*,*,#631,.T.) ;
#1482=ORIENTED_EDGE('',*,*,#1478,.T.) ;
#1483=ORIENTED_EDGE('',*,*,#788,.F.) ;
#1492=ORIENTED_EDGE('',*,*,#1490,.F.) ;
#1493=ORIENTED_EDGE('',*,*,#617,.T.) ;
#1494=ORIENTED_EDGE('',*,*,#1461,.T.) ;
#1495=ORIENTED_EDGE('',*,*,#799,.F.) ;
#1499=ORIENTED_EDGE('',*,*,#795,.T.) ;
#1500=ORIENTED_EDGE('',*,*,#1478,.F.) ;
#1501=ORIENTED_EDGE('',*,*,#624,.T.) ;
#1502=ORIENTED_EDGE('',*,*,#1490,.T.) ;
#1550=ORIENTED_EDGE('',*,*,#1529,.F.) ;
#1551=ORIENTED_EDGE('',*,*,#1536,.F.) ;
#1552=ORIENTED_EDGE('',*,*,#1543,.T.) ;
#1553=ORIENTED_EDGE('',*,*,#1548,.T.) ;
#1581=ORIENTED_EDGE('',*,*,#1569,.T.) ;
#1582=ORIENTED_EDGE('',*,*,#1574,.F.) ;
#1583=ORIENTED_EDGE('',*,*,#1548,.F.) ;
#1584=ORIENTED_EDGE('',*,*,#1579,.T.) ;
#1604=ORIENTED_EDGE('',*,*,#1574,.T.) ;
#1605=ORIENTED_EDGE('',*,*,#1598,.F.) ;
#1606=ORIENTED_EDGE('',*,*,#1602,.F.) ;
#1607=ORIENTED_EDGE('',*,*,#1529,.T.) ;
#1638=ORIENTED_EDGE('',*,*,#1617,.F.) ;
#1639=ORIENTED_EDGE('',*,*,#1624,.T.) ;
#1640=ORIENTED_EDGE('',*,*,#1631,.F.) ;
#1641=ORIENTED_EDGE('',*,*,#1636,.T.) ;
#1669=ORIENTED_EDGE('',*,*,#1624,.F.) ;
#1670=ORIENTED_EDGE('',*,*,#1655,.F.) ;
#1671=ORIENTED_EDGE('',*,*,#1662,.T.) ;
#1672=ORIENTED_EDGE('',*,*,#1667,.T.) ;
#1693=ORIENTED_EDGE('',*,*,#1686,.F.) ;
#1694=ORIENTED_EDGE('',*,*,#1691,.F.) ;
#1695=ORIENTED_EDGE('',*,*,#1655,.T.) ;
#1696=ORIENTED_EDGE('',*,*,#1617,.T.) ;
#1717=ORIENTED_EDGE('',*,*,#1636,.F.) ;
#1718=ORIENTED_EDGE('',*,*,#1710,.F.) ;
#1719=ORIENTED_EDGE('',*,*,#1715,.T.) ;
#1720=ORIENTED_EDGE('',*,*,#1686,.T.) ;
#1734=ORIENTED_EDGE('',*,*,#1667,.F.) ;
#1735=ORIENTED_EDGE('',*,*,#1732,.F.) ;
#1736=ORIENTED_EDGE('',*,*,#1710,.T.) ;
#1737=ORIENTED_EDGE('',*,*,#1631,.T.) ;
#1781=ORIENTED_EDGE('',*,*,#1753,.F.) ;
#1782=ORIENTED_EDGE('',*,*,#1760,.F.) ;
#1783=ORIENTED_EDGE('',*,*,#1767,.T.) ;
#1784=ORIENTED_EDGE('',*,*,#1774,.T.) ;
#1785=ORIENTED_EDGE('',*,*,#1779,.F.) ;
#1788=ORIENTED_EDGE('',*,*,#1662,.F.) ;
#1789=ORIENTED_EDGE('',*,*,#1691,.T.) ;
#1790=ORIENTED_EDGE('',*,*,#1715,.F.) ;
#1791=ORIENTED_EDGE('',*,*,#1732,.T.) ;
#1819=ORIENTED_EDGE('',*,*,#1805,.F.) ;
#1820=ORIENTED_EDGE('',*,*,#1812,.F.) ;
#1821=ORIENTED_EDGE('',*,*,#1817,.F.) ;
#1822=ORIENTED_EDGE('',*,*,#1760,.T.) ;
#1837=ORIENTED_EDGE('',*,*,#1830,.F.) ;
#1838=ORIENTED_EDGE('',*,*,#1835,.T.) ;
#1839=ORIENTED_EDGE('',*,*,#1598,.T.) ;
#1840=ORIENTED_EDGE('',*,*,#1569,.F.) ;
#1854=ORIENTED_EDGE('',*,*,#1852,.F.) ;
#1855=ORIENTED_EDGE('',*,*,#1536,.T.) ;
#1856=ORIENTED_EDGE('',*,*,#1602,.T.) ;
#1857=ORIENTED_EDGE('',*,*,#1835,.F.) ;
#1866=ORIENTED_EDGE('',*,*,#1830,.T.) ;
#1867=ORIENTED_EDGE('',*,*,#1579,.F.) ;
#1868=ORIENTED_EDGE('',*,*,#1543,.F.) ;
#1869=ORIENTED_EDGE('',*,*,#1852,.T.) ;
#1900=ORIENTED_EDGE('',*,*,#1879,.F.) ;
#1901=ORIENTED_EDGE('',*,*,#1886,.T.) ;
#1902=ORIENTED_EDGE('',*,*,#1893,.F.) ;
#1903=ORIENTED_EDGE('',*,*,#1898,.T.) ;
#1926=ORIENTED_EDGE('',*,*,#1893,.T.) ;
#1927=ORIENTED_EDGE('',*,*,#1912,.T.) ;
#1928=ORIENTED_EDGE('',*,*,#1919,.F.) ;
#1929=ORIENTED_EDGE('',*,*,#1924,.F.) ;
#1945=ORIENTED_EDGE('',*,*,#1924,.T.) ;
#1946=ORIENTED_EDGE('',*,*,#1938,.T.) ;
#1947=ORIENTED_EDGE('',*,*,#1943,.F.) ;
#1948=ORIENTED_EDGE('',*,*,#1898,.F.) ;
#1983=ORIENTED_EDGE('',*,*,#1964,.T.) ;
#1984=ORIENTED_EDGE('',*,*,#1971,.F.) ;
#1985=ORIENTED_EDGE('',*,*,#1976,.F.) ;
#1986=ORIENTED_EDGE('',*,*,#1812,.T.) ;
#1987=ORIENTED_EDGE('',*,*,#1981,.T.) ;
#2002=ORIENTED_EDGE('',*,*,#1995,.F.) ;
#2003=ORIENTED_EDGE('',*,*,#2000,.T.) ;
#2004=ORIENTED_EDGE('',*,*,#1938,.F.) ;
#2005=ORIENTED_EDGE('',*,*,#1919,.T.) ;
#2014=ORIENTED_EDGE('',*,*,#1879,.T.) ;
#2015=ORIENTED_EDGE('',*,*,#1943,.T.) ;
#2016=ORIENTED_EDGE('',*,*,#2000,.F.) ;
#2017=ORIENTED_EDGE('',*,*,#2012,.F.) ;
#2021=ORIENTED_EDGE('',*,*,#2012,.T.) ;
#2022=ORIENTED_EDGE('',*,*,#1995,.T.) ;
#2023=ORIENTED_EDGE('',*,*,#1912,.F.) ;
#2024=ORIENTED_EDGE('',*,*,#1886,.F.) ;
#2038=ORIENTED_EDGE('',*,*,#2036,.T.) ;
#2039=ORIENTED_EDGE('',*,*,#1981,.F.) ;
#2040=ORIENTED_EDGE('',*,*,#1805,.T.) ;
#2041=ORIENTED_EDGE('',*,*,#1753,.T.) ;
#2064=ORIENTED_EDGE('',*,*,#1779,.T.) ;
#2065=ORIENTED_EDGE('',*,*,#2050,.T.) ;
#2066=ORIENTED_EDGE('',*,*,#2057,.T.) ;
#2067=ORIENTED_EDGE('',*,*,#2062,.T.) ;
#2088=ORIENTED_EDGE('',*,*,#1774,.F.) ;
#2089=ORIENTED_EDGE('',*,*,#2081,.F.) ;
#2090=ORIENTED_EDGE('',*,*,#2086,.T.) ;
#2091=ORIENTED_EDGE('',*,*,#2050,.F.) ;
#2114=ORIENTED_EDGE('',*,*,#2102,.F.) ;
#2115=ORIENTED_EDGE('',*,*,#2107,.F.) ;
#2116=ORIENTED_EDGE('',*,*,#1971,.T.) ;
#2117=ORIENTED_EDGE('',*,*,#2112,.F.) ;
#2133=ORIENTED_EDGE('',*,*,#2126,.T.) ;
#2134=ORIENTED_EDGE('',*,*,#2131,.F.) ;
#2135=ORIENTED_EDGE('',*,*,#2112,.T.) ;
#2136=ORIENTED_EDGE('',*,*,#1964,.F.) ;
#2164=ORIENTED_EDGE('',*,*,#2150,.T.) ;
#2165=ORIENTED_EDGE('',*,*,#2157,.F.) ;
#2166=ORIENTED_EDGE('',*,*,#2162,.F.) ;
#2167=ORIENTED_EDGE('',*,*,#2081,.T.) ;
#2168=ORIENTED_EDGE('',*,*,#1767,.F.) ;
#2169=ORIENTED_EDGE('',*,*,#1817,.T.) ;
#2170=ORIENTED_EDGE('',*,*,#1976,.T.) ;
#2171=ORIENTED_EDGE('',*,*,#2107,.T.) ;
#2199=ORIENTED_EDGE('',*,*,#2185,.F.) ;
#2200=ORIENTED_EDGE('',*,*,#2126,.F.) ;
#2201=ORIENTED_EDGE('',*,*,#2036,.F.) ;
#2202=ORIENTED_EDGE('',*,*,#2062,.F.) ;
#2203=ORIENTED_EDGE('',*,*,#2192,.F.) ;
#2204=ORIENTED_EDGE('',*,*,#2197,.F.) ;
#2225=ORIENTED_EDGE('',*,*,#2057,.F.) ;
#2226=ORIENTED_EDGE('',*,*,#2086,.F.) ;
#2227=ORIENTED_EDGE('',*,*,#2162,.T.) ;
#2228=ORIENTED_EDGE('',*,*,#2218,.F.) ;
#2229=ORIENTED_EDGE('',*,*,#2223,.F.) ;
#2230=ORIENTED_EDGE('',*,*,#2192,.T.) ;
#2251=ORIENTED_EDGE('',*,*,#2218,.T.) ;
#2252=ORIENTED_EDGE('',*,*,#2157,.T.) ;
#2253=ORIENTED_EDGE('',*,*,#2244,.T.) ;
#2254=ORIENTED_EDGE('',*,*,#2249,.T.) ;
#2268=ORIENTED_EDGE('',*,*,#2102,.T.) ;
#2269=ORIENTED_EDGE('',*,*,#2131,.T.) ;
#2270=ORIENTED_EDGE('',*,*,#2185,.T.) ;
#2271=ORIENTED_EDGE('',*,*,#2266,.T.) ;
#2272=ORIENTED_EDGE('',*,*,#2244,.F.) ;
#2273=ORIENTED_EDGE('',*,*,#2150,.F.) ;
#2282=ORIENTED_EDGE('',*,*,#2197,.T.) ;
#2283=ORIENTED_EDGE('',*,*,#2223,.T.) ;
#2284=ORIENTED_EDGE('',*,*,#2249,.F.) ;
#2285=ORIENTED_EDGE('',*,*,#2266,.F.) ;
#2331=ORIENTED_EDGE('',*,*,#2310,.T.) ;
#2332=ORIENTED_EDGE('',*,*,#2317,.T.) ;
#2333=ORIENTED_EDGE('',*,*,#2324,.T.) ;
#2334=ORIENTED_EDGE('',*,*,#2329,.T.) ;
#2376=ORIENTED_EDGE('',*,*,#2350,.F.) ;
#2377=ORIENTED_EDGE('',*,*,#2355,.F.) ;
#2378=ORIENTED_EDGE('',*,*,#2310,.F.) ;
#2379=ORIENTED_EDGE('',*,*,#2362,.F.) ;
#2380=ORIENTED_EDGE('',*,*,#2369,.T.) ;
#2381=ORIENTED_EDGE('',*,*,#2374,.F.) ;
#2404=ORIENTED_EDGE('',*,*,#2355,.T.) ;
#2405=ORIENTED_EDGE('',*,*,#2390,.F.) ;
#2406=ORIENTED_EDGE('',*,*,#2397,.F.) ;
#2407=ORIENTED_EDGE('',*,*,#2402,.T.) ;
#2435=ORIENTED_EDGE('',*,*,#2402,.F.) ;
#2436=ORIENTED_EDGE('',*,*,#2421,.F.) ;
#2437=ORIENTED_EDGE('',*,*,#2428,.F.) ;
#2438=ORIENTED_EDGE('',*,*,#2433,.T.) ;
#2439=ORIENTED_EDGE('',*,*,#2317,.F.) ;
#2466=ORIENTED_EDGE('',*,*,#2448,.F.) ;
#2467=ORIENTED_EDGE('',*,*,#2454,.F.) ;
#2468=ORIENTED_EDGE('',*,*,#2460,.F.) ;
#2469=ORIENTED_EDGE('',*,*,#2464,.F.) ;
#2497=ORIENTED_EDGE('',*,*,#2483,.F.) ;
#2498=ORIENTED_EDGE('',*,*,#2460,.T.) ;
#2499=ORIENTED_EDGE('',*,*,#2490,.T.) ;
#2500=ORIENTED_EDGE('',*,*,#2495,.F.) ;
#2521=ORIENTED_EDGE('',*,*,#2490,.F.) ;
#2522=ORIENTED_EDGE('',*,*,#2454,.T.) ;
#2523=ORIENTED_EDGE('',*,*,#2514,.T.) ;
#2524=ORIENTED_EDGE('',*,*,#2519,.F.) ;
#2545=ORIENTED_EDGE('',*,*,#2514,.F.) ;
#2546=ORIENTED_EDGE('',*,*,#2448,.T.) ;
#2547=ORIENTED_EDGE('',*,*,#2538,.T.) ;
#2548=ORIENTED_EDGE('',*,*,#2543,.F.) ;
#2562=ORIENTED_EDGE('',*,*,#2538,.F.) ;
#2563=ORIENTED_EDGE('',*,*,#2464,.T.) ;
#2564=ORIENTED_EDGE('',*,*,#2483,.T.) ;
#2565=ORIENTED_EDGE('',*,*,#2560,.F.) ;
#2601=ORIENTED_EDGE('',*,*,#2581,.F.) ;
#2602=ORIENTED_EDGE('',*,*,#2588,.T.) ;
#2603=ORIENTED_EDGE('',*,*,#2594,.T.) ;
#2604=ORIENTED_EDGE('',*,*,#2599,.T.) ;
#2607=ORIENTED_EDGE('',*,*,#2519,.T.) ;
#2608=ORIENTED_EDGE('',*,*,#2543,.T.) ;
#2609=ORIENTED_EDGE('',*,*,#2560,.T.) ;
#2610=ORIENTED_EDGE('',*,*,#2495,.T.) ;
#2638=ORIENTED_EDGE('',*,*,#2624,.F.) ;
#2639=ORIENTED_EDGE('',*,*,#2594,.F.) ;
#2640=ORIENTED_EDGE('',*,*,#2631,.T.) ;
#2641=ORIENTED_EDGE('',*,*,#2636,.T.) ;
#2662=ORIENTED_EDGE('',*,*,#2324,.F.) ;
#2663=ORIENTED_EDGE('',*,*,#2433,.F.) ;
#2664=ORIENTED_EDGE('',*,*,#2655,.F.) ;
#2665=ORIENTED_EDGE('',*,*,#2660,.T.) ;
#2680=ORIENTED_EDGE('',*,*,#2599,.F.) ;
#2681=ORIENTED_EDGE('',*,*,#2624,.T.) ;
#2682=ORIENTED_EDGE('',*,*,#2673,.T.) ;
#2683=ORIENTED_EDGE('',*,*,#2678,.T.) ;
#2711=ORIENTED_EDGE('',*,*,#2699,.T.) ;
#2712=ORIENTED_EDGE('',*,*,#2704,.F.) ;
#2713=ORIENTED_EDGE('',*,*,#2329,.F.) ;
#2714=ORIENTED_EDGE('',*,*,#2660,.F.) ;
#2715=ORIENTED_EDGE('',*,*,#2709,.T.) ;
#2743=ORIENTED_EDGE('',*,*,#2729,.T.) ;
#2744=ORIENTED_EDGE('',*,*,#2699,.F.) ;
#2745=ORIENTED_EDGE('',*,*,#2736,.T.) ;
#2746=ORIENTED_EDGE('',*,*,#2741,.T.) ;
#2755=ORIENTED_EDGE('',*,*,#2704,.T.) ;
#2756=ORIENTED_EDGE('',*,*,#2729,.F.) ;
#2757=ORIENTED_EDGE('',*,*,#2753,.T.) ;
#2758=ORIENTED_EDGE('',*,*,#2362,.T.) ;
#2786=ORIENTED_EDGE('',*,*,#2772,.T.) ;
#2787=ORIENTED_EDGE('',*,*,#2779,.F.) ;
#2788=ORIENTED_EDGE('',*,*,#2784,.F.) ;
#2789=ORIENTED_EDGE('',*,*,#2369,.F.) ;
#2790=ORIENTED_EDGE('',*,*,#2753,.F.) ;
#2791=ORIENTED_EDGE('',*,*,#2741,.F.) ;
#2812=ORIENTED_EDGE('',*,*,#2784,.T.) ;
#2813=ORIENTED_EDGE('',*,*,#2805,.F.) ;
#2814=ORIENTED_EDGE('',*,*,#2810,.F.) ;
#2815=ORIENTED_EDGE('',*,*,#2374,.T.) ;
#2843=ORIENTED_EDGE('',*,*,#2350,.T.) ;
#2844=ORIENTED_EDGE('',*,*,#2810,.T.) ;
#2845=ORIENTED_EDGE('',*,*,#2829,.F.) ;
#2846=ORIENTED_EDGE('',*,*,#2836,.F.) ;
#2847=ORIENTED_EDGE('',*,*,#2841,.T.) ;
#2848=ORIENTED_EDGE('',*,*,#2390,.T.) ;
#2857=ORIENTED_EDGE('',*,*,#2397,.T.) ;
#2858=ORIENTED_EDGE('',*,*,#2841,.F.) ;
#2859=ORIENTED_EDGE('',*,*,#2855,.T.) ;
#2860=ORIENTED_EDGE('',*,*,#2421,.T.) ;
#2874=ORIENTED_EDGE('',*,*,#2855,.F.) ;
#2875=ORIENTED_EDGE('',*,*,#2836,.T.) ;
#2876=ORIENTED_EDGE('',*,*,#2872,.F.) ;
#2877=ORIENTED_EDGE('',*,*,#2772,.F.) ;
#2878=ORIENTED_EDGE('',*,*,#2736,.F.) ;
#2879=ORIENTED_EDGE('',*,*,#2709,.F.) ;
#2880=ORIENTED_EDGE('',*,*,#2655,.T.) ;
#2881=ORIENTED_EDGE('',*,*,#2428,.T.) ;
#2890=ORIENTED_EDGE('',*,*,#2829,.T.) ;
#2891=ORIENTED_EDGE('',*,*,#2805,.T.) ;
#2892=ORIENTED_EDGE('',*,*,#2779,.T.) ;
#2893=ORIENTED_EDGE('',*,*,#2872,.T.) ;
#2924=ORIENTED_EDGE('',*,*,#2903,.F.) ;
#2925=ORIENTED_EDGE('',*,*,#2910,.F.) ;
#2926=ORIENTED_EDGE('',*,*,#2917,.F.) ;
#2927=ORIENTED_EDGE('',*,*,#2922,.F.) ;
#2958=ORIENTED_EDGE('',*,*,#2937,.F.) ;
#2959=ORIENTED_EDGE('',*,*,#2944,.F.) ;
#2960=ORIENTED_EDGE('',*,*,#2951,.F.) ;
#2961=ORIENTED_EDGE('',*,*,#2956,.F.) ;
#2992=ORIENTED_EDGE('',*,*,#2971,.F.) ;
#2993=ORIENTED_EDGE('',*,*,#2978,.F.) ;
#2994=ORIENTED_EDGE('',*,*,#2985,.F.) ;
#2995=ORIENTED_EDGE('',*,*,#2990,.F.) ;
#3023=ORIENTED_EDGE('',*,*,#2903,.T.) ;
#3024=ORIENTED_EDGE('',*,*,#3009,.F.) ;
#3025=ORIENTED_EDGE('',*,*,#3016,.T.) ;
#3026=ORIENTED_EDGE('',*,*,#3021,.T.) ;
#3066=ORIENTED_EDGE('',*,*,#3040,.F.) ;
#3067=ORIENTED_EDGE('',*,*,#3047,.T.) ;
#3068=ORIENTED_EDGE('',*,*,#3052,.F.) ;
#3069=ORIENTED_EDGE('',*,*,#2631,.F.) ;
#3070=ORIENTED_EDGE('',*,*,#2588,.F.) ;
#3071=ORIENTED_EDGE('',*,*,#3059,.T.) ;
#3072=ORIENTED_EDGE('',*,*,#3064,.T.) ;
#3073=ORIENTED_EDGE('',*,*,#3016,.F.) ;
#3104=ORIENTED_EDGE('',*,*,#3083,.T.) ;
#3105=ORIENTED_EDGE('',*,*,#3090,.T.) ;
#3106=ORIENTED_EDGE('',*,*,#3097,.F.) ;
#3107=ORIENTED_EDGE('',*,*,#3102,.T.) ;
#3138=ORIENTED_EDGE('',*,*,#3117,.F.) ;
#3139=ORIENTED_EDGE('',*,*,#3124,.T.) ;
#3140=ORIENTED_EDGE('',*,*,#3131,.T.) ;
#3141=ORIENTED_EDGE('',*,*,#3136,.T.) ;
#3155=ORIENTED_EDGE('',*,*,#3021,.F.) ;
#3156=ORIENTED_EDGE('',*,*,#3064,.F.) ;
#3157=ORIENTED_EDGE('',*,*,#3153,.T.) ;
#3158=ORIENTED_EDGE('',*,*,#2910,.T.) ;
#3177=ORIENTED_EDGE('',*,*,#3170,.T.) ;
#3178=ORIENTED_EDGE('',*,*,#2917,.T.) ;
#3179=ORIENTED_EDGE('',*,*,#3153,.F.) ;
#3180=ORIENTED_EDGE('',*,*,#3059,.F.) ;
#3181=ORIENTED_EDGE('',*,*,#2581,.T.) ;
#3182=ORIENTED_EDGE('',*,*,#2678,.F.) ;
#3183=ORIENTED_EDGE('',*,*,#3175,.F.) ;
#3184=ORIENTED_EDGE('',*,*,#3047,.F.) ;
#3193=ORIENTED_EDGE('',*,*,#3170,.F.) ;
#3194=ORIENTED_EDGE('',*,*,#3040,.T.) ;
#3195=ORIENTED_EDGE('',*,*,#3009,.T.) ;
#3196=ORIENTED_EDGE('',*,*,#2922,.T.) ;
#3215=ORIENTED_EDGE('',*,*,#2937,.T.) ;
#3216=ORIENTED_EDGE('',*,*,#3208,.F.) ;
#3217=ORIENTED_EDGE('',*,*,#3102,.F.) ;
#3218=ORIENTED_EDGE('',*,*,#3213,.T.) ;
#3232=ORIENTED_EDGE('',*,*,#2944,.T.) ;
#3233=ORIENTED_EDGE('',*,*,#3213,.F.) ;
#3234=ORIENTED_EDGE('',*,*,#3097,.T.) ;
#3235=ORIENTED_EDGE('',*,*,#3230,.T.) ;
#3249=ORIENTED_EDGE('',*,*,#3230,.F.) ;
#3250=ORIENTED_EDGE('',*,*,#3090,.F.) ;
#3251=ORIENTED_EDGE('',*,*,#3247,.T.) ;
#3252=ORIENTED_EDGE('',*,*,#2951,.T.) ;
#3261=ORIENTED_EDGE('',*,*,#3083,.F.) ;
#3262=ORIENTED_EDGE('',*,*,#3208,.T.) ;
#3263=ORIENTED_EDGE('',*,*,#2956,.T.) ;
#3264=ORIENTED_EDGE('',*,*,#3247,.F.) ;
#3278=ORIENTED_EDGE('',*,*,#2971,.T.) ;
#3279=ORIENTED_EDGE('',*,*,#3271,.F.) ;
#3280=ORIENTED_EDGE('',*,*,#3124,.F.) ;
#3281=ORIENTED_EDGE('',*,*,#3276,.T.) ;
#3295=ORIENTED_EDGE('',*,*,#2978,.T.) ;
#3296=ORIENTED_EDGE('',*,*,#3276,.F.) ;
#3297=ORIENTED_EDGE('',*,*,#3117,.T.) ;
#3298=ORIENTED_EDGE('',*,*,#3293,.T.) ;
#3307=ORIENTED_EDGE('',*,*,#3293,.F.) ;
#3308=ORIENTED_EDGE('',*,*,#3136,.F.) ;
#3309=ORIENTED_EDGE('',*,*,#3305,.T.) ;
#3310=ORIENTED_EDGE('',*,*,#2985,.T.) ;
#3319=ORIENTED_EDGE('',*,*,#3131,.F.) ;
#3320=ORIENTED_EDGE('',*,*,#3271,.T.) ;
#3321=ORIENTED_EDGE('',*,*,#2990,.T.) ;
#3322=ORIENTED_EDGE('',*,*,#3305,.F.) ;
#3331=ORIENTED_EDGE('',*,*,#2673,.F.) ;
#3332=ORIENTED_EDGE('',*,*,#2636,.F.) ;
#3333=ORIENTED_EDGE('',*,*,#3052,.T.) ;
#3334=ORIENTED_EDGE('',*,*,#3175,.T.) ;
#3380=ORIENTED_EDGE('',*,*,#3359,.T.) ;
#3381=ORIENTED_EDGE('',*,*,#3366,.T.) ;
#3382=ORIENTED_EDGE('',*,*,#3373,.T.) ;
#3383=ORIENTED_EDGE('',*,*,#3378,.F.) ;
#3411=ORIENTED_EDGE('',*,*,#3397,.F.) ;
#3412=ORIENTED_EDGE('',*,*,#3373,.F.) ;
#3413=ORIENTED_EDGE('',*,*,#3404,.F.) ;
#3414=ORIENTED_EDGE('',*,*,#3409,.F.) ;
#3445=ORIENTED_EDGE('',*,*,#3424,.T.) ;
#3446=ORIENTED_EDGE('',*,*,#3431,.T.) ;
#3447=ORIENTED_EDGE('',*,*,#3438,.T.) ;
#3448=ORIENTED_EDGE('',*,*,#3443,.T.) ;
#3476=ORIENTED_EDGE('',*,*,#3462,.T.) ;
#3477=ORIENTED_EDGE('',*,*,#3424,.F.) ;
#3478=ORIENTED_EDGE('',*,*,#3469,.F.) ;
#3479=ORIENTED_EDGE('',*,*,#3474,.T.) ;
#3500=ORIENTED_EDGE('',*,*,#3493,.F.) ;
#3501=ORIENTED_EDGE('',*,*,#3498,.T.) ;
#3502=ORIENTED_EDGE('',*,*,#3469,.T.) ;
#3503=ORIENTED_EDGE('',*,*,#3443,.F.) ;
#3524=ORIENTED_EDGE('',*,*,#3438,.F.) ;
#3525=ORIENTED_EDGE('',*,*,#3517,.F.) ;
#3526=ORIENTED_EDGE('',*,*,#3522,.F.) ;
#3527=ORIENTED_EDGE('',*,*,#3493,.T.) ;
#3541=ORIENTED_EDGE('',*,*,#3431,.F.) ;
#3542=ORIENTED_EDGE('',*,*,#3462,.F.) ;
#3543=ORIENTED_EDGE('',*,*,#3539,.F.) ;
#3544=ORIENTED_EDGE('',*,*,#3517,.T.) ;
#3581=ORIENTED_EDGE('',*,*,#3560,.F.) ;
#3582=ORIENTED_EDGE('',*,*,#3567,.T.) ;
#3583=ORIENTED_EDGE('',*,*,#3574,.T.) ;
#3584=ORIENTED_EDGE('',*,*,#3579,.T.) ;
#3587=ORIENTED_EDGE('',*,*,#3539,.T.) ;
#3588=ORIENTED_EDGE('',*,*,#3474,.F.) ;
#3589=ORIENTED_EDGE('',*,*,#3498,.F.) ;
#3590=ORIENTED_EDGE('',*,*,#3522,.T.) ;
#3617=ORIENTED_EDGE('',*,*,#3606,.T.) ;
#3618=ORIENTED_EDGE('',*,*,#3611,.F.) ;
#3619=ORIENTED_EDGE('',*,*,#3579,.F.) ;
#3620=ORIENTED_EDGE('',*,*,#3615,.T.) ;
#3651=ORIENTED_EDGE('',*,*,#3630,.T.) ;
#3652=ORIENTED_EDGE('',*,*,#3637,.T.) ;
#3653=ORIENTED_EDGE('',*,*,#3644,.T.) ;
#3654=ORIENTED_EDGE('',*,*,#3649,.T.) ;
#3682=ORIENTED_EDGE('',*,*,#3668,.F.) ;
#3683=ORIENTED_EDGE('',*,*,#3675,.F.) ;
#3684=ORIENTED_EDGE('',*,*,#3680,.T.) ;
#3685=ORIENTED_EDGE('',*,*,#3637,.F.) ;
#3706=ORIENTED_EDGE('',*,*,#3699,.F.) ;
#3707=ORIENTED_EDGE('',*,*,#3704,.F.) ;
#3708=ORIENTED_EDGE('',*,*,#3668,.T.) ;
#3709=ORIENTED_EDGE('',*,*,#3630,.F.) ;
#3730=ORIENTED_EDGE('',*,*,#3723,.F.) ;
#3731=ORIENTED_EDGE('',*,*,#3728,.F.) ;
#3732=ORIENTED_EDGE('',*,*,#3699,.T.) ;
#3733=ORIENTED_EDGE('',*,*,#3649,.F.) ;
#3747=ORIENTED_EDGE('',*,*,#3680,.F.) ;
#3748=ORIENTED_EDGE('',*,*,#3745,.F.) ;
#3749=ORIENTED_EDGE('',*,*,#3723,.T.) ;
#3750=ORIENTED_EDGE('',*,*,#3644,.F.) ;
#3787=ORIENTED_EDGE('',*,*,#3766,.F.) ;
#3788=ORIENTED_EDGE('',*,*,#3773,.T.) ;
#3789=ORIENTED_EDGE('',*,*,#3780,.T.) ;
#3790=ORIENTED_EDGE('',*,*,#3785,.F.) ;
#3793=ORIENTED_EDGE('',*,*,#3728,.T.) ;
#3794=ORIENTED_EDGE('',*,*,#3745,.T.) ;
#3795=ORIENTED_EDGE('',*,*,#3675,.T.) ;
#3796=ORIENTED_EDGE('',*,*,#3704,.T.) ;
#3843=ORIENTED_EDGE('',*,*,#3359,.F.) ;
#3844=ORIENTED_EDGE('',*,*,#3810,.T.) ;
#3845=ORIENTED_EDGE('',*,*,#3815,.F.) ;
#3846=ORIENTED_EDGE('',*,*,#3785,.T.) ;
#3847=ORIENTED_EDGE('',*,*,#3822,.T.) ;
#3848=ORIENTED_EDGE('',*,*,#3829,.F.) ;
#3849=ORIENTED_EDGE('',*,*,#3836,.F.) ;
#3850=ORIENTED_EDGE('',*,*,#3841,.F.) ;
#3864=ORIENTED_EDGE('',*,*,#3378,.T.) ;
#3865=ORIENTED_EDGE('',*,*,#3397,.T.) ;
#3866=ORIENTED_EDGE('',*,*,#3862,.F.) ;
#3867=ORIENTED_EDGE('',*,*,#3810,.F.) ;
#3893=ORIENTED_EDGE('',*,*,#3815,.T.) ;
#3894=ORIENTED_EDGE('',*,*,#3862,.T.) ;
#3895=ORIENTED_EDGE('',*,*,#3409,.T.) ;
#3896=ORIENTED_EDGE('',*,*,#3879,.F.) ;
#3897=ORIENTED_EDGE('',*,*,#3836,.T.) ;
#3898=ORIENTED_EDGE('',*,*,#3886,.F.) ;
#3899=ORIENTED_EDGE('',*,*,#3891,.F.) ;
#3900=ORIENTED_EDGE('',*,*,#3766,.T.) ;
#3921=ORIENTED_EDGE('',*,*,#3914,.F.) ;
#3922=ORIENTED_EDGE('',*,*,#3919,.F.) ;
#3923=ORIENTED_EDGE('',*,*,#3886,.T.) ;
#3924=ORIENTED_EDGE('',*,*,#3829,.T.) ;
#3938=ORIENTED_EDGE('',*,*,#3914,.T.) ;
#3939=ORIENTED_EDGE('',*,*,#3822,.F.) ;
#3940=ORIENTED_EDGE('',*,*,#3780,.F.) ;
#3941=ORIENTED_EDGE('',*,*,#3936,.F.) ;
#3950=ORIENTED_EDGE('',*,*,#3773,.F.) ;
#3951=ORIENTED_EDGE('',*,*,#3891,.T.) ;
#3952=ORIENTED_EDGE('',*,*,#3919,.T.) ;
#3953=ORIENTED_EDGE('',*,*,#3936,.T.) ;
#3975=ORIENTED_EDGE('',*,*,#3606,.F.) ;
#3976=ORIENTED_EDGE('',*,*,#3961,.T.) ;
#3977=ORIENTED_EDGE('',*,*,#3968,.T.) ;
#3978=ORIENTED_EDGE('',*,*,#3973,.F.) ;
#3992=ORIENTED_EDGE('',*,*,#3615,.F.) ;
#3993=ORIENTED_EDGE('',*,*,#3574,.F.) ;
#3994=ORIENTED_EDGE('',*,*,#3990,.T.) ;
#3995=ORIENTED_EDGE('',*,*,#3961,.F.) ;
#4009=ORIENTED_EDGE('',*,*,#4007,.T.) ;
#4010=ORIENTED_EDGE('',*,*,#3968,.F.) ;
#4011=ORIENTED_EDGE('',*,*,#3990,.F.) ;
#4012=ORIENTED_EDGE('',*,*,#3567,.F.) ;
#4021=ORIENTED_EDGE('',*,*,#3611,.T.) ;
#4022=ORIENTED_EDGE('',*,*,#3973,.T.) ;
#4023=ORIENTED_EDGE('',*,*,#4007,.F.) ;
#4024=ORIENTED_EDGE('',*,*,#3560,.T.) ;
#4033=ORIENTED_EDGE('',*,*,#3879,.T.) ;
#4034=ORIENTED_EDGE('',*,*,#3404,.T.) ;
#4035=ORIENTED_EDGE('',*,*,#3366,.F.) ;
#4036=ORIENTED_EDGE('',*,*,#3841,.T.) ;
#4082=ORIENTED_EDGE('',*,*,#4061,.F.) ;
#4083=ORIENTED_EDGE('',*,*,#4068,.F.) ;
#4084=ORIENTED_EDGE('',*,*,#4075,.T.) ;
#4085=ORIENTED_EDGE('',*,*,#4080,.F.) ;
#4113=ORIENTED_EDGE('',*,*,#4101,.F.) ;
#4114=ORIENTED_EDGE('',*,*,#4106,.F.) ;
#4115=ORIENTED_EDGE('',*,*,#4061,.T.) ;
#4116=ORIENTED_EDGE('',*,*,#4111,.F.) ;
#4144=ORIENTED_EDGE('',*,*,#4132,.F.) ;
#4145=ORIENTED_EDGE('',*,*,#4137,.F.) ;
#4146=ORIENTED_EDGE('',*,*,#4101,.T.) ;
#4147=ORIENTED_EDGE('',*,*,#4142,.F.) ;
#4166=ORIENTED_EDGE('',*,*,#4075,.F.) ;
#4167=ORIENTED_EDGE('',*,*,#4159,.F.) ;
#4168=ORIENTED_EDGE('',*,*,#4132,.T.) ;
#4169=ORIENTED_EDGE('',*,*,#4164,.F.) ;
#4205=ORIENTED_EDGE('',*,*,#4185,.F.) ;
#4206=ORIENTED_EDGE('',*,*,#4191,.F.) ;
#4207=ORIENTED_EDGE('',*,*,#4198,.F.) ;
#4208=ORIENTED_EDGE('',*,*,#4203,.T.) ;
#4211=ORIENTED_EDGE('',*,*,#4111,.T.) ;
#4212=ORIENTED_EDGE('',*,*,#4080,.T.) ;
#4213=ORIENTED_EDGE('',*,*,#4164,.T.) ;
#4214=ORIENTED_EDGE('',*,*,#4142,.T.) ;
#4242=ORIENTED_EDGE('',*,*,#4230,.T.) ;
#4243=ORIENTED_EDGE('',*,*,#4235,.T.) ;
#4244=ORIENTED_EDGE('',*,*,#4203,.F.) ;
#4245=ORIENTED_EDGE('',*,*,#4240,.T.) ;
#4272=ORIENTED_EDGE('',*,*,#4260,.T.) ;
#4273=ORIENTED_EDGE('',*,*,#4265,.T.) ;
#4274=ORIENTED_EDGE('',*,*,#4230,.F.) ;
#4275=ORIENTED_EDGE('',*,*,#4270,.F.) ;
#4294=ORIENTED_EDGE('',*,*,#4260,.F.) ;
#4295=ORIENTED_EDGE('',*,*,#4287,.F.) ;
#4296=ORIENTED_EDGE('',*,*,#4191,.T.) ;
#4297=ORIENTED_EDGE('',*,*,#4292,.F.) ;
#4334=ORIENTED_EDGE('',*,*,#4313,.F.) ;
#4335=ORIENTED_EDGE('',*,*,#4320,.T.) ;
#4336=ORIENTED_EDGE('',*,*,#4327,.T.) ;
#4337=ORIENTED_EDGE('',*,*,#4332,.T.) ;
#4340=ORIENTED_EDGE('',*,*,#4265,.F.) ;
#4341=ORIENTED_EDGE('',*,*,#4292,.T.) ;
#4342=ORIENTED_EDGE('',*,*,#4185,.T.) ;
#4343=ORIENTED_EDGE('',*,*,#4235,.F.) ;
#4371=ORIENTED_EDGE('',*,*,#4357,.T.) ;
#4372=ORIENTED_EDGE('',*,*,#4364,.F.) ;
#4373=ORIENTED_EDGE('',*,*,#4369,.F.) ;
#4374=ORIENTED_EDGE('',*,*,#4332,.F.) ;
#4395=ORIENTED_EDGE('',*,*,#4388,.T.) ;
#4396=ORIENTED_EDGE('',*,*,#4357,.F.) ;
#4397=ORIENTED_EDGE('',*,*,#4327,.F.) ;
#4398=ORIENTED_EDGE('',*,*,#4393,.T.) ;
#4401=ORIENTED_EDGE('',*,*,#4137,.T.) ;
#4402=ORIENTED_EDGE('',*,*,#4159,.T.) ;
#4403=ORIENTED_EDGE('',*,*,#4068,.T.) ;
#4404=ORIENTED_EDGE('',*,*,#4106,.T.) ;
#4453=ORIENTED_EDGE('',*,*,#4364,.T.) ;
#4454=ORIENTED_EDGE('',*,*,#4388,.F.) ;
#4455=ORIENTED_EDGE('',*,*,#4418,.F.) ;
#4456=ORIENTED_EDGE('',*,*,#4425,.F.) ;
#4457=ORIENTED_EDGE('',*,*,#4432,.F.) ;
#4458=ORIENTED_EDGE('',*,*,#4439,.T.) ;
#4459=ORIENTED_EDGE('',*,*,#4446,.F.) ;
#4460=ORIENTED_EDGE('',*,*,#4451,.T.) ;
#4474=ORIENTED_EDGE('',*,*,#4472,.F.) ;
#4475=ORIENTED_EDGE('',*,*,#4313,.T.) ;
#4476=ORIENTED_EDGE('',*,*,#4369,.T.) ;
#4477=ORIENTED_EDGE('',*,*,#4451,.F.) ;
#4505=ORIENTED_EDGE('',*,*,#4393,.F.) ;
#4506=ORIENTED_EDGE('',*,*,#4320,.F.) ;
#4507=ORIENTED_EDGE('',*,*,#4472,.T.) ;
#4508=ORIENTED_EDGE('',*,*,#4446,.T.) ;
#4509=ORIENTED_EDGE('',*,*,#4491,.T.) ;
#4510=ORIENTED_EDGE('',*,*,#4498,.T.) ;
#4511=ORIENTED_EDGE('',*,*,#4503,.F.) ;
#4512=ORIENTED_EDGE('',*,*,#4418,.T.) ;
#4533=ORIENTED_EDGE('',*,*,#4503,.T.) ;
#4534=ORIENTED_EDGE('',*,*,#4526,.T.) ;
#4535=ORIENTED_EDGE('',*,*,#4531,.F.) ;
#4536=ORIENTED_EDGE('',*,*,#4425,.T.) ;
#4557=ORIENTED_EDGE('',*,*,#4432,.T.) ;
#4558=ORIENTED_EDGE('',*,*,#4531,.T.) ;
#4559=ORIENTED_EDGE('',*,*,#4550,.T.) ;
#4560=ORIENTED_EDGE('',*,*,#4555,.F.) ;
#4574=ORIENTED_EDGE('',*,*,#4555,.T.) ;
#4575=ORIENTED_EDGE('',*,*,#4572,.T.) ;
#4576=ORIENTED_EDGE('',*,*,#4491,.F.) ;
#4577=ORIENTED_EDGE('',*,*,#4439,.F.) ;
#4586=ORIENTED_EDGE('',*,*,#4572,.F.) ;
#4587=ORIENTED_EDGE('',*,*,#4550,.F.) ;
#4588=ORIENTED_EDGE('',*,*,#4526,.F.) ;
#4589=ORIENTED_EDGE('',*,*,#4498,.F.) ;
#4620=ORIENTED_EDGE('',*,*,#4599,.T.) ;
#4621=ORIENTED_EDGE('',*,*,#4606,.T.) ;
#4622=ORIENTED_EDGE('',*,*,#4613,.T.) ;
#4623=ORIENTED_EDGE('',*,*,#4618,.T.) ;
#4654=ORIENTED_EDGE('',*,*,#4633,.T.) ;
#4655=ORIENTED_EDGE('',*,*,#4640,.T.) ;
#4656=ORIENTED_EDGE('',*,*,#4647,.T.) ;
#4657=ORIENTED_EDGE('',*,*,#4652,.T.) ;
#4688=ORIENTED_EDGE('',*,*,#4667,.T.) ;
#4689=ORIENTED_EDGE('',*,*,#4674,.T.) ;
#4690=ORIENTED_EDGE('',*,*,#4681,.T.) ;
#4691=ORIENTED_EDGE('',*,*,#4686,.T.) ;
#4719=ORIENTED_EDGE('',*,*,#4618,.F.) ;
#4720=ORIENTED_EDGE('',*,*,#4705,.F.) ;
#4721=ORIENTED_EDGE('',*,*,#4712,.T.) ;
#4722=ORIENTED_EDGE('',*,*,#4717,.T.) ;
#4743=ORIENTED_EDGE('',*,*,#4613,.F.) ;
#4744=ORIENTED_EDGE('',*,*,#4736,.F.) ;
#4745=ORIENTED_EDGE('',*,*,#4741,.F.) ;
#4746=ORIENTED_EDGE('',*,*,#4705,.T.) ;
#4767=ORIENTED_EDGE('',*,*,#4760,.F.) ;
#4768=ORIENTED_EDGE('',*,*,#4765,.F.) ;
#4769=ORIENTED_EDGE('',*,*,#4736,.T.) ;
#4770=ORIENTED_EDGE('',*,*,#4606,.F.) ;
#4784=ORIENTED_EDGE('',*,*,#4717,.F.) ;
#4785=ORIENTED_EDGE('',*,*,#4782,.F.) ;
#4786=ORIENTED_EDGE('',*,*,#4760,.T.) ;
#4787=ORIENTED_EDGE('',*,*,#4599,.F.) ;
#4796=ORIENTED_EDGE('',*,*,#4240,.F.) ;
#4797=ORIENTED_EDGE('',*,*,#4198,.T.) ;
#4798=ORIENTED_EDGE('',*,*,#4287,.T.) ;
#4799=ORIENTED_EDGE('',*,*,#4270,.T.) ;
#4802=ORIENTED_EDGE('',*,*,#4765,.T.) ;
#4803=ORIENTED_EDGE('',*,*,#4782,.T.) ;
#4804=ORIENTED_EDGE('',*,*,#4712,.F.) ;
#4805=ORIENTED_EDGE('',*,*,#4741,.T.) ;
#4836=ORIENTED_EDGE('',*,*,#4815,.T.) ;
#4837=ORIENTED_EDGE('',*,*,#4822,.T.) ;
#4838=ORIENTED_EDGE('',*,*,#4829,.T.) ;
#4839=ORIENTED_EDGE('',*,*,#4834,.F.) ;
#4870=ORIENTED_EDGE('',*,*,#4849,.T.) ;
#4871=ORIENTED_EDGE('',*,*,#4856,.F.) ;
#4872=ORIENTED_EDGE('',*,*,#4863,.T.) ;
#4873=ORIENTED_EDGE('',*,*,#4868,.T.) ;
#4892=ORIENTED_EDGE('',*,*,#4647,.F.) ;
#4893=ORIENTED_EDGE('',*,*,#4885,.F.) ;
#4894=ORIENTED_EDGE('',*,*,#4822,.F.) ;
#4895=ORIENTED_EDGE('',*,*,#4890,.T.) ;
#4904=ORIENTED_EDGE('',*,*,#4640,.F.) ;
#4905=ORIENTED_EDGE('',*,*,#4902,.F.) ;
#4906=ORIENTED_EDGE('',*,*,#4829,.F.) ;
#4907=ORIENTED_EDGE('',*,*,#4885,.T.) ;
#4921=ORIENTED_EDGE('',*,*,#4919,.F.) ;
#4922=ORIENTED_EDGE('',*,*,#4834,.T.) ;
#4923=ORIENTED_EDGE('',*,*,#4902,.T.) ;
#4924=ORIENTED_EDGE('',*,*,#4633,.F.) ;
#4928=ORIENTED_EDGE('',*,*,#4890,.F.) ;
#4929=ORIENTED_EDGE('',*,*,#4815,.F.) ;
#4930=ORIENTED_EDGE('',*,*,#4919,.T.) ;
#4931=ORIENTED_EDGE('',*,*,#4652,.F.) ;
#4950=ORIENTED_EDGE('',*,*,#4681,.F.) ;
#4951=ORIENTED_EDGE('',*,*,#4943,.F.) ;
#4952=ORIENTED_EDGE('',*,*,#4868,.F.) ;
#4953=ORIENTED_EDGE('',*,*,#4948,.T.) ;
#4967=ORIENTED_EDGE('',*,*,#4965,.F.) ;
#4968=ORIENTED_EDGE('',*,*,#4849,.F.) ;
#4969=ORIENTED_EDGE('',*,*,#4943,.T.) ;
#4970=ORIENTED_EDGE('',*,*,#4674,.F.) ;
#4984=ORIENTED_EDGE('',*,*,#4982,.F.) ;
#4985=ORIENTED_EDGE('',*,*,#4856,.T.) ;
#4986=ORIENTED_EDGE('',*,*,#4965,.T.) ;
#4987=ORIENTED_EDGE('',*,*,#4667,.F.) ;
#4991=ORIENTED_EDGE('',*,*,#4948,.F.) ;
#4992=ORIENTED_EDGE('',*,*,#4863,.F.) ;
#4993=ORIENTED_EDGE('',*,*,#4982,.T.) ;
#4994=ORIENTED_EDGE('',*,*,#4686,.F.) ;
#5040=ORIENTED_EDGE('',*,*,#5019,.F.) ;
#5041=ORIENTED_EDGE('',*,*,#5026,.F.) ;
#5042=ORIENTED_EDGE('',*,*,#5033,.F.) ;
#5043=ORIENTED_EDGE('',*,*,#5038,.F.) ;
#5075=ORIENTED_EDGE('',*,*,#5054,.F.) ;
#5076=ORIENTED_EDGE('',*,*,#5061,.T.) ;
#5077=ORIENTED_EDGE('',*,*,#5068,.F.) ;
#5078=ORIENTED_EDGE('',*,*,#5073,.T.) ;
#5097=ORIENTED_EDGE('',*,*,#5054,.T.) ;
#5098=ORIENTED_EDGE('',*,*,#5090,.F.) ;
#5099=ORIENTED_EDGE('',*,*,#5019,.T.) ;
#5100=ORIENTED_EDGE('',*,*,#5095,.T.) ;
#5114=ORIENTED_EDGE('',*,*,#5112,.F.) ;
#5115=ORIENTED_EDGE('',*,*,#5026,.T.) ;
#5116=ORIENTED_EDGE('',*,*,#5090,.T.) ;
#5117=ORIENTED_EDGE('',*,*,#5073,.F.) ;
#5131=ORIENTED_EDGE('',*,*,#5068,.T.) ;
#5132=ORIENTED_EDGE('',*,*,#5129,.F.) ;
#5133=ORIENTED_EDGE('',*,*,#5033,.T.) ;
#5134=ORIENTED_EDGE('',*,*,#5112,.T.) ;
#5143=ORIENTED_EDGE('',*,*,#5095,.F.) ;
#5144=ORIENTED_EDGE('',*,*,#5038,.T.) ;
#5145=ORIENTED_EDGE('',*,*,#5129,.T.) ;
#5146=ORIENTED_EDGE('',*,*,#5061,.F.) ;
#5192=ORIENTED_EDGE('',*,*,#5171,.F.) ;
#5193=ORIENTED_EDGE('',*,*,#5178,.F.) ;
#5194=ORIENTED_EDGE('',*,*,#5185,.F.) ;
#5195=ORIENTED_EDGE('',*,*,#5190,.F.) ;
#5227=ORIENTED_EDGE('',*,*,#5206,.F.) ;
#5228=ORIENTED_EDGE('',*,*,#5213,.T.) ;
#5229=ORIENTED_EDGE('',*,*,#5220,.F.) ;
#5230=ORIENTED_EDGE('',*,*,#5225,.T.) ;
#5249=ORIENTED_EDGE('',*,*,#5206,.T.) ;
#5250=ORIENTED_EDGE('',*,*,#5242,.F.) ;
#5251=ORIENTED_EDGE('',*,*,#5171,.T.) ;
#5252=ORIENTED_EDGE('',*,*,#5247,.T.) ;
#5266=ORIENTED_EDGE('',*,*,#5264,.F.) ;
#5267=ORIENTED_EDGE('',*,*,#5178,.T.) ;
#5268=ORIENTED_EDGE('',*,*,#5242,.T.) ;
#5269=ORIENTED_EDGE('',*,*,#5225,.F.) ;
#5283=ORIENTED_EDGE('',*,*,#5220,.T.) ;
#5284=ORIENTED_EDGE('',*,*,#5281,.F.) ;
#5285=ORIENTED_EDGE('',*,*,#5185,.T.) ;
#5286=ORIENTED_EDGE('',*,*,#5264,.T.) ;
#5295=ORIENTED_EDGE('',*,*,#5247,.F.) ;
#5296=ORIENTED_EDGE('',*,*,#5190,.T.) ;
#5297=ORIENTED_EDGE('',*,*,#5281,.T.) ;
#5298=ORIENTED_EDGE('',*,*,#5213,.F.) ;
#559=FACE_BOUND('',#554,.T.) ;
#593=FACE_BOUND('',#588,.T.) ;
#642=FACE_BOUND('',#637,.T.) ;
#676=FACE_BOUND('',#671,.T.) ;
#805=FACE_BOUND('',#800,.T.) ;
#839=FACE_BOUND('',#834,.T.) ;
#968=FACE_BOUND('',#963,.T.) ;
#1002=FACE_BOUND('',#997,.T.) ;
#1642=FACE_BOUND('',#1637,.T.) ;
#1792=FACE_BOUND('',#1787,.T.) ;
#1841=FACE_BOUND('',#1836,.T.) ;
#1904=FACE_BOUND('',#1899,.T.) ;
#2006=FACE_BOUND('',#2001,.T.) ;
#2470=FACE_BOUND('',#2465,.T.) ;
#2611=FACE_BOUND('',#2606,.T.) ;
#2684=FACE_BOUND('',#2679,.T.) ;
#2928=FACE_BOUND('',#2923,.T.) ;
#2962=FACE_BOUND('',#2957,.T.) ;
#2996=FACE_BOUND('',#2991,.T.) ;
#3108=FACE_BOUND('',#3103,.T.) ;
#3142=FACE_BOUND('',#3137,.T.) ;
#3449=FACE_BOUND('',#3444,.T.) ;
#3591=FACE_BOUND('',#3586,.T.) ;
#3655=FACE_BOUND('',#3650,.T.) ;
#3797=FACE_BOUND('',#3792,.T.) ;
#3979=FACE_BOUND('',#3974,.T.) ;
#4215=FACE_BOUND('',#4210,.T.) ;
#4344=FACE_BOUND('',#4339,.T.) ;
#4405=FACE_BOUND('',#4400,.T.) ;
#4624=FACE_BOUND('',#4619,.T.) ;
#4658=FACE_BOUND('',#4653,.T.) ;
#4692=FACE_BOUND('',#4687,.T.) ;
#4806=FACE_BOUND('',#4801,.T.) ;
#4840=FACE_BOUND('',#4835,.T.) ;
#4874=FACE_BOUND('',#4869,.T.) ;
#31=CLOSED_SHELL('Closed Shell',(#71,#111,#172,#239,#467,#489,#511,#594,#677,#840,#1003,#1025,#1042,#1064,#1093,#1122,#1265,#1277,#1299,#1316,#1333,#1345,#1362,#1374,#1386,#1393,#1415,#1432,#1444,#1456,#1473,#1485,#1497,#1504)) ;
#1515=CLOSED_SHELL('Closed Shell',(#1555,#1586,#1643,#1674,#1698,#1722,#1739,#1793,#1842,#1859,#1905,#1931,#1950,#2007,#2019,#2026,#2043,#2069,#2093,#2119,#2138,#2173,#2206,#2232,#2256,#2275,#2287)) ;
#2296=CLOSED_SHELL('Closed Shell',(#2336,#2383,#2409,#2471,#2502,#2526,#2550,#2567,#2612,#2643,#2685,#2717,#2748,#2760,#2793,#2817,#2850,#2862,#2883,#2997,#3028,#3143,#3160,#3186,#3198,#3220,#3237,#3254,#3266,#3283,#3300,#3312,#3324,#3336)) ;
#3345=CLOSED_SHELL('Closed Shell',(#3385,#3450,#3481,#3505,#3529,#3546,#3592,#3656,#3687,#3711,#3735,#3752,#3798,#3852,#3869,#3902,#3926,#3943,#3980,#3997,#4014,#4026,#4038)) ;
#4047=CLOSED_SHELL('Closed Shell',(#4087,#4118,#4149,#4171,#4216,#4247,#4277,#4299,#4345,#4376,#4406,#4462,#4479,#4514,#4538,#4562,#4579,#4693,#4724,#4748,#4772,#4789,#4875,#4897,#4909,#4926,#4933,#4955,#4972,#4989,#4996)) ;
#5005=CLOSED_SHELL('Closed Shell',(#5045,#5080,#5102,#5119,#5136,#5148)) ;
#5157=CLOSED_SHELL('Closed Shell',(#5197,#5232,#5254,#5271,#5288,#5300)) ;
#1505=ADVANCED_BREP_SHAPE_REPRESENTATION('NONE',(#22,#1507,#2288,#3337,#4039,#4997,#5149),#17) ;
#71=ADVANCED_FACE('Body.11',(#70),#36,.T.) ;
#111=ADVANCED_FACE('Body.11',(#110),#76,.T.) ;
#172=ADVANCED_FACE('Body.11',(#171),#116,.T.) ;
#239=ADVANCED_FACE('Body.11',(#238),#177,.T.) ;
#467=ADVANCED_FACE('Body.11',(#466),#240,.F.) ;
#489=ADVANCED_FACE('Body.11',(#488),#472,.T.) ;
#511=ADVANCED_FACE('Body.11',(#510),#494,.T.) ;
#594=ADVANCED_FACE('Body.11',(#525,#559,#593),#516,.F.) ;
#677=ADVANCED_FACE('Body.11',(#608,#642,#676),#599,.T.) ;
#840=ADVANCED_FACE('Body.11',(#772,#805,#839),#682,.F.) ;
#1003=ADVANCED_FACE('Body.11',(#935,#968,#1002),#845,.T.) ;
#1025=ADVANCED_FACE('Body.11',(#1024),#1008,.F.) ;
#1042=ADVANCED_FACE('Body.11',(#1041),#1030,.F.) ;
#1064=ADVANCED_FACE('Body.11',(#1063),#1047,.F.) ;
#1093=ADVANCED_FACE('Body.11',(#1092),#1069,.F.) ;
#1122=ADVANCED_FACE('Body.11',(#1121),#1098,.F.) ;
#1265=ADVANCED_FACE('Body.11',(#1264),#1123,.T.) ;
#1277=ADVANCED_FACE('Body.11',(#1276),#1270,.F.) ;
#1299=ADVANCED_FACE('Body.11',(#1298),#1282,.F.) ;
#1316=ADVANCED_FACE('Body.11',(#1315),#1304,.T.) ;
#1333=ADVANCED_FACE('Body.11',(#1332),#1321,.T.) ;
#1345=ADVANCED_FACE('Body.11',(#1344),#1338,.F.) ;
#1362=ADVANCED_FACE('Body.11',(#1361),#1282,.F.) ;
#1374=ADVANCED_FACE('Body.11',(#1373),#1321,.T.) ;
#1386=ADVANCED_FACE('Body.11',(#1385),#1304,.T.) ;
#1393=ADVANCED_FACE('Body.11',(#1392),#1338,.F.) ;
#1415=ADVANCED_FACE('Body.11',(#1414),#1398,.F.) ;
#1432=ADVANCED_FACE('Body.11',(#1431),#1420,.T.) ;
#1444=ADVANCED_FACE('Body.11',(#1443),#1321,.T.) ;
#1456=ADVANCED_FACE('Body.11',(#1455),#1449,.F.) ;
#1473=ADVANCED_FACE('Body.11',(#1472),#1398,.F.) ;
#1485=ADVANCED_FACE('Body.11',(#1484),#1321,.T.) ;
#1497=ADVANCED_FACE('Body.11',(#1496),#1420,.T.) ;
#1504=ADVANCED_FACE('Body.11',(#1503),#1449,.F.) ;
#1555=ADVANCED_FACE('Body.12',(#1554),#1520,.F.) ;
#1586=ADVANCED_FACE('Body.12',(#1585),#1560,.T.) ;
#1643=ADVANCED_FACE('Body.12',(#1608,#1642),#1591,.F.) ;
#1674=ADVANCED_FACE('Body.12',(#1673),#1648,.T.) ;
#1698=ADVANCED_FACE('Body.12',(#1697),#1679,.F.) ;
#1722=ADVANCED_FACE('Body.12',(#1721),#1703,.T.) ;
#1739=ADVANCED_FACE('Body.12',(#1738),#1727,.F.) ;
#1793=ADVANCED_FACE('Body.12',(#1786,#1792),#1744,.T.) ;
#1842=ADVANCED_FACE('Body.12',(#1823,#1841),#1798,.F.) ;
#1859=ADVANCED_FACE('Body.12',(#1858),#1847,.F.) ;
#1905=ADVANCED_FACE('Body.12',(#1870,#1904),#1864,.T.) ;
#1931=ADVANCED_FACE('Body.12',(#1930),#1648,.T.) ;
#1950=ADVANCED_FACE('Body.12',(#1949),#1679,.F.) ;
#2007=ADVANCED_FACE('Body.12',(#1988,#2006),#1955,.F.) ;
#2019=ADVANCED_FACE('Body.12',(#2018),#1703,.T.) ;
#2026=ADVANCED_FACE('Body.12',(#2025),#1727,.F.) ;
#2043=ADVANCED_FACE('Body.12',(#2042),#2031,.T.) ;
#2069=ADVANCED_FACE('Body.12',(#2068),#2031,.F.) ;
#2093=ADVANCED_FACE('Body.12',(#2092),#2074,.T.) ;
#2119=ADVANCED_FACE('Body.12',(#2118),#2074,.T.) ;
#2138=ADVANCED_FACE('Body.12',(#2137),#2031,.F.) ;
#2173=ADVANCED_FACE('Body.12',(#2172),#2143,.F.) ;
#2206=ADVANCED_FACE('Body.12',(#2205),#2178,.T.) ;
#2232=ADVANCED_FACE('Body.12',(#2231),#2211,.F.) ;
#2256=ADVANCED_FACE('Body.12',(#2255),#2237,.T.) ;
#2275=ADVANCED_FACE('Body.12',(#2274),#2261,.F.) ;
#2287=ADVANCED_FACE('Body.12',(#2286),#2280,.F.) ;
#2336=ADVANCED_FACE('Body.13',(#2335),#2301,.T.) ;
#2383=ADVANCED_FACE('Body.13',(#2382),#2341,.T.) ;
#2409=ADVANCED_FACE('Body.13',(#2408),#2301,.F.) ;
#2471=ADVANCED_FACE('Body.13',(#2440,#2470),#2414,.T.) ;
#2502=ADVANCED_FACE('Body.13',(#2501),#2476,.T.) ;
#2526=ADVANCED_FACE('Body.13',(#2525),#2507,.T.) ;
#2550=ADVANCED_FACE('Body.13',(#2549),#2531,.T.) ;
#2567=ADVANCED_FACE('Body.13',(#2566),#2555,.T.) ;
#2612=ADVANCED_FACE('Body.13',(#2605,#2611),#2572,.F.) ;
#2643=ADVANCED_FACE('Body.13',(#2642),#2617,.F.) ;
#2685=ADVANCED_FACE('Body.13',(#2666,#2684),#2648,.F.) ;
#2717=ADVANCED_FACE('Body.13',(#2716),#2690,.T.) ;
#2748=ADVANCED_FACE('Body.13',(#2747),#2722,.F.) ;
#2760=ADVANCED_FACE('Body.13',(#2759),#2301,.F.) ;
#2793=ADVANCED_FACE('Body.13',(#2792),#2765,.T.) ;
#2817=ADVANCED_FACE('Body.13',(#2816),#2798,.T.) ;
#2850=ADVANCED_FACE('Body.13',(#2849),#2822,.T.) ;
#2862=ADVANCED_FACE('Body.13',(#2861),#2722,.F.) ;
#2883=ADVANCED_FACE('Body.13',(#2882),#2867,.T.) ;
#2997=ADVANCED_FACE('Body.13',(#2894,#2928,#2962,#2996),#2888,.T.) ;
#3028=ADVANCED_FACE('Body.13',(#3027),#3002,.T.) ;
#3143=ADVANCED_FACE('Body.13',(#3074,#3108,#3142),#3033,.F.) ;
#3160=ADVANCED_FACE('Body.13',(#3159),#3148,.F.) ;
#3186=ADVANCED_FACE('Body.13',(#3185),#3165,.F.) ;
#3198=ADVANCED_FACE('Body.13',(#3197),#3191,.F.) ;
#3220=ADVANCED_FACE('Body.13',(#3219),#3203,.T.) ;
#3237=ADVANCED_FACE('Body.13',(#3236),#3225,.F.) ;
#3254=ADVANCED_FACE('Body.13',(#3253),#3242,.T.) ;
#3266=ADVANCED_FACE('Body.13',(#3265),#3259,.F.) ;
#3283=ADVANCED_FACE('Body.13',(#3282),#3203,.T.) ;
#3300=ADVANCED_FACE('Body.13',(#3299),#3288,.F.) ;
#3312=ADVANCED_FACE('Body.13',(#3311),#3242,.T.) ;
#3324=ADVANCED_FACE('Body.13',(#3323),#3317,.F.) ;
#3336=ADVANCED_FACE('Body.13',(#3335),#3329,.F.) ;
#3385=ADVANCED_FACE('Body.14',(#3384),#3350,.F.) ;
#3450=ADVANCED_FACE('Body.14',(#3415,#3449),#3390,.F.) ;
#3481=ADVANCED_FACE('Body.14',(#3480),#3455,.T.) ;
#3505=ADVANCED_FACE('Body.14',(#3504),#3486,.F.) ;
#3529=ADVANCED_FACE('Body.14',(#3528),#3510,.T.) ;
#3546=ADVANCED_FACE('Body.14',(#3545),#3534,.F.) ;
#3592=ADVANCED_FACE('Body.14',(#3585,#3591),#3551,.T.) ;
#3656=ADVANCED_FACE('Body.14',(#3621,#3655),#3597,.T.) ;
#3687=ADVANCED_FACE('Body.14',(#3686),#3661,.T.) ;
#3711=ADVANCED_FACE('Body.14',(#3710),#3692,.T.) ;
#3735=ADVANCED_FACE('Body.14',(#3734),#3716,.T.) ;
#3752=ADVANCED_FACE('Body.14',(#3751),#3740,.T.) ;
#3798=ADVANCED_FACE('Body.14',(#3791,#3797),#3757,.F.) ;
#3852=ADVANCED_FACE('Body.14',(#3851),#3803,.T.) ;
#3869=ADVANCED_FACE('Body.14',(#3868),#3857,.T.) ;
#3902=ADVANCED_FACE('Body.14',(#3901),#3874,.F.) ;
#3926=ADVANCED_FACE('Body.14',(#3925),#3907,.F.) ;
#3943=ADVANCED_FACE('Body.14',(#3942),#3931,.T.) ;
#3980=ADVANCED_FACE('Body.14',(#3954,#3979),#3948,.T.) ;
#3997=ADVANCED_FACE('Body.14',(#3996),#3985,.F.) ;
#4014=ADVANCED_FACE('Body.14',(#4013),#4002,.T.) ;
#4026=ADVANCED_FACE('Body.14',(#4025),#4019,.T.) ;
#4038=ADVANCED_FACE('Body.14',(#4037),#4031,.T.) ;
#4087=ADVANCED_FACE('Body.15',(#4086),#4052,.T.) ;
#4118=ADVANCED_FACE('Body.15',(#4117),#4092,.T.) ;
#4149=ADVANCED_FACE('Body.15',(#4148),#4123,.T.) ;
#4171=ADVANCED_FACE('Body.15',(#4170),#4154,.T.) ;
#4216=ADVANCED_FACE('Body.15',(#4209,#4215),#4176,.T.) ;
#4247=ADVANCED_FACE('Body.15',(#4246),#4221,.T.) ;
#4277=ADVANCED_FACE('Body.15',(#4276),#4252,.T.) ;
#4299=ADVANCED_FACE('Body.15',(#4298),#4282,.F.) ;
#4345=ADVANCED_FACE('Body.15',(#4338,#4344),#4304,.T.) ;
#4376=ADVANCED_FACE('Body.15',(#4375),#4350,.T.) ;
#4406=ADVANCED_FACE('Body.15',(#4399,#4405),#4381,.F.) ;
#4462=ADVANCED_FACE('Body.15',(#4461),#4411,.T.) ;
#4479=ADVANCED_FACE('Body.15',(#4478),#4467,.F.) ;
#4514=ADVANCED_FACE('Body.15',(#4513),#4484,.F.) ;
#4538=ADVANCED_FACE('Body.15',(#4537),#4519,.T.) ;
#4562=ADVANCED_FACE('Body.15',(#4561),#4543,.F.) ;
#4579=ADVANCED_FACE('Body.15',(#4578),#4567,.T.) ;
#4693=ADVANCED_FACE('Body.15',(#4590,#4624,#4658,#4692),#4584,.F.) ;
#4724=ADVANCED_FACE('Body.15',(#4723),#4698,.F.) ;
#4748=ADVANCED_FACE('Body.15',(#4747),#4729,.F.) ;
#4772=ADVANCED_FACE('Body.15',(#4771),#4753,.F.) ;
#4789=ADVANCED_FACE('Body.15',(#4788),#4777,.F.) ;
#4875=ADVANCED_FACE('Body.15',(#4800,#4806,#4840,#4874),#4794,.T.) ;
#4897=ADVANCED_FACE('Body.15',(#4896),#4880,.T.) ;
#4909=ADVANCED_FACE('Body.15',(#4908),#4777,.F.) ;
#4926=ADVANCED_FACE('Body.15',(#4925),#4914,.T.) ;
#4933=ADVANCED_FACE('Body.15',(#4932),#4729,.F.) ;
#4955=ADVANCED_FACE('Body.15',(#4954),#4938,.T.) ;
#4972=ADVANCED_FACE('Body.15',(#4971),#4960,.F.) ;
#4989=ADVANCED_FACE('Body.15',(#4988),#4977,.T.) ;
#4996=ADVANCED_FACE('Body.15',(#4995),#4729,.F.) ;
#5045=ADVANCED_FACE('Body.16',(#5044),#5010,.F.) ;
#5080=ADVANCED_FACE('Body.16',(#5079),#1560,.T.) ;
#5102=ADVANCED_FACE('Body.16',(#5101),#5085,.F.) ;
#5119=ADVANCED_FACE('Body.16',(#5118),#5107,.T.) ;
#5136=ADVANCED_FACE('Body.16',(#5135),#5124,.F.) ;
#5148=ADVANCED_FACE('Body.16',(#5147),#5141,.T.) ;
#5197=ADVANCED_FACE('Body.17',(#5196),#5162,.F.) ;
#5232=ADVANCED_FACE('Body.17',(#5231),#3597,.F.) ;
#5254=ADVANCED_FACE('Body.17',(#5253),#5237,.F.) ;
#5271=ADVANCED_FACE('Body.17',(#5270),#5259,.T.) ;
#5288=ADVANCED_FACE('Body.17',(#5287),#5276,.F.) ;
#5300=ADVANCED_FACE('Body.17',(#5299),#5293,.T.) ;
#4=APPLICATION_PROTOCOL_DEFINITION('international standard','automotive_design',2001,#1) ;
#117=B_SPLINE_CURVE_WITH_KNOTS('',5,(#118,#119,#120,#121,#122,#123,#124,#125,#126,#127,#128,#129,#130,#131,#132,#133,#134,#135),.UNSPECIFIED.,.F.,.U.,(6,3,3,3,3,6),(0.,54.6006134728,93.49049844,139.412004874,184.020208404,273.533369269),.UNSPECIFIED.) ;
#139=B_SPLINE_CURVE_WITH_KNOTS('',5,(#140,#141,#142,#143,#144,#145,#146,#147,#148,#149,#150,#151,#152,#153,#154,#155,#156,#157),.UNSPECIFIED.,.F.,.U.,(6,3,3,3,3,6),(0.,54.6006135505,93.490498514,139.412004957,184.020208482,273.53336934),.UNSPECIFIED.) ;
#178=B_SPLINE_CURVE_WITH_KNOTS('',5,(#179,#180,#181,#182,#183,#184,#185,#186,#187,#188,#189,#190,#191,#192,#193),.UNSPECIFIED.,.F.,.U.,(6,3,3,3,6),(125.707930076,1074.79846475,2341.97040968,3220.42424912,4098.87808857),.UNSPECIFIED.) ;
#197=B_SPLINE_CURVE_WITH_KNOTS('',5,(#198,#199,#200,#201,#202,#203,#204,#205,#206,#207,#208,#209,#210,#211,#212),.UNSPECIFIED.,.F.,.U.,(6,3,3,3,6),(1454.07688184,2529.02897212,3245.99149395,3962.9540199,5037.90620984),.UNSPECIFIED.) ;
#216=B_SPLINE_CURVE_WITH_KNOTS('',5,(#217,#218,#219,#220,#221,#222,#223,#224,#225,#226,#227,#228,#229,#230,#231),.UNSPECIFIED.,.F.,.U.,(6,3,3,3,6),(125.707930066,1074.79847017,2341.97041547,3220.42428051,4098.87814556),.UNSPECIFIED.) ;
#376=B_SPLINE_CURVE_WITH_KNOTS('',5,(#377,#378,#379,#380,#381,#382,#383,#384,#385,#386,#387,#388,#389,#390,#391,#392,#393,#394,#395,#396,#397),.UNSPECIFIED.,.F.,.U.,(6,3,3,3,3,3,6),(0.,53.5171677326,82.0811224307,120.656008787,165.171768929,216.278114744,302.028878545),.UNSPECIFIED.) ;
#401=B_SPLINE_CURVE_WITH_KNOTS('',5,(#402,#403,#404,#405,#406,#407,#408,#409,#410,#411,#412,#413,#414,#415,#416,#417,#418,#419,#420,#421,#422,#423,#424,#425,#426,#427,#428,#429,#430,#431,#432,#433,#434),.UNSPECIFIED.,.F.,.U.,(6,3,3,3,3,3,3,3,3,3,6),(1314.6403513,1683.66497218,2106.71332014,2529.02897212,2950.85454281,3245.99149395,3541.12844874,3962.9540199,4385.26967161,4808.31801868,5177.34274005),.UNSPECIFIED.) ;
#438=B_SPLINE_CURVE_WITH_KNOTS('',5,(#439,#440,#441,#442,#443,#444,#445,#446,#447,#448,#449,#450,#451,#452,#453,#454,#455,#456,#457,#458,#459),.UNSPECIFIED.,.F.,.U.,(6,3,3,3,3,3,6),(0.,53.517168387,82.081123064,120.656009422,165.171769668,216.278115548,302.028879564),.UNSPECIFIED.) ;
#699=B_SPLINE_CURVE_WITH_KNOTS('',1,(#700,#701),.UNSPECIFIED.,.F.,.U.,(2,2),(-199.912089854,199.912089854),.UNSPECIFIED.) ;
#705=B_SPLINE_CURVE_WITH_KNOTS('',5,(#706,#707,#708,#709,#710,#711,#712,#713,#714,#715,#716,#717,#718,#719,#720,#721,#722,#723),.UNSPECIFIED.,.F.,.U.,(6,3,3,3,3,6),(0.,27.6782168356,53.3753503607,81.6449205236,120.39646823,195.874626682),.UNSPECIFIED.) ;
#727=B_SPLINE_CURVE_WITH_KNOTS('',5,(#728,#729,#730,#731,#732,#733,#734,#735,#736,#737,#738,#739),.UNSPECIFIED.,.F.,.U.,(6,3,3,6),(0.,1565.93713565,2865.25197345,3967.88742999),.UNSPECIFIED.) ;
#743=B_SPLINE_CURVE_WITH_KNOTS('',5,(#744,#745,#746,#747,#748,#749,#750,#751,#752,#753,#754,#755),.UNSPECIFIED.,.F.,.U.,(6,3,3,6),(0.,62.3729567156,98.5242639624,175.792712376),.UNSPECIFIED.) ;
#796=B_SPLINE_CURVE_WITH_KNOTS('',1,(#797,#798),.UNSPECIFIED.,.F.,.U.,(2,2),(-4637.5,4637.5),.UNSPECIFIED.) ;
#855=B_SPLINE_CURVE_WITH_KNOTS('',5,(#856,#857,#858,#859,#860,#861,#862,#863,#864,#865,#866,#867),.UNSPECIFIED.,.F.,.U.,(6,3,3,6),(0.,62.3729566978,98.5242639463,175.792712376),.UNSPECIFIED.) ;
#871=B_SPLINE_CURVE_WITH_KNOTS('',5,(#872,#873,#874,#875,#876,#877,#878,#879,#880,#881,#882,#883),.UNSPECIFIED.,.F.,.U.,(6,3,3,6),(0.,1565.93691869,2865.25178885,3967.88741486),.UNSPECIFIED.) ;
#887=B_SPLINE_CURVE_WITH_KNOTS('',5,(#888,#889,#890,#891,#892,#893,#894,#895,#896,#897,#898,#899,#900,#901,#902,#903,#904,#905),.UNSPECIFIED.,.F.,.U.,(6,3,3,3,3,6),(0.,27.6782168679,53.375350347,81.6449204766,120.396468201,195.874626428),.UNSPECIFIED.) ;
#909=B_SPLINE_CURVE_WITH_KNOTS('',1,(#910,#911),.UNSPECIFIED.,.F.,.U.,(2,2),(-199.912089829,199.912089829),.UNSPECIFIED.) ;
#936=B_SPLINE_CURVE_WITH_KNOTS('',1,(#937,#938),.UNSPECIFIED.,.F.,.U.,(2,2),(-4637.5,4637.5),.UNSPECIFIED.) ;
#1070=B_SPLINE_CURVE_WITH_KNOTS('',5,(#1071,#1072,#1073,#1074,#1075,#1076,#1077,#1078,#1079,#1080,#1081,#1082,#1083,#1084,#1085),.UNSPECIFIED.,.F.,.U.,(6,3,3,3,6),(1499.96340256,2529.02897212,3245.99149395,3962.9540199,4992.01968892),.UNSPECIFIED.) ;
#1099=B_SPLINE_CURVE_WITH_KNOTS('',5,(#1100,#1101,#1102,#1103,#1104,#1105,#1106,#1107,#1108,#1109,#1110,#1111,#1112,#1113,#1114),.UNSPECIFIED.,.F.,.U.,(6,3,3,3,6),(1425.32044162,2529.02897212,3245.99149395,3962.9540199,5066.66265011),.UNSPECIFIED.) ;
#1599=B_SPLINE_CURVE_WITH_KNOTS('',1,(#1600,#1601),.UNSPECIFIED.,.F.,.U.,(2,2),(-585.96388189,585.96388189),.UNSPECIFIED.) ;
#2441=B_SPLINE_CURVE_WITH_KNOTS('',1,(#2442,#2443),.UNSPECIFIED.,.F.,.U.,(2,2),(0.,350.),.UNSPECIFIED.) ;
#2449=B_SPLINE_CURVE_WITH_KNOTS('',1,(#2450,#2451),.UNSPECIFIED.,.F.,.U.,(2,2),(0.,1220.),.UNSPECIFIED.) ;
#2455=B_SPLINE_CURVE_WITH_KNOTS('',1,(#2456,#2457),.UNSPECIFIED.,.F.,.U.,(2,2),(0.,350.),.UNSPECIFIED.) ;
#2461=B_SPLINE_CURVE_WITH_KNOTS('',1,(#2462,#2463),.UNSPECIFIED.,.F.,.U.,(2,2),(0.,1220.),.UNSPECIFIED.) ;
#2589=B_SPLINE_CURVE_WITH_KNOTS('',1,(#2590,#2591),.UNSPECIFIED.,.F.,.U.,(2,2),(-585.96388189,585.96388189),.UNSPECIFIED.) ;
#3612=B_SPLINE_CURVE_WITH_KNOTS('',1,(#3613,#3614),.UNSPECIFIED.,.F.,.U.,(2,2),(-585.963883876,585.963883876),.UNSPECIFIED.) ;
#4186=B_SPLINE_CURVE_WITH_KNOTS('',1,(#4187,#4188),.UNSPECIFIED.,.F.,.U.,(2,2),(-585.963883876,585.963883876),.UNSPECIFIED.) ;
#4253=B_SPLINE_CURVE_WITH_KNOTS('',1,(#4254,#4255),.UNSPECIFIED.,.F.,.U.,(2,2),(-585.963883876,585.963883876),.UNSPECIFIED.) ;
#240=B_SPLINE_SURFACE_WITH_KNOTS('',5,5,((#241,#242,#243,#244,#245,#246,#247,#248,#249),(#250,#251,#252,#253,#254,#255,#256,#257,#258),(#259,#260,#261,#262,#263,#264,#265,#266,#267),(#268,#269,#270,#271,#272,#273,#274,#275,#276),(#277,#278,#279,#280,#281,#282,#283,#284,#285),(#286,#287,#288,#289,#290,#291,#292,#293,#294),(#295,#296,#297,#298,#299,#300,#301,#302,#303),(#304,#305,#306,#307,#308,#309,#310,#311,#312),(#313,#314,#315,#316,#317,#318,#319,#320,#321),(#322,#323,#324,#325,#326,#327,#328,#329,#330),(#331,#332,#333,#334,#335,#336,#337,#338,#339),(#340,#341,#342,#343,#344,#345,#346,#347,#348),(#349,#350,#351,#352,#353,#354,#355,#356,#357),(#358,#359,#360,#361,#362,#363,#364,#365,#366),(#367,#368,#369,#370,#371,#372,#373,#374,#375)),.UNSPECIFIED.,.F.,.F.,.U.,(6,3,3,3,6),(6,3,6),(1314.6403513,2106.71332014,3245.99149395,4385.26967161,5177.34274005),(0.,62.5,125.),.UNSPECIFIED.) ;
#1123=B_SPLINE_SURFACE_WITH_KNOTS('',5,5,((#1124,#1125,#1126,#1127,#1128,#1129,#1130,#1131,#1132),(#1133,#1134,#1135,#1136,#1137,#1138,#1139,#1140,#1141),(#1142,#1143,#1144,#1145,#1146,#1147,#1148,#1149,#1150),(#1151,#1152,#1153,#1154,#1155,#1156,#1157,#1158,#1159),(#1160,#1161,#1162,#1163,#1164,#1165,#1166,#1167,#1168),(#1169,#1170,#1171,#1172,#1173,#1174,#1175,#1176,#1177),(#1178,#1179,#1180,#1181,#1182,#1183,#1184,#1185,#1186),(#1187,#1188,#1189,#1190,#1191,#1192,#1193,#1194,#1195),(#1196,#1197,#1198,#1199,#1200,#1201,#1202,#1203,#1204),(#1205,#1206,#1207,#1208,#1209,#1210,#1211,#1212,#1213),(#1214,#1215,#1216,#1217,#1218,#1219,#1220,#1221,#1222),(#1223,#1224,#1225,#1226,#1227,#1228,#1229,#1230,#1231),(#1232,#1233,#1234,#1235,#1236,#1237,#1238,#1239,#1240),(#1241,#1242,#1243,#1244,#1245,#1246,#1247,#1248,#1249),(#1250,#1251,#1252,#1253,#1254,#1255,#1256,#1257,#1258)),.UNSPECIFIED.,.F.,.F.,.U.,(6,3,3,3,6),(6,3,6),(1425.32044162,2529.02897212,3245.99149395,3962.9540199,5066.66265012),(-1.7763568394E-015,62.5000000057,125.000000011),.UNSPECIFIED.) ;
#22=MANIFOLD_SOLID_BREP('Body.11',#31) ;
#1507=MANIFOLD_SOLID_BREP('Body.12',#1515) ;
#2288=MANIFOLD_SOLID_BREP('Body.13',#2296) ;
#3337=MANIFOLD_SOLID_BREP('Body.14',#3345) ;
#4039=MANIFOLD_SOLID_BREP('Body.15',#4047) ;
#4997=MANIFOLD_SOLID_BREP('Body.16',#5005) ;
#5149=MANIFOLD_SOLID_BREP('Body.17',#5157) ;
#63=CIRCLE('generated circle',#62,1578.81553893) ;
#164=CIRCLE('generated circle',#163,1677.97145044) ;
#1012=CIRCLE('generated circle',#1011,1623.43569911) ;
#1017=CIRCLE('generated circle',#1016,1578.81553893) ;
#23=COLOUR_RGB('Colour',0.823529411765,0.823529411765,1.) ;
#177=CONICAL_SURFACE('Cone',#176,1586.85118381,0.13002143312) ;
#1069=CONICAL_SURFACE('Cone',#1068,1623.43569911,0.13002143312) ;
#5305=CONSTRUCTIVE_GEOMETRY_REPRESENTATION('supplemental geometry',(#5304),#17) ;
#5306=CONSTRUCTIVE_GEOMETRY_REPRESENTATION_RELATIONSHIP('supplemental geometry','',#20,#5305) ;
#116=TOROIDAL_SURFACE('homeo Torus',#115,1578.81553893,100.) ;
#1008=TOROIDAL_SURFACE('homeo Torus',#1007,1578.81553893,45.) ;
#45=EDGE_CURVE('',#42,#44,#40,.T.) ;
#52=EDGE_CURVE('',#51,#42,#49,.T.) ;
#59=EDGE_CURVE('',#51,#58,#56,.T.) ;
#64=EDGE_CURVE('',#58,#44,#63,.T.) ;
#85=EDGE_CURVE('',#82,#84,#80,.T.) ;
#92=EDGE_CURVE('',#82,#91,#89,.T.) ;
#99=EDGE_CURVE('',#91,#98,#96,.T.) ;
#104=EDGE_CURVE('',#84,#98,#103,.T.) ;
#138=EDGE_CURVE('',#137,#44,#117,.T.) ;
#160=EDGE_CURVE('',#58,#159,#139,.F.) ;
#165=EDGE_CURVE('',#159,#137,#164,.T.) ;
#196=EDGE_CURVE('',#159,#195,#178,.T.) ;
#215=EDGE_CURVE('',#195,#214,#197,.F.) ;
#232=EDGE_CURVE('',#137,#214,#216,.T.) ;
#400=EDGE_CURVE('',#195,#399,#376,.T.) ;
#437=EDGE_CURVE('',#399,#436,#401,.F.) ;
#460=EDGE_CURVE('',#436,#214,#438,.F.) ;
#477=EDGE_CURVE('',#399,#82,#476,.T.) ;
#482=EDGE_CURVE('',#436,#84,#481,.T.) ;
#499=EDGE_CURVE('',#98,#42,#498,.T.) ;
#504=EDGE_CURVE('',#91,#51,#503,.T.) ;
#534=EDGE_CURVE('',#531,#533,#529,.T.) ;
#541=EDGE_CURVE('',#540,#533,#538,.T.) ;
#548=EDGE_CURVE('',#540,#547,#545,.T.) ;
#553=EDGE_CURVE('',#531,#547,#552,.T.) ;
#568=EDGE_CURVE('',#565,#567,#563,.T.) ;
#575=EDGE_CURVE('',#574,#567,#572,.T.) ;
#582=EDGE_CURVE('',#574,#581,#579,.T.) ;
#587=EDGE_CURVE('',#565,#581,#586,.T.) ;
#617=EDGE_CURVE('',#614,#616,#612,.T.) ;
#624=EDGE_CURVE('',#623,#614,#621,.F.) ;
#631=EDGE_CURVE('',#630,#623,#628,.T.) ;
#636=EDGE_CURVE('',#616,#630,#635,.F.) ;
#651=EDGE_CURVE('',#648,#650,#646,.T.) ;
#658=EDGE_CURVE('',#657,#648,#655,.F.) ;
#665=EDGE_CURVE('',#664,#657,#662,.T.) ;
#670=EDGE_CURVE('',#650,#664,#669,.F.) ;
#691=EDGE_CURVE('',#688,#690,#686,.F.) ;
#698=EDGE_CURVE('',#690,#697,#695,.T.) ;
#704=EDGE_CURVE('',#703,#697,#699,.T.) ;
#726=EDGE_CURVE('',#725,#703,#705,.T.) ;
#742=EDGE_CURVE('',#725,#741,#727,.T.) ;
#758=EDGE_CURVE('',#741,#757,#743,.T.) ;
#763=EDGE_CURVE('',#688,#757,#762,.T.) ;
#781=EDGE_CURVE('',#778,#780,#776,.T.) ;
#788=EDGE_CURVE('',#778,#787,#785,.F.) ;
#795=EDGE_CURVE('',#794,#787,#792,.F.) ;
#799=EDGE_CURVE('',#794,#780,#796,.T.) ;
#814=EDGE_CURVE('',#811,#813,#809,.T.) ;
#821=EDGE_CURVE('',#811,#820,#818,.F.) ;
#828=EDGE_CURVE('',#827,#820,#825,.F.) ;
#833=EDGE_CURVE('',#827,#813,#832,.T.) ;
#854=EDGE_CURVE('',#851,#853,#849,.T.) ;
#870=EDGE_CURVE('',#869,#853,#855,.T.) ;
#886=EDGE_CURVE('',#885,#869,#871,.T.) ;
#908=EDGE_CURVE('',#885,#907,#887,.T.) ;
#914=EDGE_CURVE('',#907,#913,#909,.T.) ;
#921=EDGE_CURVE('',#920,#913,#918,.T.) ;
#926=EDGE_CURVE('',#920,#851,#925,.T.) ;
#943=EDGE_CURVE('',#940,#942,#936,.T.) ;
#950=EDGE_CURVE('',#940,#949,#947,.F.) ;
#957=EDGE_CURVE('',#956,#949,#954,.F.) ;
#962=EDGE_CURVE('',#956,#942,#961,.T.) ;
#977=EDGE_CURVE('',#974,#976,#972,.T.) ;
#984=EDGE_CURVE('',#974,#983,#981,.F.) ;
#991=EDGE_CURVE('',#990,#983,#988,.F.) ;
#996=EDGE_CURVE('',#990,#976,#995,.T.) ;
#1013=EDGE_CURVE('',#869,#741,#1012,.T.) ;
#1018=EDGE_CURVE('',#853,#757,#1017,.T.) ;
#1035=EDGE_CURVE('',#851,#688,#1034,.T.) ;
#1052=EDGE_CURVE('',#690,#920,#1051,.F.) ;
#1057=EDGE_CURVE('',#697,#913,#1056,.F.) ;
#1086=EDGE_CURVE('',#725,#885,#1070,.T.) ;
#1115=EDGE_CURVE('',#703,#907,#1099,.T.) ;
#1287=EDGE_CURVE('',#990,#574,#1286,.T.) ;
#1292=EDGE_CURVE('',#976,#567,#1291,.T.) ;
#1309=EDGE_CURVE('',#974,#565,#1308,.T.) ;
#1326=EDGE_CURVE('',#983,#581,#1325,.T.) ;
#1350=EDGE_CURVE('',#650,#813,#1349,.T.) ;
#1355=EDGE_CURVE('',#664,#811,#1354,.T.) ;
#1367=EDGE_CURVE('',#657,#820,#1366,.T.) ;
#1379=EDGE_CURVE('',#648,#827,#1378,.T.) ;
#1403=EDGE_CURVE('',#956,#540,#1402,.T.) ;
#1408=EDGE_CURVE('',#942,#533,#1407,.T.) ;
#1425=EDGE_CURVE('',#940,#531,#1424,.T.) ;
#1437=EDGE_CURVE('',#949,#547,#1436,.T.) ;
#1461=EDGE_CURVE('',#616,#780,#1460,.T.) ;
#1466=EDGE_CURVE('',#630,#778,#1465,.T.) ;
#1478=EDGE_CURVE('',#623,#787,#1477,.T.) ;
#1490=EDGE_CURVE('',#614,#794,#1489,.T.) ;
#1529=EDGE_CURVE('',#1526,#1528,#1524,.F.) ;
#1536=EDGE_CURVE('',#1535,#1526,#1533,.T.) ;
#1543=EDGE_CURVE('',#1535,#1542,#1540,.F.) ;
#1548=EDGE_CURVE('',#1542,#1528,#1547,.T.) ;
#1569=EDGE_CURVE('',#1566,#1568,#1564,.T.) ;
#1574=EDGE_CURVE('',#1528,#1568,#1573,.F.) ;
#1579=EDGE_CURVE('',#1542,#1566,#1578,.F.) ;
#1598=EDGE_CURVE('',#1597,#1568,#1595,.F.) ;
#1602=EDGE_CURVE('',#1526,#1597,#1599,.T.) ;
#1617=EDGE_CURVE('',#1614,#1616,#1612,.F.) ;
#1624=EDGE_CURVE('',#1614,#1623,#1621,.T.) ;
#1631=EDGE_CURVE('',#1630,#1623,#1628,.T.) ;
#1636=EDGE_CURVE('',#1630,#1616,#1635,.F.) ;
#1655=EDGE_CURVE('',#1654,#1614,#1652,.T.) ;
#1662=EDGE_CURVE('',#1654,#1661,#1659,.T.) ;
#1667=EDGE_CURVE('',#1661,#1623,#1666,.T.) ;
#1686=EDGE_CURVE('',#1685,#1616,#1683,.T.) ;
#1691=EDGE_CURVE('',#1654,#1685,#1690,.T.) ;
#1710=EDGE_CURVE('',#1709,#1630,#1707,.T.) ;
#1715=EDGE_CURVE('',#1709,#1685,#1714,.T.) ;
#1732=EDGE_CURVE('',#1709,#1661,#1731,.T.) ;
#1753=EDGE_CURVE('',#1750,#1752,#1748,.T.) ;
#1760=EDGE_CURVE('',#1759,#1750,#1757,.T.) ;
#1767=EDGE_CURVE('',#1759,#1766,#1764,.T.) ;
#1774=EDGE_CURVE('',#1766,#1773,#1771,.T.) ;
#1779=EDGE_CURVE('',#1752,#1773,#1778,.T.) ;
#1805=EDGE_CURVE('',#1804,#1750,#1802,.T.) ;
#1812=EDGE_CURVE('',#1811,#1804,#1809,.T.) ;
#1817=EDGE_CURVE('',#1759,#1811,#1816,.F.) ;
#1830=EDGE_CURVE('',#1829,#1566,#1827,.F.) ;
#1835=EDGE_CURVE('',#1829,#1597,#1834,.T.) ;
#1852=EDGE_CURVE('',#1535,#1829,#1851,.F.) ;
#1879=EDGE_CURVE('',#1876,#1878,#1874,.F.) ;
#1886=EDGE_CURVE('',#1876,#1885,#1883,.T.) ;
#1893=EDGE_CURVE('',#1892,#1885,#1890,.T.) ;
#1898=EDGE_CURVE('',#1892,#1878,#1897,.F.) ;
#1912=EDGE_CURVE('',#1885,#1911,#1909,.T.) ;
#1919=EDGE_CURVE('',#1918,#1911,#1916,.T.) ;
#1924=EDGE_CURVE('',#1892,#1918,#1923,.T.) ;
#1938=EDGE_CURVE('',#1918,#1937,#1935,.T.) ;
#1943=EDGE_CURVE('',#1878,#1937,#1942,.T.) ;
#1964=EDGE_CURVE('',#1961,#1963,#1959,.T.) ;
#1971=EDGE_CURVE('',#1970,#1963,#1968,.T.) ;
#1976=EDGE_CURVE('',#1811,#1970,#1975,.T.) ;
#1981=EDGE_CURVE('',#1804,#1961,#1980,.T.) ;
#1995=EDGE_CURVE('',#1994,#1911,#1992,.T.) ;
#2000=EDGE_CURVE('',#1994,#1937,#1999,.T.) ;
#2012=EDGE_CURVE('',#1876,#1994,#2011,.T.) ;
#2036=EDGE_CURVE('',#1752,#1961,#2035,.T.) ;
#2050=EDGE_CURVE('',#1773,#2049,#2047,.T.) ;
#2057=EDGE_CURVE('',#2049,#2056,#2054,.T.) ;
#2062=EDGE_CURVE('',#2056,#1752,#2061,.T.) ;
#2081=EDGE_CURVE('',#2080,#1766,#2078,.F.) ;
#2086=EDGE_CURVE('',#2080,#2049,#2085,.T.) ;
#2102=EDGE_CURVE('',#2099,#2101,#2097,.T.) ;
#2107=EDGE_CURVE('',#1970,#2099,#2106,.F.) ;
#2112=EDGE_CURVE('',#2101,#1963,#2111,.T.) ;
#2126=EDGE_CURVE('',#1961,#2125,#2123,.T.) ;
#2131=EDGE_CURVE('',#2101,#2125,#2130,.T.) ;
#2150=EDGE_CURVE('',#2099,#2149,#2147,.T.) ;
#2157=EDGE_CURVE('',#2156,#2149,#2154,.F.) ;
#2162=EDGE_CURVE('',#2080,#2156,#2161,.T.) ;
#2185=EDGE_CURVE('',#2125,#2184,#2182,.T.) ;
#2192=EDGE_CURVE('',#2191,#2056,#2189,.F.) ;
#2197=EDGE_CURVE('',#2184,#2191,#2196,.T.) ;
#2218=EDGE_CURVE('',#2217,#2156,#2215,.F.) ;
#2223=EDGE_CURVE('',#2191,#2217,#2222,.T.) ;
#2244=EDGE_CURVE('',#2149,#2243,#2241,.F.) ;
#2249=EDGE_CURVE('',#2243,#2217,#2248,.F.) ;
#2266=EDGE_CURVE('',#2184,#2243,#2265,.T.) ;
#2310=EDGE_CURVE('',#2307,#2309,#2305,.T.) ;
#2317=EDGE_CURVE('',#2309,#2316,#2314,.T.) ;
#2324=EDGE_CURVE('',#2316,#2323,#2321,.T.) ;
#2329=EDGE_CURVE('',#2323,#2307,#2328,.T.) ;
#2350=EDGE_CURVE('',#2347,#2349,#2345,.T.) ;
#2355=EDGE_CURVE('',#2309,#2347,#2354,.T.) ;
#2362=EDGE_CURVE('',#2361,#2307,#2359,.T.) ;
#2369=EDGE_CURVE('',#2361,#2368,#2366,.T.) ;
#2374=EDGE_CURVE('',#2349,#2368,#2373,.T.) ;
#2390=EDGE_CURVE('',#2389,#2347,#2387,.T.) ;
#2397=EDGE_CURVE('',#2396,#2389,#2394,.T.) ;
#2402=EDGE_CURVE('',#2396,#2309,#2401,.T.) ;
#2421=EDGE_CURVE('',#2420,#2396,#2418,.T.) ;
#2428=EDGE_CURVE('',#2427,#2420,#2425,.T.) ;
#2433=EDGE_CURVE('',#2427,#2316,#2432,.T.) ;
#2448=EDGE_CURVE('',#2445,#2447,#2441,.T.) ;
#2454=EDGE_CURVE('',#2453,#2445,#2449,.T.) ;
#2460=EDGE_CURVE('',#2459,#2453,#2455,.T.) ;
#2464=EDGE_CURVE('',#2447,#2459,#2461,.T.) ;
#2483=EDGE_CURVE('',#2459,#2482,#2480,.T.) ;
#2490=EDGE_CURVE('',#2453,#2489,#2487,.T.) ;
#2495=EDGE_CURVE('',#2482,#2489,#2494,.T.) ;
#2514=EDGE_CURVE('',#2445,#2513,#2511,.T.) ;
#2519=EDGE_CURVE('',#2489,#2513,#2518,.T.) ;
#2538=EDGE_CURVE('',#2447,#2537,#2535,.T.) ;
#2543=EDGE_CURVE('',#2513,#2537,#2542,.T.) ;
#2560=EDGE_CURVE('',#2537,#2482,#2559,.T.) ;
#2581=EDGE_CURVE('',#2578,#2580,#2576,.T.) ;
#2588=EDGE_CURVE('',#2578,#2587,#2585,.T.) ;
#2594=EDGE_CURVE('',#2587,#2593,#2589,.T.) ;
#2599=EDGE_CURVE('',#2593,#2580,#2598,.F.) ;
#2624=EDGE_CURVE('',#2593,#2623,#2621,.F.) ;
#2631=EDGE_CURVE('',#2587,#2630,#2628,.F.) ;
#2636=EDGE_CURVE('',#2630,#2623,#2635,.F.) ;
#2655=EDGE_CURVE('',#2654,#2427,#2652,.F.) ;
#2660=EDGE_CURVE('',#2654,#2323,#2659,.T.) ;
#2673=EDGE_CURVE('',#2623,#2672,#2670,.F.) ;
#2678=EDGE_CURVE('',#2672,#2580,#2677,.F.) ;
#2699=EDGE_CURVE('',#2696,#2698,#2694,.T.) ;
#2704=EDGE_CURVE('',#2307,#2698,#2703,.T.) ;
#2709=EDGE_CURVE('',#2654,#2696,#2708,.T.) ;
#2729=EDGE_CURVE('',#2728,#2698,#2726,.T.) ;
#2736=EDGE_CURVE('',#2696,#2735,#2733,.F.) ;
#2741=EDGE_CURVE('',#2735,#2728,#2740,.T.) ;
#2753=EDGE_CURVE('',#2728,#2361,#2752,.T.) ;
#2772=EDGE_CURVE('',#2735,#2771,#2769,.T.) ;
#2779=EDGE_CURVE('',#2778,#2771,#2776,.T.) ;
#2784=EDGE_CURVE('',#2368,#2778,#2783,.T.) ;
#2805=EDGE_CURVE('',#2804,#2778,#2802,.T.) ;
#2810=EDGE_CURVE('',#2349,#2804,#2809,.T.) ;
#2829=EDGE_CURVE('',#2828,#2804,#2826,.T.) ;
#2836=EDGE_CURVE('',#2835,#2828,#2833,.T.) ;
#2841=EDGE_CURVE('',#2835,#2389,#2840,.T.) ;
#2855=EDGE_CURVE('',#2835,#2420,#2854,.F.) ;
#2872=EDGE_CURVE('',#2771,#2828,#2871,.T.) ;
#2903=EDGE_CURVE('',#2900,#2902,#2898,.T.) ;
#2910=EDGE_CURVE('',#2909,#2900,#2907,.F.) ;
#2917=EDGE_CURVE('',#2916,#2909,#2914,.T.) ;
#2922=EDGE_CURVE('',#2902,#2916,#2921,.F.) ;
#2937=EDGE_CURVE('',#2934,#2936,#2932,.T.) ;
#2944=EDGE_CURVE('',#2943,#2934,#2941,.F.) ;
#2951=EDGE_CURVE('',#2950,#2943,#2948,.T.) ;
#2956=EDGE_CURVE('',#2936,#2950,#2955,.F.) ;
#2971=EDGE_CURVE('',#2968,#2970,#2966,.T.) ;
#2978=EDGE_CURVE('',#2977,#2968,#2975,.F.) ;
#2985=EDGE_CURVE('',#2984,#2977,#2982,.T.) ;
#2990=EDGE_CURVE('',#2970,#2984,#2989,.F.) ;
#3009=EDGE_CURVE('',#3008,#2902,#3006,.T.) ;
#3016=EDGE_CURVE('',#3008,#3015,#3013,.T.) ;
#3021=EDGE_CURVE('',#3015,#2900,#3020,.T.) ;
#3040=EDGE_CURVE('',#3039,#3008,#3037,.T.) ;
#3047=EDGE_CURVE('',#3039,#3046,#3044,.T.) ;
#3052=EDGE_CURVE('',#2630,#3046,#3051,.F.) ;
#3059=EDGE_CURVE('',#2578,#3058,#3056,.T.) ;
#3064=EDGE_CURVE('',#3058,#3015,#3063,.T.) ;
#3083=EDGE_CURVE('',#3080,#3082,#3078,.F.) ;
#3090=EDGE_CURVE('',#3082,#3089,#3087,.F.) ;
#3097=EDGE_CURVE('',#3096,#3089,#3094,.F.) ;
#3102=EDGE_CURVE('',#3096,#3080,#3101,.T.) ;
#3117=EDGE_CURVE('',#3114,#3116,#3112,.F.) ;
#3124=EDGE_CURVE('',#3114,#3123,#3121,.T.) ;
#3131=EDGE_CURVE('',#3123,#3130,#3128,.F.) ;
#3136=EDGE_CURVE('',#3130,#3116,#3135,.F.) ;
#3153=EDGE_CURVE('',#3058,#2909,#3152,.T.) ;
#3170=EDGE_CURVE('',#3039,#2916,#3169,.T.) ;
#3175=EDGE_CURVE('',#3046,#2672,#3174,.F.) ;
#3208=EDGE_CURVE('',#3080,#2936,#3207,.T.) ;
#3213=EDGE_CURVE('',#3096,#2934,#3212,.T.) ;
#3230=EDGE_CURVE('',#3089,#2943,#3229,.T.) ;
#3247=EDGE_CURVE('',#3082,#2950,#3246,.T.) ;
#3271=EDGE_CURVE('',#3123,#2970,#3270,.T.) ;
#3276=EDGE_CURVE('',#3114,#2968,#3275,.T.) ;
#3293=EDGE_CURVE('',#3116,#2977,#3292,.T.) ;
#3305=EDGE_CURVE('',#3130,#2984,#3304,.T.) ;
#3359=EDGE_CURVE('',#3356,#3358,#3354,.T.) ;
#3366=EDGE_CURVE('',#3358,#3365,#3363,.T.) ;
#3373=EDGE_CURVE('',#3365,#3372,#3370,.T.) ;
#3378=EDGE_CURVE('',#3356,#3372,#3377,.T.) ;
#3397=EDGE_CURVE('',#3372,#3396,#3394,.F.) ;
#3404=EDGE_CURVE('',#3403,#3365,#3401,.F.) ;
#3409=EDGE_CURVE('',#3396,#3403,#3408,.T.) ;
#3424=EDGE_CURVE('',#3421,#3423,#3419,.F.) ;
#3431=EDGE_CURVE('',#3423,#3430,#3428,.T.) ;
#3438=EDGE_CURVE('',#3430,#3437,#3435,.F.) ;
#3443=EDGE_CURVE('',#3437,#3421,#3442,.T.) ;
#3462=EDGE_CURVE('',#3461,#3423,#3459,.T.) ;
#3469=EDGE_CURVE('',#3468,#3421,#3466,.T.) ;
#3474=EDGE_CURVE('',#3468,#3461,#3473,.T.) ;
#3493=EDGE_CURVE('',#3492,#3437,#3490,.T.) ;
#3498=EDGE_CURVE('',#3492,#3468,#3497,.T.) ;
#3517=EDGE_CURVE('',#3516,#3430,#3514,.T.) ;
#3522=EDGE_CURVE('',#3492,#3516,#3521,.T.) ;
#3539=EDGE_CURVE('',#3516,#3461,#3538,.T.) ;
#3560=EDGE_CURVE('',#3557,#3559,#3555,.T.) ;
#3567=EDGE_CURVE('',#3557,#3566,#3564,.T.) ;
#3574=EDGE_CURVE('',#3566,#3573,#3571,.T.) ;
#3579=EDGE_CURVE('',#3573,#3559,#3578,.F.) ;
#3606=EDGE_CURVE('',#3603,#3605,#3601,.F.) ;
#3611=EDGE_CURVE('',#3559,#3605,#3610,.F.) ;
#3615=EDGE_CURVE('',#3573,#3603,#3612,.T.) ;
#3630=EDGE_CURVE('',#3627,#3629,#3625,.T.) ;
#3637=EDGE_CURVE('',#3629,#3636,#3634,.F.) ;
#3644=EDGE_CURVE('',#3636,#3643,#3641,.F.) ;
#3649=EDGE_CURVE('',#3643,#3627,#3648,.T.) ;
#3668=EDGE_CURVE('',#3667,#3629,#3665,.T.) ;
#3675=EDGE_CURVE('',#3674,#3667,#3672,.F.) ;
#3680=EDGE_CURVE('',#3674,#3636,#3679,.T.) ;
#3699=EDGE_CURVE('',#3698,#3627,#3696,.T.) ;
#3704=EDGE_CURVE('',#3667,#3698,#3703,.F.) ;
#3723=EDGE_CURVE('',#3722,#3643,#3720,.T.) ;
#3728=EDGE_CURVE('',#3698,#3722,#3727,.F.) ;
#3745=EDGE_CURVE('',#3722,#3674,#3744,.F.) ;
#3766=EDGE_CURVE('',#3763,#3765,#3761,.T.) ;
#3773=EDGE_CURVE('',#3763,#3772,#3770,.T.) ;
#3780=EDGE_CURVE('',#3772,#3779,#3777,.T.) ;
#3785=EDGE_CURVE('',#3765,#3779,#3784,.T.) ;
#3810=EDGE_CURVE('',#3356,#3809,#3807,.T.) ;
#3815=EDGE_CURVE('',#3765,#3809,#3814,.F.) ;
#3822=EDGE_CURVE('',#3779,#3821,#3819,.T.) ;
#3829=EDGE_CURVE('',#3828,#3821,#3826,.T.) ;
#3836=EDGE_CURVE('',#3835,#3828,#3833,.F.) ;
#3841=EDGE_CURVE('',#3358,#3835,#3840,.T.) ;
#3862=EDGE_CURVE('',#3809,#3396,#3861,.T.) ;
#3879=EDGE_CURVE('',#3835,#3403,#3878,.T.) ;
#3886=EDGE_CURVE('',#3885,#3828,#3883,.T.) ;
#3891=EDGE_CURVE('',#3763,#3885,#3890,.T.) ;
#3914=EDGE_CURVE('',#3913,#3821,#3911,.T.) ;
#3919=EDGE_CURVE('',#3885,#3913,#3918,.T.) ;
#3936=EDGE_CURVE('',#3913,#3772,#3935,.T.) ;
#3961=EDGE_CURVE('',#3603,#3960,#3958,.F.) ;
#3968=EDGE_CURVE('',#3960,#3967,#3965,.F.) ;
#3973=EDGE_CURVE('',#3605,#3967,#3972,.F.) ;
#3990=EDGE_CURVE('',#3566,#3960,#3989,.T.) ;
#4007=EDGE_CURVE('',#3557,#3967,#4006,.T.) ;
#4061=EDGE_CURVE('',#4058,#4060,#4056,.T.) ;
#4068=EDGE_CURVE('',#4067,#4058,#4065,.F.) ;
#4075=EDGE_CURVE('',#4067,#4074,#4072,.T.) ;
#4080=EDGE_CURVE('',#4060,#4074,#4079,.T.) ;
#4101=EDGE_CURVE('',#4098,#4100,#4096,.T.) ;
#4106=EDGE_CURVE('',#4058,#4098,#4105,.F.) ;
#4111=EDGE_CURVE('',#4100,#4060,#4110,.T.) ;
#4132=EDGE_CURVE('',#4129,#4131,#4127,.T.) ;
#4137=EDGE_CURVE('',#4098,#4129,#4136,.F.) ;
#4142=EDGE_CURVE('',#4131,#4100,#4141,.T.) ;
#4159=EDGE_CURVE('',#4129,#4067,#4158,.F.) ;
#4164=EDGE_CURVE('',#4074,#4131,#4163,.T.) ;
#4185=EDGE_CURVE('',#4182,#4184,#4180,.F.) ;
#4191=EDGE_CURVE('',#4190,#4182,#4186,.T.) ;
#4198=EDGE_CURVE('',#4197,#4190,#4195,.T.) ;
#4203=EDGE_CURVE('',#4197,#4184,#4202,.T.) ;
#4230=EDGE_CURVE('',#4227,#4229,#4225,.F.) ;
#4235=EDGE_CURVE('',#4229,#4184,#4234,.T.) ;
#4240=EDGE_CURVE('',#4197,#4227,#4239,.F.) ;
#4260=EDGE_CURVE('',#4257,#4259,#4253,.T.) ;
#4265=EDGE_CURVE('',#4259,#4229,#4264,.F.) ;
#4270=EDGE_CURVE('',#4257,#4227,#4269,.F.) ;
#4287=EDGE_CURVE('',#4190,#4257,#4286,.F.) ;
#4292=EDGE_CURVE('',#4259,#4182,#4291,.T.) ;
#4313=EDGE_CURVE('',#4310,#4312,#4308,.T.) ;
#4320=EDGE_CURVE('',#4310,#4319,#4317,.F.) ;
#4327=EDGE_CURVE('',#4319,#4326,#4324,.T.) ;
#4332=EDGE_CURVE('',#4326,#4312,#4331,.T.) ;
#4357=EDGE_CURVE('',#4326,#4356,#4354,.T.) ;
#4364=EDGE_CURVE('',#4363,#4356,#4361,.T.) ;
#4369=EDGE_CURVE('',#4312,#4363,#4368,.T.) ;
#4388=EDGE_CURVE('',#4387,#4356,#4385,.T.) ;
#4393=EDGE_CURVE('',#4319,#4387,#4392,.T.) ;
#4418=EDGE_CURVE('',#4417,#4387,#4415,.F.) ;
#4425=EDGE_CURVE('',#4424,#4417,#4422,.T.) ;
#4432=EDGE_CURVE('',#4431,#4424,#4429,.T.) ;
#4439=EDGE_CURVE('',#4431,#4438,#4436,.T.) ;
#4446=EDGE_CURVE('',#4445,#4438,#4443,.F.) ;
#4451=EDGE_CURVE('',#4445,#4363,#4450,.T.) ;
#4472=EDGE_CURVE('',#4310,#4445,#4471,.T.) ;
#4491=EDGE_CURVE('',#4438,#4490,#4488,.T.) ;
#4498=EDGE_CURVE('',#4490,#4497,#4495,.T.) ;
#4503=EDGE_CURVE('',#4417,#4497,#4502,.T.) ;
#4526=EDGE_CURVE('',#4497,#4525,#4523,.F.) ;
#4531=EDGE_CURVE('',#4424,#4525,#4530,.T.) ;
#4550=EDGE_CURVE('',#4525,#4549,#4547,.T.) ;
#4555=EDGE_CURVE('',#4431,#4549,#4554,.T.) ;
#4572=EDGE_CURVE('',#4549,#4490,#4571,.F.) ;
#4599=EDGE_CURVE('',#4596,#4598,#4594,.T.) ;
#4606=EDGE_CURVE('',#4598,#4605,#4603,.T.) ;
#4613=EDGE_CURVE('',#4605,#4612,#4610,.T.) ;
#4618=EDGE_CURVE('',#4612,#4596,#4617,.T.) ;
#4633=EDGE_CURVE('',#4630,#4632,#4628,.F.) ;
#4640=EDGE_CURVE('',#4632,#4639,#4637,.T.) ;
#4647=EDGE_CURVE('',#4639,#4646,#4644,.F.) ;
#4652=EDGE_CURVE('',#4646,#4630,#4651,.T.) ;
#4667=EDGE_CURVE('',#4664,#4666,#4662,.F.) ;
#4674=EDGE_CURVE('',#4666,#4673,#4671,.T.) ;
#4681=EDGE_CURVE('',#4673,#4680,#4678,.F.) ;
#4686=EDGE_CURVE('',#4680,#4664,#4685,.T.) ;
#4705=EDGE_CURVE('',#4704,#4612,#4702,.T.) ;
#4712=EDGE_CURVE('',#4704,#4711,#4709,.T.) ;
#4717=EDGE_CURVE('',#4711,#4596,#4716,.T.) ;
#4736=EDGE_CURVE('',#4735,#4605,#4733,.T.) ;
#4741=EDGE_CURVE('',#4704,#4735,#4740,.T.) ;
#4760=EDGE_CURVE('',#4759,#4598,#4757,.T.) ;
#4765=EDGE_CURVE('',#4735,#4759,#4764,.T.) ;
#4782=EDGE_CURVE('',#4759,#4711,#4781,.T.) ;
#4815=EDGE_CURVE('',#4812,#4814,#4810,.F.) ;
#4822=EDGE_CURVE('',#4814,#4821,#4819,.F.) ;
#4829=EDGE_CURVE('',#4821,#4828,#4826,.T.) ;
#4834=EDGE_CURVE('',#4812,#4828,#4833,.F.) ;
#4849=EDGE_CURVE('',#4846,#4848,#4844,.T.) ;
#4856=EDGE_CURVE('',#4855,#4848,#4853,.F.) ;
#4863=EDGE_CURVE('',#4855,#4862,#4860,.F.) ;
#4868=EDGE_CURVE('',#4862,#4846,#4867,.F.) ;
#4885=EDGE_CURVE('',#4821,#4639,#4884,.T.) ;
#4890=EDGE_CURVE('',#4814,#4646,#4889,.T.) ;
#4902=EDGE_CURVE('',#4828,#4632,#4901,.T.) ;
#4919=EDGE_CURVE('',#4812,#4630,#4918,.T.) ;
#4943=EDGE_CURVE('',#4846,#4673,#4942,.T.) ;
#4948=EDGE_CURVE('',#4862,#4680,#4947,.T.) ;
#4965=EDGE_CURVE('',#4848,#4666,#4964,.T.) ;
#4982=EDGE_CURVE('',#4855,#4664,#4981,.T.) ;
#5019=EDGE_CURVE('',#5016,#5018,#5014,.F.) ;
#5026=EDGE_CURVE('',#5025,#5016,#5023,.T.) ;
#5033=EDGE_CURVE('',#5032,#5025,#5030,.F.) ;
#5038=EDGE_CURVE('',#5018,#5032,#5037,.T.) ;
#5054=EDGE_CURVE('',#5051,#5053,#5049,.T.) ;
#5061=EDGE_CURVE('',#5051,#5060,#5058,.T.) ;
#5068=EDGE_CURVE('',#5067,#5060,#5065,.T.) ;
#5073=EDGE_CURVE('',#5067,#5053,#5072,.T.) ;
#5090=EDGE_CURVE('',#5016,#5053,#5089,.T.) ;
#5095=EDGE_CURVE('',#5018,#5051,#5094,.T.) ;
#5112=EDGE_CURVE('',#5025,#5067,#5111,.T.) ;
#5129=EDGE_CURVE('',#5032,#5060,#5128,.T.) ;
#5171=EDGE_CURVE('',#5168,#5170,#5166,.F.) ;
#5178=EDGE_CURVE('',#5177,#5168,#5175,.T.) ;
#5185=EDGE_CURVE('',#5184,#5177,#5182,.F.) ;
#5190=EDGE_CURVE('',#5170,#5184,#5189,.T.) ;
#5206=EDGE_CURVE('',#5203,#5205,#5201,.T.) ;
#5213=EDGE_CURVE('',#5203,#5212,#5210,.T.) ;
#5220=EDGE_CURVE('',#5219,#5212,#5217,.T.) ;
#5225=EDGE_CURVE('',#5219,#5205,#5224,.T.) ;
#5242=EDGE_CURVE('',#5168,#5205,#5241,.T.) ;
#5247=EDGE_CURVE('',#5170,#5203,#5246,.T.) ;
#5264=EDGE_CURVE('',#5177,#5219,#5263,.T.) ;
#5281=EDGE_CURVE('',#5184,#5212,#5280,.T.) ;
#65=EDGE_LOOP('',(#66,#67,#68,#69)) ;
#105=EDGE_LOOP('',(#106,#107,#108,#109)) ;
#166=EDGE_LOOP('',(#167,#168,#169,#170)) ;
#233=EDGE_LOOP('',(#234,#235,#236,#237)) ;
#461=EDGE_LOOP('',(#462,#463,#464,#465)) ;
#483=EDGE_LOOP('',(#484,#485,#486,#487)) ;
#505=EDGE_LOOP('',(#506,#507,#508,#509)) ;
#517=EDGE_LOOP('',(#518,#519,#520,#521,#522,#523,#524)) ;
#554=EDGE_LOOP('',(#555,#556,#557,#558)) ;
#588=EDGE_LOOP('',(#589,#590,#591,#592)) ;
#600=EDGE_LOOP('',(#601,#602,#603,#604,#605,#606,#607)) ;
#637=EDGE_LOOP('',(#638,#639,#640,#641)) ;
#671=EDGE_LOOP('',(#672,#673,#674,#675)) ;
#764=EDGE_LOOP('',(#765,#766,#767,#768,#769,#770,#771)) ;
#800=EDGE_LOOP('',(#801,#802,#803,#804)) ;
#834=EDGE_LOOP('',(#835,#836,#837,#838)) ;
#927=EDGE_LOOP('',(#928,#929,#930,#931,#932,#933,#934)) ;
#963=EDGE_LOOP('',(#964,#965,#966,#967)) ;
#997=EDGE_LOOP('',(#998,#999,#1000,#1001)) ;
#1019=EDGE_LOOP('',(#1020,#1021,#1022,#1023)) ;
#1036=EDGE_LOOP('',(#1037,#1038,#1039,#1040)) ;
#1058=EDGE_LOOP('',(#1059,#1060,#1061,#1062)) ;
#1087=EDGE_LOOP('',(#1088,#1089,#1090,#1091)) ;
#1116=EDGE_LOOP('',(#1117,#1118,#1119,#1120)) ;
#1259=EDGE_LOOP('',(#1260,#1261,#1262,#1263)) ;
#1271=EDGE_LOOP('',(#1272,#1273,#1274,#1275)) ;
#1293=EDGE_LOOP('',(#1294,#1295,#1296,#1297)) ;
#1310=EDGE_LOOP('',(#1311,#1312,#1313,#1314)) ;
#1327=EDGE_LOOP('',(#1328,#1329,#1330,#1331)) ;
#1339=EDGE_LOOP('',(#1340,#1341,#1342,#1343)) ;
#1356=EDGE_LOOP('',(#1357,#1358,#1359,#1360)) ;
#1368=EDGE_LOOP('',(#1369,#1370,#1371,#1372)) ;
#1380=EDGE_LOOP('',(#1381,#1382,#1383,#1384)) ;
#1387=EDGE_LOOP('',(#1388,#1389,#1390,#1391)) ;
#1409=EDGE_LOOP('',(#1410,#1411,#1412,#1413)) ;
#1426=EDGE_LOOP('',(#1427,#1428,#1429,#1430)) ;
#1438=EDGE_LOOP('',(#1439,#1440,#1441,#1442)) ;
#1450=EDGE_LOOP('',(#1451,#1452,#1453,#1454)) ;
#1467=EDGE_LOOP('',(#1468,#1469,#1470,#1471)) ;
#1479=EDGE_LOOP('',(#1480,#1481,#1482,#1483)) ;
#1491=EDGE_LOOP('',(#1492,#1493,#1494,#1495)) ;
#1498=EDGE_LOOP('',(#1499,#1500,#1501,#1502)) ;
#1549=EDGE_LOOP('',(#1550,#1551,#1552,#1553)) ;
#1580=EDGE_LOOP('',(#1581,#1582,#1583,#1584)) ;
#1603=EDGE_LOOP('',(#1604,#1605,#1606,#1607)) ;
#1637=EDGE_LOOP('',(#1638,#1639,#1640,#1641)) ;
#1668=EDGE_LOOP('',(#1669,#1670,#1671,#1672)) ;
#1692=EDGE_LOOP('',(#1693,#1694,#1695,#1696)) ;
#1716=EDGE_LOOP('',(#1717,#1718,#1719,#1720)) ;
#1733=EDGE_LOOP('',(#1734,#1735,#1736,#1737)) ;
#1780=EDGE_LOOP('',(#1781,#1782,#1783,#1784,#1785)) ;
#1787=EDGE_LOOP('',(#1788,#1789,#1790,#1791)) ;
#1818=EDGE_LOOP('',(#1819,#1820,#1821,#1822)) ;
#1836=EDGE_LOOP('',(#1837,#1838,#1839,#1840)) ;
#1853=EDGE_LOOP('',(#1854,#1855,#1856,#1857)) ;
#1865=EDGE_LOOP('',(#1866,#1867,#1868,#1869)) ;
#1899=EDGE_LOOP('',(#1900,#1901,#1902,#1903)) ;
#1925=EDGE_LOOP('',(#1926,#1927,#1928,#1929)) ;
#1944=EDGE_LOOP('',(#1945,#1946,#1947,#1948)) ;
#1982=EDGE_LOOP('',(#1983,#1984,#1985,#1986,#1987)) ;
#2001=EDGE_LOOP('',(#2002,#2003,#2004,#2005)) ;
#2013=EDGE_LOOP('',(#2014,#2015,#2016,#2017)) ;
#2020=EDGE_LOOP('',(#2021,#2022,#2023,#2024)) ;
#2037=EDGE_LOOP('',(#2038,#2039,#2040,#2041)) ;
#2063=EDGE_LOOP('',(#2064,#2065,#2066,#2067)) ;
#2087=EDGE_LOOP('',(#2088,#2089,#2090,#2091)) ;
#2113=EDGE_LOOP('',(#2114,#2115,#2116,#2117)) ;
#2132=EDGE_LOOP('',(#2133,#2134,#2135,#2136)) ;
#2163=EDGE_LOOP('',(#2164,#2165,#2166,#2167,#2168,#2169,#2170,#2171)) ;
#2198=EDGE_LOOP('',(#2199,#2200,#2201,#2202,#2203,#2204)) ;
#2224=EDGE_LOOP('',(#2225,#2226,#2227,#2228,#2229,#2230)) ;
#2250=EDGE_LOOP('',(#2251,#2252,#2253,#2254)) ;
#2267=EDGE_LOOP('',(#2268,#2269,#2270,#2271,#2272,#2273)) ;
#2281=EDGE_LOOP('',(#2282,#2283,#2284,#2285)) ;
#2330=EDGE_LOOP('',(#2331,#2332,#2333,#2334)) ;
#2375=EDGE_LOOP('',(#2376,#2377,#2378,#2379,#2380,#2381)) ;
#2403=EDGE_LOOP('',(#2404,#2405,#2406,#2407)) ;
#2434=EDGE_LOOP('',(#2435,#2436,#2437,#2438,#2439)) ;
#2465=EDGE_LOOP('',(#2466,#2467,#2468,#2469)) ;
#2496=EDGE_LOOP('',(#2497,#2498,#2499,#2500)) ;
#2520=EDGE_LOOP('',(#2521,#2522,#2523,#2524)) ;
#2544=EDGE_LOOP('',(#2545,#2546,#2547,#2548)) ;
#2561=EDGE_LOOP('',(#2562,#2563,#2564,#2565)) ;
#2600=EDGE_LOOP('',(#2601,#2602,#2603,#2604)) ;
#2606=EDGE_LOOP('',(#2607,#2608,#2609,#2610)) ;
#2637=EDGE_LOOP('',(#2638,#2639,#2640,#2641)) ;
#2661=EDGE_LOOP('',(#2662,#2663,#2664,#2665)) ;
#2679=EDGE_LOOP('',(#2680,#2681,#2682,#2683)) ;
#2710=EDGE_LOOP('',(#2711,#2712,#2713,#2714,#2715)) ;
#2742=EDGE_LOOP('',(#2743,#2744,#2745,#2746)) ;
#2754=EDGE_LOOP('',(#2755,#2756,#2757,#2758)) ;
#2785=EDGE_LOOP('',(#2786,#2787,#2788,#2789,#2790,#2791)) ;
#2811=EDGE_LOOP('',(#2812,#2813,#2814,#2815)) ;
#2842=EDGE_LOOP('',(#2843,#2844,#2845,#2846,#2847,#2848)) ;
#2856=EDGE_LOOP('',(#2857,#2858,#2859,#2860)) ;
#2873=EDGE_LOOP('',(#2874,#2875,#2876,#2877,#2878,#2879,#2880,#2881)) ;
#2889=EDGE_LOOP('',(#2890,#2891,#2892,#2893)) ;
#2923=EDGE_LOOP('',(#2924,#2925,#2926,#2927)) ;
#2957=EDGE_LOOP('',(#2958,#2959,#2960,#2961)) ;
#2991=EDGE_LOOP('',(#2992,#2993,#2994,#2995)) ;
#3022=EDGE_LOOP('',(#3023,#3024,#3025,#3026)) ;
#3065=EDGE_LOOP('',(#3066,#3067,#3068,#3069,#3070,#3071,#3072,#3073)) ;
#3103=EDGE_LOOP('',(#3104,#3105,#3106,#3107)) ;
#3137=EDGE_LOOP('',(#3138,#3139,#3140,#3141)) ;
#3154=EDGE_LOOP('',(#3155,#3156,#3157,#3158)) ;
#3176=EDGE_LOOP('',(#3177,#3178,#3179,#3180,#3181,#3182,#3183,#3184)) ;
#3192=EDGE_LOOP('',(#3193,#3194,#3195,#3196)) ;
#3214=EDGE_LOOP('',(#3215,#3216,#3217,#3218)) ;
#3231=EDGE_LOOP('',(#3232,#3233,#3234,#3235)) ;
#3248=EDGE_LOOP('',(#3249,#3250,#3251,#3252)) ;
#3260=EDGE_LOOP('',(#3261,#3262,#3263,#3264)) ;
#3277=EDGE_LOOP('',(#3278,#3279,#3280,#3281)) ;
#3294=EDGE_LOOP('',(#3295,#3296,#3297,#3298)) ;
#3306=EDGE_LOOP('',(#3307,#3308,#3309,#3310)) ;
#3318=EDGE_LOOP('',(#3319,#3320,#3321,#3322)) ;
#3330=EDGE_LOOP('',(#3331,#3332,#3333,#3334)) ;
#3379=EDGE_LOOP('',(#3380,#3381,#3382,#3383)) ;
#3410=EDGE_LOOP('',(#3411,#3412,#3413,#3414)) ;
#3444=EDGE_LOOP('',(#3445,#3446,#3447,#3448)) ;
#3475=EDGE_LOOP('',(#3476,#3477,#3478,#3479)) ;
#3499=EDGE_LOOP('',(#3500,#3501,#3502,#3503)) ;
#3523=EDGE_LOOP('',(#3524,#3525,#3526,#3527)) ;
#3540=EDGE_LOOP('',(#3541,#3542,#3543,#3544)) ;
#3580=EDGE_LOOP('',(#3581,#3582,#3583,#3584)) ;
#3586=EDGE_LOOP('',(#3587,#3588,#3589,#3590)) ;
#3616=EDGE_LOOP('',(#3617,#3618,#3619,#3620)) ;
#3650=EDGE_LOOP('',(#3651,#3652,#3653,#3654)) ;
#3681=EDGE_LOOP('',(#3682,#3683,#3684,#3685)) ;
#3705=EDGE_LOOP('',(#3706,#3707,#3708,#3709)) ;
#3729=EDGE_LOOP('',(#3730,#3731,#3732,#3733)) ;
#3746=EDGE_LOOP('',(#3747,#3748,#3749,#3750)) ;
#3786=EDGE_LOOP('',(#3787,#3788,#3789,#3790)) ;
#3792=EDGE_LOOP('',(#3793,#3794,#3795,#3796)) ;
#3842=EDGE_LOOP('',(#3843,#3844,#3845,#3846,#3847,#3848,#3849,#3850)) ;
#3863=EDGE_LOOP('',(#3864,#3865,#3866,#3867)) ;
#3892=EDGE_LOOP('',(#3893,#3894,#3895,#3896,#3897,#3898,#3899,#3900)) ;
#3920=EDGE_LOOP('',(#3921,#3922,#3923,#3924)) ;
#3937=EDGE_LOOP('',(#3938,#3939,#3940,#3941)) ;
#3949=EDGE_LOOP('',(#3950,#3951,#3952,#3953)) ;
#3974=EDGE_LOOP('',(#3975,#3976,#3977,#3978)) ;
#3991=EDGE_LOOP('',(#3992,#3993,#3994,#3995)) ;
#4008=EDGE_LOOP('',(#4009,#4010,#4011,#4012)) ;
#4020=EDGE_LOOP('',(#4021,#4022,#4023,#4024)) ;
#4032=EDGE_LOOP('',(#4033,#4034,#4035,#4036)) ;
#4081=EDGE_LOOP('',(#4082,#4083,#4084,#4085)) ;
#4112=EDGE_LOOP('',(#4113,#4114,#4115,#4116)) ;
#4143=EDGE_LOOP('',(#4144,#4145,#4146,#4147)) ;
#4165=EDGE_LOOP('',(#4166,#4167,#4168,#4169)) ;
#4204=EDGE_LOOP('',(#4205,#4206,#4207,#4208)) ;
#4210=EDGE_LOOP('',(#4211,#4212,#4213,#4214)) ;
#4241=EDGE_LOOP('',(#4242,#4243,#4244,#4245)) ;
#4271=EDGE_LOOP('',(#4272,#4273,#4274,#4275)) ;
#4293=EDGE_LOOP('',(#4294,#4295,#4296,#4297)) ;
#4333=EDGE_LOOP('',(#4334,#4335,#4336,#4337)) ;
#4339=EDGE_LOOP('',(#4340,#4341,#4342,#4343)) ;
#4370=EDGE_LOOP('',(#4371,#4372,#4373,#4374)) ;
#4394=EDGE_LOOP('',(#4395,#4396,#4397,#4398)) ;
#4400=EDGE_LOOP('',(#4401,#4402,#4403,#4404)) ;
#4452=EDGE_LOOP('',(#4453,#4454,#4455,#4456,#4457,#4458,#4459,#4460)) ;
#4473=EDGE_LOOP('',(#4474,#4475,#4476,#4477)) ;
#4504=EDGE_LOOP('',(#4505,#4506,#4507,#4508,#4509,#4510,#4511,#4512)) ;
#4532=EDGE_LOOP('',(#4533,#4534,#4535,#4536)) ;
#4556=EDGE_LOOP('',(#4557,#4558,#4559,#4560)) ;
#4573=EDGE_LOOP('',(#4574,#4575,#4576,#4577)) ;
#4585=EDGE_LOOP('',(#4586,#4587,#4588,#4589)) ;
#4619=EDGE_LOOP('',(#4620,#4621,#4622,#4623)) ;
#4653=EDGE_LOOP('',(#4654,#4655,#4656,#4657)) ;
#4687=EDGE_LOOP('',(#4688,#4689,#4690,#4691)) ;
#4718=EDGE_LOOP('',(#4719,#4720,#4721,#4722)) ;
#4742=EDGE_LOOP('',(#4743,#4744,#4745,#4746)) ;
#4766=EDGE_LOOP('',(#4767,#4768,#4769,#4770)) ;
#4783=EDGE_LOOP('',(#4784,#4785,#4786,#4787)) ;
#4795=EDGE_LOOP('',(#4796,#4797,#4798,#4799)) ;
#4801=EDGE_LOOP('',(#4802,#4803,#4804,#4805)) ;
#4835=EDGE_LOOP('',(#4836,#4837,#4838,#4839)) ;
#4869=EDGE_LOOP('',(#4870,#4871,#4872,#4873)) ;
#4891=EDGE_LOOP('',(#4892,#4893,#4894,#4895)) ;
#4903=EDGE_LOOP('',(#4904,#4905,#4906,#4907)) ;
#4920=EDGE_LOOP('',(#4921,#4922,#4923,#4924)) ;
#4927=EDGE_LOOP('',(#4928,#4929,#4930,#4931)) ;
#4949=EDGE_LOOP('',(#4950,#4951,#4952,#4953)) ;
#4966=EDGE_LOOP('',(#4967,#4968,#4969,#4970)) ;
#4983=EDGE_LOOP('',(#4984,#4985,#4986,#4987)) ;
#4990=EDGE_LOOP('',(#4991,#4992,#4993,#4994)) ;
#5039=EDGE_LOOP('',(#5040,#5041,#5042,#5043)) ;
#5074=EDGE_LOOP('',(#5075,#5076,#5077,#5078)) ;
#5096=EDGE_LOOP('',(#5097,#5098,#5099,#5100)) ;
#5113=EDGE_LOOP('',(#5114,#5115,#5116,#5117)) ;
#5130=EDGE_LOOP('',(#5131,#5132,#5133,#5134)) ;
#5142=EDGE_LOOP('',(#5143,#5144,#5145,#5146)) ;
#5191=EDGE_LOOP('',(#5192,#5193,#5194,#5195)) ;
#5226=EDGE_LOOP('',(#5227,#5228,#5229,#5230)) ;
#5248=EDGE_LOOP('',(#5249,#5250,#5251,#5252)) ;
#5265=EDGE_LOOP('',(#5266,#5267,#5268,#5269)) ;
#5282=EDGE_LOOP('',(#5283,#5284,#5285,#5286)) ;
#5294=EDGE_LOOP('',(#5295,#5296,#5297,#5298)) ;
#70=FACE_OUTER_BOUND('',#65,.T.) ;
#110=FACE_OUTER_BOUND('',#105,.T.) ;
#171=FACE_OUTER_BOUND('',#166,.T.) ;
#238=FACE_OUTER_BOUND('',#233,.T.) ;
#466=FACE_OUTER_BOUND('',#461,.T.) ;
#488=FACE_OUTER_BOUND('',#483,.T.) ;
#510=FACE_OUTER_BOUND('',#505,.T.) ;
#525=FACE_OUTER_BOUND('',#517,.T.) ;
#608=FACE_OUTER_BOUND('',#600,.T.) ;
#772=FACE_OUTER_BOUND('',#764,.T.) ;
#935=FACE_OUTER_BOUND('',#927,.T.) ;
#1024=FACE_OUTER_BOUND('',#1019,.T.) ;
#1041=FACE_OUTER_BOUND('',#1036,.T.) ;
#1063=FACE_OUTER_BOUND('',#1058,.T.) ;
#1092=FACE_OUTER_BOUND('',#1087,.T.) ;
#1121=FACE_OUTER_BOUND('',#1116,.T.) ;
#1264=FACE_OUTER_BOUND('',#1259,.T.) ;
#1276=FACE_OUTER_BOUND('',#1271,.T.) ;
#1298=FACE_OUTER_BOUND('',#1293,.T.) ;
#1315=FACE_OUTER_BOUND('',#1310,.T.) ;
#1332=FACE_OUTER_BOUND('',#1327,.T.) ;
#1344=FACE_OUTER_BOUND('',#1339,.T.) ;
#1361=FACE_OUTER_BOUND('',#1356,.T.) ;
#1373=FACE_OUTER_BOUND('',#1368,.T.) ;
#1385=FACE_OUTER_BOUND('',#1380,.T.) ;
#1392=FACE_OUTER_BOUND('',#1387,.T.) ;
#1414=FACE_OUTER_BOUND('',#1409,.T.) ;
#1431=FACE_OUTER_BOUND('',#1426,.T.) ;
#1443=FACE_OUTER_BOUND('',#1438,.T.) ;
#1455=FACE_OUTER_BOUND('',#1450,.T.) ;
#1472=FACE_OUTER_BOUND('',#1467,.T.) ;
#1484=FACE_OUTER_BOUND('',#1479,.T.) ;
#1496=FACE_OUTER_BOUND('',#1491,.T.) ;
#1503=FACE_OUTER_BOUND('',#1498,.T.) ;
#1554=FACE_OUTER_BOUND('',#1549,.T.) ;
#1585=FACE_OUTER_BOUND('',#1580,.T.) ;
#1608=FACE_OUTER_BOUND('',#1603,.T.) ;
#1673=FACE_OUTER_BOUND('',#1668,.T.) ;
#1697=FACE_OUTER_BOUND('',#1692,.T.) ;
#1721=FACE_OUTER_BOUND('',#1716,.T.) ;
#1738=FACE_OUTER_BOUND('',#1733,.T.) ;
#1786=FACE_OUTER_BOUND('',#1780,.T.) ;
#1823=FACE_OUTER_BOUND('',#1818,.T.) ;
#1858=FACE_OUTER_BOUND('',#1853,.T.) ;
#1870=FACE_OUTER_BOUND('',#1865,.T.) ;
#1930=FACE_OUTER_BOUND('',#1925,.T.) ;
#1949=FACE_OUTER_BOUND('',#1944,.T.) ;
#1988=FACE_OUTER_BOUND('',#1982,.T.) ;
#2018=FACE_OUTER_BOUND('',#2013,.T.) ;
#2025=FACE_OUTER_BOUND('',#2020,.T.) ;
#2042=FACE_OUTER_BOUND('',#2037,.T.) ;
#2068=FACE_OUTER_BOUND('',#2063,.T.) ;
#2092=FACE_OUTER_BOUND('',#2087,.T.) ;
#2118=FACE_OUTER_BOUND('',#2113,.T.) ;
#2137=FACE_OUTER_BOUND('',#2132,.T.) ;
#2172=FACE_OUTER_BOUND('',#2163,.T.) ;
#2205=FACE_OUTER_BOUND('',#2198,.T.) ;
#2231=FACE_OUTER_BOUND('',#2224,.T.) ;
#2255=FACE_OUTER_BOUND('',#2250,.T.) ;
#2274=FACE_OUTER_BOUND('',#2267,.T.) ;
#2286=FACE_OUTER_BOUND('',#2281,.T.) ;
#2335=FACE_OUTER_BOUND('',#2330,.T.) ;
#2382=FACE_OUTER_BOUND('',#2375,.T.) ;
#2408=FACE_OUTER_BOUND('',#2403,.T.) ;
#2440=FACE_OUTER_BOUND('',#2434,.T.) ;
#2501=FACE_OUTER_BOUND('',#2496,.T.) ;
#2525=FACE_OUTER_BOUND('',#2520,.T.) ;
#2549=FACE_OUTER_BOUND('',#2544,.T.) ;
#2566=FACE_OUTER_BOUND('',#2561,.T.) ;
#2605=FACE_OUTER_BOUND('',#2600,.T.) ;
#2642=FACE_OUTER_BOUND('',#2637,.T.) ;
#2666=FACE_OUTER_BOUND('',#2661,.T.) ;
#2716=FACE_OUTER_BOUND('',#2710,.T.) ;
#2747=FACE_OUTER_BOUND('',#2742,.T.) ;
#2759=FACE_OUTER_BOUND('',#2754,.T.) ;
#2792=FACE_OUTER_BOUND('',#2785,.T.) ;
#2816=FACE_OUTER_BOUND('',#2811,.T.) ;
#2849=FACE_OUTER_BOUND('',#2842,.T.) ;
#2861=FACE_OUTER_BOUND('',#2856,.T.) ;
#2882=FACE_OUTER_BOUND('',#2873,.T.) ;
#2894=FACE_OUTER_BOUND('',#2889,.T.) ;
#3027=FACE_OUTER_BOUND('',#3022,.T.) ;
#3074=FACE_OUTER_BOUND('',#3065,.T.) ;
#3159=FACE_OUTER_BOUND('',#3154,.T.) ;
#3185=FACE_OUTER_BOUND('',#3176,.T.) ;
#3197=FACE_OUTER_BOUND('',#3192,.T.) ;
#3219=FACE_OUTER_BOUND('',#3214,.T.) ;
#3236=FACE_OUTER_BOUND('',#3231,.T.) ;
#3253=FACE_OUTER_BOUND('',#3248,.T.) ;
#3265=FACE_OUTER_BOUND('',#3260,.T.) ;
#3282=FACE_OUTER_BOUND('',#3277,.T.) ;
#3299=FACE_OUTER_BOUND('',#3294,.T.) ;
#3311=FACE_OUTER_BOUND('',#3306,.T.) ;
#3323=FACE_OUTER_BOUND('',#3318,.T.) ;
#3335=FACE_OUTER_BOUND('',#3330,.T.) ;
#3384=FACE_OUTER_BOUND('',#3379,.T.) ;
#3415=FACE_OUTER_BOUND('',#3410,.T.) ;
#3480=FACE_OUTER_BOUND('',#3475,.T.) ;
#3504=FACE_OUTER_BOUND('',#3499,.T.) ;
#3528=FACE_OUTER_BOUND('',#3523,.T.) ;
#3545=FACE_OUTER_BOUND('',#3540,.T.) ;
#3585=FACE_OUTER_BOUND('',#3580,.T.) ;
#3621=FACE_OUTER_BOUND('',#3616,.T.) ;
#3686=FACE_OUTER_BOUND('',#3681,.T.) ;
#3710=FACE_OUTER_BOUND('',#3705,.T.) ;
#3734=FACE_OUTER_BOUND('',#3729,.T.) ;
#3751=FACE_OUTER_BOUND('',#3746,.T.) ;
#3791=FACE_OUTER_BOUND('',#3786,.T.) ;
#3851=FACE_OUTER_BOUND('',#3842,.T.) ;
#3868=FACE_OUTER_BOUND('',#3863,.T.) ;
#3901=FACE_OUTER_BOUND('',#3892,.T.) ;
#3925=FACE_OUTER_BOUND('',#3920,.T.) ;
#3942=FACE_OUTER_BOUND('',#3937,.T.) ;
#3954=FACE_OUTER_BOUND('',#3949,.T.) ;
#3996=FACE_OUTER_BOUND('',#3991,.T.) ;
#4013=FACE_OUTER_BOUND('',#4008,.T.) ;
#4025=FACE_OUTER_BOUND('',#4020,.T.) ;
#4037=FACE_OUTER_BOUND('',#4032,.T.) ;
#4086=FACE_OUTER_BOUND('',#4081,.T.) ;
#4117=FACE_OUTER_BOUND('',#4112,.T.) ;
#4148=FACE_OUTER_BOUND('',#4143,.T.) ;
#4170=FACE_OUTER_BOUND('',#4165,.T.) ;
#4209=FACE_OUTER_BOUND('',#4204,.T.) ;
#4246=FACE_OUTER_BOUND('',#4241,.T.) ;
#4276=FACE_OUTER_BOUND('',#4271,.T.) ;
#4298=FACE_OUTER_BOUND('',#4293,.T.) ;
#4338=FACE_OUTER_BOUND('',#4333,.T.) ;
#4375=FACE_OUTER_BOUND('',#4370,.T.) ;
#4399=FACE_OUTER_BOUND('',#4394,.T.) ;
#4461=FACE_OUTER_BOUND('',#4452,.T.) ;
#4478=FACE_OUTER_BOUND('',#4473,.T.) ;
#4513=FACE_OUTER_BOUND('',#4504,.T.) ;
#4537=FACE_OUTER_BOUND('',#4532,.T.) ;
#4561=FACE_OUTER_BOUND('',#4556,.T.) ;
#4578=FACE_OUTER_BOUND('',#4573,.T.) ;
#4590=FACE_OUTER_BOUND('',#4585,.T.) ;
#4723=FACE_OUTER_BOUND('',#4718,.T.) ;
#4747=FACE_OUTER_BOUND('',#4742,.T.) ;
#4771=FACE_OUTER_BOUND('',#4766,.T.) ;
#4788=FACE_OUTER_BOUND('',#4783,.T.) ;
#4800=FACE_OUTER_BOUND('',#4795,.T.) ;
#4896=FACE_OUTER_BOUND('',#4891,.T.) ;
#4908=FACE_OUTER_BOUND('',#4903,.T.) ;
#4925=FACE_OUTER_BOUND('',#4920,.T.) ;
#4932=FACE_OUTER_BOUND('',#4927,.T.) ;
#4954=FACE_OUTER_BOUND('',#4949,.T.) ;
#4971=FACE_OUTER_BOUND('',#4966,.T.) ;
#4988=FACE_OUTER_BOUND('',#4983,.T.) ;
#4995=FACE_OUTER_BOUND('',#4990,.T.) ;
#5044=FACE_OUTER_BOUND('',#5039,.T.) ;
#5079=FACE_OUTER_BOUND('',#5074,.T.) ;
#5101=FACE_OUTER_BOUND('',#5096,.T.) ;
#5118=FACE_OUTER_BOUND('',#5113,.T.) ;
#5135=FACE_OUTER_BOUND('',#5130,.T.) ;
#5147=FACE_OUTER_BOUND('',#5142,.T.) ;
#5196=FACE_OUTER_BOUND('',#5191,.T.) ;
#5231=FACE_OUTER_BOUND('',#5226,.T.) ;
#5253=FACE_OUTER_BOUND('',#5248,.T.) ;
#5270=FACE_OUTER_BOUND('',#5265,.T.) ;
#5287=FACE_OUTER_BOUND('',#5282,.T.) ;
#5299=FACE_OUTER_BOUND('',#5294,.T.) ;
#40=LINE('Line',#37,#39) ;
#49=LINE('Line',#46,#48) ;
#56=LINE('Line',#53,#55) ;
#80=LINE('Line',#77,#79) ;
#89=LINE('Line',#86,#88) ;
#96=LINE('Line',#93,#95) ;
#103=LINE('Line',#100,#102) ;
#476=LINE('Line',#473,#475) ;
#481=LINE('Line',#478,#480) ;
#498=LINE('Line',#495,#497) ;
#503=LINE('Line',#500,#502) ;
#529=LINE('Line',#526,#528) ;
#538=LINE('Line',#535,#537) ;
#545=LINE('Line',#542,#544) ;
#552=LINE('Line',#549,#551) ;
#563=LINE('Line',#560,#562) ;
#572=LINE('Line',#569,#571) ;
#579=LINE('Line',#576,#578) ;
#586=LINE('Line',#583,#585) ;
#612=LINE('Line',#609,#611) ;
#621=LINE('Line',#618,#620) ;
#628=LINE('Line',#625,#627) ;
#635=LINE('Line',#632,#634) ;
#646=LINE('Line',#643,#645) ;
#655=LINE('Line',#652,#654) ;
#662=LINE('Line',#659,#661) ;
#669=LINE('Line',#666,#668) ;
#686=LINE('Line',#683,#685) ;
#695=LINE('Line',#692,#694) ;
#762=LINE('Line',#759,#761) ;
#776=LINE('Line',#773,#775) ;
#785=LINE('Line',#782,#784) ;
#792=LINE('Line',#789,#791) ;
#809=LINE('Line',#806,#808) ;
#818=LINE('Line',#815,#817) ;
#825=LINE('Line',#822,#824) ;
#832=LINE('Line',#829,#831) ;
#849=LINE('Line',#846,#848) ;
#918=LINE('Line',#915,#917) ;
#925=LINE('Line',#922,#924) ;
#947=LINE('Line',#944,#946) ;
#954=LINE('Line',#951,#953) ;
#961=LINE('Line',#958,#960) ;
#972=LINE('Line',#969,#971) ;
#981=LINE('Line',#978,#980) ;
#988=LINE('Line',#985,#987) ;
#995=LINE('Line',#992,#994) ;
#1034=LINE('Line',#1031,#1033) ;
#1051=LINE('Line',#1048,#1050) ;
#1056=LINE('Line',#1053,#1055) ;
#1286=LINE('Line',#1283,#1285) ;
#1291=LINE('Line',#1288,#1290) ;
#1308=LINE('Line',#1305,#1307) ;
#1325=LINE('Line',#1322,#1324) ;
#1349=LINE('Line',#1346,#1348) ;
#1354=LINE('Line',#1351,#1353) ;
#1366=LINE('Line',#1363,#1365) ;
#1378=LINE('Line',#1375,#1377) ;
#1402=LINE('Line',#1399,#1401) ;
#1407=LINE('Line',#1404,#1406) ;
#1424=LINE('Line',#1421,#1423) ;
#1436=LINE('Line',#1433,#1435) ;
#1460=LINE('Line',#1457,#1459) ;
#1465=LINE('Line',#1462,#1464) ;
#1477=LINE('Line',#1474,#1476) ;
#1489=LINE('Line',#1486,#1488) ;
#1524=LINE('Line',#1521,#1523) ;
#1533=LINE('Line',#1530,#1532) ;
#1540=LINE('Line',#1537,#1539) ;
#1547=LINE('Line',#1544,#1546) ;
#1564=LINE('Line',#1561,#1563) ;
#1573=LINE('Line',#1570,#1572) ;
#1578=LINE('Line',#1575,#1577) ;
#1595=LINE('Line',#1592,#1594) ;
#1612=LINE('Line',#1609,#1611) ;
#1621=LINE('Line',#1618,#1620) ;
#1628=LINE('Line',#1625,#1627) ;
#1635=LINE('Line',#1632,#1634) ;
#1652=LINE('Line',#1649,#1651) ;
#1659=LINE('Line',#1656,#1658) ;
#1666=LINE('Line',#1663,#1665) ;
#1683=LINE('Line',#1680,#1682) ;
#1690=LINE('Line',#1687,#1689) ;
#1707=LINE('Line',#1704,#1706) ;
#1714=LINE('Line',#1711,#1713) ;
#1731=LINE('Line',#1728,#1730) ;
#1748=LINE('Line',#1745,#1747) ;
#1757=LINE('Line',#1754,#1756) ;
#1764=LINE('Line',#1761,#1763) ;
#1771=LINE('Line',#1768,#1770) ;
#1778=LINE('Line',#1775,#1777) ;
#1802=LINE('Line',#1799,#1801) ;
#1809=LINE('Line',#1806,#1808) ;
#1816=LINE('Line',#1813,#1815) ;
#1827=LINE('Line',#1824,#1826) ;
#1834=LINE('Line',#1831,#1833) ;
#1851=LINE('Line',#1848,#1850) ;
#1874=LINE('Line',#1871,#1873) ;
#1883=LINE('Line',#1880,#1882) ;
#1890=LINE('Line',#1887,#1889) ;
#1897=LINE('Line',#1894,#1896) ;
#1909=LINE('Line',#1906,#1908) ;
#1916=LINE('Line',#1913,#1915) ;
#1923=LINE('Line',#1920,#1922) ;
#1935=LINE('Line',#1932,#1934) ;
#1942=LINE('Line',#1939,#1941) ;
#1959=LINE('Line',#1956,#1958) ;
#1968=LINE('Line',#1965,#1967) ;
#1975=LINE('Line',#1972,#1974) ;
#1980=LINE('Line',#1977,#1979) ;
#1992=LINE('Line',#1989,#1991) ;
#1999=LINE('Line',#1996,#1998) ;
#2011=LINE('Line',#2008,#2010) ;
#2035=LINE('Line',#2032,#2034) ;
#2047=LINE('Line',#2044,#2046) ;
#2054=LINE('Line',#2051,#2053) ;
#2061=LINE('Line',#2058,#2060) ;
#2078=LINE('Line',#2075,#2077) ;
#2085=LINE('Line',#2082,#2084) ;
#2097=LINE('Line',#2094,#2096) ;
#2106=LINE('Line',#2103,#2105) ;
#2111=LINE('Line',#2108,#2110) ;
#2123=LINE('Line',#2120,#2122) ;
#2130=LINE('Line',#2127,#2129) ;
#2147=LINE('Line',#2144,#2146) ;
#2154=LINE('Line',#2151,#2153) ;
#2161=LINE('Line',#2158,#2160) ;
#2182=LINE('Line',#2179,#2181) ;
#2189=LINE('Line',#2186,#2188) ;
#2196=LINE('Line',#2193,#2195) ;
#2215=LINE('Line',#2212,#2214) ;
#2222=LINE('Line',#2219,#2221) ;
#2241=LINE('Line',#2238,#2240) ;
#2248=LINE('Line',#2245,#2247) ;
#2265=LINE('Line',#2262,#2264) ;
#2305=LINE('Line',#2302,#2304) ;
#2314=LINE('Line',#2311,#2313) ;
#2321=LINE('Line',#2318,#2320) ;
#2328=LINE('Line',#2325,#2327) ;
#2345=LINE('Line',#2342,#2344) ;
#2354=LINE('Line',#2351,#2353) ;
#2359=LINE('Line',#2356,#2358) ;
#2366=LINE('Line',#2363,#2365) ;
#2373=LINE('Line',#2370,#2372) ;
#2387=LINE('Line',#2384,#2386) ;
#2394=LINE('Line',#2391,#2393) ;
#2401=LINE('Line',#2398,#2400) ;
#2418=LINE('Line',#2415,#2417) ;
#2425=LINE('Line',#2422,#2424) ;
#2432=LINE('Line',#2429,#2431) ;
#2480=LINE('Line',#2477,#2479) ;
#2487=LINE('Line',#2484,#2486) ;
#2494=LINE('Line',#2491,#2493) ;
#2511=LINE('Line',#2508,#2510) ;
#2518=LINE('Line',#2515,#2517) ;
#2535=LINE('Line',#2532,#2534) ;
#2542=LINE('Line',#2539,#2541) ;
#2559=LINE('Line',#2556,#2558) ;
#2576=LINE('Line',#2573,#2575) ;
#2585=LINE('Line',#2582,#2584) ;
#2598=LINE('Line',#2595,#2597) ;
#2621=LINE('Line',#2618,#2620) ;
#2628=LINE('Line',#2625,#2627) ;
#2635=LINE('Line',#2632,#2634) ;
#2652=LINE('Line',#2649,#2651) ;
#2659=LINE('Line',#2656,#2658) ;
#2670=LINE('Line',#2667,#2669) ;
#2677=LINE('Line',#2674,#2676) ;
#2694=LINE('Line',#2691,#2693) ;
#2703=LINE('Line',#2700,#2702) ;
#2708=LINE('Line',#2705,#2707) ;
#2726=LINE('Line',#2723,#2725) ;
#2733=LINE('Line',#2730,#2732) ;
#2740=LINE('Line',#2737,#2739) ;
#2752=LINE('Line',#2749,#2751) ;
#2769=LINE('Line',#2766,#2768) ;
#2776=LINE('Line',#2773,#2775) ;
#2783=LINE('Line',#2780,#2782) ;
#2802=LINE('Line',#2799,#2801) ;
#2809=LINE('Line',#2806,#2808) ;
#2826=LINE('Line',#2823,#2825) ;
#2833=LINE('Line',#2830,#2832) ;
#2840=LINE('Line',#2837,#2839) ;
#2854=LINE('Line',#2851,#2853) ;
#2871=LINE('Line',#2868,#2870) ;
#2898=LINE('Line',#2895,#2897) ;
#2907=LINE('Line',#2904,#2906) ;
#2914=LINE('Line',#2911,#2913) ;
#2921=LINE('Line',#2918,#2920) ;
#2932=LINE('Line',#2929,#2931) ;
#2941=LINE('Line',#2938,#2940) ;
#2948=LINE('Line',#2945,#2947) ;
#2955=LINE('Line',#2952,#2954) ;
#2966=LINE('Line',#2963,#2965) ;
#2975=LINE('Line',#2972,#2974) ;
#2982=LINE('Line',#2979,#2981) ;
#2989=LINE('Line',#2986,#2988) ;
#3006=LINE('Line',#3003,#3005) ;
#3013=LINE('Line',#3010,#3012) ;
#3020=LINE('Line',#3017,#3019) ;
#3037=LINE('Line',#3034,#3036) ;
#3044=LINE('Line',#3041,#3043) ;
#3051=LINE('Line',#3048,#3050) ;
#3056=LINE('Line',#3053,#3055) ;
#3063=LINE('Line',#3060,#3062) ;
#3078=LINE('Line',#3075,#3077) ;
#3087=LINE('Line',#3084,#3086) ;
#3094=LINE('Line',#3091,#3093) ;
#3101=LINE('Line',#3098,#3100) ;
#3112=LINE('Line',#3109,#3111) ;
#3121=LINE('Line',#3118,#3120) ;
#3128=LINE('Line',#3125,#3127) ;
#3135=LINE('Line',#3132,#3134) ;
#3152=LINE('Line',#3149,#3151) ;
#3169=LINE('Line',#3166,#3168) ;
#3174=LINE('Line',#3171,#3173) ;
#3207=LINE('Line',#3204,#3206) ;
#3212=LINE('Line',#3209,#3211) ;
#3229=LINE('Line',#3226,#3228) ;
#3246=LINE('Line',#3243,#3245) ;
#3270=LINE('Line',#3267,#3269) ;
#3275=LINE('Line',#3272,#3274) ;
#3292=LINE('Line',#3289,#3291) ;
#3304=LINE('Line',#3301,#3303) ;
#3354=LINE('Line',#3351,#3353) ;
#3363=LINE('Line',#3360,#3362) ;
#3370=LINE('Line',#3367,#3369) ;
#3377=LINE('Line',#3374,#3376) ;
#3394=LINE('Line',#3391,#3393) ;
#3401=LINE('Line',#3398,#3400) ;
#3408=LINE('Line',#3405,#3407) ;
#3419=LINE('Line',#3416,#3418) ;
#3428=LINE('Line',#3425,#3427) ;
#3435=LINE('Line',#3432,#3434) ;
#3442=LINE('Line',#3439,#3441) ;
#3459=LINE('Line',#3456,#3458) ;
#3466=LINE('Line',#3463,#3465) ;
#3473=LINE('Line',#3470,#3472) ;
#3490=LINE('Line',#3487,#3489) ;
#3497=LINE('Line',#3494,#3496) ;
#3514=LINE('Line',#3511,#3513) ;
#3521=LINE('Line',#3518,#3520) ;
#3538=LINE('Line',#3535,#3537) ;
#3555=LINE('Line',#3552,#3554) ;
#3564=LINE('Line',#3561,#3563) ;
#3571=LINE('Line',#3568,#3570) ;
#3578=LINE('Line',#3575,#3577) ;
#3601=LINE('Line',#3598,#3600) ;
#3610=LINE('Line',#3607,#3609) ;
#3625=LINE('Line',#3622,#3624) ;
#3634=LINE('Line',#3631,#3633) ;
#3641=LINE('Line',#3638,#3640) ;
#3648=LINE('Line',#3645,#3647) ;
#3665=LINE('Line',#3662,#3664) ;
#3672=LINE('Line',#3669,#3671) ;
#3679=LINE('Line',#3676,#3678) ;
#3696=LINE('Line',#3693,#3695) ;
#3703=LINE('Line',#3700,#3702) ;
#3720=LINE('Line',#3717,#3719) ;
#3727=LINE('Line',#3724,#3726) ;
#3744=LINE('Line',#3741,#3743) ;
#3761=LINE('Line',#3758,#3760) ;
#3770=LINE('Line',#3767,#3769) ;
#3777=LINE('Line',#3774,#3776) ;
#3784=LINE('Line',#3781,#3783) ;
#3807=LINE('Line',#3804,#3806) ;
#3814=LINE('Line',#3811,#3813) ;
#3819=LINE('Line',#3816,#3818) ;
#3826=LINE('Line',#3823,#3825) ;
#3833=LINE('Line',#3830,#3832) ;
#3840=LINE('Line',#3837,#3839) ;
#3861=LINE('Line',#3858,#3860) ;
#3878=LINE('Line',#3875,#3877) ;
#3883=LINE('Line',#3880,#3882) ;
#3890=LINE('Line',#3887,#3889) ;
#3911=LINE('Line',#3908,#3910) ;
#3918=LINE('Line',#3915,#3917) ;
#3935=LINE('Line',#3932,#3934) ;
#3958=LINE('Line',#3955,#3957) ;
#3965=LINE('Line',#3962,#3964) ;
#3972=LINE('Line',#3969,#3971) ;
#3989=LINE('Line',#3986,#3988) ;
#4006=LINE('Line',#4003,#4005) ;
#4056=LINE('Line',#4053,#4055) ;
#4065=LINE('Line',#4062,#4064) ;
#4072=LINE('Line',#4069,#4071) ;
#4079=LINE('Line',#4076,#4078) ;
#4096=LINE('Line',#4093,#4095) ;
#4105=LINE('Line',#4102,#4104) ;
#4110=LINE('Line',#4107,#4109) ;
#4127=LINE('Line',#4124,#4126) ;
#4136=LINE('Line',#4133,#4135) ;
#4141=LINE('Line',#4138,#4140) ;
#4158=LINE('Line',#4155,#4157) ;
#4163=LINE('Line',#4160,#4162) ;
#4180=LINE('Line',#4177,#4179) ;
#4195=LINE('Line',#4192,#4194) ;
#4202=LINE('Line',#4199,#4201) ;
#4225=LINE('Line',#4222,#4224) ;
#4234=LINE('Line',#4231,#4233) ;
#4239=LINE('Line',#4236,#4238) ;
#4264=LINE('Line',#4261,#4263) ;
#4269=LINE('Line',#4266,#4268) ;
#4286=LINE('Line',#4283,#4285) ;
#4291=LINE('Line',#4288,#4290) ;
#4308=LINE('Line',#4305,#4307) ;
#4317=LINE('Line',#4314,#4316) ;
#4324=LINE('Line',#4321,#4323) ;
#4331=LINE('Line',#4328,#4330) ;
#4354=LINE('Line',#4351,#4353) ;
#4361=LINE('Line',#4358,#4360) ;
#4368=LINE('Line',#4365,#4367) ;
#4385=LINE('Line',#4382,#4384) ;
#4392=LINE('Line',#4389,#4391) ;
#4415=LINE('Line',#4412,#4414) ;
#4422=LINE('Line',#4419,#4421) ;
#4429=LINE('Line',#4426,#4428) ;
#4436=LINE('Line',#4433,#4435) ;
#4443=LINE('Line',#4440,#4442) ;
#4450=LINE('Line',#4447,#4449) ;
#4471=LINE('Line',#4468,#4470) ;
#4488=LINE('Line',#4485,#4487) ;
#4495=LINE('Line',#4492,#4494) ;
#4502=LINE('Line',#4499,#4501) ;
#4523=LINE('Line',#4520,#4522) ;
#4530=LINE('Line',#4527,#4529) ;
#4547=LINE('Line',#4544,#4546) ;
#4554=LINE('Line',#4551,#4553) ;
#4571=LINE('Line',#4568,#4570) ;
#4594=LINE('Line',#4591,#4593) ;
#4603=LINE('Line',#4600,#4602) ;
#4610=LINE('Line',#4607,#4609) ;
#4617=LINE('Line',#4614,#4616) ;
#4628=LINE('Line',#4625,#4627) ;
#4637=LINE('Line',#4634,#4636) ;
#4644=LINE('Line',#4641,#4643) ;
#4651=LINE('Line',#4648,#4650) ;
#4662=LINE('Line',#4659,#4661) ;
#4671=LINE('Line',#4668,#4670) ;
#4678=LINE('Line',#4675,#4677) ;
#4685=LINE('Line',#4682,#4684) ;
#4702=LINE('Line',#4699,#4701) ;
#4709=LINE('Line',#4706,#4708) ;
#4716=LINE('Line',#4713,#4715) ;
#4733=LINE('Line',#4730,#4732) ;
#4740=LINE('Line',#4737,#4739) ;
#4757=LINE('Line',#4754,#4756) ;
#4764=LINE('Line',#4761,#4763) ;
#4781=LINE('Line',#4778,#4780) ;
#4810=LINE('Line',#4807,#4809) ;
#4819=LINE('Line',#4816,#4818) ;
#4826=LINE('Line',#4823,#4825) ;
#4833=LINE('Line',#4830,#4832) ;
#4844=LINE('Line',#4841,#4843) ;
#4853=LINE('Line',#4850,#4852) ;
#4860=LINE('Line',#4857,#4859) ;
#4867=LINE('Line',#4864,#4866) ;
#4884=LINE('Line',#4881,#4883) ;
#4889=LINE('Line',#4886,#4888) ;
#4901=LINE('Line',#4898,#4900) ;
#4918=LINE('Line',#4915,#4917) ;
#4942=LINE('Line',#4939,#4941) ;
#4947=LINE('Line',#4944,#4946) ;
#4964=LINE('Line',#4961,#4963) ;
#4981=LINE('Line',#4978,#4980) ;
#5014=LINE('Line',#5011,#5013) ;
#5023=LINE('Line',#5020,#5022) ;
#5030=LINE('Line',#5027,#5029) ;
#5037=LINE('Line',#5034,#5036) ;
#5049=LINE('Line',#5046,#5048) ;
#5058=LINE('Line',#5055,#5057) ;
#5065=LINE('Line',#5062,#5064) ;
#5072=LINE('Line',#5069,#5071) ;
#5089=LINE('Line',#5086,#5088) ;
#5094=LINE('Line',#5091,#5093) ;
#5111=LINE('Line',#5108,#5110) ;
#5128=LINE('Line',#5125,#5127) ;
#5166=LINE('Line',#5163,#5165) ;
#5175=LINE('Line',#5172,#5174) ;
#5182=LINE('Line',#5179,#5181) ;
#5189=LINE('Line',#5186,#5188) ;
#5201=LINE('Line',#5198,#5200) ;
#5210=LINE('Line',#5207,#5209) ;
#5217=LINE('Line',#5214,#5216) ;
#5224=LINE('Line',#5221,#5223) ;
#5241=LINE('Line',#5238,#5240) ;
#5246=LINE('Line',#5243,#5245) ;
#5263=LINE('Line',#5260,#5262) ;
#5280=LINE('Line',#5277,#5279) ;
#36=PLANE('',#35) ;
#76=PLANE('',#75) ;
#472=PLANE('',#471) ;
#494=PLANE('',#493) ;
#516=PLANE('',#515) ;
#599=PLANE('',#598) ;
#682=PLANE('',#681) ;
#845=PLANE('',#844) ;
#1030=PLANE('',#1029) ;
#1047=PLANE('',#1046) ;
#1098=PLANE('',#1097) ;
#1270=PLANE('',#1269) ;
#1282=PLANE('',#1281) ;
#1304=PLANE('',#1303) ;
#1321=PLANE('',#1320) ;
#1338=PLANE('',#1337) ;
#1398=PLANE('',#1397) ;
#1420=PLANE('',#1419) ;
#1449=PLANE('',#1448) ;
#1520=PLANE('',#1519) ;
#1560=PLANE('',#1559) ;
#1591=PLANE('',#1590) ;
#1648=PLANE('',#1647) ;
#1679=PLANE('',#1678) ;
#1703=PLANE('',#1702) ;
#1727=PLANE('',#1726) ;
#1744=PLANE('',#1743) ;
#1798=PLANE('',#1797) ;
#1847=PLANE('',#1846) ;
#1864=PLANE('',#1863) ;
#1955=PLANE('',#1954) ;
#2031=PLANE('',#2030) ;
#2074=PLANE('',#2073) ;
#2143=PLANE('',#2142) ;
#2178=PLANE('',#2177) ;
#2211=PLANE('',#2210) ;
#2237=PLANE('',#2236) ;
#2261=PLANE('',#2260) ;
#2280=PLANE('',#2279) ;
#2301=PLANE('',#2300) ;
#2341=PLANE('',#2340) ;
#2414=PLANE('',#2413) ;
#2476=PLANE('',#2475) ;
#2507=PLANE('',#2506) ;
#2531=PLANE('',#2530) ;
#2555=PLANE('',#2554) ;
#2572=PLANE('',#2571) ;
#2617=PLANE('',#2616) ;
#2648=PLANE('',#2647) ;
#2690=PLANE('',#2689) ;
#2722=PLANE('',#2721) ;
#2765=PLANE('',#2764) ;
#2798=PLANE('',#2797) ;
#2822=PLANE('',#2821) ;
#2867=PLANE('',#2866) ;
#2888=PLANE('',#2887) ;
#3002=PLANE('',#3001) ;
#3033=PLANE('',#3032) ;
#3148=PLANE('',#3147) ;
#3165=PLANE('',#3164) ;
#3191=PLANE('',#3190) ;
#3203=PLANE('',#3202) ;
#3225=PLANE('',#3224) ;
#3242=PLANE('',#3241) ;
#3259=PLANE('',#3258) ;
#3288=PLANE('',#3287) ;
#3317=PLANE('',#3316) ;
#3329=PLANE('',#3328) ;
#3350=PLANE('',#3349) ;
#3390=PLANE('',#3389) ;
#3455=PLANE('',#3454) ;
#3486=PLANE('',#3485) ;
#3510=PLANE('',#3509) ;
#3534=PLANE('',#3533) ;
#3551=PLANE('',#3550) ;
#3597=PLANE('',#3596) ;
#3661=PLANE('',#3660) ;
#3692=PLANE('',#3691) ;
#3716=PLANE('',#3715) ;
#3740=PLANE('',#3739) ;
#3757=PLANE('',#3756) ;
#3803=PLANE('',#3802) ;
#3857=PLANE('',#3856) ;
#3874=PLANE('',#3873) ;
#3907=PLANE('',#3906) ;
#3931=PLANE('',#3930) ;
#3948=PLANE('',#3947) ;
#3985=PLANE('',#3984) ;
#4002=PLANE('',#4001) ;
#4019=PLANE('',#4018) ;
#4031=PLANE('',#4030) ;
#4052=PLANE('',#4051) ;
#4092=PLANE('',#4091) ;
#4123=PLANE('',#4122) ;
#4154=PLANE('',#4153) ;
#4176=PLANE('',#4175) ;
#4221=PLANE('',#4220) ;
#4252=PLANE('',#4251) ;
#4282=PLANE('',#4281) ;
#4304=PLANE('',#4303) ;
#4350=PLANE('',#4349) ;
#4381=PLANE('',#4380) ;
#4411=PLANE('',#4410) ;
#4467=PLANE('',#4466) ;
#4484=PLANE('',#4483) ;
#4519=PLANE('',#4518) ;
#4543=PLANE('',#4542) ;
#4567=PLANE('',#4566) ;
#4584=PLANE('',#4583) ;
#4698=PLANE('',#4697) ;
#4729=PLANE('',#4728) ;
#4753=PLANE('',#4752) ;
#4777=PLANE('',#4776) ;
#4794=PLANE('',#4793) ;
#4880=PLANE('',#4879) ;
#4914=PLANE('',#4913) ;
#4938=PLANE('',#4937) ;
#4960=PLANE('',#4959) ;
#4977=PLANE('',#4976) ;
#5010=PLANE('',#5009) ;
#5085=PLANE('',#5084) ;
#5107=PLANE('',#5106) ;
#5124=PLANE('',#5123) ;
#5141=PLANE('',#5140) ;
#5162=PLANE('',#5161) ;
#5237=PLANE('',#5236) ;
#5259=PLANE('',#5258) ;
#5276=PLANE('',#5275) ;
#5293=PLANE('',#5292) ;
#14=PLANE_ANGLE_MEASURE_WITH_UNIT(PLANE_ANGLE_MEASURE(0.0174532925199),#13) ;
#9=PRODUCT_CATEGORY_RELATIONSHIP(' ',' ',#7,#8) ;
#6=PRODUCT_DEFINITION_FORMATION_WITH_SPECIFIED_SOURCE('',' ',#5,.NOT_KNOWN.) ;
#21=SHAPE_DEFINITION_REPRESENTATION(#11,#20) ;
#42=VERTEX_POINT('',#41) ;
#44=VERTEX_POINT('',#43) ;
#51=VERTEX_POINT('',#50) ;
#58=VERTEX_POINT('',#57) ;
#82=VERTEX_POINT('',#81) ;
#84=VERTEX_POINT('',#83) ;
#91=VERTEX_POINT('',#90) ;
#98=VERTEX_POINT('',#97) ;
#137=VERTEX_POINT('',#136) ;
#159=VERTEX_POINT('',#158) ;
#195=VERTEX_POINT('',#194) ;
#214=VERTEX_POINT('',#213) ;
#399=VERTEX_POINT('',#398) ;
#436=VERTEX_POINT('',#435) ;
#531=VERTEX_POINT('',#530) ;
#533=VERTEX_POINT('',#532) ;
#540=VERTEX_POINT('',#539) ;
#547=VERTEX_POINT('',#546) ;
#565=VERTEX_POINT('',#564) ;
#567=VERTEX_POINT('',#566) ;
#574=VERTEX_POINT('',#573) ;
#581=VERTEX_POINT('',#580) ;
#614=VERTEX_POINT('',#613) ;
#616=VERTEX_POINT('',#615) ;
#623=VERTEX_POINT('',#622) ;
#630=VERTEX_POINT('',#629) ;
#648=VERTEX_POINT('',#647) ;
#650=VERTEX_POINT('',#649) ;
#657=VERTEX_POINT('',#656) ;
#664=VERTEX_POINT('',#663) ;
#688=VERTEX_POINT('',#687) ;
#690=VERTEX_POINT('',#689) ;
#697=VERTEX_POINT('',#696) ;
#703=VERTEX_POINT('',#702) ;
#725=VERTEX_POINT('',#724) ;
#741=VERTEX_POINT('',#740) ;
#757=VERTEX_POINT('',#756) ;
#778=VERTEX_POINT('',#777) ;
#780=VERTEX_POINT('',#779) ;
#787=VERTEX_POINT('',#786) ;
#794=VERTEX_POINT('',#793) ;
#811=VERTEX_POINT('',#810) ;
#813=VERTEX_POINT('',#812) ;
#820=VERTEX_POINT('',#819) ;
#827=VERTEX_POINT('',#826) ;
#851=VERTEX_POINT('',#850) ;
#853=VERTEX_POINT('',#852) ;
#869=VERTEX_POINT('',#868) ;
#885=VERTEX_POINT('',#884) ;
#907=VERTEX_POINT('',#906) ;
#913=VERTEX_POINT('',#912) ;
#920=VERTEX_POINT('',#919) ;
#940=VERTEX_POINT('',#939) ;
#942=VERTEX_POINT('',#941) ;
#949=VERTEX_POINT('',#948) ;
#956=VERTEX_POINT('',#955) ;
#974=VERTEX_POINT('',#973) ;
#976=VERTEX_POINT('',#975) ;
#983=VERTEX_POINT('',#982) ;
#990=VERTEX_POINT('',#989) ;
#1526=VERTEX_POINT('',#1525) ;
#1528=VERTEX_POINT('',#1527) ;
#1535=VERTEX_POINT('',#1534) ;
#1542=VERTEX_POINT('',#1541) ;
#1566=VERTEX_POINT('',#1565) ;
#1568=VERTEX_POINT('',#1567) ;
#1597=VERTEX_POINT('',#1596) ;
#1614=VERTEX_POINT('',#1613) ;
#1616=VERTEX_POINT('',#1615) ;
#1623=VERTEX_POINT('',#1622) ;
#1630=VERTEX_POINT('',#1629) ;
#1654=VERTEX_POINT('',#1653) ;
#1661=VERTEX_POINT('',#1660) ;
#1685=VERTEX_POINT('',#1684) ;
#1709=VERTEX_POINT('',#1708) ;
#1750=VERTEX_POINT('',#1749) ;
#1752=VERTEX_POINT('',#1751) ;
#1759=VERTEX_POINT('',#1758) ;
#1766=VERTEX_POINT('',#1765) ;
#1773=VERTEX_POINT('',#1772) ;
#1804=VERTEX_POINT('',#1803) ;
#1811=VERTEX_POINT('',#1810) ;
#1829=VERTEX_POINT('',#1828) ;
#1876=VERTEX_POINT('',#1875) ;
#1878=VERTEX_POINT('',#1877) ;
#1885=VERTEX_POINT('',#1884) ;
#1892=VERTEX_POINT('',#1891) ;
#1911=VERTEX_POINT('',#1910) ;
#1918=VERTEX_POINT('',#1917) ;
#1937=VERTEX_POINT('',#1936) ;
#1961=VERTEX_POINT('',#1960) ;
#1963=VERTEX_POINT('',#1962) ;
#1970=VERTEX_POINT('',#1969) ;
#1994=VERTEX_POINT('',#1993) ;
#2049=VERTEX_POINT('',#2048) ;
#2056=VERTEX_POINT('',#2055) ;
#2080=VERTEX_POINT('',#2079) ;
#2099=VERTEX_POINT('',#2098) ;
#2101=VERTEX_POINT('',#2100) ;
#2125=VERTEX_POINT('',#2124) ;
#2149=VERTEX_POINT('',#2148) ;
#2156=VERTEX_POINT('',#2155) ;
#2184=VERTEX_POINT('',#2183) ;
#2191=VERTEX_POINT('',#2190) ;
#2217=VERTEX_POINT('',#2216) ;
#2243=VERTEX_POINT('',#2242) ;
#2307=VERTEX_POINT('',#2306) ;
#2309=VERTEX_POINT('',#2308) ;
#2316=VERTEX_POINT('',#2315) ;
#2323=VERTEX_POINT('',#2322) ;
#2347=VERTEX_POINT('',#2346) ;
#2349=VERTEX_POINT('',#2348) ;
#2361=VERTEX_POINT('',#2360) ;
#2368=VERTEX_POINT('',#2367) ;
#2389=VERTEX_POINT('',#2388) ;
#2396=VERTEX_POINT('',#2395) ;
#2420=VERTEX_POINT('',#2419) ;
#2427=VERTEX_POINT('',#2426) ;
#2445=VERTEX_POINT('',#2444) ;
#2447=VERTEX_POINT('',#2446) ;
#2453=VERTEX_POINT('',#2452) ;
#2459=VERTEX_POINT('',#2458) ;
#2482=VERTEX_POINT('',#2481) ;
#2489=VERTEX_POINT('',#2488) ;
#2513=VERTEX_POINT('',#2512) ;
#2537=VERTEX_POINT('',#2536) ;
#2578=VERTEX_POINT('',#2577) ;
#2580=VERTEX_POINT('',#2579) ;
#2587=VERTEX_POINT('',#2586) ;
#2593=VERTEX_POINT('',#2592) ;
#2623=VERTEX_POINT('',#2622) ;
#2630=VERTEX_POINT('',#2629) ;
#2654=VERTEX_POINT('',#2653) ;
#2672=VERTEX_POINT('',#2671) ;
#2696=VERTEX_POINT('',#2695) ;
#2698=VERTEX_POINT('',#2697) ;
#2728=VERTEX_POINT('',#2727) ;
#2735=VERTEX_POINT('',#2734) ;
#2771=VERTEX_POINT('',#2770) ;
#2778=VERTEX_POINT('',#2777) ;
#2804=VERTEX_POINT('',#2803) ;
#2828=VERTEX_POINT('',#2827) ;
#2835=VERTEX_POINT('',#2834) ;
#2900=VERTEX_POINT('',#2899) ;
#2902=VERTEX_POINT('',#2901) ;
#2909=VERTEX_POINT('',#2908) ;
#2916=VERTEX_POINT('',#2915) ;
#2934=VERTEX_POINT('',#2933) ;
#2936=VERTEX_POINT('',#2935) ;
#2943=VERTEX_POINT('',#2942) ;
#2950=VERTEX_POINT('',#2949) ;
#2968=VERTEX_POINT('',#2967) ;
#2970=VERTEX_POINT('',#2969) ;
#2977=VERTEX_POINT('',#2976) ;
#2984=VERTEX_POINT('',#2983) ;
#3008=VERTEX_POINT('',#3007) ;
#3015=VERTEX_POINT('',#3014) ;
#3039=VERTEX_POINT('',#3038) ;
#3046=VERTEX_POINT('',#3045) ;
#3058=VERTEX_POINT('',#3057) ;
#3080=VERTEX_POINT('',#3079) ;
#3082=VERTEX_POINT('',#3081) ;
#3089=VERTEX_POINT('',#3088) ;
#3096=VERTEX_POINT('',#3095) ;
#3114=VERTEX_POINT('',#3113) ;
#3116=VERTEX_POINT('',#3115) ;
#3123=VERTEX_POINT('',#3122) ;
#3130=VERTEX_POINT('',#3129) ;
#3356=VERTEX_POINT('',#3355) ;
#3358=VERTEX_POINT('',#3357) ;
#3365=VERTEX_POINT('',#3364) ;
#3372=VERTEX_POINT('',#3371) ;
#3396=VERTEX_POINT('',#3395) ;
#3403=VERTEX_POINT('',#3402) ;
#3421=VERTEX_POINT('',#3420) ;
#3423=VERTEX_POINT('',#3422) ;
#3430=VERTEX_POINT('',#3429) ;
#3437=VERTEX_POINT('',#3436) ;
#3461=VERTEX_POINT('',#3460) ;
#3468=VERTEX_POINT('',#3467) ;
#3492=VERTEX_POINT('',#3491) ;
#3516=VERTEX_POINT('',#3515) ;
#3557=VERTEX_POINT('',#3556) ;
#3559=VERTEX_POINT('',#3558) ;
#3566=VERTEX_POINT('',#3565) ;
#3573=VERTEX_POINT('',#3572) ;
#3603=VERTEX_POINT('',#3602) ;
#3605=VERTEX_POINT('',#3604) ;
#3627=VERTEX_POINT('',#3626) ;
#3629=VERTEX_POINT('',#3628) ;
#3636=VERTEX_POINT('',#3635) ;
#3643=VERTEX_POINT('',#3642) ;
#3667=VERTEX_POINT('',#3666) ;
#3674=VERTEX_POINT('',#3673) ;
#3698=VERTEX_POINT('',#3697) ;
#3722=VERTEX_POINT('',#3721) ;
#3763=VERTEX_POINT('',#3762) ;
#3765=VERTEX_POINT('',#3764) ;
#3772=VERTEX_POINT('',#3771) ;
#3779=VERTEX_POINT('',#3778) ;
#3809=VERTEX_POINT('',#3808) ;
#3821=VERTEX_POINT('',#3820) ;
#3828=VERTEX_POINT('',#3827) ;
#3835=VERTEX_POINT('',#3834) ;
#3885=VERTEX_POINT('',#3884) ;
#3913=VERTEX_POINT('',#3912) ;
#3960=VERTEX_POINT('',#3959) ;
#3967=VERTEX_POINT('',#3966) ;
#4058=VERTEX_POINT('',#4057) ;
#4060=VERTEX_POINT('',#4059) ;
#4067=VERTEX_POINT('',#4066) ;
#4074=VERTEX_POINT('',#4073) ;
#4098=VERTEX_POINT('',#4097) ;
#4100=VERTEX_POINT('',#4099) ;
#4129=VERTEX_POINT('',#4128) ;
#4131=VERTEX_POINT('',#4130) ;
#4182=VERTEX_POINT('',#4181) ;
#4184=VERTEX_POINT('',#4183) ;
#4190=VERTEX_POINT('',#4189) ;
#4197=VERTEX_POINT('',#4196) ;
#4227=VERTEX_POINT('',#4226) ;
#4229=VERTEX_POINT('',#4228) ;
#4257=VERTEX_POINT('',#4256) ;
#4259=VERTEX_POINT('',#4258) ;
#4310=VERTEX_POINT('',#4309) ;
#4312=VERTEX_POINT('',#4311) ;
#4319=VERTEX_POINT('',#4318) ;
#4326=VERTEX_POINT('',#4325) ;
#4356=VERTEX_POINT('',#4355) ;
#4363=VERTEX_POINT('',#4362) ;
#4387=VERTEX_POINT('',#4386) ;
#4417=VERTEX_POINT('',#4416) ;
#4424=VERTEX_POINT('',#4423) ;
#4431=VERTEX_POINT('',#4430) ;
#4438=VERTEX_POINT('',#4437) ;
#4445=VERTEX_POINT('',#4444) ;
#4490=VERTEX_POINT('',#4489) ;
#4497=VERTEX_POINT('',#4496) ;
#4525=VERTEX_POINT('',#4524) ;
#4549=VERTEX_POINT('',#4548) ;
#4596=VERTEX_POINT('',#4595) ;
#4598=VERTEX_POINT('',#4597) ;
#4605=VERTEX_POINT('',#4604) ;
#4612=VERTEX_POINT('',#4611) ;
#4630=VERTEX_POINT('',#4629) ;
#4632=VERTEX_POINT('',#4631) ;
#4639=VERTEX_POINT('',#4638) ;
#4646=VERTEX_POINT('',#4645) ;
#4664=VERTEX_POINT('',#4663) ;
#4666=VERTEX_POINT('',#4665) ;
#4673=VERTEX_POINT('',#4672) ;
#4680=VERTEX_POINT('',#4679) ;
#4704=VERTEX_POINT('',#4703) ;
#4711=VERTEX_POINT('',#4710) ;
#4735=VERTEX_POINT('',#4734) ;
#4759=VERTEX_POINT('',#4758) ;
#4812=VERTEX_POINT('',#4811) ;
#4814=VERTEX_POINT('',#4813) ;
#4821=VERTEX_POINT('',#4820) ;
#4828=VERTEX_POINT('',#4827) ;
#4846=VERTEX_POINT('',#4845) ;
#4848=VERTEX_POINT('',#4847) ;
#4855=VERTEX_POINT('',#4854) ;
#4862=VERTEX_POINT('',#4861) ;
#5016=VERTEX_POINT('',#5015) ;
#5018=VERTEX_POINT('',#5017) ;
#5025=VERTEX_POINT('',#5024) ;
#5032=VERTEX_POINT('',#5031) ;
#5051=VERTEX_POINT('',#5050) ;
#5053=VERTEX_POINT('',#5052) ;
#5060=VERTEX_POINT('',#5059) ;
#5067=VERTEX_POINT('',#5066) ;
#5168=VERTEX_POINT('',#5167) ;
#5170=VERTEX_POINT('',#5169) ;
#5177=VERTEX_POINT('',#5176) ;
#5184=VERTEX_POINT('',#5183) ;
#5203=VERTEX_POINT('',#5202) ;
#5205=VERTEX_POINT('',#5204) ;
#5212=VERTEX_POINT('',#5211) ;
#5219=VERTEX_POINT('',#5218) ;
#12=(LENGTH_UNIT()NAMED_UNIT(*)SI_UNIT(.MILLI.,.METRE.)) ;
#13=(NAMED_UNIT(*)PLANE_ANGLE_UNIT()SI_UNIT($,.RADIAN.)) ;
#15=(NAMED_UNIT(*)SI_UNIT($,.STERADIAN.)SOLID_ANGLE_UNIT()) ;
#17=(GEOMETRIC_REPRESENTATION_CONTEXT(3)GLOBAL_UNCERTAINTY_ASSIGNED_CONTEXT((#16))GLOBAL_UNIT_ASSIGNED_CONTEXT((#12,#13,#15))REPRESENTATION_CONTEXT(' ',' ')) ;
ENDSEC;
END-ISO-10303-21;
