ISO-10303-21;
HEADER;
FILE_DESCRIPTION(('Open CASCADE Model'),'2;1');
FILE_NAME('Open CASCADE Shape Model','2026-09-04T14:21:30',('Author'),(
    'Open CASCADE'),'Open CASCADE STEP processor 7.9','Open CASCADE 7.9'
  ,'Unknown');
FILE_SCHEMA(('AUTOMOTIVE_DESIGN { 1 0 10303 214 1 1 1 1 }'));
ENDSEC;
DATA;
#1 = APPLICATION_PROTOCOL_DEFINITION('international standard',
  'automotive_design',2000,#2);
#2 = APPLICATION_CONTEXT(
  'core data for automotive mechanical design processes');
#3 = SHAPE_DEFINITION_REPRESENTATION(#4,#10);
#4 = PRODUCT_DEFINITION_SHAPE('','',#5);
#5 = PRODUCT_DEFINITION('design','',#6,#9);
#6 = PRODUCT_DEFINITION_FORMATION('','',#7);
#7 = PRODUCT('Open CASCADE STEP translator 7.9 4',
  'Open CASCADE STEP translator 7.9 4','',(#8));
#8 = PRODUCT_CONTEXT('',#2,'mechanical');
#9 = PRODUCT_DEFINITION_CONTEXT('part definition',#2,'design');
#10 = SHAPE_REPRESENTATION('',(#11,#15,#19,#23,#27,#31,#35,#39,#43,#47,
    #51,#55,#59,#63,#67,#71,#75,#79,#83,#87,#91,#95,#99,#103,#107,#111,
    #115,#119,#123,#127,#131,#135,#139,#143,#147,#151,#155,#159,#163,
    #167,#171,#175,#179,#183,#187,#191,#195,#199,#203,#207,#211),#215);
#11 = AXIS2_PLACEMENT_3D('',#12,#13,#14);
#12 = CARTESIAN_POINT('',(0.,0.,0.));
#13 = DIRECTION('',(0.,0.,1.));
#14 = DIRECTION('',(1.,0.,-0.));
#15 = AXIS2_PLACEMENT_3D('',#16,#17,#18);
#16 = CARTESIAN_POINT('',(12.,0.,0.));
#17 = DIRECTION('',(0.,0.,1.));
#18 = DIRECTION('',(1.,0.,0.));
#19 = AXIS2_PLACEMENT_3D('',#20,#21,#22);
#20 = CARTESIAN_POINT('',(12.,0.,0.));
#21 = DIRECTION('',(0.,0.,1.));
#22 = DIRECTION('',(1.,0.,0.));
#23 = AXIS2_PLACEMENT_3D('',#24,#25,#26);
#24 = CARTESIAN_POINT('',(12.,0.,0.));
#25 = DIRECTION('',(0.,0.,1.));
#26 = DIRECTION('',(1.,0.,0.));
#27 = AXIS2_PLACEMENT_3D('',#28,#29,#30);
#28 = CARTESIAN_POINT('',(12.,0.,0.));
#29 = DIRECTION('',(0.,0.,1.));
#30 = DIRECTION('',(1.,0.,0.));
#31 = AXIS2_PLACEMENT_3D('',#32,#33,#34);
#32 = CARTESIAN_POINT('',(12.,0.,0.));
#33 = DIRECTION('',(0.,0.,1.));
#34 = DIRECTION('',(1.,0.,0.));
#35 = AXIS2_PLACEMENT_3D('',#36,#37,#38);
#36 = CARTESIAN_POINT('',(12.,0.,0.));
#37 = DIRECTION('',(0.,0.,1.));
#38 = DIRECTION('',(1.,0.,0.));
#39 = AXIS2_PLACEMENT_3D('',#40,#41,#42);
#40 = CARTESIAN_POINT('',(12.,0.,0.));
#41 = DIRECTION('',(0.,0.,1.));
#42 = DIRECTION('',(1.,0.,0.));
#43 = AXIS2_PLACEMENT_3D('',#44,#45,#46);
#44 = CARTESIAN_POINT('',(12.,0.,0.));
#45 = DIRECTION('',(0.,0.,1.));
#46 = DIRECTION('',(1.,0.,0.));
#47 = AXIS2_PLACEMENT_3D('',#48,#49,#50);
#48 = CARTESIAN_POINT('',(12.,0.,0.));
#49 = DIRECTION('',(0.,0.,1.));
#50 = DIRECTION('',(1.,0.,0.));
#51 = AXIS2_PLACEMENT_3D('',#52,#53,#54);
#52 = CARTESIAN_POINT('',(33.,15.,33.5));
#53 = DIRECTION('',(0.,0.,1.));
#54 = DIRECTION('',(1.,0.,0.));
#55 = AXIS2_PLACEMENT_3D('',#56,#57,#58);
#56 = CARTESIAN_POINT('',(199.,15.,33.5));
#57 = DIRECTION('',(0.,0.,1.));
#58 = DIRECTION('',(1.,0.,0.));
#59 = AXIS2_PLACEMENT_3D('',#60,#61,#62);
#60 = CARTESIAN_POINT('',(51.,15.,57.));
#61 = DIRECTION('',(0.,0.,1.));
#62 = DIRECTION('',(1.,0.,0.));
#63 = AXIS2_PLACEMENT_3D('',#64,#65,#66);
#64 = CARTESIAN_POINT('',(51.,247.,57.));
#65 = DIRECTION('',(0.,0.,1.));
#66 = DIRECTION('',(1.,0.,0.));
#67 = AXIS2_PLACEMENT_3D('',#68,#69,#70);
#68 = CARTESIAN_POINT('',(44.5,33.,46.5));
#69 = DIRECTION('',(0.,0.,1.));
#70 = DIRECTION('',(1.,0.,0.));
#71 = AXIS2_PLACEMENT_3D('',#72,#73,#74);
#72 = CARTESIAN_POINT('',(12.,0.,0.));
#73 = DIRECTION('',(0.,0.,1.));
#74 = DIRECTION('',(1.,0.,0.));
#75 = AXIS2_PLACEMENT_3D('',#76,#77,#78);
#76 = CARTESIAN_POINT('',(12.,0.,0.));
#77 = DIRECTION('',(0.,0.,1.));
#78 = DIRECTION('',(1.,0.,0.));
#79 = AXIS2_PLACEMENT_3D('',#80,#81,#82);
#80 = CARTESIAN_POINT('',(12.,0.,342.5));
#81 = DIRECTION('',(0.,0.,1.));
#82 = DIRECTION('',(1.,0.,0.));
#83 = AXIS2_PLACEMENT_3D('',#84,#85,#86);
#84 = CARTESIAN_POINT('',(12.,0.,685.));
#85 = DIRECTION('',(0.,0.,1.));
#86 = DIRECTION('',(1.,0.,0.));
#87 = AXIS2_PLACEMENT_3D('',#88,#89,#90);
#88 = CARTESIAN_POINT('',(238.,0.,0.));
#89 = DIRECTION('',(0.,0.,1.));
#90 = DIRECTION('',(1.,0.,0.));
#91 = AXIS2_PLACEMENT_3D('',#92,#93,#94);
#92 = CARTESIAN_POINT('',(238.,0.,0.));
#93 = DIRECTION('',(0.,0.,1.));
#94 = DIRECTION('',(1.,0.,0.));
#95 = AXIS2_PLACEMENT_3D('',#96,#97,#98);
#96 = CARTESIAN_POINT('',(238.,0.,0.));
#97 = DIRECTION('',(0.,0.,1.));
#98 = DIRECTION('',(1.,0.,0.));
#99 = AXIS2_PLACEMENT_3D('',#100,#101,#102);
#100 = CARTESIAN_POINT('',(238.,0.,0.));
#101 = DIRECTION('',(0.,0.,1.));
#102 = DIRECTION('',(1.,0.,0.));
#103 = AXIS2_PLACEMENT_3D('',#104,#105,#106);
#104 = CARTESIAN_POINT('',(238.,0.,0.));
#105 = DIRECTION('',(0.,0.,1.));
#106 = DIRECTION('',(1.,0.,0.));
#107 = AXIS2_PLACEMENT_3D('',#108,#109,#110);
#108 = CARTESIAN_POINT('',(238.,0.,0.));
#109 = DIRECTION('',(0.,0.,1.));
#110 = DIRECTION('',(1.,0.,0.));
#111 = AXIS2_PLACEMENT_3D('',#112,#113,#114);
#112 = CARTESIAN_POINT('',(1.97E+03,0.,0.));
#113 = DIRECTION('',(0.,0.,1.));
#114 = DIRECTION('',(1.,0.,0.));
#115 = AXIS2_PLACEMENT_3D('',#116,#117,#118);
#116 = CARTESIAN_POINT('',(1.97E+03,0.,0.));
#117 = DIRECTION('',(0.,0.,1.));
#118 = DIRECTION('',(1.,0.,0.));
#119 = AXIS2_PLACEMENT_3D('',#120,#121,#122);
#120 = CARTESIAN_POINT('',(1.97E+03,0.,0.));
#121 = DIRECTION('',(0.,0.,1.));
#122 = DIRECTION('',(1.,0.,0.));
#123 = AXIS2_PLACEMENT_3D('',#124,#125,#126);
#124 = CARTESIAN_POINT('',(1.97E+03,0.,0.));
#125 = DIRECTION('',(0.,0.,1.));
#126 = DIRECTION('',(1.,0.,0.));
#127 = AXIS2_PLACEMENT_3D('',#128,#129,#130);
#128 = CARTESIAN_POINT('',(1.97E+03,0.,0.));
#129 = DIRECTION('',(0.,0.,1.));
#130 = DIRECTION('',(1.,0.,0.));
#131 = AXIS2_PLACEMENT_3D('',#132,#133,#134);
#132 = CARTESIAN_POINT('',(1.97E+03,0.,0.));
#133 = DIRECTION('',(0.,0.,1.));
#134 = DIRECTION('',(1.,0.,0.));
#135 = AXIS2_PLACEMENT_3D('',#136,#137,#138);
#136 = CARTESIAN_POINT('',(1.97E+03,0.,0.));
#137 = DIRECTION('',(0.,0.,1.));
#138 = DIRECTION('',(1.,0.,0.));
#139 = AXIS2_PLACEMENT_3D('',#140,#141,#142);
#140 = CARTESIAN_POINT('',(1.97E+03,0.,0.));
#141 = DIRECTION('',(0.,0.,1.));
#142 = DIRECTION('',(1.,0.,0.));
#143 = AXIS2_PLACEMENT_3D('',#144,#145,#146);
#144 = CARTESIAN_POINT('',(1.97E+03,0.,0.));
#145 = DIRECTION('',(0.,0.,1.));
#146 = DIRECTION('',(1.,0.,0.));
#147 = AXIS2_PLACEMENT_3D('',#148,#149,#150);
#148 = CARTESIAN_POINT('',(1.991E+03,15.,33.5));
#149 = DIRECTION('',(0.,0.,1.));
#150 = DIRECTION('',(1.,0.,0.));
#151 = AXIS2_PLACEMENT_3D('',#152,#153,#154);
#152 = CARTESIAN_POINT('',(2.317E+03,15.,33.5));
#153 = DIRECTION('',(0.,0.,1.));
#154 = DIRECTION('',(1.,0.,0.));
#155 = AXIS2_PLACEMENT_3D('',#156,#157,#158);
#156 = CARTESIAN_POINT('',(2.009E+03,15.,57.));
#157 = DIRECTION('',(0.,0.,1.));
#158 = DIRECTION('',(1.,0.,0.));
#159 = AXIS2_PLACEMENT_3D('',#160,#161,#162);
#160 = CARTESIAN_POINT('',(2.009E+03,247.,57.));
#161 = DIRECTION('',(0.,0.,1.));
#162 = DIRECTION('',(1.,0.,0.));
#163 = AXIS2_PLACEMENT_3D('',#164,#165,#166);
#164 = CARTESIAN_POINT('',(2.0025E+03,33.,46.5));
#165 = DIRECTION('',(0.,0.,1.));
#166 = DIRECTION('',(1.,0.,0.));
#167 = AXIS2_PLACEMENT_3D('',#168,#169,#170);
#168 = CARTESIAN_POINT('',(1.97E+03,0.,0.));
#169 = DIRECTION('',(0.,0.,1.));
#170 = DIRECTION('',(1.,0.,0.));
#171 = AXIS2_PLACEMENT_3D('',#172,#173,#174);
#172 = CARTESIAN_POINT('',(1.97E+03,0.,0.));
#173 = DIRECTION('',(0.,0.,1.));
#174 = DIRECTION('',(1.,0.,0.));
#175 = AXIS2_PLACEMENT_3D('',#176,#177,#178);
#176 = CARTESIAN_POINT('',(1.97E+03,0.,342.5));
#177 = DIRECTION('',(0.,0.,1.));
#178 = DIRECTION('',(1.,0.,0.));
#179 = AXIS2_PLACEMENT_3D('',#180,#181,#182);
#180 = CARTESIAN_POINT('',(1.97E+03,0.,685.));
#181 = DIRECTION('',(0.,0.,1.));
#182 = DIRECTION('',(1.,0.,0.));
#183 = AXIS2_PLACEMENT_3D('',#184,#185,#186);
#184 = CARTESIAN_POINT('',(0.,-8.,-5.5));
#185 = DIRECTION('',(0.,0.,1.));
#186 = DIRECTION('',(1.,0.,0.));
#187 = AXIS2_PLACEMENT_3D('',#188,#189,#190);
#188 = CARTESIAN_POINT('',(220.,-8.,-5.5));
#189 = DIRECTION('',(0.,0.,1.));
#190 = DIRECTION('',(1.,0.,0.));
#191 = AXIS2_PLACEMENT_3D('',#192,#193,#194);
#192 = CARTESIAN_POINT('',(1.952E+03,-8.,-5.5));
#193 = DIRECTION('',(0.,0.,1.));
#194 = DIRECTION('',(1.,0.,0.));
#195 = AXIS2_PLACEMENT_3D('',#196,#197,#198);
#196 = CARTESIAN_POINT('',(2.338E+03,-8.,-5.5));
#197 = DIRECTION('',(0.,0.,1.));
#198 = DIRECTION('',(1.,0.,0.));
#199 = AXIS2_PLACEMENT_3D('',#200,#201,#202);
#200 = CARTESIAN_POINT('',(30.,-8.,2.173E+03));
#201 = DIRECTION('',(0.,0.,1.));
#202 = DIRECTION('',(1.,0.,0.));
#203 = AXIS2_PLACEMENT_3D('',#204,#205,#206);
#204 = CARTESIAN_POINT('',(256.,-8.,2.173E+03));
#205 = DIRECTION('',(0.,0.,1.));
#206 = DIRECTION('',(1.,0.,0.));
#207 = AXIS2_PLACEMENT_3D('',#208,#209,#210);
#208 = CARTESIAN_POINT('',(1.988E+03,-8.,2.173E+03));
#209 = DIRECTION('',(0.,0.,1.));
#210 = DIRECTION('',(1.,0.,0.));
#211 = AXIS2_PLACEMENT_3D('',#212,#213,#214);
#212 = CARTESIAN_POINT('',(0.,0.,2.191E+03));
#213 = DIRECTION('',(0.,0.,1.));
#214 = DIRECTION('',(1.,0.,0.));
#215 = ( GEOMETRIC_REPRESENTATION_CONTEXT(3) 
GLOBAL_UNCERTAINTY_ASSIGNED_CONTEXT((#219)) GLOBAL_UNIT_ASSIGNED_CONTEXT
((#216,#217,#218)) REPRESENTATION_CONTEXT('Context #1',
  '3D Context with UNIT and UNCERTAINTY') );
#216 = ( LENGTH_UNIT() NAMED_UNIT(*) SI_UNIT(.MILLI.,.METRE.) );
#217 = ( NAMED_UNIT(*) PLANE_ANGLE_UNIT() SI_UNIT($,.RADIAN.) );
#218 = ( NAMED_UNIT(*) SI_UNIT($,.STERADIAN.) SOLID_ANGLE_UNIT() );
#219 = UNCERTAINTY_MEASURE_WITH_UNIT(LENGTH_MEASURE(1.E-07),#216,
  'distance_accuracy_value','confusion accuracy');
#220 = PRODUCT_RELATED_PRODUCT_CATEGORY('part',$,(#7));
#221 = SHAPE_DEFINITION_REPRESENTATION(#222,#228);
#222 = PRODUCT_DEFINITION_SHAPE('','',#223);
#223 = PRODUCT_DEFINITION('design','',#224,#227);
#224 = PRODUCT_DEFINITION_FORMATION('','',#225);
#225 = PRODUCT('Open CASCADE STEP translator 7.9 4.1',
  'Open CASCADE STEP translator 7.9 4.1','',(#226));
#226 = PRODUCT_CONTEXT('',#2,'mechanical');
#227 = PRODUCT_DEFINITION_CONTEXT('part definition',#2,'design');
#228 = ADVANCED_BREP_SHAPE_REPRESENTATION('',(#11,#229),#559);
#229 = MANIFOLD_SOLID_BREP('',#230);
#230 = CLOSED_SHELL('',(#231,#351,#451,#498,#525,#552));
#231 = ADVANCED_FACE('',(#232),#246,.F.);
#232 = FACE_BOUND('',#233,.T.);
#233 = EDGE_LOOP('',(#234,#269,#297,#325));
#234 = ORIENTED_EDGE('',*,*,#235,.F.);
#235 = EDGE_CURVE('',#236,#238,#240,.T.);
#236 = VERTEX_POINT('',#237);
#237 = CARTESIAN_POINT('',(853.4,1.2358E+03,3.586E+03));
#238 = VERTEX_POINT('',#239);
#239 = CARTESIAN_POINT('',(853.4,1.2358E+03,1.395E+03));
#240 = SURFACE_CURVE('',#241,(#245,#257),.PCURVE_S1.);
#241 = LINE('',#242,#243);
#242 = CARTESIAN_POINT('',(853.4,1.2358E+03,2.4905E+03));
#243 = VECTOR('',#244,1.);
#244 = DIRECTION('',(0.,0.,-1.));
#245 = PCURVE('',#246,#251);
#246 = PLANE('',#247);
#247 = AXIS2_PLACEMENT_3D('',#248,#249,#250);
#248 = CARTESIAN_POINT('',(853.4,1.2358E+03,1.395E+03));
#249 = DIRECTION('',(1.110223024625E-16,1.,0.));
#250 = DIRECTION('',(-1.,1.110223024625E-16,0.));
#251 = DEFINITIONAL_REPRESENTATION('',(#252),#256);
#252 = LINE('',#253,#254);
#253 = CARTESIAN_POINT('',(0.,1.0955E+03));
#254 = VECTOR('',#255,1.);
#255 = DIRECTION('',(0.,-1.));
#256 = ( GEOMETRIC_REPRESENTATION_CONTEXT(2) 
PARAMETRIC_REPRESENTATION_CONTEXT() REPRESENTATION_CONTEXT('2D SPACE',''
  ) );
#257 = PCURVE('',#258,#263);
#258 = PLANE('',#259);
#259 = AXIS2_PLACEMENT_3D('',#260,#261,#262);
#260 = CARTESIAN_POINT('',(853.4,1.2358E+03,3.586E+03));
#261 = DIRECTION('',(1.,-1.110223024625E-16,0.));
#262 = DIRECTION('',(0.,0.,-1.));
#263 = DEFINITIONAL_REPRESENTATION('',(#264),#268);
#264 = LINE('',#265,#266);
#265 = CARTESIAN_POINT('',(1.0955E+03,0.));
#266 = VECTOR('',#267,1.);
#267 = DIRECTION('',(1.,0.));
#268 = ( GEOMETRIC_REPRESENTATION_CONTEXT(2) 
PARAMETRIC_REPRESENTATION_CONTEXT() REPRESENTATION_CONTEXT('2D SPACE',''
  ) );
#269 = ORIENTED_EDGE('',*,*,#270,.F.);
#270 = EDGE_CURVE('',#271,#236,#273,.T.);
#271 = VERTEX_POINT('',#272);
#272 = CARTESIAN_POINT('',(546.4,1.2358E+03,3.586E+03));
#273 = SURFACE_CURVE('',#274,(#278,#285),.PCURVE_S1.);
#274 = LINE('',#275,#276);
#275 = CARTESIAN_POINT('',(699.9,1.2358E+03,3.586E+03));
#276 = VECTOR('',#277,1.);
#277 = DIRECTION('',(1.,-1.110223024625E-16,0.));
#278 = PCURVE('',#246,#279);
#279 = DEFINITIONAL_REPRESENTATION('',(#280),#284);
#280 = LINE('',#281,#282);
#281 = CARTESIAN_POINT('',(153.5,2.191E+03));
#282 = VECTOR('',#283,1.);
#283 = DIRECTION('',(-1.,0.));
#284 = ( GEOMETRIC_REPRESENTATION_CONTEXT(2) 
PARAMETRIC_REPRESENTATION_CONTEXT() REPRESENTATION_CONTEXT('2D SPACE',''
  ) );
#285 = PCURVE('',#286,#291);
#286 = PLANE('',#287);
#287 = AXIS2_PLACEMENT_3D('',#288,#289,#290);
#288 = CARTESIAN_POINT('',(546.4,1.2358E+03,3.586E+03));
#289 = DIRECTION('',(0.,0.,1.));
#290 = DIRECTION('',(1.,-1.110223024625E-16,0.));
#291 = DEFINITIONAL_REPRESENTATION('',(#292),#296);
#292 = LINE('',#293,#294);
#293 = CARTESIAN_POINT('',(153.5,1.7041923428E-14));
#294 = VECTOR('',#295,1.);
#295 = DIRECTION('',(1.,0.));
#296 = ( GEOMETRIC_REPRESENTATION_CONTEXT(2) 
PARAMETRIC_REPRESENTATION_CONTEXT() REPRESENTATION_CONTEXT('2D SPACE',''
  ) );
#297 = ORIENTED_EDGE('',*,*,#298,.F.);
#298 = EDGE_CURVE('',#299,#271,#301,.T.);
#299 = VERTEX_POINT('',#300);
#300 = CARTESIAN_POINT('',(546.4,1.2358E+03,1.395E+03));
#301 = SURFACE_CURVE('',#302,(#306,#313),.PCURVE_S1.);
#302 = LINE('',#303,#304);
#303 = CARTESIAN_POINT('',(546.4,1.2358E+03,2.4905E+03));
#304 = VECTOR('',#305,1.);
#305 = DIRECTION('',(0.,0.,1.));
#306 = PCURVE('',#246,#307);
#307 = DEFINITIONAL_REPRESENTATION('',(#308),#312);
#308 = LINE('',#309,#310);
#309 = CARTESIAN_POINT('',(307.,1.0955E+03));
#310 = VECTOR('',#311,1.);
#311 = DIRECTION('',(0.,1.));
#312 = ( GEOMETRIC_REPRESENTATION_CONTEXT(2) 
PARAMETRIC_REPRESENTATION_CONTEXT() REPRESENTATION_CONTEXT('2D SPACE',''
  ) );
#313 = PCURVE('',#314,#319);
#314 = PLANE('',#315);
#315 = AXIS2_PLACEMENT_3D('',#316,#317,#318);
#316 = CARTESIAN_POINT('',(546.4,1.2358E+03,1.395E+03));
#317 = DIRECTION('',(-1.,1.110223024625E-16,0.));
#318 = DIRECTION('',(0.,0.,1.));
#319 = DEFINITIONAL_REPRESENTATION('',(#320),#324);
#320 = LINE('',#321,#322);
#321 = CARTESIAN_POINT('',(1.0955E+03,0.));
#322 = VECTOR('',#323,1.);
#323 = DIRECTION('',(1.,0.));
#324 = ( GEOMETRIC_REPRESENTATION_CONTEXT(2) 
PARAMETRIC_REPRESENTATION_CONTEXT() REPRESENTATION_CONTEXT('2D SPACE',''
  ) );
#325 = ORIENTED_EDGE('',*,*,#326,.F.);
#326 = EDGE_CURVE('',#238,#299,#327,.T.);
#327 = SURFACE_CURVE('',#328,(#332,#339),.PCURVE_S1.);
#328 = LINE('',#329,#330);
#329 = CARTESIAN_POINT('',(699.9,1.2358E+03,1.395E+03));
#330 = VECTOR('',#331,1.);
#331 = DIRECTION('',(-1.,1.110223024625E-16,0.));
#332 = PCURVE('',#246,#333);
#333 = DEFINITIONAL_REPRESENTATION('',(#334),#338);
#334 = LINE('',#335,#336);
#335 = CARTESIAN_POINT('',(153.5,-2.273736754432E-13));
#336 = VECTOR('',#337,1.);
#337 = DIRECTION('',(1.,0.));
#338 = ( GEOMETRIC_REPRESENTATION_CONTEXT(2) 
PARAMETRIC_REPRESENTATION_CONTEXT() REPRESENTATION_CONTEXT('2D SPACE',''
  ) );
#339 = PCURVE('',#340,#345);
#340 = PLANE('',#341);
#341 = AXIS2_PLACEMENT_3D('',#342,#343,#344);
#342 = CARTESIAN_POINT('',(853.4,1.2358E+03,1.395E+03));
#343 = DIRECTION('',(0.,0.,-1.));
#344 = DIRECTION('',(-1.,1.110223024625E-16,0.));
#345 = DEFINITIONAL_REPRESENTATION('',(#346),#350);
#346 = LINE('',#347,#348);
#347 = CARTESIAN_POINT('',(153.5,-1.7041923428E-14));
#348 = VECTOR('',#349,1.);
#349 = DIRECTION('',(1.,0.));
#350 = ( GEOMETRIC_REPRESENTATION_CONTEXT(2) 
PARAMETRIC_REPRESENTATION_CONTEXT() REPRESENTATION_CONTEXT('2D SPACE',''
  ) );
#351 = ADVANCED_FACE('',(#352),#366,.T.);
#352 = FACE_BOUND('',#353,.T.);
#353 = EDGE_LOOP('',(#354,#384,#407,#430));
#354 = ORIENTED_EDGE('',*,*,#355,.T.);
#355 = EDGE_CURVE('',#356,#358,#360,.T.);
#356 = VERTEX_POINT('',#357);
#357 = CARTESIAN_POINT('',(853.4,1.2538E+03,3.586E+03));
#358 = VERTEX_POINT('',#359);
#359 = CARTESIAN_POINT('',(853.4,1.2538E+03,1.395E+03));
#360 = SURFACE_CURVE('',#361,(#365,#377),.PCURVE_S1.);
#361 = LINE('',#362,#363);
#362 = CARTESIAN_POINT('',(853.4,1.2538E+03,2.4905E+03));
#363 = VECTOR('',#364,1.);
#364 = DIRECTION('',(0.,0.,-1.));
#365 = PCURVE('',#366,#371);
#366 = PLANE('',#367);
#367 = AXIS2_PLACEMENT_3D('',#368,#369,#370);
#368 = CARTESIAN_POINT('',(853.4,1.2538E+03,1.395E+03));
#369 = DIRECTION('',(1.110223024625E-16,1.,0.));
#370 = DIRECTION('',(-1.,1.110223024625E-16,0.));
#371 = DEFINITIONAL_REPRESENTATION('',(#372),#376);
#372 = LINE('',#373,#374);
#373 = CARTESIAN_POINT('',(0.,1.0955E+03));
#374 = VECTOR('',#375,1.);
#375 = DIRECTION('',(0.,-1.));
#376 = ( GEOMETRIC_REPRESENTATION_CONTEXT(2) 
PARAMETRIC_REPRESENTATION_CONTEXT() REPRESENTATION_CONTEXT('2D SPACE',''
  ) );
#377 = PCURVE('',#258,#378);
#378 = DEFINITIONAL_REPRESENTATION('',(#379),#383);
#379 = LINE('',#380,#381);
#380 = CARTESIAN_POINT('',(1.0955E+03,18.));
#381 = VECTOR('',#382,1.);
#382 = DIRECTION('',(1.,0.));
#383 = ( GEOMETRIC_REPRESENTATION_CONTEXT(2) 
PARAMETRIC_REPRESENTATION_CONTEXT() REPRESENTATION_CONTEXT('2D SPACE',''
  ) );
#384 = ORIENTED_EDGE('',*,*,#385,.T.);
#385 = EDGE_CURVE('',#358,#386,#388,.T.);
#386 = VERTEX_POINT('',#387);
#387 = CARTESIAN_POINT('',(546.4,1.2538E+03,1.395E+03));
#388 = SURFACE_CURVE('',#389,(#393,#400),.PCURVE_S1.);
#389 = LINE('',#390,#391);
#390 = CARTESIAN_POINT('',(699.9,1.2538E+03,1.395E+03));
#391 = VECTOR('',#392,1.);
#392 = DIRECTION('',(-1.,1.110223024625E-16,0.));
#393 = PCURVE('',#366,#394);
#394 = DEFINITIONAL_REPRESENTATION('',(#395),#399);
#395 = LINE('',#396,#397);
#396 = CARTESIAN_POINT('',(153.5,-2.273736754432E-13));
#397 = VECTOR('',#398,1.);
#398 = DIRECTION('',(1.,0.));
#399 = ( GEOMETRIC_REPRESENTATION_CONTEXT(2) 
PARAMETRIC_REPRESENTATION_CONTEXT() REPRESENTATION_CONTEXT('2D SPACE',''
  ) );
#400 = PCURVE('',#340,#401);
#401 = DEFINITIONAL_REPRESENTATION('',(#402),#406);
#402 = LINE('',#403,#404);
#403 = CARTESIAN_POINT('',(153.5,18.));
#404 = VECTOR('',#405,1.);
#405 = DIRECTION('',(1.,0.));
#406 = ( GEOMETRIC_REPRESENTATION_CONTEXT(2) 
PARAMETRIC_REPRESENTATION_CONTEXT() REPRESENTATION_CONTEXT('2D SPACE',''
  ) );
#407 = ORIENTED_EDGE('',*,*,#408,.T.);
#408 = EDGE_CURVE('',#386,#409,#411,.T.);
#409 = VERTEX_POINT('',#410);
#410 = CARTESIAN_POINT('',(546.4,1.2538E+03,3.586E+03));
#411 = SURFACE_CURVE('',#412,(#416,#423),.PCURVE_S1.);
#412 = LINE('',#413,#414);
#413 = CARTESIAN_POINT('',(546.4,1.2538E+03,2.4905E+03));
#414 = VECTOR('',#415,1.);
#415 = DIRECTION('',(0.,0.,1.));
#416 = PCURVE('',#366,#417);
#417 = DEFINITIONAL_REPRESENTATION('',(#418),#422);
#418 = LINE('',#419,#420);
#419 = CARTESIAN_POINT('',(307.,1.0955E+03));
#420 = VECTOR('',#421,1.);
#421 = DIRECTION('',(0.,1.));
#422 = ( GEOMETRIC_REPRESENTATION_CONTEXT(2) 
PARAMETRIC_REPRESENTATION_CONTEXT() REPRESENTATION_CONTEXT('2D SPACE',''
  ) );
#423 = PCURVE('',#314,#424);
#424 = DEFINITIONAL_REPRESENTATION('',(#425),#429);
#425 = LINE('',#426,#427);
#426 = CARTESIAN_POINT('',(1.0955E+03,18.));
#427 = VECTOR('',#428,1.);
#428 = DIRECTION('',(1.,0.));
#429 = ( GEOMETRIC_REPRESENTATION_CONTEXT(2) 
PARAMETRIC_REPRESENTATION_CONTEXT() REPRESENTATION_CONTEXT('2D SPACE',''
  ) );
#430 = ORIENTED_EDGE('',*,*,#431,.T.);
#431 = EDGE_CURVE('',#409,#356,#432,.T.);
#432 = SURFACE_CURVE('',#433,(#437,#444),.PCURVE_S1.);
#433 = LINE('',#434,#435);
#434 = CARTESIAN_POINT('',(699.9,1.2538E+03,3.586E+03));
#435 = VECTOR('',#436,1.);
#436 = DIRECTION('',(1.,-1.110223024625E-16,0.));
#437 = PCURVE('',#366,#438);
#438 = DEFINITIONAL_REPRESENTATION('',(#439),#443);
#439 = LINE('',#440,#441);
#440 = CARTESIAN_POINT('',(153.5,2.191E+03));
#441 = VECTOR('',#442,1.);
#442 = DIRECTION('',(-1.,0.));
#443 = ( GEOMETRIC_REPRESENTATION_CONTEXT(2) 
PARAMETRIC_REPRESENTATION_CONTEXT() REPRESENTATION_CONTEXT('2D SPACE',''
  ) );
#444 = PCURVE('',#286,#445);
#445 = DEFINITIONAL_REPRESENTATION('',(#446),#450);
#446 = LINE('',#447,#448);
#447 = CARTESIAN_POINT('',(153.5,18.));
#448 = VECTOR('',#449,1.);
#449 = DIRECTION('',(1.,0.));
#450 = ( GEOMETRIC_REPRESENTATION_CONTEXT(2) 
PARAMETRIC_REPRESENTATION_CONTEXT() REPRESENTATION_CONTEXT('2D SPACE',''
  ) );
#451 = ADVANCED_FACE('',(#452),#258,.T.);
#452 = FACE_BOUND('',#453,.T.);
#453 = EDGE_LOOP('',(#454,#475,#476,#497));
#454 = ORIENTED_EDGE('',*,*,#455,.F.);
#455 = EDGE_CURVE('',#236,#356,#456,.T.);
#456 = SURFACE_CURVE('',#457,(#461,#468),.PCURVE_S1.);
#457 = LINE('',#458,#459);
#458 = CARTESIAN_POINT('',(853.4,1.2448E+03,3.586E+03));
#459 = VECTOR('',#460,1.);
#460 = DIRECTION('',(1.110223024625E-16,1.,0.));
#461 = PCURVE('',#258,#462);
#462 = DEFINITIONAL_REPRESENTATION('',(#463),#467);
#463 = LINE('',#464,#465);
#464 = CARTESIAN_POINT('',(0.,9.));
#465 = VECTOR('',#466,1.);
#466 = DIRECTION('',(0.,1.));
#467 = ( GEOMETRIC_REPRESENTATION_CONTEXT(2) 
PARAMETRIC_REPRESENTATION_CONTEXT() REPRESENTATION_CONTEXT('2D SPACE',''
  ) );
#468 = PCURVE('',#286,#469);
#469 = DEFINITIONAL_REPRESENTATION('',(#470),#474);
#470 = LINE('',#471,#472);
#471 = CARTESIAN_POINT('',(307.,9.));
#472 = VECTOR('',#473,1.);
#473 = DIRECTION('',(0.,1.));
#474 = ( GEOMETRIC_REPRESENTATION_CONTEXT(2) 
PARAMETRIC_REPRESENTATION_CONTEXT() REPRESENTATION_CONTEXT('2D SPACE',''
  ) );
#475 = ORIENTED_EDGE('',*,*,#235,.T.);
#476 = ORIENTED_EDGE('',*,*,#477,.T.);
#477 = EDGE_CURVE('',#238,#358,#478,.T.);
#478 = SURFACE_CURVE('',#479,(#483,#490),.PCURVE_S1.);
#479 = LINE('',#480,#481);
#480 = CARTESIAN_POINT('',(853.4,1.2448E+03,1.395E+03));
#481 = VECTOR('',#482,1.);
#482 = DIRECTION('',(1.110223024625E-16,1.,0.));
#483 = PCURVE('',#258,#484);
#484 = DEFINITIONAL_REPRESENTATION('',(#485),#489);
#485 = LINE('',#486,#487);
#486 = CARTESIAN_POINT('',(2.191E+03,9.));
#487 = VECTOR('',#488,1.);
#488 = DIRECTION('',(0.,1.));
#489 = ( GEOMETRIC_REPRESENTATION_CONTEXT(2) 
PARAMETRIC_REPRESENTATION_CONTEXT() REPRESENTATION_CONTEXT('2D SPACE',''
  ) );
#490 = PCURVE('',#340,#491);
#491 = DEFINITIONAL_REPRESENTATION('',(#492),#496);
#492 = LINE('',#493,#494);
#493 = CARTESIAN_POINT('',(9.992007221626E-16,9.));
#494 = VECTOR('',#495,1.);
#495 = DIRECTION('',(0.,1.));
#496 = ( GEOMETRIC_REPRESENTATION_CONTEXT(2) 
PARAMETRIC_REPRESENTATION_CONTEXT() REPRESENTATION_CONTEXT('2D SPACE',''
  ) );
#497 = ORIENTED_EDGE('',*,*,#355,.F.);
#498 = ADVANCED_FACE('',(#499),#286,.T.);
#499 = FACE_BOUND('',#500,.T.);
#500 = EDGE_LOOP('',(#501,#522,#523,#524));
#501 = ORIENTED_EDGE('',*,*,#502,.F.);
#502 = EDGE_CURVE('',#271,#409,#503,.T.);
#503 = SURFACE_CURVE('',#504,(#508,#515),.PCURVE_S1.);
#504 = LINE('',#505,#506);
#505 = CARTESIAN_POINT('',(546.4,1.2448E+03,3.586E+03));
#506 = VECTOR('',#507,1.);
#507 = DIRECTION('',(1.110223024625E-16,1.,0.));
#508 = PCURVE('',#286,#509);
#509 = DEFINITIONAL_REPRESENTATION('',(#510),#514);
#510 = LINE('',#511,#512);
#511 = CARTESIAN_POINT('',(-9.992007221626E-16,9.));
#512 = VECTOR('',#513,1.);
#513 = DIRECTION('',(0.,1.));
#514 = ( GEOMETRIC_REPRESENTATION_CONTEXT(2) 
PARAMETRIC_REPRESENTATION_CONTEXT() REPRESENTATION_CONTEXT('2D SPACE',''
  ) );
#515 = PCURVE('',#314,#516);
#516 = DEFINITIONAL_REPRESENTATION('',(#517),#521);
#517 = LINE('',#518,#519);
#518 = CARTESIAN_POINT('',(2.191E+03,9.));
#519 = VECTOR('',#520,1.);
#520 = DIRECTION('',(0.,1.));
#521 = ( GEOMETRIC_REPRESENTATION_CONTEXT(2) 
PARAMETRIC_REPRESENTATION_CONTEXT() REPRESENTATION_CONTEXT('2D SPACE',''
  ) );
#522 = ORIENTED_EDGE('',*,*,#270,.T.);
#523 = ORIENTED_EDGE('',*,*,#455,.T.);
#524 = ORIENTED_EDGE('',*,*,#431,.F.);
#525 = ADVANCED_FACE('',(#526),#314,.T.);
#526 = FACE_BOUND('',#527,.T.);
#527 = EDGE_LOOP('',(#528,#549,#550,#551));
#528 = ORIENTED_EDGE('',*,*,#529,.F.);
#529 = EDGE_CURVE('',#299,#386,#530,.T.);
#530 = SURFACE_CURVE('',#531,(#535,#542),.PCURVE_S1.);
#531 = LINE('',#532,#533);
#532 = CARTESIAN_POINT('',(546.4,1.2448E+03,1.395E+03));
#533 = VECTOR('',#534,1.);
#534 = DIRECTION('',(1.110223024625E-16,1.,0.));
#535 = PCURVE('',#314,#536);
#536 = DEFINITIONAL_REPRESENTATION('',(#537),#541);
#537 = LINE('',#538,#539);
#538 = CARTESIAN_POINT('',(0.,9.));
#539 = VECTOR('',#540,1.);
#540 = DIRECTION('',(0.,1.));
#541 = ( GEOMETRIC_REPRESENTATION_CONTEXT(2) 
PARAMETRIC_REPRESENTATION_CONTEXT() REPRESENTATION_CONTEXT('2D SPACE',''
  ) );
#542 = PCURVE('',#340,#543);
#543 = DEFINITIONAL_REPRESENTATION('',(#544),#548);
#544 = LINE('',#545,#546);
#545 = CARTESIAN_POINT('',(307.,9.));
#546 = VECTOR('',#547,1.);
#547 = DIRECTION('',(0.,1.));
#548 = ( GEOMETRIC_REPRESENTATION_CONTEXT(2) 
PARAMETRIC_REPRESENTATION_CONTEXT() REPRESENTATION_CONTEXT('2D SPACE',''
  ) );
#549 = ORIENTED_EDGE('',*,*,#298,.T.);
#550 = ORIENTED_EDGE('',*,*,#502,.T.);
#551 = ORIENTED_EDGE('',*,*,#408,.F.);
#552 = ADVANCED_FACE('',(#553),#340,.T.);
#553 = FACE_BOUND('',#554,.T.);
#554 = EDGE_LOOP('',(#555,#556,#557,#558));
#555 = ORIENTED_EDGE('',*,*,#477,.F.);
#556 = ORIENTED_EDGE('',*,*,#326,.T.);
#557 = ORIENTED_EDGE('',*,*,#529,.T.);
#558 = ORIENTED_EDGE('',*,*,#385,.F.);
#559 = ( GEOMETRIC_REPRESENTATION_CONTEXT(3) 
GLOBAL_UNCERTAINTY_ASSIGNED_CONTEXT((#563)) GLOBAL_UNIT_ASSIGNED_CONTEXT
((#560,#561,#562)) REPRESENTATION_CONTEXT('Context #1',
  '3D Context with UNIT and UNCERTAINTY') );
#560 = ( LENGTH_UNIT() NAMED_UNIT(*) SI_UNIT(.MILLI.,.METRE.) );
#561 = ( NAMED_UNIT(*) PLANE_ANGLE_UNIT() SI_UNIT($,.RADIAN.) );
#562 = ( NAMED_UNIT(*) SI_UNIT($,.STERADIAN.) SOLID_ANGLE_UNIT() );
#563 = UNCERTAINTY_MEASURE_WITH_UNIT(LENGTH_MEASURE(1.E-07),#560,
  'distance_accuracy_value','confusion accuracy');
#564 = CONTEXT_DEPENDENT_SHAPE_REPRESENTATION(#565,#567);
#565 = ( REPRESENTATION_RELATIONSHIP('','',#228,#10) 
REPRESENTATION_RELATIONSHIP_WITH_TRANSFORMATION(#566) 
SHAPE_REPRESENTATION_RELATIONSHIP() );
#566 = ITEM_DEFINED_TRANSFORMATION('','',#11,#15);
#567 = PRODUCT_DEFINITION_SHAPE('Placement','Placement of an item',#568
  );
#568 = NEXT_ASSEMBLY_USAGE_OCCURRENCE('252','','',#5,#223,$);
#569 = PRODUCT_RELATED_PRODUCT_CATEGORY('part',$,(#225));
#570 = SHAPE_DEFINITION_REPRESENTATION(#571,#577);
#571 = PRODUCT_DEFINITION_SHAPE('','',#572);
#572 = PRODUCT_DEFINITION('design','',#573,#576);
#573 = PRODUCT_DEFINITION_FORMATION('','',#574);
#574 = PRODUCT('Open CASCADE STEP translator 7.9 4.2',
  'Open CASCADE STEP translator 7.9 4.2','',(#575));
#575 = PRODUCT_CONTEXT('',#2,'mechanical');
#576 = PRODUCT_DEFINITION_CONTEXT('part definition',#2,'design');
#577 = ADVANCED_BREP_SHAPE_REPRESENTATION('',(#11,#578),#908);
#578 = MANIFOLD_SOLID_BREP('',#579);
#579 = CLOSED_SHELL('',(#580,#700,#776,#825,#874,#901));
#580 = ADVANCED_FACE('',(#581),#595,.T.);
#581 = FACE_BOUND('',#582,.T.);
#582 = EDGE_LOOP('',(#583,#618,#646,#674));
#583 = ORIENTED_EDGE('',*,*,#584,.T.);
#584 = EDGE_CURVE('',#585,#587,#589,.T.);
#585 = VERTEX_POINT('',#586);
#586 = CARTESIAN_POINT('',(853.4,1.4618E+03,1.395E+03));
#587 = VERTEX_POINT('',#588);
#588 = CARTESIAN_POINT('',(546.4,1.4618E+03,1.395E+03));
#589 = SURFACE_CURVE('',#590,(#594,#606),.PCURVE_S1.);
#590 = LINE('',#591,#592);
#591 = CARTESIAN_POINT('',(699.9,1.4618E+03,1.395E+03));
#592 = VECTOR('',#593,1.);
#593 = DIRECTION('',(-1.,1.110223024625E-16,0.));
#594 = PCURVE('',#595,#600);
#595 = PLANE('',#596);
#596 = AXIS2_PLACEMENT_3D('',#597,#598,#599);
#597 = CARTESIAN_POINT('',(853.4,1.4618E+03,1.395E+03));
#598 = DIRECTION('',(1.110223024625E-16,1.,0.));
#599 = DIRECTION('',(-1.,1.110223024625E-16,0.));
#600 = DEFINITIONAL_REPRESENTATION('',(#601),#605);
#601 = LINE('',#602,#603);
#602 = CARTESIAN_POINT('',(153.5,-2.273736754432E-13));
#603 = VECTOR('',#604,1.);
#604 = DIRECTION('',(1.,0.));
#605 = ( GEOMETRIC_REPRESENTATION_CONTEXT(2) 
PARAMETRIC_REPRESENTATION_CONTEXT() REPRESENTATION_CONTEXT('2D SPACE',''
  ) );
#606 = PCURVE('',#607,#612);
#607 = PLANE('',#608);
#608 = AXIS2_PLACEMENT_3D('',#609,#610,#611);
#609 = CARTESIAN_POINT('',(853.4,1.4618E+03,1.395E+03));
#610 = DIRECTION('',(0.,0.,1.));
#611 = DIRECTION('',(-1.,1.110223024625E-16,0.));
#612 = DEFINITIONAL_REPRESENTATION('',(#613),#617);
#613 = LINE('',#614,#615);
#614 = CARTESIAN_POINT('',(153.5,1.7041923428E-14));
#615 = VECTOR('',#616,1.);
#616 = DIRECTION('',(1.,0.));
#617 = ( GEOMETRIC_REPRESENTATION_CONTEXT(2) 
PARAMETRIC_REPRESENTATION_CONTEXT() REPRESENTATION_CONTEXT('2D SPACE',''
  ) );
#618 = ORIENTED_EDGE('',*,*,#619,.T.);
#619 = EDGE_CURVE('',#587,#620,#622,.T.);
#620 = VERTEX_POINT('',#621);
#621 = CARTESIAN_POINT('',(546.4,1.4618E+03,3.586E+03));
#622 = SURFACE_CURVE('',#623,(#627,#634),.PCURVE_S1.);
#623 = LINE('',#624,#625);
#624 = CARTESIAN_POINT('',(546.4,1.4618E+03,2.4905E+03));
#625 = VECTOR('',#626,1.);
#626 = DIRECTION('',(0.,0.,1.));
#627 = PCURVE('',#595,#628);
#628 = DEFINITIONAL_REPRESENTATION('',(#629),#633);
#629 = LINE('',#630,#631);
#630 = CARTESIAN_POINT('',(307.,1.0955E+03));
#631 = VECTOR('',#632,1.);
#632 = DIRECTION('',(0.,1.));
#633 = ( GEOMETRIC_REPRESENTATION_CONTEXT(2) 
PARAMETRIC_REPRESENTATION_CONTEXT() REPRESENTATION_CONTEXT('2D SPACE',''
  ) );
#634 = PCURVE('',#635,#640);
#635 = PLANE('',#636);
#636 = AXIS2_PLACEMENT_3D('',#637,#638,#639);
#637 = CARTESIAN_POINT('',(546.4,1.4618E+03,1.395E+03));
#638 = DIRECTION('',(1.,-1.110223024625E-16,0.));
#639 = DIRECTION('',(0.,0.,1.));
#640 = DEFINITIONAL_REPRESENTATION('',(#641),#645);
#641 = LINE('',#642,#643);
#642 = CARTESIAN_POINT('',(1.0955E+03,0.));
#643 = VECTOR('',#644,1.);
#644 = DIRECTION('',(1.,0.));
#645 = ( GEOMETRIC_REPRESENTATION_CONTEXT(2) 
PARAMETRIC_REPRESENTATION_CONTEXT() REPRESENTATION_CONTEXT('2D SPACE',''
  ) );
#646 = ORIENTED_EDGE('',*,*,#647,.T.);
#647 = EDGE_CURVE('',#620,#648,#650,.T.);
#648 = VERTEX_POINT('',#649);
#649 = CARTESIAN_POINT('',(853.4,1.4618E+03,3.586E+03));
#650 = SURFACE_CURVE('',#651,(#655,#662),.PCURVE_S1.);
#651 = LINE('',#652,#653);
#652 = CARTESIAN_POINT('',(699.9,1.4618E+03,3.586E+03));
#653 = VECTOR('',#654,1.);
#654 = DIRECTION('',(1.,-1.110223024625E-16,0.));
#655 = PCURVE('',#595,#656);
#656 = DEFINITIONAL_REPRESENTATION('',(#657),#661);
#657 = LINE('',#658,#659);
#658 = CARTESIAN_POINT('',(153.5,2.191E+03));
#659 = VECTOR('',#660,1.);
#660 = DIRECTION('',(-1.,0.));
#661 = ( GEOMETRIC_REPRESENTATION_CONTEXT(2) 
PARAMETRIC_REPRESENTATION_CONTEXT() REPRESENTATION_CONTEXT('2D SPACE',''
  ) );
#662 = PCURVE('',#663,#668);
#663 = PLANE('',#664);
#664 = AXIS2_PLACEMENT_3D('',#665,#666,#667);
#665 = CARTESIAN_POINT('',(546.4,1.4618E+03,3.586E+03));
#666 = DIRECTION('',(0.,0.,-1.));
#667 = DIRECTION('',(1.,-1.110223024625E-16,0.));
#668 = DEFINITIONAL_REPRESENTATION('',(#669),#673);
#669 = LINE('',#670,#671);
#670 = CARTESIAN_POINT('',(153.5,-1.7041923428E-14));
#671 = VECTOR('',#672,1.);
#672 = DIRECTION('',(1.,0.));
#673 = ( GEOMETRIC_REPRESENTATION_CONTEXT(2) 
PARAMETRIC_REPRESENTATION_CONTEXT() REPRESENTATION_CONTEXT('2D SPACE',''
  ) );
#674 = ORIENTED_EDGE('',*,*,#675,.T.);
#675 = EDGE_CURVE('',#648,#585,#676,.T.);
#676 = SURFACE_CURVE('',#677,(#681,#688),.PCURVE_S1.);
#677 = LINE('',#678,#679);
#678 = CARTESIAN_POINT('',(853.4,1.4618E+03,2.4905E+03));
#679 = VECTOR('',#680,1.);
#680 = DIRECTION('',(0.,0.,-1.));
#681 = PCURVE('',#595,#682);
#682 = DEFINITIONAL_REPRESENTATION('',(#683),#687);
#683 = LINE('',#684,#685);
#684 = CARTESIAN_POINT('',(0.,1.0955E+03));
#685 = VECTOR('',#686,1.);
#686 = DIRECTION('',(0.,-1.));
#687 = ( GEOMETRIC_REPRESENTATION_CONTEXT(2) 
PARAMETRIC_REPRESENTATION_CONTEXT() REPRESENTATION_CONTEXT('2D SPACE',''
  ) );
#688 = PCURVE('',#689,#694);
#689 = PLANE('',#690);
#690 = AXIS2_PLACEMENT_3D('',#691,#692,#693);
#691 = CARTESIAN_POINT('',(853.4,1.4618E+03,3.586E+03));
#692 = DIRECTION('',(-1.,1.110223024625E-16,0.));
#693 = DIRECTION('',(0.,0.,-1.));
#694 = DEFINITIONAL_REPRESENTATION('',(#695),#699);
#695 = LINE('',#696,#697);
#696 = CARTESIAN_POINT('',(1.0955E+03,-0.));
#697 = VECTOR('',#698,1.);
#698 = DIRECTION('',(1.,-0.));
#699 = ( GEOMETRIC_REPRESENTATION_CONTEXT(2) 
PARAMETRIC_REPRESENTATION_CONTEXT() REPRESENTATION_CONTEXT('2D SPACE',''
  ) );
#700 = ADVANCED_FACE('',(#701),#607,.F.);
#701 = FACE_BOUND('',#702,.T.);
#702 = EDGE_LOOP('',(#703,#733,#754,#755));
#703 = ORIENTED_EDGE('',*,*,#704,.T.);
#704 = EDGE_CURVE('',#705,#707,#709,.T.);
#705 = VERTEX_POINT('',#706);
#706 = CARTESIAN_POINT('',(853.4,1.4438E+03,1.395E+03));
#707 = VERTEX_POINT('',#708);
#708 = CARTESIAN_POINT('',(546.4,1.4438E+03,1.395E+03));
#709 = SURFACE_CURVE('',#710,(#714,#721),.PCURVE_S1.);
#710 = LINE('',#711,#712);
#711 = CARTESIAN_POINT('',(699.9,1.4438E+03,1.395E+03));
#712 = VECTOR('',#713,1.);
#713 = DIRECTION('',(-1.,1.110223024625E-16,0.));
#714 = PCURVE('',#607,#715);
#715 = DEFINITIONAL_REPRESENTATION('',(#716),#720);
#716 = LINE('',#717,#718);
#717 = CARTESIAN_POINT('',(153.5,18.));
#718 = VECTOR('',#719,1.);
#719 = DIRECTION('',(1.,0.));
#720 = ( GEOMETRIC_REPRESENTATION_CONTEXT(2) 
PARAMETRIC_REPRESENTATION_CONTEXT() REPRESENTATION_CONTEXT('2D SPACE',''
  ) );
#721 = PCURVE('',#722,#727);
#722 = PLANE('',#723);
#723 = AXIS2_PLACEMENT_3D('',#724,#725,#726);
#724 = CARTESIAN_POINT('',(853.4,1.4438E+03,1.395E+03));
#725 = DIRECTION('',(1.110223024625E-16,1.,0.));
#726 = DIRECTION('',(-1.,1.110223024625E-16,0.));
#727 = DEFINITIONAL_REPRESENTATION('',(#728),#732);
#728 = LINE('',#729,#730);
#729 = CARTESIAN_POINT('',(153.5,-2.273736754432E-13));
#730 = VECTOR('',#731,1.);
#731 = DIRECTION('',(1.,0.));
#732 = ( GEOMETRIC_REPRESENTATION_CONTEXT(2) 
PARAMETRIC_REPRESENTATION_CONTEXT() REPRESENTATION_CONTEXT('2D SPACE',''
  ) );
#733 = ORIENTED_EDGE('',*,*,#734,.F.);
#734 = EDGE_CURVE('',#587,#707,#735,.T.);
#735 = SURFACE_CURVE('',#736,(#740,#747),.PCURVE_S1.);
#736 = LINE('',#737,#738);
#737 = CARTESIAN_POINT('',(546.4,1.4528E+03,1.395E+03));
#738 = VECTOR('',#739,1.);
#739 = DIRECTION('',(-1.110223024625E-16,-1.,0.));
#740 = PCURVE('',#607,#741);
#741 = DEFINITIONAL_REPRESENTATION('',(#742),#746);
#742 = LINE('',#743,#744);
#743 = CARTESIAN_POINT('',(307.,9.));
#744 = VECTOR('',#745,1.);
#745 = DIRECTION('',(0.,1.));
#746 = ( GEOMETRIC_REPRESENTATION_CONTEXT(2) 
PARAMETRIC_REPRESENTATION_CONTEXT() REPRESENTATION_CONTEXT('2D SPACE',''
  ) );
#747 = PCURVE('',#635,#748);
#748 = DEFINITIONAL_REPRESENTATION('',(#749),#753);
#749 = LINE('',#750,#751);
#750 = CARTESIAN_POINT('',(0.,9.));
#751 = VECTOR('',#752,1.);
#752 = DIRECTION('',(0.,1.));
#753 = ( GEOMETRIC_REPRESENTATION_CONTEXT(2) 
PARAMETRIC_REPRESENTATION_CONTEXT() REPRESENTATION_CONTEXT('2D SPACE',''
  ) );
#754 = ORIENTED_EDGE('',*,*,#584,.F.);
#755 = ORIENTED_EDGE('',*,*,#756,.T.);
#756 = EDGE_CURVE('',#585,#705,#757,.T.);
#757 = SURFACE_CURVE('',#758,(#762,#769),.PCURVE_S1.);
#758 = LINE('',#759,#760);
#759 = CARTESIAN_POINT('',(853.4,1.4528E+03,1.395E+03));
#760 = VECTOR('',#761,1.);
#761 = DIRECTION('',(-1.110223024625E-16,-1.,0.));
#762 = PCURVE('',#607,#763);
#763 = DEFINITIONAL_REPRESENTATION('',(#764),#768);
#764 = LINE('',#765,#766);
#765 = CARTESIAN_POINT('',(-9.992007221626E-16,9.));
#766 = VECTOR('',#767,1.);
#767 = DIRECTION('',(0.,1.));
#768 = ( GEOMETRIC_REPRESENTATION_CONTEXT(2) 
PARAMETRIC_REPRESENTATION_CONTEXT() REPRESENTATION_CONTEXT('2D SPACE',''
  ) );
#769 = PCURVE('',#689,#770);
#770 = DEFINITIONAL_REPRESENTATION('',(#771),#775);
#771 = LINE('',#772,#773);
#772 = CARTESIAN_POINT('',(2.191E+03,9.));
#773 = VECTOR('',#774,1.);
#774 = DIRECTION('',(-0.,1.));
#775 = ( GEOMETRIC_REPRESENTATION_CONTEXT(2) 
PARAMETRIC_REPRESENTATION_CONTEXT() REPRESENTATION_CONTEXT('2D SPACE',''
  ) );
#776 = ADVANCED_FACE('',(#777),#635,.F.);
#777 = FACE_BOUND('',#778,.T.);
#778 = EDGE_LOOP('',(#779,#802,#823,#824));
#779 = ORIENTED_EDGE('',*,*,#780,.T.);
#780 = EDGE_CURVE('',#707,#781,#783,.T.);
#781 = VERTEX_POINT('',#782);
#782 = CARTESIAN_POINT('',(546.4,1.4438E+03,3.586E+03));
#783 = SURFACE_CURVE('',#784,(#788,#795),.PCURVE_S1.);
#784 = LINE('',#785,#786);
#785 = CARTESIAN_POINT('',(546.4,1.4438E+03,2.4905E+03));
#786 = VECTOR('',#787,1.);
#787 = DIRECTION('',(0.,0.,1.));
#788 = PCURVE('',#635,#789);
#789 = DEFINITIONAL_REPRESENTATION('',(#790),#794);
#790 = LINE('',#791,#792);
#791 = CARTESIAN_POINT('',(1.0955E+03,18.));
#792 = VECTOR('',#793,1.);
#793 = DIRECTION('',(1.,0.));
#794 = ( GEOMETRIC_REPRESENTATION_CONTEXT(2) 
PARAMETRIC_REPRESENTATION_CONTEXT() REPRESENTATION_CONTEXT('2D SPACE',''
  ) );
#795 = PCURVE('',#722,#796);
#796 = DEFINITIONAL_REPRESENTATION('',(#797),#801);
#797 = LINE('',#798,#799);
#798 = CARTESIAN_POINT('',(307.,1.0955E+03));
#799 = VECTOR('',#800,1.);
#800 = DIRECTION('',(0.,1.));
#801 = ( GEOMETRIC_REPRESENTATION_CONTEXT(2) 
PARAMETRIC_REPRESENTATION_CONTEXT() REPRESENTATION_CONTEXT('2D SPACE',''
  ) );
#802 = ORIENTED_EDGE('',*,*,#803,.F.);
#803 = EDGE_CURVE('',#620,#781,#804,.T.);
#804 = SURFACE_CURVE('',#805,(#809,#816),.PCURVE_S1.);
#805 = LINE('',#806,#807);
#806 = CARTESIAN_POINT('',(546.4,1.4528E+03,3.586E+03));
#807 = VECTOR('',#808,1.);
#808 = DIRECTION('',(-1.110223024625E-16,-1.,0.));
#809 = PCURVE('',#635,#810);
#810 = DEFINITIONAL_REPRESENTATION('',(#811),#815);
#811 = LINE('',#812,#813);
#812 = CARTESIAN_POINT('',(2.191E+03,9.));
#813 = VECTOR('',#814,1.);
#814 = DIRECTION('',(0.,1.));
#815 = ( GEOMETRIC_REPRESENTATION_CONTEXT(2) 
PARAMETRIC_REPRESENTATION_CONTEXT() REPRESENTATION_CONTEXT('2D SPACE',''
  ) );
#816 = PCURVE('',#663,#817);
#817 = DEFINITIONAL_REPRESENTATION('',(#818),#822);
#818 = LINE('',#819,#820);
#819 = CARTESIAN_POINT('',(9.992007221626E-16,9.));
#820 = VECTOR('',#821,1.);
#821 = DIRECTION('',(0.,1.));
#822 = ( GEOMETRIC_REPRESENTATION_CONTEXT(2) 
PARAMETRIC_REPRESENTATION_CONTEXT() REPRESENTATION_CONTEXT('2D SPACE',''
  ) );
#823 = ORIENTED_EDGE('',*,*,#619,.F.);
#824 = ORIENTED_EDGE('',*,*,#734,.T.);
#825 = ADVANCED_FACE('',(#826),#663,.F.);
#826 = FACE_BOUND('',#827,.T.);
#827 = EDGE_LOOP('',(#828,#851,#872,#873));
#828 = ORIENTED_EDGE('',*,*,#829,.T.);
#829 = EDGE_CURVE('',#781,#830,#832,.T.);
#830 = VERTEX_POINT('',#831);
#831 = CARTESIAN_POINT('',(853.4,1.4438E+03,3.586E+03));
#832 = SURFACE_CURVE('',#833,(#837,#844),.PCURVE_S1.);
#833 = LINE('',#834,#835);
#834 = CARTESIAN_POINT('',(699.9,1.4438E+03,3.586E+03));
#835 = VECTOR('',#836,1.);
#836 = DIRECTION('',(1.,-1.110223024625E-16,0.));
#837 = PCURVE('',#663,#838);
#838 = DEFINITIONAL_REPRESENTATION('',(#839),#843);
#839 = LINE('',#840,#841);
#840 = CARTESIAN_POINT('',(153.5,18.));
#841 = VECTOR('',#842,1.);
#842 = DIRECTION('',(1.,0.));
#843 = ( GEOMETRIC_REPRESENTATION_CONTEXT(2) 
PARAMETRIC_REPRESENTATION_CONTEXT() REPRESENTATION_CONTEXT('2D SPACE',''
  ) );
#844 = PCURVE('',#722,#845);
#845 = DEFINITIONAL_REPRESENTATION('',(#846),#850);
#846 = LINE('',#847,#848);
#847 = CARTESIAN_POINT('',(153.5,2.191E+03));
#848 = VECTOR('',#849,1.);
#849 = DIRECTION('',(-1.,0.));
#850 = ( GEOMETRIC_REPRESENTATION_CONTEXT(2) 
PARAMETRIC_REPRESENTATION_CONTEXT() REPRESENTATION_CONTEXT('2D SPACE',''
  ) );
#851 = ORIENTED_EDGE('',*,*,#852,.F.);
#852 = EDGE_CURVE('',#648,#830,#853,.T.);
#853 = SURFACE_CURVE('',#854,(#858,#865),.PCURVE_S1.);
#854 = LINE('',#855,#856);
#855 = CARTESIAN_POINT('',(853.4,1.4528E+03,3.586E+03));
#856 = VECTOR('',#857,1.);
#857 = DIRECTION('',(-1.110223024625E-16,-1.,0.));
#858 = PCURVE('',#663,#859);
#859 = DEFINITIONAL_REPRESENTATION('',(#860),#864);
#860 = LINE('',#861,#862);
#861 = CARTESIAN_POINT('',(307.,9.));
#862 = VECTOR('',#863,1.);
#863 = DIRECTION('',(0.,1.));
#864 = ( GEOMETRIC_REPRESENTATION_CONTEXT(2) 
PARAMETRIC_REPRESENTATION_CONTEXT() REPRESENTATION_CONTEXT('2D SPACE',''
  ) );
#865 = PCURVE('',#689,#866);
#866 = DEFINITIONAL_REPRESENTATION('',(#867),#871);
#867 = LINE('',#868,#869);
#868 = CARTESIAN_POINT('',(0.,9.));
#869 = VECTOR('',#870,1.);
#870 = DIRECTION('',(-0.,1.));
#871 = ( GEOMETRIC_REPRESENTATION_CONTEXT(2) 
PARAMETRIC_REPRESENTATION_CONTEXT() REPRESENTATION_CONTEXT('2D SPACE',''
  ) );
#872 = ORIENTED_EDGE('',*,*,#647,.F.);
#873 = ORIENTED_EDGE('',*,*,#803,.T.);
#874 = ADVANCED_FACE('',(#875),#689,.F.);
#875 = FACE_BOUND('',#876,.T.);
#876 = EDGE_LOOP('',(#877,#898,#899,#900));
#877 = ORIENTED_EDGE('',*,*,#878,.T.);
#878 = EDGE_CURVE('',#830,#705,#879,.T.);
#879 = SURFACE_CURVE('',#880,(#884,#891),.PCURVE_S1.);
#880 = LINE('',#881,#882);
#881 = CARTESIAN_POINT('',(853.4,1.4438E+03,2.4905E+03));
#882 = VECTOR('',#883,1.);
#883 = DIRECTION('',(0.,0.,-1.));
#884 = PCURVE('',#689,#885);
#885 = DEFINITIONAL_REPRESENTATION('',(#886),#890);
#886 = LINE('',#887,#888);
#887 = CARTESIAN_POINT('',(1.0955E+03,18.));
#888 = VECTOR('',#889,1.);
#889 = DIRECTION('',(1.,-0.));
#890 = ( GEOMETRIC_REPRESENTATION_CONTEXT(2) 
PARAMETRIC_REPRESENTATION_CONTEXT() REPRESENTATION_CONTEXT('2D SPACE',''
  ) );
#891 = PCURVE('',#722,#892);
#892 = DEFINITIONAL_REPRESENTATION('',(#893),#897);
#893 = LINE('',#894,#895);
#894 = CARTESIAN_POINT('',(0.,1.0955E+03));
#895 = VECTOR('',#896,1.);
#896 = DIRECTION('',(0.,-1.));
#897 = ( GEOMETRIC_REPRESENTATION_CONTEXT(2) 
PARAMETRIC_REPRESENTATION_CONTEXT() REPRESENTATION_CONTEXT('2D SPACE',''
  ) );
#898 = ORIENTED_EDGE('',*,*,#756,.F.);
#899 = ORIENTED_EDGE('',*,*,#675,.F.);
#900 = ORIENTED_EDGE('',*,*,#852,.T.);
#901 = ADVANCED_FACE('',(#902),#722,.F.);
#902 = FACE_BOUND('',#903,.T.);
#903 = EDGE_LOOP('',(#904,#905,#906,#907));
#904 = ORIENTED_EDGE('',*,*,#829,.F.);
#905 = ORIENTED_EDGE('',*,*,#780,.F.);
#906 = ORIENTED_EDGE('',*,*,#704,.F.);
#907 = ORIENTED_EDGE('',*,*,#878,.F.);
#908 = ( GEOMETRIC_REPRESENTATION_CONTEXT(3) 
GLOBAL_UNCERTAINTY_ASSIGNED_CONTEXT((#912)) GLOBAL_UNIT_ASSIGNED_CONTEXT
((#909,#910,#911)) REPRESENTATION_CONTEXT('Context #1',
  '3D Context with UNIT and UNCERTAINTY') );
#909 = ( LENGTH_UNIT() NAMED_UNIT(*) SI_UNIT(.MILLI.,.METRE.) );
#910 = ( NAMED_UNIT(*) PLANE_ANGLE_UNIT() SI_UNIT($,.RADIAN.) );
#911 = ( NAMED_UNIT(*) SI_UNIT($,.STERADIAN.) SOLID_ANGLE_UNIT() );
#912 = UNCERTAINTY_MEASURE_WITH_UNIT(LENGTH_MEASURE(1.E-07),#909,
  'distance_accuracy_value','confusion accuracy');
#913 = CONTEXT_DEPENDENT_SHAPE_REPRESENTATION(#914,#916);
#914 = ( REPRESENTATION_RELATIONSHIP('','',#577,#10) 
REPRESENTATION_RELATIONSHIP_WITH_TRANSFORMATION(#915) 
SHAPE_REPRESENTATION_RELATIONSHIP() );
#915 = ITEM_DEFINED_TRANSFORMATION('','',#11,#19);
#916 = PRODUCT_DEFINITION_SHAPE('Placement','Placement of an item',#917
  );
#917 = NEXT_ASSEMBLY_USAGE_OCCURRENCE('253','','',#5,#572,$);
#918 = PRODUCT_RELATED_PRODUCT_CATEGORY('part',$,(#574));
#919 = SHAPE_DEFINITION_REPRESENTATION(#920,#926);
#920 = PRODUCT_DEFINITION_SHAPE('','',#921);
#921 = PRODUCT_DEFINITION('design','',#922,#925);
#922 = PRODUCT_DEFINITION_FORMATION('','',#923);
#923 = PRODUCT('Open CASCADE STEP translator 7.9 4.3',
  'Open CASCADE STEP translator 7.9 4.3','',(#924));
#924 = PRODUCT_CONTEXT('',#2,'mechanical');
#925 = PRODUCT_DEFINITION_CONTEXT('part definition',#2,'design');
#926 = ADVANCED_BREP_SHAPE_REPRESENTATION('',(#11,#927),#1257);
#927 = MANIFOLD_SOLID_BREP('',#928);
#928 = CLOSED_SHELL('',(#929,#1049,#1149,#1196,#1223,#1250));
#929 = ADVANCED_FACE('',(#930),#944,.F.);
#930 = FACE_BOUND('',#931,.T.);
#931 = EDGE_LOOP('',(#932,#967,#995,#1023));
#932 = ORIENTED_EDGE('',*,*,#933,.F.);
#933 = EDGE_CURVE('',#934,#936,#938,.T.);
#934 = VERTEX_POINT('',#935);
#935 = CARTESIAN_POINT('',(566.4,1.2538E+03,1.395E+03));
#936 = VERTEX_POINT('',#937);
#937 = CARTESIAN_POINT('',(838.4,1.2538E+03,1.395E+03));
#938 = SURFACE_CURVE('',#939,(#943,#955),.PCURVE_S1.);
#939 = LINE('',#940,#941);
#940 = CARTESIAN_POINT('',(702.4,1.2538E+03,1.395E+03));
#941 = VECTOR('',#942,1.);
#942 = DIRECTION('',(1.,-1.110223024625E-16,0.));
#943 = PCURVE('',#944,#949);
#944 = PLANE('',#945);
#945 = AXIS2_PLACEMENT_3D('',#946,#947,#948);
#946 = CARTESIAN_POINT('',(853.4,1.2358E+03,1.395E+03));
#947 = DIRECTION('',(0.,0.,1.));
#948 = DIRECTION('',(1.110223024625E-16,1.,0.));
#949 = DEFINITIONAL_REPRESENTATION('',(#950),#954);
#950 = LINE('',#951,#952);
#951 = CARTESIAN_POINT('',(18.,151.));
#952 = VECTOR('',#953,1.);
#953 = DIRECTION('',(0.,-1.));
#954 = ( GEOMETRIC_REPRESENTATION_CONTEXT(2) 
PARAMETRIC_REPRESENTATION_CONTEXT() REPRESENTATION_CONTEXT('2D SPACE',''
  ) );
#955 = PCURVE('',#956,#961);
#956 = PLANE('',#957);
#957 = AXIS2_PLACEMENT_3D('',#958,#959,#960);
#958 = CARTESIAN_POINT('',(566.4,1.2538E+03,1.395E+03));
#959 = DIRECTION('',(-1.110223024625E-16,-1.,0.));
#960 = DIRECTION('',(1.,-1.110223024625E-16,0.));
#961 = DEFINITIONAL_REPRESENTATION('',(#962),#966);
#962 = LINE('',#963,#964);
#963 = CARTESIAN_POINT('',(136.,0.));
#964 = VECTOR('',#965,1.);
#965 = DIRECTION('',(1.,0.));
#966 = ( GEOMETRIC_REPRESENTATION_CONTEXT(2) 
PARAMETRIC_REPRESENTATION_CONTEXT() REPRESENTATION_CONTEXT('2D SPACE',''
  ) );
#967 = ORIENTED_EDGE('',*,*,#968,.F.);
#968 = EDGE_CURVE('',#969,#934,#971,.T.);
#969 = VERTEX_POINT('',#970);
#970 = CARTESIAN_POINT('',(566.4,1.4438E+03,1.395E+03));
#971 = SURFACE_CURVE('',#972,(#976,#983),.PCURVE_S1.);
#972 = LINE('',#973,#974);
#973 = CARTESIAN_POINT('',(566.4,1.3488E+03,1.395E+03));
#974 = VECTOR('',#975,1.);
#975 = DIRECTION('',(-1.110223024625E-16,-1.,0.));
#976 = PCURVE('',#944,#977);
#977 = DEFINITIONAL_REPRESENTATION('',(#978),#982);
#978 = LINE('',#979,#980);
#979 = CARTESIAN_POINT('',(113.,287.));
#980 = VECTOR('',#981,1.);
#981 = DIRECTION('',(-1.,0.));
#982 = ( GEOMETRIC_REPRESENTATION_CONTEXT(2) 
PARAMETRIC_REPRESENTATION_CONTEXT() REPRESENTATION_CONTEXT('2D SPACE',''
  ) );
#983 = PCURVE('',#984,#989);
#984 = PLANE('',#985);
#985 = AXIS2_PLACEMENT_3D('',#986,#987,#988);
#986 = CARTESIAN_POINT('',(566.4,1.4438E+03,1.395E+03));
#987 = DIRECTION('',(-1.,1.110223024625E-16,0.));
#988 = DIRECTION('',(-1.110223024625E-16,-1.,0.));
#989 = DEFINITIONAL_REPRESENTATION('',(#990),#994);
#990 = LINE('',#991,#992);
#991 = CARTESIAN_POINT('',(95.,0.));
#992 = VECTOR('',#993,1.);
#993 = DIRECTION('',(1.,0.));
#994 = ( GEOMETRIC_REPRESENTATION_CONTEXT(2) 
PARAMETRIC_REPRESENTATION_CONTEXT() REPRESENTATION_CONTEXT('2D SPACE',''
  ) );
#995 = ORIENTED_EDGE('',*,*,#996,.F.);
#996 = EDGE_CURVE('',#997,#969,#999,.T.);
#997 = VERTEX_POINT('',#998);
#998 = CARTESIAN_POINT('',(838.4,1.4438E+03,1.395E+03));
#999 = SURFACE_CURVE('',#1000,(#1004,#1011),.PCURVE_S1.);
#1000 = LINE('',#1001,#1002);
#1001 = CARTESIAN_POINT('',(702.4,1.4438E+03,1.395E+03));
#1002 = VECTOR('',#1003,1.);
#1003 = DIRECTION('',(-1.,1.110223024625E-16,0.));
#1004 = PCURVE('',#944,#1005);
#1005 = DEFINITIONAL_REPRESENTATION('',(#1006),#1010);
#1006 = LINE('',#1007,#1008);
#1007 = CARTESIAN_POINT('',(208.,151.));
#1008 = VECTOR('',#1009,1.);
#1009 = DIRECTION('',(0.,1.));
#1010 = ( GEOMETRIC_REPRESENTATION_CONTEXT(2) 
PARAMETRIC_REPRESENTATION_CONTEXT() REPRESENTATION_CONTEXT('2D SPACE',''
  ) );
#1011 = PCURVE('',#1012,#1017);
#1012 = PLANE('',#1013);
#1013 = AXIS2_PLACEMENT_3D('',#1014,#1015,#1016);
#1014 = CARTESIAN_POINT('',(838.4,1.4438E+03,1.395E+03));
#1015 = DIRECTION('',(1.110223024625E-16,1.,0.));
#1016 = DIRECTION('',(-1.,1.110223024625E-16,0.));
#1017 = DEFINITIONAL_REPRESENTATION('',(#1018),#1022);
#1018 = LINE('',#1019,#1020);
#1019 = CARTESIAN_POINT('',(136.,0.));
#1020 = VECTOR('',#1021,1.);
#1021 = DIRECTION('',(1.,0.));
#1022 = ( GEOMETRIC_REPRESENTATION_CONTEXT(2) 
PARAMETRIC_REPRESENTATION_CONTEXT() REPRESENTATION_CONTEXT('2D SPACE',''
  ) );
#1023 = ORIENTED_EDGE('',*,*,#1024,.F.);
#1024 = EDGE_CURVE('',#936,#997,#1025,.T.);
#1025 = SURFACE_CURVE('',#1026,(#1030,#1037),.PCURVE_S1.);
#1026 = LINE('',#1027,#1028);
#1027 = CARTESIAN_POINT('',(838.4,1.3488E+03,1.395E+03));
#1028 = VECTOR('',#1029,1.);
#1029 = DIRECTION('',(1.110223024625E-16,1.,0.));
#1030 = PCURVE('',#944,#1031);
#1031 = DEFINITIONAL_REPRESENTATION('',(#1032),#1036);
#1032 = LINE('',#1033,#1034);
#1033 = CARTESIAN_POINT('',(113.,15.));
#1034 = VECTOR('',#1035,1.);
#1035 = DIRECTION('',(1.,0.));
#1036 = ( GEOMETRIC_REPRESENTATION_CONTEXT(2) 
PARAMETRIC_REPRESENTATION_CONTEXT() REPRESENTATION_CONTEXT('2D SPACE',''
  ) );
#1037 = PCURVE('',#1038,#1043);
#1038 = PLANE('',#1039);
#1039 = AXIS2_PLACEMENT_3D('',#1040,#1041,#1042);
#1040 = CARTESIAN_POINT('',(838.4,1.2538E+03,1.395E+03));
#1041 = DIRECTION('',(1.,-1.110223024625E-16,0.));
#1042 = DIRECTION('',(1.110223024625E-16,1.,0.));
#1043 = DEFINITIONAL_REPRESENTATION('',(#1044),#1048);
#1044 = LINE('',#1045,#1046);
#1045 = CARTESIAN_POINT('',(95.,0.));
#1046 = VECTOR('',#1047,1.);
#1047 = DIRECTION('',(1.,0.));
#1048 = ( GEOMETRIC_REPRESENTATION_CONTEXT(2) 
PARAMETRIC_REPRESENTATION_CONTEXT() REPRESENTATION_CONTEXT('2D SPACE',''
  ) );
#1049 = ADVANCED_FACE('',(#1050),#1064,.T.);
#1050 = FACE_BOUND('',#1051,.T.);
#1051 = EDGE_LOOP('',(#1052,#1082,#1105,#1128));
#1052 = ORIENTED_EDGE('',*,*,#1053,.T.);
#1053 = EDGE_CURVE('',#1054,#1056,#1058,.T.);
#1054 = VERTEX_POINT('',#1055);
#1055 = CARTESIAN_POINT('',(566.4,1.2538E+03,1.413E+03));
#1056 = VERTEX_POINT('',#1057);
#1057 = CARTESIAN_POINT('',(838.4,1.2538E+03,1.413E+03));
#1058 = SURFACE_CURVE('',#1059,(#1063,#1075),.PCURVE_S1.);
#1059 = LINE('',#1060,#1061);
#1060 = CARTESIAN_POINT('',(702.4,1.2538E+03,1.413E+03));
#1061 = VECTOR('',#1062,1.);
#1062 = DIRECTION('',(1.,-1.110223024625E-16,0.));
#1063 = PCURVE('',#1064,#1069);
#1064 = PLANE('',#1065);
#1065 = AXIS2_PLACEMENT_3D('',#1066,#1067,#1068);
#1066 = CARTESIAN_POINT('',(853.4,1.2358E+03,1.413E+03));
#1067 = DIRECTION('',(0.,0.,1.));
#1068 = DIRECTION('',(1.110223024625E-16,1.,0.));
#1069 = DEFINITIONAL_REPRESENTATION('',(#1070),#1074);
#1070 = LINE('',#1071,#1072);
#1071 = CARTESIAN_POINT('',(18.,151.));
#1072 = VECTOR('',#1073,1.);
#1073 = DIRECTION('',(0.,-1.));
#1074 = ( GEOMETRIC_REPRESENTATION_CONTEXT(2) 
PARAMETRIC_REPRESENTATION_CONTEXT() REPRESENTATION_CONTEXT('2D SPACE',''
  ) );
#1075 = PCURVE('',#956,#1076);
#1076 = DEFINITIONAL_REPRESENTATION('',(#1077),#1081);
#1077 = LINE('',#1078,#1079);
#1078 = CARTESIAN_POINT('',(136.,18.));
#1079 = VECTOR('',#1080,1.);
#1080 = DIRECTION('',(1.,0.));
#1081 = ( GEOMETRIC_REPRESENTATION_CONTEXT(2) 
PARAMETRIC_REPRESENTATION_CONTEXT() REPRESENTATION_CONTEXT('2D SPACE',''
  ) );
#1082 = ORIENTED_EDGE('',*,*,#1083,.T.);
#1083 = EDGE_CURVE('',#1056,#1084,#1086,.T.);
#1084 = VERTEX_POINT('',#1085);
#1085 = CARTESIAN_POINT('',(838.4,1.4438E+03,1.413E+03));
#1086 = SURFACE_CURVE('',#1087,(#1091,#1098),.PCURVE_S1.);
#1087 = LINE('',#1088,#1089);
#1088 = CARTESIAN_POINT('',(838.4,1.3488E+03,1.413E+03));
#1089 = VECTOR('',#1090,1.);
#1090 = DIRECTION('',(1.110223024625E-16,1.,0.));
#1091 = PCURVE('',#1064,#1092);
#1092 = DEFINITIONAL_REPRESENTATION('',(#1093),#1097);
#1093 = LINE('',#1094,#1095);
#1094 = CARTESIAN_POINT('',(113.,15.));
#1095 = VECTOR('',#1096,1.);
#1096 = DIRECTION('',(1.,0.));
#1097 = ( GEOMETRIC_REPRESENTATION_CONTEXT(2) 
PARAMETRIC_REPRESENTATION_CONTEXT() REPRESENTATION_CONTEXT('2D SPACE',''
  ) );
#1098 = PCURVE('',#1038,#1099);
#1099 = DEFINITIONAL_REPRESENTATION('',(#1100),#1104);
#1100 = LINE('',#1101,#1102);
#1101 = CARTESIAN_POINT('',(95.,18.));
#1102 = VECTOR('',#1103,1.);
#1103 = DIRECTION('',(1.,0.));
#1104 = ( GEOMETRIC_REPRESENTATION_CONTEXT(2) 
PARAMETRIC_REPRESENTATION_CONTEXT() REPRESENTATION_CONTEXT('2D SPACE',''
  ) );
#1105 = ORIENTED_EDGE('',*,*,#1106,.T.);
#1106 = EDGE_CURVE('',#1084,#1107,#1109,.T.);
#1107 = VERTEX_POINT('',#1108);
#1108 = CARTESIAN_POINT('',(566.4,1.4438E+03,1.413E+03));
#1109 = SURFACE_CURVE('',#1110,(#1114,#1121),.PCURVE_S1.);
#1110 = LINE('',#1111,#1112);
#1111 = CARTESIAN_POINT('',(702.4,1.4438E+03,1.413E+03));
#1112 = VECTOR('',#1113,1.);
#1113 = DIRECTION('',(-1.,1.110223024625E-16,0.));
#1114 = PCURVE('',#1064,#1115);
#1115 = DEFINITIONAL_REPRESENTATION('',(#1116),#1120);
#1116 = LINE('',#1117,#1118);
#1117 = CARTESIAN_POINT('',(208.,151.));
#1118 = VECTOR('',#1119,1.);
#1119 = DIRECTION('',(0.,1.));
#1120 = ( GEOMETRIC_REPRESENTATION_CONTEXT(2) 
PARAMETRIC_REPRESENTATION_CONTEXT() REPRESENTATION_CONTEXT('2D SPACE',''
  ) );
#1121 = PCURVE('',#1012,#1122);
#1122 = DEFINITIONAL_REPRESENTATION('',(#1123),#1127);
#1123 = LINE('',#1124,#1125);
#1124 = CARTESIAN_POINT('',(136.,18.));
#1125 = VECTOR('',#1126,1.);
#1126 = DIRECTION('',(1.,0.));
#1127 = ( GEOMETRIC_REPRESENTATION_CONTEXT(2) 
PARAMETRIC_REPRESENTATION_CONTEXT() REPRESENTATION_CONTEXT('2D SPACE',''
  ) );
#1128 = ORIENTED_EDGE('',*,*,#1129,.T.);
#1129 = EDGE_CURVE('',#1107,#1054,#1130,.T.);
#1130 = SURFACE_CURVE('',#1131,(#1135,#1142),.PCURVE_S1.);
#1131 = LINE('',#1132,#1133);
#1132 = CARTESIAN_POINT('',(566.4,1.3488E+03,1.413E+03));
#1133 = VECTOR('',#1134,1.);
#1134 = DIRECTION('',(-1.110223024625E-16,-1.,0.));
#1135 = PCURVE('',#1064,#1136);
#1136 = DEFINITIONAL_REPRESENTATION('',(#1137),#1141);
#1137 = LINE('',#1138,#1139);
#1138 = CARTESIAN_POINT('',(113.,287.));
#1139 = VECTOR('',#1140,1.);
#1140 = DIRECTION('',(-1.,0.));
#1141 = ( GEOMETRIC_REPRESENTATION_CONTEXT(2) 
PARAMETRIC_REPRESENTATION_CONTEXT() REPRESENTATION_CONTEXT('2D SPACE',''
  ) );
#1142 = PCURVE('',#984,#1143);
#1143 = DEFINITIONAL_REPRESENTATION('',(#1144),#1148);
#1144 = LINE('',#1145,#1146);
#1145 = CARTESIAN_POINT('',(95.,18.));
#1146 = VECTOR('',#1147,1.);
#1147 = DIRECTION('',(1.,0.));
#1148 = ( GEOMETRIC_REPRESENTATION_CONTEXT(2) 
PARAMETRIC_REPRESENTATION_CONTEXT() REPRESENTATION_CONTEXT('2D SPACE',''
  ) );
#1149 = ADVANCED_FACE('',(#1150),#956,.T.);
#1150 = FACE_BOUND('',#1151,.T.);
#1151 = EDGE_LOOP('',(#1152,#1173,#1174,#1195));
#1152 = ORIENTED_EDGE('',*,*,#1153,.F.);
#1153 = EDGE_CURVE('',#934,#1054,#1154,.T.);
#1154 = SURFACE_CURVE('',#1155,(#1159,#1166),.PCURVE_S1.);
#1155 = LINE('',#1156,#1157);
#1156 = CARTESIAN_POINT('',(566.4,1.2538E+03,1.404E+03));
#1157 = VECTOR('',#1158,1.);
#1158 = DIRECTION('',(0.,0.,1.));
#1159 = PCURVE('',#956,#1160);
#1160 = DEFINITIONAL_REPRESENTATION('',(#1161),#1165);
#1161 = LINE('',#1162,#1163);
#1162 = CARTESIAN_POINT('',(0.,9.));
#1163 = VECTOR('',#1164,1.);
#1164 = DIRECTION('',(0.,1.));
#1165 = ( GEOMETRIC_REPRESENTATION_CONTEXT(2) 
PARAMETRIC_REPRESENTATION_CONTEXT() REPRESENTATION_CONTEXT('2D SPACE',''
  ) );
#1166 = PCURVE('',#984,#1167);
#1167 = DEFINITIONAL_REPRESENTATION('',(#1168),#1172);
#1168 = LINE('',#1169,#1170);
#1169 = CARTESIAN_POINT('',(190.,9.));
#1170 = VECTOR('',#1171,1.);
#1171 = DIRECTION('',(0.,1.));
#1172 = ( GEOMETRIC_REPRESENTATION_CONTEXT(2) 
PARAMETRIC_REPRESENTATION_CONTEXT() REPRESENTATION_CONTEXT('2D SPACE',''
  ) );
#1173 = ORIENTED_EDGE('',*,*,#933,.T.);
#1174 = ORIENTED_EDGE('',*,*,#1175,.T.);
#1175 = EDGE_CURVE('',#936,#1056,#1176,.T.);
#1176 = SURFACE_CURVE('',#1177,(#1181,#1188),.PCURVE_S1.);
#1177 = LINE('',#1178,#1179);
#1178 = CARTESIAN_POINT('',(838.4,1.2538E+03,1.404E+03));
#1179 = VECTOR('',#1180,1.);
#1180 = DIRECTION('',(0.,0.,1.));
#1181 = PCURVE('',#956,#1182);
#1182 = DEFINITIONAL_REPRESENTATION('',(#1183),#1187);
#1183 = LINE('',#1184,#1185);
#1184 = CARTESIAN_POINT('',(272.,9.));
#1185 = VECTOR('',#1186,1.);
#1186 = DIRECTION('',(0.,1.));
#1187 = ( GEOMETRIC_REPRESENTATION_CONTEXT(2) 
PARAMETRIC_REPRESENTATION_CONTEXT() REPRESENTATION_CONTEXT('2D SPACE',''
  ) );
#1188 = PCURVE('',#1038,#1189);
#1189 = DEFINITIONAL_REPRESENTATION('',(#1190),#1194);
#1190 = LINE('',#1191,#1192);
#1191 = CARTESIAN_POINT('',(0.,9.));
#1192 = VECTOR('',#1193,1.);
#1193 = DIRECTION('',(0.,1.));
#1194 = ( GEOMETRIC_REPRESENTATION_CONTEXT(2) 
PARAMETRIC_REPRESENTATION_CONTEXT() REPRESENTATION_CONTEXT('2D SPACE',''
  ) );
#1195 = ORIENTED_EDGE('',*,*,#1053,.F.);
#1196 = ADVANCED_FACE('',(#1197),#984,.T.);
#1197 = FACE_BOUND('',#1198,.T.);
#1198 = EDGE_LOOP('',(#1199,#1220,#1221,#1222));
#1199 = ORIENTED_EDGE('',*,*,#1200,.F.);
#1200 = EDGE_CURVE('',#969,#1107,#1201,.T.);
#1201 = SURFACE_CURVE('',#1202,(#1206,#1213),.PCURVE_S1.);
#1202 = LINE('',#1203,#1204);
#1203 = CARTESIAN_POINT('',(566.4,1.4438E+03,1.404E+03));
#1204 = VECTOR('',#1205,1.);
#1205 = DIRECTION('',(0.,0.,1.));
#1206 = PCURVE('',#984,#1207);
#1207 = DEFINITIONAL_REPRESENTATION('',(#1208),#1212);
#1208 = LINE('',#1209,#1210);
#1209 = CARTESIAN_POINT('',(0.,9.));
#1210 = VECTOR('',#1211,1.);
#1211 = DIRECTION('',(0.,1.));
#1212 = ( GEOMETRIC_REPRESENTATION_CONTEXT(2) 
PARAMETRIC_REPRESENTATION_CONTEXT() REPRESENTATION_CONTEXT('2D SPACE',''
  ) );
#1213 = PCURVE('',#1012,#1214);
#1214 = DEFINITIONAL_REPRESENTATION('',(#1215),#1219);
#1215 = LINE('',#1216,#1217);
#1216 = CARTESIAN_POINT('',(272.,9.));
#1217 = VECTOR('',#1218,1.);
#1218 = DIRECTION('',(0.,1.));
#1219 = ( GEOMETRIC_REPRESENTATION_CONTEXT(2) 
PARAMETRIC_REPRESENTATION_CONTEXT() REPRESENTATION_CONTEXT('2D SPACE',''
  ) );
#1220 = ORIENTED_EDGE('',*,*,#968,.T.);
#1221 = ORIENTED_EDGE('',*,*,#1153,.T.);
#1222 = ORIENTED_EDGE('',*,*,#1129,.F.);
#1223 = ADVANCED_FACE('',(#1224),#1012,.T.);
#1224 = FACE_BOUND('',#1225,.T.);
#1225 = EDGE_LOOP('',(#1226,#1247,#1248,#1249));
#1226 = ORIENTED_EDGE('',*,*,#1227,.F.);
#1227 = EDGE_CURVE('',#997,#1084,#1228,.T.);
#1228 = SURFACE_CURVE('',#1229,(#1233,#1240),.PCURVE_S1.);
#1229 = LINE('',#1230,#1231);
#1230 = CARTESIAN_POINT('',(838.4,1.4438E+03,1.404E+03));
#1231 = VECTOR('',#1232,1.);
#1232 = DIRECTION('',(0.,0.,1.));
#1233 = PCURVE('',#1012,#1234);
#1234 = DEFINITIONAL_REPRESENTATION('',(#1235),#1239);
#1235 = LINE('',#1236,#1237);
#1236 = CARTESIAN_POINT('',(0.,9.));
#1237 = VECTOR('',#1238,1.);
#1238 = DIRECTION('',(0.,1.));
#1239 = ( GEOMETRIC_REPRESENTATION_CONTEXT(2) 
PARAMETRIC_REPRESENTATION_CONTEXT() REPRESENTATION_CONTEXT('2D SPACE',''
  ) );
#1240 = PCURVE('',#1038,#1241);
#1241 = DEFINITIONAL_REPRESENTATION('',(#1242),#1246);
#1242 = LINE('',#1243,#1244);
#1243 = CARTESIAN_POINT('',(190.,9.));
#1244 = VECTOR('',#1245,1.);
#1245 = DIRECTION('',(0.,1.));
#1246 = ( GEOMETRIC_REPRESENTATION_CONTEXT(2) 
PARAMETRIC_REPRESENTATION_CONTEXT() REPRESENTATION_CONTEXT('2D SPACE',''
  ) );
#1247 = ORIENTED_EDGE('',*,*,#996,.T.);
#1248 = ORIENTED_EDGE('',*,*,#1200,.T.);
#1249 = ORIENTED_EDGE('',*,*,#1106,.F.);
#1250 = ADVANCED_FACE('',(#1251),#1038,.T.);
#1251 = FACE_BOUND('',#1252,.T.);
#1252 = EDGE_LOOP('',(#1253,#1254,#1255,#1256));
#1253 = ORIENTED_EDGE('',*,*,#1175,.F.);
#1254 = ORIENTED_EDGE('',*,*,#1024,.T.);
#1255 = ORIENTED_EDGE('',*,*,#1227,.T.);
#1256 = ORIENTED_EDGE('',*,*,#1083,.F.);
#1257 = ( GEOMETRIC_REPRESENTATION_CONTEXT(3) 
GLOBAL_UNCERTAINTY_ASSIGNED_CONTEXT((#1261)) 
GLOBAL_UNIT_ASSIGNED_CONTEXT((#1258,#1259,#1260)) REPRESENTATION_CONTEXT
('Context #1','3D Context with UNIT and UNCERTAINTY') );
#1258 = ( LENGTH_UNIT() NAMED_UNIT(*) SI_UNIT(.MILLI.,.METRE.) );
#1259 = ( NAMED_UNIT(*) PLANE_ANGLE_UNIT() SI_UNIT($,.RADIAN.) );
#1260 = ( NAMED_UNIT(*) SI_UNIT($,.STERADIAN.) SOLID_ANGLE_UNIT() );
#1261 = UNCERTAINTY_MEASURE_WITH_UNIT(LENGTH_MEASURE(1.E-07),#1258,
  'distance_accuracy_value','confusion accuracy');
#1262 = CONTEXT_DEPENDENT_SHAPE_REPRESENTATION(#1263,#1265);
#1263 = ( REPRESENTATION_RELATIONSHIP('','',#926,#10) 
REPRESENTATION_RELATIONSHIP_WITH_TRANSFORMATION(#1264) 
SHAPE_REPRESENTATION_RELATIONSHIP() );
#1264 = ITEM_DEFINED_TRANSFORMATION('','',#11,#23);
#1265 = PRODUCT_DEFINITION_SHAPE('Placement','Placement of an item',
  #1266);
#1266 = NEXT_ASSEMBLY_USAGE_OCCURRENCE('254','','',#5,#921,$);
#1267 = PRODUCT_RELATED_PRODUCT_CATEGORY('part',$,(#923));
#1268 = SHAPE_DEFINITION_REPRESENTATION(#1269,#1275);
#1269 = PRODUCT_DEFINITION_SHAPE('','',#1270);
#1270 = PRODUCT_DEFINITION('design','',#1271,#1274);
#1271 = PRODUCT_DEFINITION_FORMATION('','',#1272);
#1272 = PRODUCT('Open CASCADE STEP translator 7.9 4.4',
  'Open CASCADE STEP translator 7.9 4.4','',(#1273));
#1273 = PRODUCT_CONTEXT('',#2,'mechanical');
#1274 = PRODUCT_DEFINITION_CONTEXT('part definition',#2,'design');
#1275 = ADVANCED_BREP_SHAPE_REPRESENTATION('',(#11,#1276),#1606);
#1276 = MANIFOLD_SOLID_BREP('',#1277);
#1277 = CLOSED_SHELL('',(#1278,#1398,#1498,#1545,#1572,#1599));
#1278 = ADVANCED_FACE('',(#1279),#1293,.F.);
#1279 = FACE_BOUND('',#1280,.T.);
#1280 = EDGE_LOOP('',(#1281,#1316,#1344,#1372));
#1281 = ORIENTED_EDGE('',*,*,#1282,.F.);
#1282 = EDGE_CURVE('',#1283,#1285,#1287,.T.);
#1283 = VERTEX_POINT('',#1284);
#1284 = CARTESIAN_POINT('',(566.4,1.2538E+03,1.584E+03));
#1285 = VERTEX_POINT('',#1286);
#1286 = CARTESIAN_POINT('',(838.4,1.2538E+03,1.584E+03));
#1287 = SURFACE_CURVE('',#1288,(#1292,#1304),.PCURVE_S1.);
#1288 = LINE('',#1289,#1290);
#1289 = CARTESIAN_POINT('',(702.4,1.2538E+03,1.584E+03));
#1290 = VECTOR('',#1291,1.);
#1291 = DIRECTION('',(1.,-1.110223024625E-16,0.));
#1292 = PCURVE('',#1293,#1298);
#1293 = PLANE('',#1294);
#1294 = AXIS2_PLACEMENT_3D('',#1295,#1296,#1297);
#1295 = CARTESIAN_POINT('',(853.4,1.2358E+03,1.584E+03));
#1296 = DIRECTION('',(0.,0.,1.));
#1297 = DIRECTION('',(1.110223024625E-16,1.,0.));
#1298 = DEFINITIONAL_REPRESENTATION('',(#1299),#1303);
#1299 = LINE('',#1300,#1301);
#1300 = CARTESIAN_POINT('',(18.,151.));
#1301 = VECTOR('',#1302,1.);
#1302 = DIRECTION('',(0.,-1.));
#1303 = ( GEOMETRIC_REPRESENTATION_CONTEXT(2) 
PARAMETRIC_REPRESENTATION_CONTEXT() REPRESENTATION_CONTEXT('2D SPACE',''
  ) );
#1304 = PCURVE('',#1305,#1310);
#1305 = PLANE('',#1306);
#1306 = AXIS2_PLACEMENT_3D('',#1307,#1308,#1309);
#1307 = CARTESIAN_POINT('',(566.4,1.2538E+03,1.584E+03));
#1308 = DIRECTION('',(-1.110223024625E-16,-1.,0.));
#1309 = DIRECTION('',(1.,-1.110223024625E-16,0.));
#1310 = DEFINITIONAL_REPRESENTATION('',(#1311),#1315);
#1311 = LINE('',#1312,#1313);
#1312 = CARTESIAN_POINT('',(136.,0.));
#1313 = VECTOR('',#1314,1.);
#1314 = DIRECTION('',(1.,0.));
#1315 = ( GEOMETRIC_REPRESENTATION_CONTEXT(2) 
PARAMETRIC_REPRESENTATION_CONTEXT() REPRESENTATION_CONTEXT('2D SPACE',''
  ) );
#1316 = ORIENTED_EDGE('',*,*,#1317,.F.);
#1317 = EDGE_CURVE('',#1318,#1283,#1320,.T.);
#1318 = VERTEX_POINT('',#1319);
#1319 = CARTESIAN_POINT('',(566.4,1.4438E+03,1.584E+03));
#1320 = SURFACE_CURVE('',#1321,(#1325,#1332),.PCURVE_S1.);
#1321 = LINE('',#1322,#1323);
#1322 = CARTESIAN_POINT('',(566.4,1.3488E+03,1.584E+03));
#1323 = VECTOR('',#1324,1.);
#1324 = DIRECTION('',(-1.110223024625E-16,-1.,0.));
#1325 = PCURVE('',#1293,#1326);
#1326 = DEFINITIONAL_REPRESENTATION('',(#1327),#1331);
#1327 = LINE('',#1328,#1329);
#1328 = CARTESIAN_POINT('',(113.,287.));
#1329 = VECTOR('',#1330,1.);
#1330 = DIRECTION('',(-1.,0.));
#1331 = ( GEOMETRIC_REPRESENTATION_CONTEXT(2) 
PARAMETRIC_REPRESENTATION_CONTEXT() REPRESENTATION_CONTEXT('2D SPACE',''
  ) );
#1332 = PCURVE('',#1333,#1338);
#1333 = PLANE('',#1334);
#1334 = AXIS2_PLACEMENT_3D('',#1335,#1336,#1337);
#1335 = CARTESIAN_POINT('',(566.4,1.4438E+03,1.584E+03));
#1336 = DIRECTION('',(-1.,1.110223024625E-16,0.));
#1337 = DIRECTION('',(-1.110223024625E-16,-1.,0.));
#1338 = DEFINITIONAL_REPRESENTATION('',(#1339),#1343);
#1339 = LINE('',#1340,#1341);
#1340 = CARTESIAN_POINT('',(95.,0.));
#1341 = VECTOR('',#1342,1.);
#1342 = DIRECTION('',(1.,0.));
#1343 = ( GEOMETRIC_REPRESENTATION_CONTEXT(2) 
PARAMETRIC_REPRESENTATION_CONTEXT() REPRESENTATION_CONTEXT('2D SPACE',''
  ) );
#1344 = ORIENTED_EDGE('',*,*,#1345,.F.);
#1345 = EDGE_CURVE('',#1346,#1318,#1348,.T.);
#1346 = VERTEX_POINT('',#1347);
#1347 = CARTESIAN_POINT('',(838.4,1.4438E+03,1.584E+03));
#1348 = SURFACE_CURVE('',#1349,(#1353,#1360),.PCURVE_S1.);
#1349 = LINE('',#1350,#1351);
#1350 = CARTESIAN_POINT('',(702.4,1.4438E+03,1.584E+03));
#1351 = VECTOR('',#1352,1.);
#1352 = DIRECTION('',(-1.,1.110223024625E-16,0.));
#1353 = PCURVE('',#1293,#1354);
#1354 = DEFINITIONAL_REPRESENTATION('',(#1355),#1359);
#1355 = LINE('',#1356,#1357);
#1356 = CARTESIAN_POINT('',(208.,151.));
#1357 = VECTOR('',#1358,1.);
#1358 = DIRECTION('',(0.,1.));
#1359 = ( GEOMETRIC_REPRESENTATION_CONTEXT(2) 
PARAMETRIC_REPRESENTATION_CONTEXT() REPRESENTATION_CONTEXT('2D SPACE',''
  ) );
#1360 = PCURVE('',#1361,#1366);
#1361 = PLANE('',#1362);
#1362 = AXIS2_PLACEMENT_3D('',#1363,#1364,#1365);
#1363 = CARTESIAN_POINT('',(838.4,1.4438E+03,1.584E+03));
#1364 = DIRECTION('',(1.110223024625E-16,1.,0.));
#1365 = DIRECTION('',(-1.,1.110223024625E-16,0.));
#1366 = DEFINITIONAL_REPRESENTATION('',(#1367),#1371);
#1367 = LINE('',#1368,#1369);
#1368 = CARTESIAN_POINT('',(136.,0.));
#1369 = VECTOR('',#1370,1.);
#1370 = DIRECTION('',(1.,0.));
#1371 = ( GEOMETRIC_REPRESENTATION_CONTEXT(2) 
PARAMETRIC_REPRESENTATION_CONTEXT() REPRESENTATION_CONTEXT('2D SPACE',''
  ) );
#1372 = ORIENTED_EDGE('',*,*,#1373,.F.);
#1373 = EDGE_CURVE('',#1285,#1346,#1374,.T.);
#1374 = SURFACE_CURVE('',#1375,(#1379,#1386),.PCURVE_S1.);
#1375 = LINE('',#1376,#1377);
#1376 = CARTESIAN_POINT('',(838.4,1.3488E+03,1.584E+03));
#1377 = VECTOR('',#1378,1.);
#1378 = DIRECTION('',(1.110223024625E-16,1.,0.));
#1379 = PCURVE('',#1293,#1380);
#1380 = DEFINITIONAL_REPRESENTATION('',(#1381),#1385);
#1381 = LINE('',#1382,#1383);
#1382 = CARTESIAN_POINT('',(113.,15.));
#1383 = VECTOR('',#1384,1.);
#1384 = DIRECTION('',(1.,0.));
#1385 = ( GEOMETRIC_REPRESENTATION_CONTEXT(2) 
PARAMETRIC_REPRESENTATION_CONTEXT() REPRESENTATION_CONTEXT('2D SPACE',''
  ) );
#1386 = PCURVE('',#1387,#1392);
#1387 = PLANE('',#1388);
#1388 = AXIS2_PLACEMENT_3D('',#1389,#1390,#1391);
#1389 = CARTESIAN_POINT('',(838.4,1.2538E+03,1.584E+03));
#1390 = DIRECTION('',(1.,-1.110223024625E-16,0.));
#1391 = DIRECTION('',(1.110223024625E-16,1.,0.));
#1392 = DEFINITIONAL_REPRESENTATION('',(#1393),#1397);
#1393 = LINE('',#1394,#1395);
#1394 = CARTESIAN_POINT('',(95.,0.));
#1395 = VECTOR('',#1396,1.);
#1396 = DIRECTION('',(1.,0.));
#1397 = ( GEOMETRIC_REPRESENTATION_CONTEXT(2) 
PARAMETRIC_REPRESENTATION_CONTEXT() REPRESENTATION_CONTEXT('2D SPACE',''
  ) );
#1398 = ADVANCED_FACE('',(#1399),#1413,.T.);
#1399 = FACE_BOUND('',#1400,.T.);
#1400 = EDGE_LOOP('',(#1401,#1431,#1454,#1477));
#1401 = ORIENTED_EDGE('',*,*,#1402,.T.);
#1402 = EDGE_CURVE('',#1403,#1405,#1407,.T.);
#1403 = VERTEX_POINT('',#1404);
#1404 = CARTESIAN_POINT('',(566.4,1.2538E+03,1.602E+03));
#1405 = VERTEX_POINT('',#1406);
#1406 = CARTESIAN_POINT('',(838.4,1.2538E+03,1.602E+03));
#1407 = SURFACE_CURVE('',#1408,(#1412,#1424),.PCURVE_S1.);
#1408 = LINE('',#1409,#1410);
#1409 = CARTESIAN_POINT('',(702.4,1.2538E+03,1.602E+03));
#1410 = VECTOR('',#1411,1.);
#1411 = DIRECTION('',(1.,-1.110223024625E-16,0.));
#1412 = PCURVE('',#1413,#1418);
#1413 = PLANE('',#1414);
#1414 = AXIS2_PLACEMENT_3D('',#1415,#1416,#1417);
#1415 = CARTESIAN_POINT('',(853.4,1.2358E+03,1.602E+03));
#1416 = DIRECTION('',(0.,0.,1.));
#1417 = DIRECTION('',(1.110223024625E-16,1.,0.));
#1418 = DEFINITIONAL_REPRESENTATION('',(#1419),#1423);
#1419 = LINE('',#1420,#1421);
#1420 = CARTESIAN_POINT('',(18.,151.));
#1421 = VECTOR('',#1422,1.);
#1422 = DIRECTION('',(0.,-1.));
#1423 = ( GEOMETRIC_REPRESENTATION_CONTEXT(2) 
PARAMETRIC_REPRESENTATION_CONTEXT() REPRESENTATION_CONTEXT('2D SPACE',''
  ) );
#1424 = PCURVE('',#1305,#1425);
#1425 = DEFINITIONAL_REPRESENTATION('',(#1426),#1430);
#1426 = LINE('',#1427,#1428);
#1427 = CARTESIAN_POINT('',(136.,18.));
#1428 = VECTOR('',#1429,1.);
#1429 = DIRECTION('',(1.,0.));
#1430 = ( GEOMETRIC_REPRESENTATION_CONTEXT(2) 
PARAMETRIC_REPRESENTATION_CONTEXT() REPRESENTATION_CONTEXT('2D SPACE',''
  ) );
#1431 = ORIENTED_EDGE('',*,*,#1432,.T.);
#1432 = EDGE_CURVE('',#1405,#1433,#1435,.T.);
#1433 = VERTEX_POINT('',#1434);
#1434 = CARTESIAN_POINT('',(838.4,1.4438E+03,1.602E+03));
#1435 = SURFACE_CURVE('',#1436,(#1440,#1447),.PCURVE_S1.);
#1436 = LINE('',#1437,#1438);
#1437 = CARTESIAN_POINT('',(838.4,1.3488E+03,1.602E+03));
#1438 = VECTOR('',#1439,1.);
#1439 = DIRECTION('',(1.110223024625E-16,1.,0.));
#1440 = PCURVE('',#1413,#1441);
#1441 = DEFINITIONAL_REPRESENTATION('',(#1442),#1446);
#1442 = LINE('',#1443,#1444);
#1443 = CARTESIAN_POINT('',(113.,15.));
#1444 = VECTOR('',#1445,1.);
#1445 = DIRECTION('',(1.,0.));
#1446 = ( GEOMETRIC_REPRESENTATION_CONTEXT(2) 
PARAMETRIC_REPRESENTATION_CONTEXT() REPRESENTATION_CONTEXT('2D SPACE',''
  ) );
#1447 = PCURVE('',#1387,#1448);
#1448 = DEFINITIONAL_REPRESENTATION('',(#1449),#1453);
#1449 = LINE('',#1450,#1451);
#1450 = CARTESIAN_POINT('',(95.,18.));
#1451 = VECTOR('',#1452,1.);
#1452 = DIRECTION('',(1.,0.));
#1453 = ( GEOMETRIC_REPRESENTATION_CONTEXT(2) 
PARAMETRIC_REPRESENTATION_CONTEXT() REPRESENTATION_CONTEXT('2D SPACE',''
  ) );
#1454 = ORIENTED_EDGE('',*,*,#1455,.T.);
#1455 = EDGE_CURVE('',#1433,#1456,#1458,.T.);
#1456 = VERTEX_POINT('',#1457);
#1457 = CARTESIAN_POINT('',(566.4,1.4438E+03,1.602E+03));
#1458 = SURFACE_CURVE('',#1459,(#1463,#1470),.PCURVE_S1.);
#1459 = LINE('',#1460,#1461);
#1460 = CARTESIAN_POINT('',(702.4,1.4438E+03,1.602E+03));
#1461 = VECTOR('',#1462,1.);
#1462 = DIRECTION('',(-1.,1.110223024625E-16,0.));
#1463 = PCURVE('',#1413,#1464);
#1464 = DEFINITIONAL_REPRESENTATION('',(#1465),#1469);
#1465 = LINE('',#1466,#1467);
#1466 = CARTESIAN_POINT('',(208.,151.));
#1467 = VECTOR('',#1468,1.);
#1468 = DIRECTION('',(0.,1.));
#1469 = ( GEOMETRIC_REPRESENTATION_CONTEXT(2) 
PARAMETRIC_REPRESENTATION_CONTEXT() REPRESENTATION_CONTEXT('2D SPACE',''
  ) );
#1470 = PCURVE('',#1361,#1471);
#1471 = DEFINITIONAL_REPRESENTATION('',(#1472),#1476);
#1472 = LINE('',#1473,#1474);
#1473 = CARTESIAN_POINT('',(136.,18.));
#1474 = VECTOR('',#1475,1.);
#1475 = DIRECTION('',(1.,0.));
#1476 = ( GEOMETRIC_REPRESENTATION_CONTEXT(2) 
PARAMETRIC_REPRESENTATION_CONTEXT() REPRESENTATION_CONTEXT('2D SPACE',''
  ) );
#1477 = ORIENTED_EDGE('',*,*,#1478,.T.);
#1478 = EDGE_CURVE('',#1456,#1403,#1479,.T.);
#1479 = SURFACE_CURVE('',#1480,(#1484,#1491),.PCURVE_S1.);
#1480 = LINE('',#1481,#1482);
#1481 = CARTESIAN_POINT('',(566.4,1.3488E+03,1.602E+03));
#1482 = VECTOR('',#1483,1.);
#1483 = DIRECTION('',(-1.110223024625E-16,-1.,0.));
#1484 = PCURVE('',#1413,#1485);
#1485 = DEFINITIONAL_REPRESENTATION('',(#1486),#1490);
#1486 = LINE('',#1487,#1488);
#1487 = CARTESIAN_POINT('',(113.,287.));
#1488 = VECTOR('',#1489,1.);
#1489 = DIRECTION('',(-1.,0.));
#1490 = ( GEOMETRIC_REPRESENTATION_CONTEXT(2) 
PARAMETRIC_REPRESENTATION_CONTEXT() REPRESENTATION_CONTEXT('2D SPACE',''
  ) );
#1491 = PCURVE('',#1333,#1492);
#1492 = DEFINITIONAL_REPRESENTATION('',(#1493),#1497);
#1493 = LINE('',#1494,#1495);
#1494 = CARTESIAN_POINT('',(95.,18.));
#1495 = VECTOR('',#1496,1.);
#1496 = DIRECTION('',(1.,0.));
#1497 = ( GEOMETRIC_REPRESENTATION_CONTEXT(2) 
PARAMETRIC_REPRESENTATION_CONTEXT() REPRESENTATION_CONTEXT('2D SPACE',''
  ) );
#1498 = ADVANCED_FACE('',(#1499),#1305,.T.);
#1499 = FACE_BOUND('',#1500,.T.);
#1500 = EDGE_LOOP('',(#1501,#1522,#1523,#1544));
#1501 = ORIENTED_EDGE('',*,*,#1502,.F.);
#1502 = EDGE_CURVE('',#1283,#1403,#1503,.T.);
#1503 = SURFACE_CURVE('',#1504,(#1508,#1515),.PCURVE_S1.);
#1504 = LINE('',#1505,#1506);
#1505 = CARTESIAN_POINT('',(566.4,1.2538E+03,1.593E+03));
#1506 = VECTOR('',#1507,1.);
#1507 = DIRECTION('',(0.,0.,1.));
#1508 = PCURVE('',#1305,#1509);
#1509 = DEFINITIONAL_REPRESENTATION('',(#1510),#1514);
#1510 = LINE('',#1511,#1512);
#1511 = CARTESIAN_POINT('',(0.,9.));
#1512 = VECTOR('',#1513,1.);
#1513 = DIRECTION('',(0.,1.));
#1514 = ( GEOMETRIC_REPRESENTATION_CONTEXT(2) 
PARAMETRIC_REPRESENTATION_CONTEXT() REPRESENTATION_CONTEXT('2D SPACE',''
  ) );
#1515 = PCURVE('',#1333,#1516);
#1516 = DEFINITIONAL_REPRESENTATION('',(#1517),#1521);
#1517 = LINE('',#1518,#1519);
#1518 = CARTESIAN_POINT('',(190.,9.));
#1519 = VECTOR('',#1520,1.);
#1520 = DIRECTION('',(0.,1.));
#1521 = ( GEOMETRIC_REPRESENTATION_CONTEXT(2) 
PARAMETRIC_REPRESENTATION_CONTEXT() REPRESENTATION_CONTEXT('2D SPACE',''
  ) );
#1522 = ORIENTED_EDGE('',*,*,#1282,.T.);
#1523 = ORIENTED_EDGE('',*,*,#1524,.T.);
#1524 = EDGE_CURVE('',#1285,#1405,#1525,.T.);
#1525 = SURFACE_CURVE('',#1526,(#1530,#1537),.PCURVE_S1.);
#1526 = LINE('',#1527,#1528);
#1527 = CARTESIAN_POINT('',(838.4,1.2538E+03,1.593E+03));
#1528 = VECTOR('',#1529,1.);
#1529 = DIRECTION('',(0.,0.,1.));
#1530 = PCURVE('',#1305,#1531);
#1531 = DEFINITIONAL_REPRESENTATION('',(#1532),#1536);
#1532 = LINE('',#1533,#1534);
#1533 = CARTESIAN_POINT('',(272.,9.));
#1534 = VECTOR('',#1535,1.);
#1535 = DIRECTION('',(0.,1.));
#1536 = ( GEOMETRIC_REPRESENTATION_CONTEXT(2) 
PARAMETRIC_REPRESENTATION_CONTEXT() REPRESENTATION_CONTEXT('2D SPACE',''
  ) );
#1537 = PCURVE('',#1387,#1538);
#1538 = DEFINITIONAL_REPRESENTATION('',(#1539),#1543);
#1539 = LINE('',#1540,#1541);
#1540 = CARTESIAN_POINT('',(0.,9.));
#1541 = VECTOR('',#1542,1.);
#1542 = DIRECTION('',(0.,1.));
#1543 = ( GEOMETRIC_REPRESENTATION_CONTEXT(2) 
PARAMETRIC_REPRESENTATION_CONTEXT() REPRESENTATION_CONTEXT('2D SPACE',''
  ) );
#1544 = ORIENTED_EDGE('',*,*,#1402,.F.);
#1545 = ADVANCED_FACE('',(#1546),#1333,.T.);
#1546 = FACE_BOUND('',#1547,.T.);
#1547 = EDGE_LOOP('',(#1548,#1569,#1570,#1571));
#1548 = ORIENTED_EDGE('',*,*,#1549,.F.);
#1549 = EDGE_CURVE('',#1318,#1456,#1550,.T.);
#1550 = SURFACE_CURVE('',#1551,(#1555,#1562),.PCURVE_S1.);
#1551 = LINE('',#1552,#1553);
#1552 = CARTESIAN_POINT('',(566.4,1.4438E+03,1.593E+03));
#1553 = VECTOR('',#1554,1.);
#1554 = DIRECTION('',(0.,0.,1.));
#1555 = PCURVE('',#1333,#1556);
#1556 = DEFINITIONAL_REPRESENTATION('',(#1557),#1561);
#1557 = LINE('',#1558,#1559);
#1558 = CARTESIAN_POINT('',(0.,9.));
#1559 = VECTOR('',#1560,1.);
#1560 = DIRECTION('',(0.,1.));
#1561 = ( GEOMETRIC_REPRESENTATION_CONTEXT(2) 
PARAMETRIC_REPRESENTATION_CONTEXT() REPRESENTATION_CONTEXT('2D SPACE',''
  ) );
#1562 = PCURVE('',#1361,#1563);
#1563 = DEFINITIONAL_REPRESENTATION('',(#1564),#1568);
#1564 = LINE('',#1565,#1566);
#1565 = CARTESIAN_POINT('',(272.,9.));
#1566 = VECTOR('',#1567,1.);
#1567 = DIRECTION('',(0.,1.));
#1568 = ( GEOMETRIC_REPRESENTATION_CONTEXT(2) 
PARAMETRIC_REPRESENTATION_CONTEXT() REPRESENTATION_CONTEXT('2D SPACE',''
  ) );
#1569 = ORIENTED_EDGE('',*,*,#1317,.T.);
#1570 = ORIENTED_EDGE('',*,*,#1502,.T.);
#1571 = ORIENTED_EDGE('',*,*,#1478,.F.);
#1572 = ADVANCED_FACE('',(#1573),#1361,.T.);
#1573 = FACE_BOUND('',#1574,.T.);
#1574 = EDGE_LOOP('',(#1575,#1596,#1597,#1598));
#1575 = ORIENTED_EDGE('',*,*,#1576,.F.);
#1576 = EDGE_CURVE('',#1346,#1433,#1577,.T.);
#1577 = SURFACE_CURVE('',#1578,(#1582,#1589),.PCURVE_S1.);
#1578 = LINE('',#1579,#1580);
#1579 = CARTESIAN_POINT('',(838.4,1.4438E+03,1.593E+03));
#1580 = VECTOR('',#1581,1.);
#1581 = DIRECTION('',(0.,0.,1.));
#1582 = PCURVE('',#1361,#1583);
#1583 = DEFINITIONAL_REPRESENTATION('',(#1584),#1588);
#1584 = LINE('',#1585,#1586);
#1585 = CARTESIAN_POINT('',(0.,9.));
#1586 = VECTOR('',#1587,1.);
#1587 = DIRECTION('',(0.,1.));
#1588 = ( GEOMETRIC_REPRESENTATION_CONTEXT(2) 
PARAMETRIC_REPRESENTATION_CONTEXT() REPRESENTATION_CONTEXT('2D SPACE',''
  ) );
#1589 = PCURVE('',#1387,#1590);
#1590 = DEFINITIONAL_REPRESENTATION('',(#1591),#1595);
#1591 = LINE('',#1592,#1593);
#1592 = CARTESIAN_POINT('',(190.,9.));
#1593 = VECTOR('',#1594,1.);
#1594 = DIRECTION('',(0.,1.));
#1595 = ( GEOMETRIC_REPRESENTATION_CONTEXT(2) 
PARAMETRIC_REPRESENTATION_CONTEXT() REPRESENTATION_CONTEXT('2D SPACE',''
  ) );
#1596 = ORIENTED_EDGE('',*,*,#1345,.T.);
#1597 = ORIENTED_EDGE('',*,*,#1549,.T.);
#1598 = ORIENTED_EDGE('',*,*,#1455,.F.);
#1599 = ADVANCED_FACE('',(#1600),#1387,.T.);
#1600 = FACE_BOUND('',#1601,.T.);
#1601 = EDGE_LOOP('',(#1602,#1603,#1604,#1605));
#1602 = ORIENTED_EDGE('',*,*,#1524,.F.);
#1603 = ORIENTED_EDGE('',*,*,#1373,.T.);
#1604 = ORIENTED_EDGE('',*,*,#1576,.T.);
#1605 = ORIENTED_EDGE('',*,*,#1432,.F.);
#1606 = ( GEOMETRIC_REPRESENTATION_CONTEXT(3) 
GLOBAL_UNCERTAINTY_ASSIGNED_CONTEXT((#1610)) 
GLOBAL_UNIT_ASSIGNED_CONTEXT((#1607,#1608,#1609)) REPRESENTATION_CONTEXT
('Context #1','3D Context with UNIT and UNCERTAINTY') );
#1607 = ( LENGTH_UNIT() NAMED_UNIT(*) SI_UNIT(.MILLI.,.METRE.) );
#1608 = ( NAMED_UNIT(*) PLANE_ANGLE_UNIT() SI_UNIT($,.RADIAN.) );
#1609 = ( NAMED_UNIT(*) SI_UNIT($,.STERADIAN.) SOLID_ANGLE_UNIT() );
#1610 = UNCERTAINTY_MEASURE_WITH_UNIT(LENGTH_MEASURE(1.E-07),#1607,
  'distance_accuracy_value','confusion accuracy');
#1611 = CONTEXT_DEPENDENT_SHAPE_REPRESENTATION(#1612,#1614);
#1612 = ( REPRESENTATION_RELATIONSHIP('','',#1275,#10) 
REPRESENTATION_RELATIONSHIP_WITH_TRANSFORMATION(#1613) 
SHAPE_REPRESENTATION_RELATIONSHIP() );
#1613 = ITEM_DEFINED_TRANSFORMATION('','',#11,#27);
#1614 = PRODUCT_DEFINITION_SHAPE('Placement','Placement of an item',
  #1615);
#1615 = NEXT_ASSEMBLY_USAGE_OCCURRENCE('255','','',#5,#1270,$);
#1616 = PRODUCT_RELATED_PRODUCT_CATEGORY('part',$,(#1272));
#1617 = SHAPE_DEFINITION_REPRESENTATION(#1618,#1624);
#1618 = PRODUCT_DEFINITION_SHAPE('','',#1619);
#1619 = PRODUCT_DEFINITION('design','',#1620,#1623);
#1620 = PRODUCT_DEFINITION_FORMATION('','',#1621);
#1621 = PRODUCT('Open CASCADE STEP translator 7.9 4.5',
  'Open CASCADE STEP translator 7.9 4.5','',(#1622));
#1622 = PRODUCT_CONTEXT('',#2,'mechanical');
#1623 = PRODUCT_DEFINITION_CONTEXT('part definition',#2,'design');
#1624 = ADVANCED_BREP_SHAPE_REPRESENTATION('',(#11,#1625),#1955);
#1625 = MANIFOLD_SOLID_BREP('',#1626);
#1626 = CLOSED_SHELL('',(#1627,#1747,#1847,#1894,#1921,#1948));
#1627 = ADVANCED_FACE('',(#1628),#1642,.F.);
#1628 = FACE_BOUND('',#1629,.T.);
#1629 = EDGE_LOOP('',(#1630,#1665,#1693,#1721));
#1630 = ORIENTED_EDGE('',*,*,#1631,.F.);
#1631 = EDGE_CURVE('',#1632,#1634,#1636,.T.);
#1632 = VERTEX_POINT('',#1633);
#1633 = CARTESIAN_POINT('',(566.4,1.2538E+03,1.907E+03));
#1634 = VERTEX_POINT('',#1635);
#1635 = CARTESIAN_POINT('',(838.4,1.2538E+03,1.907E+03));
#1636 = SURFACE_CURVE('',#1637,(#1641,#1653),.PCURVE_S1.);
#1637 = LINE('',#1638,#1639);
#1638 = CARTESIAN_POINT('',(702.4,1.2538E+03,1.907E+03));
#1639 = VECTOR('',#1640,1.);
#1640 = DIRECTION('',(1.,-1.110223024625E-16,0.));
#1641 = PCURVE('',#1642,#1647);
#1642 = PLANE('',#1643);
#1643 = AXIS2_PLACEMENT_3D('',#1644,#1645,#1646);
#1644 = CARTESIAN_POINT('',(853.4,1.2358E+03,1.907E+03));
#1645 = DIRECTION('',(0.,0.,1.));
#1646 = DIRECTION('',(1.110223024625E-16,1.,0.));
#1647 = DEFINITIONAL_REPRESENTATION('',(#1648),#1652);
#1648 = LINE('',#1649,#1650);
#1649 = CARTESIAN_POINT('',(18.,151.));
#1650 = VECTOR('',#1651,1.);
#1651 = DIRECTION('',(0.,-1.));
#1652 = ( GEOMETRIC_REPRESENTATION_CONTEXT(2) 
PARAMETRIC_REPRESENTATION_CONTEXT() REPRESENTATION_CONTEXT('2D SPACE',''
  ) );
#1653 = PCURVE('',#1654,#1659);
#1654 = PLANE('',#1655);
#1655 = AXIS2_PLACEMENT_3D('',#1656,#1657,#1658);
#1656 = CARTESIAN_POINT('',(566.4,1.2538E+03,1.907E+03));
#1657 = DIRECTION('',(-1.110223024625E-16,-1.,0.));
#1658 = DIRECTION('',(1.,-1.110223024625E-16,0.));
#1659 = DEFINITIONAL_REPRESENTATION('',(#1660),#1664);
#1660 = LINE('',#1661,#1662);
#1661 = CARTESIAN_POINT('',(136.,0.));
#1662 = VECTOR('',#1663,1.);
#1663 = DIRECTION('',(1.,0.));
#1664 = ( GEOMETRIC_REPRESENTATION_CONTEXT(2) 
PARAMETRIC_REPRESENTATION_CONTEXT() REPRESENTATION_CONTEXT('2D SPACE',''
  ) );
#1665 = ORIENTED_EDGE('',*,*,#1666,.F.);
#1666 = EDGE_CURVE('',#1667,#1632,#1669,.T.);
#1667 = VERTEX_POINT('',#1668);
#1668 = CARTESIAN_POINT('',(566.4,1.4438E+03,1.907E+03));
#1669 = SURFACE_CURVE('',#1670,(#1674,#1681),.PCURVE_S1.);
#1670 = LINE('',#1671,#1672);
#1671 = CARTESIAN_POINT('',(566.4,1.3488E+03,1.907E+03));
#1672 = VECTOR('',#1673,1.);
#1673 = DIRECTION('',(-1.110223024625E-16,-1.,0.));
#1674 = PCURVE('',#1642,#1675);
#1675 = DEFINITIONAL_REPRESENTATION('',(#1676),#1680);
#1676 = LINE('',#1677,#1678);
#1677 = CARTESIAN_POINT('',(113.,287.));
#1678 = VECTOR('',#1679,1.);
#1679 = DIRECTION('',(-1.,0.));
#1680 = ( GEOMETRIC_REPRESENTATION_CONTEXT(2) 
PARAMETRIC_REPRESENTATION_CONTEXT() REPRESENTATION_CONTEXT('2D SPACE',''
  ) );
#1681 = PCURVE('',#1682,#1687);
#1682 = PLANE('',#1683);
#1683 = AXIS2_PLACEMENT_3D('',#1684,#1685,#1686);
#1684 = CARTESIAN_POINT('',(566.4,1.4438E+03,1.907E+03));
#1685 = DIRECTION('',(-1.,1.110223024625E-16,0.));
#1686 = DIRECTION('',(-1.110223024625E-16,-1.,0.));
#1687 = DEFINITIONAL_REPRESENTATION('',(#1688),#1692);
#1688 = LINE('',#1689,#1690);
#1689 = CARTESIAN_POINT('',(95.,0.));
#1690 = VECTOR('',#1691,1.);
#1691 = DIRECTION('',(1.,0.));
#1692 = ( GEOMETRIC_REPRESENTATION_CONTEXT(2) 
PARAMETRIC_REPRESENTATION_CONTEXT() REPRESENTATION_CONTEXT('2D SPACE',''
  ) );
#1693 = ORIENTED_EDGE('',*,*,#1694,.F.);
#1694 = EDGE_CURVE('',#1695,#1667,#1697,.T.);
#1695 = VERTEX_POINT('',#1696);
#1696 = CARTESIAN_POINT('',(838.4,1.4438E+03,1.907E+03));
#1697 = SURFACE_CURVE('',#1698,(#1702,#1709),.PCURVE_S1.);
#1698 = LINE('',#1699,#1700);
#1699 = CARTESIAN_POINT('',(702.4,1.4438E+03,1.907E+03));
#1700 = VECTOR('',#1701,1.);
#1701 = DIRECTION('',(-1.,1.110223024625E-16,0.));
#1702 = PCURVE('',#1642,#1703);
#1703 = DEFINITIONAL_REPRESENTATION('',(#1704),#1708);
#1704 = LINE('',#1705,#1706);
#1705 = CARTESIAN_POINT('',(208.,151.));
#1706 = VECTOR('',#1707,1.);
#1707 = DIRECTION('',(0.,1.));
#1708 = ( GEOMETRIC_REPRESENTATION_CONTEXT(2) 
PARAMETRIC_REPRESENTATION_CONTEXT() REPRESENTATION_CONTEXT('2D SPACE',''
  ) );
#1709 = PCURVE('',#1710,#1715);
#1710 = PLANE('',#1711);
#1711 = AXIS2_PLACEMENT_3D('',#1712,#1713,#1714);
#1712 = CARTESIAN_POINT('',(838.4,1.4438E+03,1.907E+03));
#1713 = DIRECTION('',(1.110223024625E-16,1.,0.));
#1714 = DIRECTION('',(-1.,1.110223024625E-16,0.));
#1715 = DEFINITIONAL_REPRESENTATION('',(#1716),#1720);
#1716 = LINE('',#1717,#1718);
#1717 = CARTESIAN_POINT('',(136.,0.));
#1718 = VECTOR('',#1719,1.);
#1719 = DIRECTION('',(1.,0.));
#1720 = ( GEOMETRIC_REPRESENTATION_CONTEXT(2) 
PARAMETRIC_REPRESENTATION_CONTEXT() REPRESENTATION_CONTEXT('2D SPACE',''
  ) );
#1721 = ORIENTED_EDGE('',*,*,#1722,.F.);
#1722 = EDGE_CURVE('',#1634,#1695,#1723,.T.);
#1723 = SURFACE_CURVE('',#1724,(#1728,#1735),.PCURVE_S1.);
#1724 = LINE('',#1725,#1726);
#1725 = CARTESIAN_POINT('',(838.4,1.3488E+03,1.907E+03));
#1726 = VECTOR('',#1727,1.);
#1727 = DIRECTION('',(1.110223024625E-16,1.,0.));
#1728 = PCURVE('',#1642,#1729);
#1729 = DEFINITIONAL_REPRESENTATION('',(#1730),#1734);
#1730 = LINE('',#1731,#1732);
#1731 = CARTESIAN_POINT('',(113.,15.));
#1732 = VECTOR('',#1733,1.);
#1733 = DIRECTION('',(1.,0.));
#1734 = ( GEOMETRIC_REPRESENTATION_CONTEXT(2) 
PARAMETRIC_REPRESENTATION_CONTEXT() REPRESENTATION_CONTEXT('2D SPACE',''
  ) );
#1735 = PCURVE('',#1736,#1741);
#1736 = PLANE('',#1737);
#1737 = AXIS2_PLACEMENT_3D('',#1738,#1739,#1740);
#1738 = CARTESIAN_POINT('',(838.4,1.2538E+03,1.907E+03));
#1739 = DIRECTION('',(1.,-1.110223024625E-16,0.));
#1740 = DIRECTION('',(1.110223024625E-16,1.,0.));
#1741 = DEFINITIONAL_REPRESENTATION('',(#1742),#1746);
#1742 = LINE('',#1743,#1744);
#1743 = CARTESIAN_POINT('',(95.,0.));
#1744 = VECTOR('',#1745,1.);
#1745 = DIRECTION('',(1.,0.));
#1746 = ( GEOMETRIC_REPRESENTATION_CONTEXT(2) 
PARAMETRIC_REPRESENTATION_CONTEXT() REPRESENTATION_CONTEXT('2D SPACE',''
  ) );
#1747 = ADVANCED_FACE('',(#1748),#1762,.T.);
#1748 = FACE_BOUND('',#1749,.T.);
#1749 = EDGE_LOOP('',(#1750,#1780,#1803,#1826));
#1750 = ORIENTED_EDGE('',*,*,#1751,.T.);
#1751 = EDGE_CURVE('',#1752,#1754,#1756,.T.);
#1752 = VERTEX_POINT('',#1753);
#1753 = CARTESIAN_POINT('',(566.4,1.2538E+03,1.937E+03));
#1754 = VERTEX_POINT('',#1755);
#1755 = CARTESIAN_POINT('',(838.4,1.2538E+03,1.937E+03));
#1756 = SURFACE_CURVE('',#1757,(#1761,#1773),.PCURVE_S1.);
#1757 = LINE('',#1758,#1759);
#1758 = CARTESIAN_POINT('',(702.4,1.2538E+03,1.937E+03));
#1759 = VECTOR('',#1760,1.);
#1760 = DIRECTION('',(1.,-1.110223024625E-16,0.));
#1761 = PCURVE('',#1762,#1767);
#1762 = PLANE('',#1763);
#1763 = AXIS2_PLACEMENT_3D('',#1764,#1765,#1766);
#1764 = CARTESIAN_POINT('',(853.4,1.2358E+03,1.937E+03));
#1765 = DIRECTION('',(0.,0.,1.));
#1766 = DIRECTION('',(1.110223024625E-16,1.,0.));
#1767 = DEFINITIONAL_REPRESENTATION('',(#1768),#1772);
#1768 = LINE('',#1769,#1770);
#1769 = CARTESIAN_POINT('',(18.,151.));
#1770 = VECTOR('',#1771,1.);
#1771 = DIRECTION('',(0.,-1.));
#1772 = ( GEOMETRIC_REPRESENTATION_CONTEXT(2) 
PARAMETRIC_REPRESENTATION_CONTEXT() REPRESENTATION_CONTEXT('2D SPACE',''
  ) );
#1773 = PCURVE('',#1654,#1774);
#1774 = DEFINITIONAL_REPRESENTATION('',(#1775),#1779);
#1775 = LINE('',#1776,#1777);
#1776 = CARTESIAN_POINT('',(136.,30.));
#1777 = VECTOR('',#1778,1.);
#1778 = DIRECTION('',(1.,0.));
#1779 = ( GEOMETRIC_REPRESENTATION_CONTEXT(2) 
PARAMETRIC_REPRESENTATION_CONTEXT() REPRESENTATION_CONTEXT('2D SPACE',''
  ) );
#1780 = ORIENTED_EDGE('',*,*,#1781,.T.);
#1781 = EDGE_CURVE('',#1754,#1782,#1784,.T.);
#1782 = VERTEX_POINT('',#1783);
#1783 = CARTESIAN_POINT('',(838.4,1.4438E+03,1.937E+03));
#1784 = SURFACE_CURVE('',#1785,(#1789,#1796),.PCURVE_S1.);
#1785 = LINE('',#1786,#1787);
#1786 = CARTESIAN_POINT('',(838.4,1.3488E+03,1.937E+03));
#1787 = VECTOR('',#1788,1.);
#1788 = DIRECTION('',(1.110223024625E-16,1.,0.));
#1789 = PCURVE('',#1762,#1790);
#1790 = DEFINITIONAL_REPRESENTATION('',(#1791),#1795);
#1791 = LINE('',#1792,#1793);
#1792 = CARTESIAN_POINT('',(113.,15.));
#1793 = VECTOR('',#1794,1.);
#1794 = DIRECTION('',(1.,0.));
#1795 = ( GEOMETRIC_REPRESENTATION_CONTEXT(2) 
PARAMETRIC_REPRESENTATION_CONTEXT() REPRESENTATION_CONTEXT('2D SPACE',''
  ) );
#1796 = PCURVE('',#1736,#1797);
#1797 = DEFINITIONAL_REPRESENTATION('',(#1798),#1802);
#1798 = LINE('',#1799,#1800);
#1799 = CARTESIAN_POINT('',(95.,30.));
#1800 = VECTOR('',#1801,1.);
#1801 = DIRECTION('',(1.,0.));
#1802 = ( GEOMETRIC_REPRESENTATION_CONTEXT(2) 
PARAMETRIC_REPRESENTATION_CONTEXT() REPRESENTATION_CONTEXT('2D SPACE',''
  ) );
#1803 = ORIENTED_EDGE('',*,*,#1804,.T.);
#1804 = EDGE_CURVE('',#1782,#1805,#1807,.T.);
#1805 = VERTEX_POINT('',#1806);
#1806 = CARTESIAN_POINT('',(566.4,1.4438E+03,1.937E+03));
#1807 = SURFACE_CURVE('',#1808,(#1812,#1819),.PCURVE_S1.);
#1808 = LINE('',#1809,#1810);
#1809 = CARTESIAN_POINT('',(702.4,1.4438E+03,1.937E+03));
#1810 = VECTOR('',#1811,1.);
#1811 = DIRECTION('',(-1.,1.110223024625E-16,0.));
#1812 = PCURVE('',#1762,#1813);
#1813 = DEFINITIONAL_REPRESENTATION('',(#1814),#1818);
#1814 = LINE('',#1815,#1816);
#1815 = CARTESIAN_POINT('',(208.,151.));
#1816 = VECTOR('',#1817,1.);
#1817 = DIRECTION('',(0.,1.));
#1818 = ( GEOMETRIC_REPRESENTATION_CONTEXT(2) 
PARAMETRIC_REPRESENTATION_CONTEXT() REPRESENTATION_CONTEXT('2D SPACE',''
  ) );
#1819 = PCURVE('',#1710,#1820);
#1820 = DEFINITIONAL_REPRESENTATION('',(#1821),#1825);
#1821 = LINE('',#1822,#1823);
#1822 = CARTESIAN_POINT('',(136.,30.));
#1823 = VECTOR('',#1824,1.);
#1824 = DIRECTION('',(1.,0.));
#1825 = ( GEOMETRIC_REPRESENTATION_CONTEXT(2) 
PARAMETRIC_REPRESENTATION_CONTEXT() REPRESENTATION_CONTEXT('2D SPACE',''
  ) );
#1826 = ORIENTED_EDGE('',*,*,#1827,.T.);
#1827 = EDGE_CURVE('',#1805,#1752,#1828,.T.);
#1828 = SURFACE_CURVE('',#1829,(#1833,#1840),.PCURVE_S1.);
#1829 = LINE('',#1830,#1831);
#1830 = CARTESIAN_POINT('',(566.4,1.3488E+03,1.937E+03));
#1831 = VECTOR('',#1832,1.);
#1832 = DIRECTION('',(-1.110223024625E-16,-1.,0.));
#1833 = PCURVE('',#1762,#1834);
#1834 = DEFINITIONAL_REPRESENTATION('',(#1835),#1839);
#1835 = LINE('',#1836,#1837);
#1836 = CARTESIAN_POINT('',(113.,287.));
#1837 = VECTOR('',#1838,1.);
#1838 = DIRECTION('',(-1.,0.));
#1839 = ( GEOMETRIC_REPRESENTATION_CONTEXT(2) 
PARAMETRIC_REPRESENTATION_CONTEXT() REPRESENTATION_CONTEXT('2D SPACE',''
  ) );
#1840 = PCURVE('',#1682,#1841);
#1841 = DEFINITIONAL_REPRESENTATION('',(#1842),#1846);
#1842 = LINE('',#1843,#1844);
#1843 = CARTESIAN_POINT('',(95.,30.));
#1844 = VECTOR('',#1845,1.);
#1845 = DIRECTION('',(1.,0.));
#1846 = ( GEOMETRIC_REPRESENTATION_CONTEXT(2) 
PARAMETRIC_REPRESENTATION_CONTEXT() REPRESENTATION_CONTEXT('2D SPACE',''
  ) );
#1847 = ADVANCED_FACE('',(#1848),#1654,.T.);
#1848 = FACE_BOUND('',#1849,.T.);
#1849 = EDGE_LOOP('',(#1850,#1871,#1872,#1893));
#1850 = ORIENTED_EDGE('',*,*,#1851,.F.);
#1851 = EDGE_CURVE('',#1632,#1752,#1852,.T.);
#1852 = SURFACE_CURVE('',#1853,(#1857,#1864),.PCURVE_S1.);
#1853 = LINE('',#1854,#1855);
#1854 = CARTESIAN_POINT('',(566.4,1.2538E+03,1.922E+03));
#1855 = VECTOR('',#1856,1.);
#1856 = DIRECTION('',(0.,0.,1.));
#1857 = PCURVE('',#1654,#1858);
#1858 = DEFINITIONAL_REPRESENTATION('',(#1859),#1863);
#1859 = LINE('',#1860,#1861);
#1860 = CARTESIAN_POINT('',(0.,15.));
#1861 = VECTOR('',#1862,1.);
#1862 = DIRECTION('',(0.,1.));
#1863 = ( GEOMETRIC_REPRESENTATION_CONTEXT(2) 
PARAMETRIC_REPRESENTATION_CONTEXT() REPRESENTATION_CONTEXT('2D SPACE',''
  ) );
#1864 = PCURVE('',#1682,#1865);
#1865 = DEFINITIONAL_REPRESENTATION('',(#1866),#1870);
#1866 = LINE('',#1867,#1868);
#1867 = CARTESIAN_POINT('',(190.,15.));
#1868 = VECTOR('',#1869,1.);
#1869 = DIRECTION('',(0.,1.));
#1870 = ( GEOMETRIC_REPRESENTATION_CONTEXT(2) 
PARAMETRIC_REPRESENTATION_CONTEXT() REPRESENTATION_CONTEXT('2D SPACE',''
  ) );
#1871 = ORIENTED_EDGE('',*,*,#1631,.T.);
#1872 = ORIENTED_EDGE('',*,*,#1873,.T.);
#1873 = EDGE_CURVE('',#1634,#1754,#1874,.T.);
#1874 = SURFACE_CURVE('',#1875,(#1879,#1886),.PCURVE_S1.);
#1875 = LINE('',#1876,#1877);
#1876 = CARTESIAN_POINT('',(838.4,1.2538E+03,1.922E+03));
#1877 = VECTOR('',#1878,1.);
#1878 = DIRECTION('',(0.,0.,1.));
#1879 = PCURVE('',#1654,#1880);
#1880 = DEFINITIONAL_REPRESENTATION('',(#1881),#1885);
#1881 = LINE('',#1882,#1883);
#1882 = CARTESIAN_POINT('',(272.,15.));
#1883 = VECTOR('',#1884,1.);
#1884 = DIRECTION('',(0.,1.));
#1885 = ( GEOMETRIC_REPRESENTATION_CONTEXT(2) 
PARAMETRIC_REPRESENTATION_CONTEXT() REPRESENTATION_CONTEXT('2D SPACE',''
  ) );
#1886 = PCURVE('',#1736,#1887);
#1887 = DEFINITIONAL_REPRESENTATION('',(#1888),#1892);
#1888 = LINE('',#1889,#1890);
#1889 = CARTESIAN_POINT('',(0.,15.));
#1890 = VECTOR('',#1891,1.);
#1891 = DIRECTION('',(0.,1.));
#1892 = ( GEOMETRIC_REPRESENTATION_CONTEXT(2) 
PARAMETRIC_REPRESENTATION_CONTEXT() REPRESENTATION_CONTEXT('2D SPACE',''
  ) );
#1893 = ORIENTED_EDGE('',*,*,#1751,.F.);
#1894 = ADVANCED_FACE('',(#1895),#1682,.T.);
#1895 = FACE_BOUND('',#1896,.T.);
#1896 = EDGE_LOOP('',(#1897,#1918,#1919,#1920));
#1897 = ORIENTED_EDGE('',*,*,#1898,.F.);
#1898 = EDGE_CURVE('',#1667,#1805,#1899,.T.);
#1899 = SURFACE_CURVE('',#1900,(#1904,#1911),.PCURVE_S1.);
#1900 = LINE('',#1901,#1902);
#1901 = CARTESIAN_POINT('',(566.4,1.4438E+03,1.922E+03));
#1902 = VECTOR('',#1903,1.);
#1903 = DIRECTION('',(0.,0.,1.));
#1904 = PCURVE('',#1682,#1905);
#1905 = DEFINITIONAL_REPRESENTATION('',(#1906),#1910);
#1906 = LINE('',#1907,#1908);
#1907 = CARTESIAN_POINT('',(0.,15.));
#1908 = VECTOR('',#1909,1.);
#1909 = DIRECTION('',(0.,1.));
#1910 = ( GEOMETRIC_REPRESENTATION_CONTEXT(2) 
PARAMETRIC_REPRESENTATION_CONTEXT() REPRESENTATION_CONTEXT('2D SPACE',''
  ) );
#1911 = PCURVE('',#1710,#1912);
#1912 = DEFINITIONAL_REPRESENTATION('',(#1913),#1917);
#1913 = LINE('',#1914,#1915);
#1914 = CARTESIAN_POINT('',(272.,15.));
#1915 = VECTOR('',#1916,1.);
#1916 = DIRECTION('',(0.,1.));
#1917 = ( GEOMETRIC_REPRESENTATION_CONTEXT(2) 
PARAMETRIC_REPRESENTATION_CONTEXT() REPRESENTATION_CONTEXT('2D SPACE',''
  ) );
#1918 = ORIENTED_EDGE('',*,*,#1666,.T.);
#1919 = ORIENTED_EDGE('',*,*,#1851,.T.);
#1920 = ORIENTED_EDGE('',*,*,#1827,.F.);
#1921 = ADVANCED_FACE('',(#1922),#1710,.T.);
#1922 = FACE_BOUND('',#1923,.T.);
#1923 = EDGE_LOOP('',(#1924,#1945,#1946,#1947));
#1924 = ORIENTED_EDGE('',*,*,#1925,.F.);
#1925 = EDGE_CURVE('',#1695,#1782,#1926,.T.);
#1926 = SURFACE_CURVE('',#1927,(#1931,#1938),.PCURVE_S1.);
#1927 = LINE('',#1928,#1929);
#1928 = CARTESIAN_POINT('',(838.4,1.4438E+03,1.922E+03));
#1929 = VECTOR('',#1930,1.);
#1930 = DIRECTION('',(0.,0.,1.));
#1931 = PCURVE('',#1710,#1932);
#1932 = DEFINITIONAL_REPRESENTATION('',(#1933),#1937);
#1933 = LINE('',#1934,#1935);
#1934 = CARTESIAN_POINT('',(0.,15.));
#1935 = VECTOR('',#1936,1.);
#1936 = DIRECTION('',(0.,1.));
#1937 = ( GEOMETRIC_REPRESENTATION_CONTEXT(2) 
PARAMETRIC_REPRESENTATION_CONTEXT() REPRESENTATION_CONTEXT('2D SPACE',''
  ) );
#1938 = PCURVE('',#1736,#1939);
#1939 = DEFINITIONAL_REPRESENTATION('',(#1940),#1944);
#1940 = LINE('',#1941,#1942);
#1941 = CARTESIAN_POINT('',(190.,15.));
#1942 = VECTOR('',#1943,1.);
#1943 = DIRECTION('',(0.,1.));
#1944 = ( GEOMETRIC_REPRESENTATION_CONTEXT(2) 
PARAMETRIC_REPRESENTATION_CONTEXT() REPRESENTATION_CONTEXT('2D SPACE',''
  ) );
#1945 = ORIENTED_EDGE('',*,*,#1694,.T.);
#1946 = ORIENTED_EDGE('',*,*,#1898,.T.);
#1947 = ORIENTED_EDGE('',*,*,#1804,.F.);
#1948 = ADVANCED_FACE('',(#1949),#1736,.T.);
#1949 = FACE_BOUND('',#1950,.T.);
#1950 = EDGE_LOOP('',(#1951,#1952,#1953,#1954));
#1951 = ORIENTED_EDGE('',*,*,#1873,.F.);
#1952 = ORIENTED_EDGE('',*,*,#1722,.T.);
#1953 = ORIENTED_EDGE('',*,*,#1925,.T.);
#1954 = ORIENTED_EDGE('',*,*,#1781,.F.);
#1955 = ( GEOMETRIC_REPRESENTATION_CONTEXT(3) 
GLOBAL_UNCERTAINTY_ASSIGNED_CONTEXT((#1959)) 
GLOBAL_UNIT_ASSIGNED_CONTEXT((#1956,#1957,#1958)) REPRESENTATION_CONTEXT
('Context #1','3D Context with UNIT and UNCERTAINTY') );
#1956 = ( LENGTH_UNIT() NAMED_UNIT(*) SI_UNIT(.MILLI.,.METRE.) );
#1957 = ( NAMED_UNIT(*) PLANE_ANGLE_UNIT() SI_UNIT($,.RADIAN.) );
#1958 = ( NAMED_UNIT(*) SI_UNIT($,.STERADIAN.) SOLID_ANGLE_UNIT() );
#1959 = UNCERTAINTY_MEASURE_WITH_UNIT(LENGTH_MEASURE(1.E-07),#1956,
  'distance_accuracy_value','confusion accuracy');
#1960 = CONTEXT_DEPENDENT_SHAPE_REPRESENTATION(#1961,#1963);
#1961 = ( REPRESENTATION_RELATIONSHIP('','',#1624,#10) 
REPRESENTATION_RELATIONSHIP_WITH_TRANSFORMATION(#1962) 
SHAPE_REPRESENTATION_RELATIONSHIP() );
#1962 = ITEM_DEFINED_TRANSFORMATION('','',#11,#31);
#1963 = PRODUCT_DEFINITION_SHAPE('Placement','Placement of an item',
  #1964);
#1964 = NEXT_ASSEMBLY_USAGE_OCCURRENCE('256','','',#5,#1619,$);
#1965 = PRODUCT_RELATED_PRODUCT_CATEGORY('part',$,(#1621));
#1966 = SHAPE_DEFINITION_REPRESENTATION(#1967,#1973);
#1967 = PRODUCT_DEFINITION_SHAPE('','',#1968);
#1968 = PRODUCT_DEFINITION('design','',#1969,#1972);
#1969 = PRODUCT_DEFINITION_FORMATION('','',#1970);
#1970 = PRODUCT('Open CASCADE STEP translator 7.9 4.6',
  'Open CASCADE STEP translator 7.9 4.6','',(#1971));
#1971 = PRODUCT_CONTEXT('',#2,'mechanical');
#1972 = PRODUCT_DEFINITION_CONTEXT('part definition',#2,'design');
#1973 = ADVANCED_BREP_SHAPE_REPRESENTATION('',(#11,#1974),#2304);
#1974 = MANIFOLD_SOLID_BREP('',#1975);
#1975 = CLOSED_SHELL('',(#1976,#2096,#2196,#2243,#2270,#2297));
#1976 = ADVANCED_FACE('',(#1977),#1991,.F.);
#1977 = FACE_BOUND('',#1978,.T.);
#1978 = EDGE_LOOP('',(#1979,#2014,#2042,#2070));
#1979 = ORIENTED_EDGE('',*,*,#1980,.F.);
#1980 = EDGE_CURVE('',#1981,#1983,#1985,.T.);
#1981 = VERTEX_POINT('',#1982);
#1982 = CARTESIAN_POINT('',(566.4,1.2538E+03,2.247E+03));
#1983 = VERTEX_POINT('',#1984);
#1984 = CARTESIAN_POINT('',(838.4,1.2538E+03,2.247E+03));
#1985 = SURFACE_CURVE('',#1986,(#1990,#2002),.PCURVE_S1.);
#1986 = LINE('',#1987,#1988);
#1987 = CARTESIAN_POINT('',(702.4,1.2538E+03,2.247E+03));
#1988 = VECTOR('',#1989,1.);
#1989 = DIRECTION('',(1.,-1.110223024625E-16,0.));
#1990 = PCURVE('',#1991,#1996);
#1991 = PLANE('',#1992);
#1992 = AXIS2_PLACEMENT_3D('',#1993,#1994,#1995);
#1993 = CARTESIAN_POINT('',(853.4,1.2358E+03,2.247E+03));
#1994 = DIRECTION('',(0.,0.,1.));
#1995 = DIRECTION('',(1.110223024625E-16,1.,0.));
#1996 = DEFINITIONAL_REPRESENTATION('',(#1997),#2001);
#1997 = LINE('',#1998,#1999);
#1998 = CARTESIAN_POINT('',(18.,151.));
#1999 = VECTOR('',#2000,1.);
#2000 = DIRECTION('',(0.,-1.));
#2001 = ( GEOMETRIC_REPRESENTATION_CONTEXT(2) 
PARAMETRIC_REPRESENTATION_CONTEXT() REPRESENTATION_CONTEXT('2D SPACE',''
  ) );
#2002 = PCURVE('',#2003,#2008);
#2003 = PLANE('',#2004);
#2004 = AXIS2_PLACEMENT_3D('',#2005,#2006,#2007);
#2005 = CARTESIAN_POINT('',(566.4,1.2538E+03,2.247E+03));
#2006 = DIRECTION('',(-1.110223024625E-16,-1.,0.));
#2007 = DIRECTION('',(1.,-1.110223024625E-16,0.));
#2008 = DEFINITIONAL_REPRESENTATION('',(#2009),#2013);
#2009 = LINE('',#2010,#2011);
#2010 = CARTESIAN_POINT('',(136.,0.));
#2011 = VECTOR('',#2012,1.);
#2012 = DIRECTION('',(1.,0.));
#2013 = ( GEOMETRIC_REPRESENTATION_CONTEXT(2) 
PARAMETRIC_REPRESENTATION_CONTEXT() REPRESENTATION_CONTEXT('2D SPACE',''
  ) );
#2014 = ORIENTED_EDGE('',*,*,#2015,.F.);
#2015 = EDGE_CURVE('',#2016,#1981,#2018,.T.);
#2016 = VERTEX_POINT('',#2017);
#2017 = CARTESIAN_POINT('',(566.4,1.4438E+03,2.247E+03));
#2018 = SURFACE_CURVE('',#2019,(#2023,#2030),.PCURVE_S1.);
#2019 = LINE('',#2020,#2021);
#2020 = CARTESIAN_POINT('',(566.4,1.3488E+03,2.247E+03));
#2021 = VECTOR('',#2022,1.);
#2022 = DIRECTION('',(-1.110223024625E-16,-1.,0.));
#2023 = PCURVE('',#1991,#2024);
#2024 = DEFINITIONAL_REPRESENTATION('',(#2025),#2029);
#2025 = LINE('',#2026,#2027);
#2026 = CARTESIAN_POINT('',(113.,287.));
#2027 = VECTOR('',#2028,1.);
#2028 = DIRECTION('',(-1.,0.));
#2029 = ( GEOMETRIC_REPRESENTATION_CONTEXT(2) 
PARAMETRIC_REPRESENTATION_CONTEXT() REPRESENTATION_CONTEXT('2D SPACE',''
  ) );
#2030 = PCURVE('',#2031,#2036);
#2031 = PLANE('',#2032);
#2032 = AXIS2_PLACEMENT_3D('',#2033,#2034,#2035);
#2033 = CARTESIAN_POINT('',(566.4,1.4438E+03,2.247E+03));
#2034 = DIRECTION('',(-1.,1.110223024625E-16,0.));
#2035 = DIRECTION('',(-1.110223024625E-16,-1.,0.));
#2036 = DEFINITIONAL_REPRESENTATION('',(#2037),#2041);
#2037 = LINE('',#2038,#2039);
#2038 = CARTESIAN_POINT('',(95.,0.));
#2039 = VECTOR('',#2040,1.);
#2040 = DIRECTION('',(1.,0.));
#2041 = ( GEOMETRIC_REPRESENTATION_CONTEXT(2) 
PARAMETRIC_REPRESENTATION_CONTEXT() REPRESENTATION_CONTEXT('2D SPACE',''
  ) );
#2042 = ORIENTED_EDGE('',*,*,#2043,.F.);
#2043 = EDGE_CURVE('',#2044,#2016,#2046,.T.);
#2044 = VERTEX_POINT('',#2045);
#2045 = CARTESIAN_POINT('',(838.4,1.4438E+03,2.247E+03));
#2046 = SURFACE_CURVE('',#2047,(#2051,#2058),.PCURVE_S1.);
#2047 = LINE('',#2048,#2049);
#2048 = CARTESIAN_POINT('',(702.4,1.4438E+03,2.247E+03));
#2049 = VECTOR('',#2050,1.);
#2050 = DIRECTION('',(-1.,1.110223024625E-16,0.));
#2051 = PCURVE('',#1991,#2052);
#2052 = DEFINITIONAL_REPRESENTATION('',(#2053),#2057);
#2053 = LINE('',#2054,#2055);
#2054 = CARTESIAN_POINT('',(208.,151.));
#2055 = VECTOR('',#2056,1.);
#2056 = DIRECTION('',(0.,1.));
#2057 = ( GEOMETRIC_REPRESENTATION_CONTEXT(2) 
PARAMETRIC_REPRESENTATION_CONTEXT() REPRESENTATION_CONTEXT('2D SPACE',''
  ) );
#2058 = PCURVE('',#2059,#2064);
#2059 = PLANE('',#2060);
#2060 = AXIS2_PLACEMENT_3D('',#2061,#2062,#2063);
#2061 = CARTESIAN_POINT('',(838.4,1.4438E+03,2.247E+03));
#2062 = DIRECTION('',(1.110223024625E-16,1.,0.));
#2063 = DIRECTION('',(-1.,1.110223024625E-16,0.));
#2064 = DEFINITIONAL_REPRESENTATION('',(#2065),#2069);
#2065 = LINE('',#2066,#2067);
#2066 = CARTESIAN_POINT('',(136.,0.));
#2067 = VECTOR('',#2068,1.);
#2068 = DIRECTION('',(1.,0.));
#2069 = ( GEOMETRIC_REPRESENTATION_CONTEXT(2) 
PARAMETRIC_REPRESENTATION_CONTEXT() REPRESENTATION_CONTEXT('2D SPACE',''
  ) );
#2070 = ORIENTED_EDGE('',*,*,#2071,.F.);
#2071 = EDGE_CURVE('',#1983,#2044,#2072,.T.);
#2072 = SURFACE_CURVE('',#2073,(#2077,#2084),.PCURVE_S1.);
#2073 = LINE('',#2074,#2075);
#2074 = CARTESIAN_POINT('',(838.4,1.3488E+03,2.247E+03));
#2075 = VECTOR('',#2076,1.);
#2076 = DIRECTION('',(1.110223024625E-16,1.,0.));
#2077 = PCURVE('',#1991,#2078);
#2078 = DEFINITIONAL_REPRESENTATION('',(#2079),#2083);
#2079 = LINE('',#2080,#2081);
#2080 = CARTESIAN_POINT('',(113.,15.));
#2081 = VECTOR('',#2082,1.);
#2082 = DIRECTION('',(1.,0.));
#2083 = ( GEOMETRIC_REPRESENTATION_CONTEXT(2) 
PARAMETRIC_REPRESENTATION_CONTEXT() REPRESENTATION_CONTEXT('2D SPACE',''
  ) );
#2084 = PCURVE('',#2085,#2090);
#2085 = PLANE('',#2086);
#2086 = AXIS2_PLACEMENT_3D('',#2087,#2088,#2089);
#2087 = CARTESIAN_POINT('',(838.4,1.2538E+03,2.247E+03));
#2088 = DIRECTION('',(1.,-1.110223024625E-16,0.));
#2089 = DIRECTION('',(1.110223024625E-16,1.,0.));
#2090 = DEFINITIONAL_REPRESENTATION('',(#2091),#2095);
#2091 = LINE('',#2092,#2093);
#2092 = CARTESIAN_POINT('',(95.,0.));
#2093 = VECTOR('',#2094,1.);
#2094 = DIRECTION('',(1.,0.));
#2095 = ( GEOMETRIC_REPRESENTATION_CONTEXT(2) 
PARAMETRIC_REPRESENTATION_CONTEXT() REPRESENTATION_CONTEXT('2D SPACE',''
  ) );
#2096 = ADVANCED_FACE('',(#2097),#2111,.T.);
#2097 = FACE_BOUND('',#2098,.T.);
#2098 = EDGE_LOOP('',(#2099,#2129,#2152,#2175));
#2099 = ORIENTED_EDGE('',*,*,#2100,.T.);
#2100 = EDGE_CURVE('',#2101,#2103,#2105,.T.);
#2101 = VERTEX_POINT('',#2102);
#2102 = CARTESIAN_POINT('',(566.4,1.2538E+03,2.265E+03));
#2103 = VERTEX_POINT('',#2104);
#2104 = CARTESIAN_POINT('',(838.4,1.2538E+03,2.265E+03));
#2105 = SURFACE_CURVE('',#2106,(#2110,#2122),.PCURVE_S1.);
#2106 = LINE('',#2107,#2108);
#2107 = CARTESIAN_POINT('',(702.4,1.2538E+03,2.265E+03));
#2108 = VECTOR('',#2109,1.);
#2109 = DIRECTION('',(1.,-1.110223024625E-16,0.));
#2110 = PCURVE('',#2111,#2116);
#2111 = PLANE('',#2112);
#2112 = AXIS2_PLACEMENT_3D('',#2113,#2114,#2115);
#2113 = CARTESIAN_POINT('',(853.4,1.2358E+03,2.265E+03));
#2114 = DIRECTION('',(0.,0.,1.));
#2115 = DIRECTION('',(1.110223024625E-16,1.,0.));
#2116 = DEFINITIONAL_REPRESENTATION('',(#2117),#2121);
#2117 = LINE('',#2118,#2119);
#2118 = CARTESIAN_POINT('',(18.,151.));
#2119 = VECTOR('',#2120,1.);
#2120 = DIRECTION('',(0.,-1.));
#2121 = ( GEOMETRIC_REPRESENTATION_CONTEXT(2) 
PARAMETRIC_REPRESENTATION_CONTEXT() REPRESENTATION_CONTEXT('2D SPACE',''
  ) );
#2122 = PCURVE('',#2003,#2123);
#2123 = DEFINITIONAL_REPRESENTATION('',(#2124),#2128);
#2124 = LINE('',#2125,#2126);
#2125 = CARTESIAN_POINT('',(136.,18.));
#2126 = VECTOR('',#2127,1.);
#2127 = DIRECTION('',(1.,0.));
#2128 = ( GEOMETRIC_REPRESENTATION_CONTEXT(2) 
PARAMETRIC_REPRESENTATION_CONTEXT() REPRESENTATION_CONTEXT('2D SPACE',''
  ) );
#2129 = ORIENTED_EDGE('',*,*,#2130,.T.);
#2130 = EDGE_CURVE('',#2103,#2131,#2133,.T.);
#2131 = VERTEX_POINT('',#2132);
#2132 = CARTESIAN_POINT('',(838.4,1.4438E+03,2.265E+03));
#2133 = SURFACE_CURVE('',#2134,(#2138,#2145),.PCURVE_S1.);
#2134 = LINE('',#2135,#2136);
#2135 = CARTESIAN_POINT('',(838.4,1.3488E+03,2.265E+03));
#2136 = VECTOR('',#2137,1.);
#2137 = DIRECTION('',(1.110223024625E-16,1.,0.));
#2138 = PCURVE('',#2111,#2139);
#2139 = DEFINITIONAL_REPRESENTATION('',(#2140),#2144);
#2140 = LINE('',#2141,#2142);
#2141 = CARTESIAN_POINT('',(113.,15.));
#2142 = VECTOR('',#2143,1.);
#2143 = DIRECTION('',(1.,0.));
#2144 = ( GEOMETRIC_REPRESENTATION_CONTEXT(2) 
PARAMETRIC_REPRESENTATION_CONTEXT() REPRESENTATION_CONTEXT('2D SPACE',''
  ) );
#2145 = PCURVE('',#2085,#2146);
#2146 = DEFINITIONAL_REPRESENTATION('',(#2147),#2151);
#2147 = LINE('',#2148,#2149);
#2148 = CARTESIAN_POINT('',(95.,18.));
#2149 = VECTOR('',#2150,1.);
#2150 = DIRECTION('',(1.,0.));
#2151 = ( GEOMETRIC_REPRESENTATION_CONTEXT(2) 
PARAMETRIC_REPRESENTATION_CONTEXT() REPRESENTATION_CONTEXT('2D SPACE',''
  ) );
#2152 = ORIENTED_EDGE('',*,*,#2153,.T.);
#2153 = EDGE_CURVE('',#2131,#2154,#2156,.T.);
#2154 = VERTEX_POINT('',#2155);
#2155 = CARTESIAN_POINT('',(566.4,1.4438E+03,2.265E+03));
#2156 = SURFACE_CURVE('',#2157,(#2161,#2168),.PCURVE_S1.);
#2157 = LINE('',#2158,#2159);
#2158 = CARTESIAN_POINT('',(702.4,1.4438E+03,2.265E+03));
#2159 = VECTOR('',#2160,1.);
#2160 = DIRECTION('',(-1.,1.110223024625E-16,0.));
#2161 = PCURVE('',#2111,#2162);
#2162 = DEFINITIONAL_REPRESENTATION('',(#2163),#2167);
#2163 = LINE('',#2164,#2165);
#2164 = CARTESIAN_POINT('',(208.,151.));
#2165 = VECTOR('',#2166,1.);
#2166 = DIRECTION('',(0.,1.));
#2167 = ( GEOMETRIC_REPRESENTATION_CONTEXT(2) 
PARAMETRIC_REPRESENTATION_CONTEXT() REPRESENTATION_CONTEXT('2D SPACE',''
  ) );
#2168 = PCURVE('',#2059,#2169);
#2169 = DEFINITIONAL_REPRESENTATION('',(#2170),#2174);
#2170 = LINE('',#2171,#2172);
#2171 = CARTESIAN_POINT('',(136.,18.));
#2172 = VECTOR('',#2173,1.);
#2173 = DIRECTION('',(1.,0.));
#2174 = ( GEOMETRIC_REPRESENTATION_CONTEXT(2) 
PARAMETRIC_REPRESENTATION_CONTEXT() REPRESENTATION_CONTEXT('2D SPACE',''
  ) );
#2175 = ORIENTED_EDGE('',*,*,#2176,.T.);
#2176 = EDGE_CURVE('',#2154,#2101,#2177,.T.);
#2177 = SURFACE_CURVE('',#2178,(#2182,#2189),.PCURVE_S1.);
#2178 = LINE('',#2179,#2180);
#2179 = CARTESIAN_POINT('',(566.4,1.3488E+03,2.265E+03));
#2180 = VECTOR('',#2181,1.);
#2181 = DIRECTION('',(-1.110223024625E-16,-1.,0.));
#2182 = PCURVE('',#2111,#2183);
#2183 = DEFINITIONAL_REPRESENTATION('',(#2184),#2188);
#2184 = LINE('',#2185,#2186);
#2185 = CARTESIAN_POINT('',(113.,287.));
#2186 = VECTOR('',#2187,1.);
#2187 = DIRECTION('',(-1.,0.));
#2188 = ( GEOMETRIC_REPRESENTATION_CONTEXT(2) 
PARAMETRIC_REPRESENTATION_CONTEXT() REPRESENTATION_CONTEXT('2D SPACE',''
  ) );
#2189 = PCURVE('',#2031,#2190);
#2190 = DEFINITIONAL_REPRESENTATION('',(#2191),#2195);
#2191 = LINE('',#2192,#2193);
#2192 = CARTESIAN_POINT('',(95.,18.));
#2193 = VECTOR('',#2194,1.);
#2194 = DIRECTION('',(1.,0.));
#2195 = ( GEOMETRIC_REPRESENTATION_CONTEXT(2) 
PARAMETRIC_REPRESENTATION_CONTEXT() REPRESENTATION_CONTEXT('2D SPACE',''
  ) );
#2196 = ADVANCED_FACE('',(#2197),#2003,.T.);
#2197 = FACE_BOUND('',#2198,.T.);
#2198 = EDGE_LOOP('',(#2199,#2220,#2221,#2242));
#2199 = ORIENTED_EDGE('',*,*,#2200,.F.);
#2200 = EDGE_CURVE('',#1981,#2101,#2201,.T.);
#2201 = SURFACE_CURVE('',#2202,(#2206,#2213),.PCURVE_S1.);
#2202 = LINE('',#2203,#2204);
#2203 = CARTESIAN_POINT('',(566.4,1.2538E+03,2.256E+03));
#2204 = VECTOR('',#2205,1.);
#2205 = DIRECTION('',(0.,0.,1.));
#2206 = PCURVE('',#2003,#2207);
#2207 = DEFINITIONAL_REPRESENTATION('',(#2208),#2212);
#2208 = LINE('',#2209,#2210);
#2209 = CARTESIAN_POINT('',(0.,9.));
#2210 = VECTOR('',#2211,1.);
#2211 = DIRECTION('',(0.,1.));
#2212 = ( GEOMETRIC_REPRESENTATION_CONTEXT(2) 
PARAMETRIC_REPRESENTATION_CONTEXT() REPRESENTATION_CONTEXT('2D SPACE',''
  ) );
#2213 = PCURVE('',#2031,#2214);
#2214 = DEFINITIONAL_REPRESENTATION('',(#2215),#2219);
#2215 = LINE('',#2216,#2217);
#2216 = CARTESIAN_POINT('',(190.,9.));
#2217 = VECTOR('',#2218,1.);
#2218 = DIRECTION('',(0.,1.));
#2219 = ( GEOMETRIC_REPRESENTATION_CONTEXT(2) 
PARAMETRIC_REPRESENTATION_CONTEXT() REPRESENTATION_CONTEXT('2D SPACE',''
  ) );
#2220 = ORIENTED_EDGE('',*,*,#1980,.T.);
#2221 = ORIENTED_EDGE('',*,*,#2222,.T.);
#2222 = EDGE_CURVE('',#1983,#2103,#2223,.T.);
#2223 = SURFACE_CURVE('',#2224,(#2228,#2235),.PCURVE_S1.);
#2224 = LINE('',#2225,#2226);
#2225 = CARTESIAN_POINT('',(838.4,1.2538E+03,2.256E+03));
#2226 = VECTOR('',#2227,1.);
#2227 = DIRECTION('',(0.,0.,1.));
#2228 = PCURVE('',#2003,#2229);
#2229 = DEFINITIONAL_REPRESENTATION('',(#2230),#2234);
#2230 = LINE('',#2231,#2232);
#2231 = CARTESIAN_POINT('',(272.,9.));
#2232 = VECTOR('',#2233,1.);
#2233 = DIRECTION('',(0.,1.));
#2234 = ( GEOMETRIC_REPRESENTATION_CONTEXT(2) 
PARAMETRIC_REPRESENTATION_CONTEXT() REPRESENTATION_CONTEXT('2D SPACE',''
  ) );
#2235 = PCURVE('',#2085,#2236);
#2236 = DEFINITIONAL_REPRESENTATION('',(#2237),#2241);
#2237 = LINE('',#2238,#2239);
#2238 = CARTESIAN_POINT('',(0.,9.));
#2239 = VECTOR('',#2240,1.);
#2240 = DIRECTION('',(0.,1.));
#2241 = ( GEOMETRIC_REPRESENTATION_CONTEXT(2) 
PARAMETRIC_REPRESENTATION_CONTEXT() REPRESENTATION_CONTEXT('2D SPACE',''
  ) );
#2242 = ORIENTED_EDGE('',*,*,#2100,.F.);
#2243 = ADVANCED_FACE('',(#2244),#2031,.T.);
#2244 = FACE_BOUND('',#2245,.T.);
#2245 = EDGE_LOOP('',(#2246,#2267,#2268,#2269));
#2246 = ORIENTED_EDGE('',*,*,#2247,.F.);
#2247 = EDGE_CURVE('',#2016,#2154,#2248,.T.);
#2248 = SURFACE_CURVE('',#2249,(#2253,#2260),.PCURVE_S1.);
#2249 = LINE('',#2250,#2251);
#2250 = CARTESIAN_POINT('',(566.4,1.4438E+03,2.256E+03));
#2251 = VECTOR('',#2252,1.);
#2252 = DIRECTION('',(0.,0.,1.));
#2253 = PCURVE('',#2031,#2254);
#2254 = DEFINITIONAL_REPRESENTATION('',(#2255),#2259);
#2255 = LINE('',#2256,#2257);
#2256 = CARTESIAN_POINT('',(0.,9.));
#2257 = VECTOR('',#2258,1.);
#2258 = DIRECTION('',(0.,1.));
#2259 = ( GEOMETRIC_REPRESENTATION_CONTEXT(2) 
PARAMETRIC_REPRESENTATION_CONTEXT() REPRESENTATION_CONTEXT('2D SPACE',''
  ) );
#2260 = PCURVE('',#2059,#2261);
#2261 = DEFINITIONAL_REPRESENTATION('',(#2262),#2266);
#2262 = LINE('',#2263,#2264);
#2263 = CARTESIAN_POINT('',(272.,9.));
#2264 = VECTOR('',#2265,1.);
#2265 = DIRECTION('',(0.,1.));
#2266 = ( GEOMETRIC_REPRESENTATION_CONTEXT(2) 
PARAMETRIC_REPRESENTATION_CONTEXT() REPRESENTATION_CONTEXT('2D SPACE',''
  ) );
#2267 = ORIENTED_EDGE('',*,*,#2015,.T.);
#2268 = ORIENTED_EDGE('',*,*,#2200,.T.);
#2269 = ORIENTED_EDGE('',*,*,#2176,.F.);
#2270 = ADVANCED_FACE('',(#2271),#2059,.T.);
#2271 = FACE_BOUND('',#2272,.T.);
#2272 = EDGE_LOOP('',(#2273,#2294,#2295,#2296));
#2273 = ORIENTED_EDGE('',*,*,#2274,.F.);
#2274 = EDGE_CURVE('',#2044,#2131,#2275,.T.);
#2275 = SURFACE_CURVE('',#2276,(#2280,#2287),.PCURVE_S1.);
#2276 = LINE('',#2277,#2278);
#2277 = CARTESIAN_POINT('',(838.4,1.4438E+03,2.256E+03));
#2278 = VECTOR('',#2279,1.);
#2279 = DIRECTION('',(0.,0.,1.));
#2280 = PCURVE('',#2059,#2281);
#2281 = DEFINITIONAL_REPRESENTATION('',(#2282),#2286);
#2282 = LINE('',#2283,#2284);
#2283 = CARTESIAN_POINT('',(0.,9.));
#2284 = VECTOR('',#2285,1.);
#2285 = DIRECTION('',(0.,1.));
#2286 = ( GEOMETRIC_REPRESENTATION_CONTEXT(2) 
PARAMETRIC_REPRESENTATION_CONTEXT() REPRESENTATION_CONTEXT('2D SPACE',''
  ) );
#2287 = PCURVE('',#2085,#2288);
#2288 = DEFINITIONAL_REPRESENTATION('',(#2289),#2293);
#2289 = LINE('',#2290,#2291);
#2290 = CARTESIAN_POINT('',(190.,9.));
#2291 = VECTOR('',#2292,1.);
#2292 = DIRECTION('',(0.,1.));
#2293 = ( GEOMETRIC_REPRESENTATION_CONTEXT(2) 
PARAMETRIC_REPRESENTATION_CONTEXT() REPRESENTATION_CONTEXT('2D SPACE',''
  ) );
#2294 = ORIENTED_EDGE('',*,*,#2043,.T.);
#2295 = ORIENTED_EDGE('',*,*,#2247,.T.);
#2296 = ORIENTED_EDGE('',*,*,#2153,.F.);
#2297 = ADVANCED_FACE('',(#2298),#2085,.T.);
#2298 = FACE_BOUND('',#2299,.T.);
#2299 = EDGE_LOOP('',(#2300,#2301,#2302,#2303));
#2300 = ORIENTED_EDGE('',*,*,#2222,.F.);
#2301 = ORIENTED_EDGE('',*,*,#2071,.T.);
#2302 = ORIENTED_EDGE('',*,*,#2274,.T.);
#2303 = ORIENTED_EDGE('',*,*,#2130,.F.);
#2304 = ( GEOMETRIC_REPRESENTATION_CONTEXT(3) 
GLOBAL_UNCERTAINTY_ASSIGNED_CONTEXT((#2308)) 
GLOBAL_UNIT_ASSIGNED_CONTEXT((#2305,#2306,#2307)) REPRESENTATION_CONTEXT
('Context #1','3D Context with UNIT and UNCERTAINTY') );
#2305 = ( LENGTH_UNIT() NAMED_UNIT(*) SI_UNIT(.MILLI.,.METRE.) );
#2306 = ( NAMED_UNIT(*) PLANE_ANGLE_UNIT() SI_UNIT($,.RADIAN.) );
#2307 = ( NAMED_UNIT(*) SI_UNIT($,.STERADIAN.) SOLID_ANGLE_UNIT() );
#2308 = UNCERTAINTY_MEASURE_WITH_UNIT(LENGTH_MEASURE(1.E-07),#2305,
  'distance_accuracy_value','confusion accuracy');
#2309 = CONTEXT_DEPENDENT_SHAPE_REPRESENTATION(#2310,#2312);
#2310 = ( REPRESENTATION_RELATIONSHIP('','',#1973,#10) 
REPRESENTATION_RELATIONSHIP_WITH_TRANSFORMATION(#2311) 
SHAPE_REPRESENTATION_RELATIONSHIP() );
#2311 = ITEM_DEFINED_TRANSFORMATION('','',#11,#35);
#2312 = PRODUCT_DEFINITION_SHAPE('Placement','Placement of an item',
  #2313);
#2313 = NEXT_ASSEMBLY_USAGE_OCCURRENCE('257','','',#5,#1968,$);
#2314 = PRODUCT_RELATED_PRODUCT_CATEGORY('part',$,(#1970));
#2315 = SHAPE_DEFINITION_REPRESENTATION(#2316,#2322);
#2316 = PRODUCT_DEFINITION_SHAPE('','',#2317);
#2317 = PRODUCT_DEFINITION('design','',#2318,#2321);
#2318 = PRODUCT_DEFINITION_FORMATION('','',#2319);
#2319 = PRODUCT('Open CASCADE STEP translator 7.9 4.7',
  'Open CASCADE STEP translator 7.9 4.7','',(#2320));
#2320 = PRODUCT_CONTEXT('',#2,'mechanical');
#2321 = PRODUCT_DEFINITION_CONTEXT('part definition',#2,'design');
#2322 = ADVANCED_BREP_SHAPE_REPRESENTATION('',(#11,#2323),#2653);
#2323 = MANIFOLD_SOLID_BREP('',#2324);
#2324 = CLOSED_SHELL('',(#2325,#2445,#2545,#2592,#2619,#2646));
#2325 = ADVANCED_FACE('',(#2326),#2340,.F.);
#2326 = FACE_BOUND('',#2327,.T.);
#2327 = EDGE_LOOP('',(#2328,#2363,#2391,#2419));
#2328 = ORIENTED_EDGE('',*,*,#2329,.F.);
#2329 = EDGE_CURVE('',#2330,#2332,#2334,.T.);
#2330 = VERTEX_POINT('',#2331);
#2331 = CARTESIAN_POINT('',(546.4,1.2538E+03,3.568E+03));
#2332 = VERTEX_POINT('',#2333);
#2333 = CARTESIAN_POINT('',(853.4,1.2538E+03,3.568E+03));
#2334 = SURFACE_CURVE('',#2335,(#2339,#2351),.PCURVE_S1.);
#2335 = LINE('',#2336,#2337);
#2336 = CARTESIAN_POINT('',(699.9,1.2538E+03,3.568E+03));
#2337 = VECTOR('',#2338,1.);
#2338 = DIRECTION('',(1.,-1.110223024625E-16,0.));
#2339 = PCURVE('',#2340,#2345);
#2340 = PLANE('',#2341);
#2341 = AXIS2_PLACEMENT_3D('',#2342,#2343,#2344);
#2342 = CARTESIAN_POINT('',(853.4,1.2358E+03,3.568E+03));
#2343 = DIRECTION('',(0.,0.,1.));
#2344 = DIRECTION('',(1.110223024625E-16,1.,0.));
#2345 = DEFINITIONAL_REPRESENTATION('',(#2346),#2350);
#2346 = LINE('',#2347,#2348);
#2347 = CARTESIAN_POINT('',(18.,153.5));
#2348 = VECTOR('',#2349,1.);
#2349 = DIRECTION('',(0.,-1.));
#2350 = ( GEOMETRIC_REPRESENTATION_CONTEXT(2) 
PARAMETRIC_REPRESENTATION_CONTEXT() REPRESENTATION_CONTEXT('2D SPACE',''
  ) );
#2351 = PCURVE('',#2352,#2357);
#2352 = PLANE('',#2353);
#2353 = AXIS2_PLACEMENT_3D('',#2354,#2355,#2356);
#2354 = CARTESIAN_POINT('',(546.4,1.2538E+03,3.568E+03));
#2355 = DIRECTION('',(-1.110223024625E-16,-1.,0.));
#2356 = DIRECTION('',(1.,-1.110223024625E-16,0.));
#2357 = DEFINITIONAL_REPRESENTATION('',(#2358),#2362);
#2358 = LINE('',#2359,#2360);
#2359 = CARTESIAN_POINT('',(153.5,0.));
#2360 = VECTOR('',#2361,1.);
#2361 = DIRECTION('',(1.,0.));
#2362 = ( GEOMETRIC_REPRESENTATION_CONTEXT(2) 
PARAMETRIC_REPRESENTATION_CONTEXT() REPRESENTATION_CONTEXT('2D SPACE',''
  ) );
#2363 = ORIENTED_EDGE('',*,*,#2364,.F.);
#2364 = EDGE_CURVE('',#2365,#2330,#2367,.T.);
#2365 = VERTEX_POINT('',#2366);
#2366 = CARTESIAN_POINT('',(546.4,1.4438E+03,3.568E+03));
#2367 = SURFACE_CURVE('',#2368,(#2372,#2379),.PCURVE_S1.);
#2368 = LINE('',#2369,#2370);
#2369 = CARTESIAN_POINT('',(546.4,1.3488E+03,3.568E+03));
#2370 = VECTOR('',#2371,1.);
#2371 = DIRECTION('',(-1.110223024625E-16,-1.,0.));
#2372 = PCURVE('',#2340,#2373);
#2373 = DEFINITIONAL_REPRESENTATION('',(#2374),#2378);
#2374 = LINE('',#2375,#2376);
#2375 = CARTESIAN_POINT('',(113.,307.));
#2376 = VECTOR('',#2377,1.);
#2377 = DIRECTION('',(-1.,0.));
#2378 = ( GEOMETRIC_REPRESENTATION_CONTEXT(2) 
PARAMETRIC_REPRESENTATION_CONTEXT() REPRESENTATION_CONTEXT('2D SPACE',''
  ) );
#2379 = PCURVE('',#2380,#2385);
#2380 = PLANE('',#2381);
#2381 = AXIS2_PLACEMENT_3D('',#2382,#2383,#2384);
#2382 = CARTESIAN_POINT('',(546.4,1.4438E+03,3.568E+03));
#2383 = DIRECTION('',(-1.,1.110223024625E-16,0.));
#2384 = DIRECTION('',(-1.110223024625E-16,-1.,0.));
#2385 = DEFINITIONAL_REPRESENTATION('',(#2386),#2390);
#2386 = LINE('',#2387,#2388);
#2387 = CARTESIAN_POINT('',(95.,0.));
#2388 = VECTOR('',#2389,1.);
#2389 = DIRECTION('',(1.,0.));
#2390 = ( GEOMETRIC_REPRESENTATION_CONTEXT(2) 
PARAMETRIC_REPRESENTATION_CONTEXT() REPRESENTATION_CONTEXT('2D SPACE',''
  ) );
#2391 = ORIENTED_EDGE('',*,*,#2392,.F.);
#2392 = EDGE_CURVE('',#2393,#2365,#2395,.T.);
#2393 = VERTEX_POINT('',#2394);
#2394 = CARTESIAN_POINT('',(853.4,1.4438E+03,3.568E+03));
#2395 = SURFACE_CURVE('',#2396,(#2400,#2407),.PCURVE_S1.);
#2396 = LINE('',#2397,#2398);
#2397 = CARTESIAN_POINT('',(699.9,1.4438E+03,3.568E+03));
#2398 = VECTOR('',#2399,1.);
#2399 = DIRECTION('',(-1.,1.110223024625E-16,0.));
#2400 = PCURVE('',#2340,#2401);
#2401 = DEFINITIONAL_REPRESENTATION('',(#2402),#2406);
#2402 = LINE('',#2403,#2404);
#2403 = CARTESIAN_POINT('',(208.,153.5));
#2404 = VECTOR('',#2405,1.);
#2405 = DIRECTION('',(0.,1.));
#2406 = ( GEOMETRIC_REPRESENTATION_CONTEXT(2) 
PARAMETRIC_REPRESENTATION_CONTEXT() REPRESENTATION_CONTEXT('2D SPACE',''
  ) );
#2407 = PCURVE('',#2408,#2413);
#2408 = PLANE('',#2409);
#2409 = AXIS2_PLACEMENT_3D('',#2410,#2411,#2412);
#2410 = CARTESIAN_POINT('',(853.4,1.4438E+03,3.568E+03));
#2411 = DIRECTION('',(1.110223024625E-16,1.,0.));
#2412 = DIRECTION('',(-1.,1.110223024625E-16,0.));
#2413 = DEFINITIONAL_REPRESENTATION('',(#2414),#2418);
#2414 = LINE('',#2415,#2416);
#2415 = CARTESIAN_POINT('',(153.5,0.));
#2416 = VECTOR('',#2417,1.);
#2417 = DIRECTION('',(1.,0.));
#2418 = ( GEOMETRIC_REPRESENTATION_CONTEXT(2) 
PARAMETRIC_REPRESENTATION_CONTEXT() REPRESENTATION_CONTEXT('2D SPACE',''
  ) );
#2419 = ORIENTED_EDGE('',*,*,#2420,.F.);
#2420 = EDGE_CURVE('',#2332,#2393,#2421,.T.);
#2421 = SURFACE_CURVE('',#2422,(#2426,#2433),.PCURVE_S1.);
#2422 = LINE('',#2423,#2424);
#2423 = CARTESIAN_POINT('',(853.4,1.3488E+03,3.568E+03));
#2424 = VECTOR('',#2425,1.);
#2425 = DIRECTION('',(1.110223024625E-16,1.,0.));
#2426 = PCURVE('',#2340,#2427);
#2427 = DEFINITIONAL_REPRESENTATION('',(#2428),#2432);
#2428 = LINE('',#2429,#2430);
#2429 = CARTESIAN_POINT('',(113.,-2.14828155265E-13));
#2430 = VECTOR('',#2431,1.);
#2431 = DIRECTION('',(1.,0.));
#2432 = ( GEOMETRIC_REPRESENTATION_CONTEXT(2) 
PARAMETRIC_REPRESENTATION_CONTEXT() REPRESENTATION_CONTEXT('2D SPACE',''
  ) );
#2433 = PCURVE('',#2434,#2439);
#2434 = PLANE('',#2435);
#2435 = AXIS2_PLACEMENT_3D('',#2436,#2437,#2438);
#2436 = CARTESIAN_POINT('',(853.4,1.2538E+03,3.568E+03));
#2437 = DIRECTION('',(1.,-1.110223024625E-16,0.));
#2438 = DIRECTION('',(1.110223024625E-16,1.,0.));
#2439 = DEFINITIONAL_REPRESENTATION('',(#2440),#2444);
#2440 = LINE('',#2441,#2442);
#2441 = CARTESIAN_POINT('',(95.,0.));
#2442 = VECTOR('',#2443,1.);
#2443 = DIRECTION('',(1.,0.));
#2444 = ( GEOMETRIC_REPRESENTATION_CONTEXT(2) 
PARAMETRIC_REPRESENTATION_CONTEXT() REPRESENTATION_CONTEXT('2D SPACE',''
  ) );
#2445 = ADVANCED_FACE('',(#2446),#2460,.T.);
#2446 = FACE_BOUND('',#2447,.T.);
#2447 = EDGE_LOOP('',(#2448,#2478,#2501,#2524));
#2448 = ORIENTED_EDGE('',*,*,#2449,.T.);
#2449 = EDGE_CURVE('',#2450,#2452,#2454,.T.);
#2450 = VERTEX_POINT('',#2451);
#2451 = CARTESIAN_POINT('',(546.4,1.2538E+03,3.586E+03));
#2452 = VERTEX_POINT('',#2453);
#2453 = CARTESIAN_POINT('',(853.4,1.2538E+03,3.586E+03));
#2454 = SURFACE_CURVE('',#2455,(#2459,#2471),.PCURVE_S1.);
#2455 = LINE('',#2456,#2457);
#2456 = CARTESIAN_POINT('',(699.9,1.2538E+03,3.586E+03));
#2457 = VECTOR('',#2458,1.);
#2458 = DIRECTION('',(1.,-1.110223024625E-16,0.));
#2459 = PCURVE('',#2460,#2465);
#2460 = PLANE('',#2461);
#2461 = AXIS2_PLACEMENT_3D('',#2462,#2463,#2464);
#2462 = CARTESIAN_POINT('',(853.4,1.2358E+03,3.586E+03));
#2463 = DIRECTION('',(0.,0.,1.));
#2464 = DIRECTION('',(1.110223024625E-16,1.,0.));
#2465 = DEFINITIONAL_REPRESENTATION('',(#2466),#2470);
#2466 = LINE('',#2467,#2468);
#2467 = CARTESIAN_POINT('',(18.,153.5));
#2468 = VECTOR('',#2469,1.);
#2469 = DIRECTION('',(0.,-1.));
#2470 = ( GEOMETRIC_REPRESENTATION_CONTEXT(2) 
PARAMETRIC_REPRESENTATION_CONTEXT() REPRESENTATION_CONTEXT('2D SPACE',''
  ) );
#2471 = PCURVE('',#2352,#2472);
#2472 = DEFINITIONAL_REPRESENTATION('',(#2473),#2477);
#2473 = LINE('',#2474,#2475);
#2474 = CARTESIAN_POINT('',(153.5,18.));
#2475 = VECTOR('',#2476,1.);
#2476 = DIRECTION('',(1.,0.));
#2477 = ( GEOMETRIC_REPRESENTATION_CONTEXT(2) 
PARAMETRIC_REPRESENTATION_CONTEXT() REPRESENTATION_CONTEXT('2D SPACE',''
  ) );
#2478 = ORIENTED_EDGE('',*,*,#2479,.T.);
#2479 = EDGE_CURVE('',#2452,#2480,#2482,.T.);
#2480 = VERTEX_POINT('',#2481);
#2481 = CARTESIAN_POINT('',(853.4,1.4438E+03,3.586E+03));
#2482 = SURFACE_CURVE('',#2483,(#2487,#2494),.PCURVE_S1.);
#2483 = LINE('',#2484,#2485);
#2484 = CARTESIAN_POINT('',(853.4,1.3488E+03,3.586E+03));
#2485 = VECTOR('',#2486,1.);
#2486 = DIRECTION('',(1.110223024625E-16,1.,0.));
#2487 = PCURVE('',#2460,#2488);
#2488 = DEFINITIONAL_REPRESENTATION('',(#2489),#2493);
#2489 = LINE('',#2490,#2491);
#2490 = CARTESIAN_POINT('',(113.,-2.14828155265E-13));
#2491 = VECTOR('',#2492,1.);
#2492 = DIRECTION('',(1.,0.));
#2493 = ( GEOMETRIC_REPRESENTATION_CONTEXT(2) 
PARAMETRIC_REPRESENTATION_CONTEXT() REPRESENTATION_CONTEXT('2D SPACE',''
  ) );
#2494 = PCURVE('',#2434,#2495);
#2495 = DEFINITIONAL_REPRESENTATION('',(#2496),#2500);
#2496 = LINE('',#2497,#2498);
#2497 = CARTESIAN_POINT('',(95.,18.));
#2498 = VECTOR('',#2499,1.);
#2499 = DIRECTION('',(1.,0.));
#2500 = ( GEOMETRIC_REPRESENTATION_CONTEXT(2) 
PARAMETRIC_REPRESENTATION_CONTEXT() REPRESENTATION_CONTEXT('2D SPACE',''
  ) );
#2501 = ORIENTED_EDGE('',*,*,#2502,.T.);
#2502 = EDGE_CURVE('',#2480,#2503,#2505,.T.);
#2503 = VERTEX_POINT('',#2504);
#2504 = CARTESIAN_POINT('',(546.4,1.4438E+03,3.586E+03));
#2505 = SURFACE_CURVE('',#2506,(#2510,#2517),.PCURVE_S1.);
#2506 = LINE('',#2507,#2508);
#2507 = CARTESIAN_POINT('',(699.9,1.4438E+03,3.586E+03));
#2508 = VECTOR('',#2509,1.);
#2509 = DIRECTION('',(-1.,1.110223024625E-16,0.));
#2510 = PCURVE('',#2460,#2511);
#2511 = DEFINITIONAL_REPRESENTATION('',(#2512),#2516);
#2512 = LINE('',#2513,#2514);
#2513 = CARTESIAN_POINT('',(208.,153.5));
#2514 = VECTOR('',#2515,1.);
#2515 = DIRECTION('',(0.,1.));
#2516 = ( GEOMETRIC_REPRESENTATION_CONTEXT(2) 
PARAMETRIC_REPRESENTATION_CONTEXT() REPRESENTATION_CONTEXT('2D SPACE',''
  ) );
#2517 = PCURVE('',#2408,#2518);
#2518 = DEFINITIONAL_REPRESENTATION('',(#2519),#2523);
#2519 = LINE('',#2520,#2521);
#2520 = CARTESIAN_POINT('',(153.5,18.));
#2521 = VECTOR('',#2522,1.);
#2522 = DIRECTION('',(1.,0.));
#2523 = ( GEOMETRIC_REPRESENTATION_CONTEXT(2) 
PARAMETRIC_REPRESENTATION_CONTEXT() REPRESENTATION_CONTEXT('2D SPACE',''
  ) );
#2524 = ORIENTED_EDGE('',*,*,#2525,.T.);
#2525 = EDGE_CURVE('',#2503,#2450,#2526,.T.);
#2526 = SURFACE_CURVE('',#2527,(#2531,#2538),.PCURVE_S1.);
#2527 = LINE('',#2528,#2529);
#2528 = CARTESIAN_POINT('',(546.4,1.3488E+03,3.586E+03));
#2529 = VECTOR('',#2530,1.);
#2530 = DIRECTION('',(-1.110223024625E-16,-1.,0.));
#2531 = PCURVE('',#2460,#2532);
#2532 = DEFINITIONAL_REPRESENTATION('',(#2533),#2537);
#2533 = LINE('',#2534,#2535);
#2534 = CARTESIAN_POINT('',(113.,307.));
#2535 = VECTOR('',#2536,1.);
#2536 = DIRECTION('',(-1.,0.));
#2537 = ( GEOMETRIC_REPRESENTATION_CONTEXT(2) 
PARAMETRIC_REPRESENTATION_CONTEXT() REPRESENTATION_CONTEXT('2D SPACE',''
  ) );
#2538 = PCURVE('',#2380,#2539);
#2539 = DEFINITIONAL_REPRESENTATION('',(#2540),#2544);
#2540 = LINE('',#2541,#2542);
#2541 = CARTESIAN_POINT('',(95.,18.));
#2542 = VECTOR('',#2543,1.);
#2543 = DIRECTION('',(1.,0.));
#2544 = ( GEOMETRIC_REPRESENTATION_CONTEXT(2) 
PARAMETRIC_REPRESENTATION_CONTEXT() REPRESENTATION_CONTEXT('2D SPACE',''
  ) );
#2545 = ADVANCED_FACE('',(#2546),#2352,.T.);
#2546 = FACE_BOUND('',#2547,.T.);
#2547 = EDGE_LOOP('',(#2548,#2569,#2570,#2591));
#2548 = ORIENTED_EDGE('',*,*,#2549,.F.);
#2549 = EDGE_CURVE('',#2330,#2450,#2550,.T.);
#2550 = SURFACE_CURVE('',#2551,(#2555,#2562),.PCURVE_S1.);
#2551 = LINE('',#2552,#2553);
#2552 = CARTESIAN_POINT('',(546.4,1.2538E+03,3.577E+03));
#2553 = VECTOR('',#2554,1.);
#2554 = DIRECTION('',(0.,0.,1.));
#2555 = PCURVE('',#2352,#2556);
#2556 = DEFINITIONAL_REPRESENTATION('',(#2557),#2561);
#2557 = LINE('',#2558,#2559);
#2558 = CARTESIAN_POINT('',(0.,9.));
#2559 = VECTOR('',#2560,1.);
#2560 = DIRECTION('',(0.,1.));
#2561 = ( GEOMETRIC_REPRESENTATION_CONTEXT(2) 
PARAMETRIC_REPRESENTATION_CONTEXT() REPRESENTATION_CONTEXT('2D SPACE',''
  ) );
#2562 = PCURVE('',#2380,#2563);
#2563 = DEFINITIONAL_REPRESENTATION('',(#2564),#2568);
#2564 = LINE('',#2565,#2566);
#2565 = CARTESIAN_POINT('',(190.,9.));
#2566 = VECTOR('',#2567,1.);
#2567 = DIRECTION('',(0.,1.));
#2568 = ( GEOMETRIC_REPRESENTATION_CONTEXT(2) 
PARAMETRIC_REPRESENTATION_CONTEXT() REPRESENTATION_CONTEXT('2D SPACE',''
  ) );
#2569 = ORIENTED_EDGE('',*,*,#2329,.T.);
#2570 = ORIENTED_EDGE('',*,*,#2571,.T.);
#2571 = EDGE_CURVE('',#2332,#2452,#2572,.T.);
#2572 = SURFACE_CURVE('',#2573,(#2577,#2584),.PCURVE_S1.);
#2573 = LINE('',#2574,#2575);
#2574 = CARTESIAN_POINT('',(853.4,1.2538E+03,3.577E+03));
#2575 = VECTOR('',#2576,1.);
#2576 = DIRECTION('',(0.,0.,1.));
#2577 = PCURVE('',#2352,#2578);
#2578 = DEFINITIONAL_REPRESENTATION('',(#2579),#2583);
#2579 = LINE('',#2580,#2581);
#2580 = CARTESIAN_POINT('',(307.,9.));
#2581 = VECTOR('',#2582,1.);
#2582 = DIRECTION('',(0.,1.));
#2583 = ( GEOMETRIC_REPRESENTATION_CONTEXT(2) 
PARAMETRIC_REPRESENTATION_CONTEXT() REPRESENTATION_CONTEXT('2D SPACE',''
  ) );
#2584 = PCURVE('',#2434,#2585);
#2585 = DEFINITIONAL_REPRESENTATION('',(#2586),#2590);
#2586 = LINE('',#2587,#2588);
#2587 = CARTESIAN_POINT('',(0.,9.));
#2588 = VECTOR('',#2589,1.);
#2589 = DIRECTION('',(0.,1.));
#2590 = ( GEOMETRIC_REPRESENTATION_CONTEXT(2) 
PARAMETRIC_REPRESENTATION_CONTEXT() REPRESENTATION_CONTEXT('2D SPACE',''
  ) );
#2591 = ORIENTED_EDGE('',*,*,#2449,.F.);
#2592 = ADVANCED_FACE('',(#2593),#2380,.T.);
#2593 = FACE_BOUND('',#2594,.T.);
#2594 = EDGE_LOOP('',(#2595,#2616,#2617,#2618));
#2595 = ORIENTED_EDGE('',*,*,#2596,.F.);
#2596 = EDGE_CURVE('',#2365,#2503,#2597,.T.);
#2597 = SURFACE_CURVE('',#2598,(#2602,#2609),.PCURVE_S1.);
#2598 = LINE('',#2599,#2600);
#2599 = CARTESIAN_POINT('',(546.4,1.4438E+03,3.577E+03));
#2600 = VECTOR('',#2601,1.);
#2601 = DIRECTION('',(0.,0.,1.));
#2602 = PCURVE('',#2380,#2603);
#2603 = DEFINITIONAL_REPRESENTATION('',(#2604),#2608);
#2604 = LINE('',#2605,#2606);
#2605 = CARTESIAN_POINT('',(0.,9.));
#2606 = VECTOR('',#2607,1.);
#2607 = DIRECTION('',(0.,1.));
#2608 = ( GEOMETRIC_REPRESENTATION_CONTEXT(2) 
PARAMETRIC_REPRESENTATION_CONTEXT() REPRESENTATION_CONTEXT('2D SPACE',''
  ) );
#2609 = PCURVE('',#2408,#2610);
#2610 = DEFINITIONAL_REPRESENTATION('',(#2611),#2615);
#2611 = LINE('',#2612,#2613);
#2612 = CARTESIAN_POINT('',(307.,9.));
#2613 = VECTOR('',#2614,1.);
#2614 = DIRECTION('',(0.,1.));
#2615 = ( GEOMETRIC_REPRESENTATION_CONTEXT(2) 
PARAMETRIC_REPRESENTATION_CONTEXT() REPRESENTATION_CONTEXT('2D SPACE',''
  ) );
#2616 = ORIENTED_EDGE('',*,*,#2364,.T.);
#2617 = ORIENTED_EDGE('',*,*,#2549,.T.);
#2618 = ORIENTED_EDGE('',*,*,#2525,.F.);
#2619 = ADVANCED_FACE('',(#2620),#2408,.T.);
#2620 = FACE_BOUND('',#2621,.T.);
#2621 = EDGE_LOOP('',(#2622,#2643,#2644,#2645));
#2622 = ORIENTED_EDGE('',*,*,#2623,.F.);
#2623 = EDGE_CURVE('',#2393,#2480,#2624,.T.);
#2624 = SURFACE_CURVE('',#2625,(#2629,#2636),.PCURVE_S1.);
#2625 = LINE('',#2626,#2627);
#2626 = CARTESIAN_POINT('',(853.4,1.4438E+03,3.577E+03));
#2627 = VECTOR('',#2628,1.);
#2628 = DIRECTION('',(0.,0.,1.));
#2629 = PCURVE('',#2408,#2630);
#2630 = DEFINITIONAL_REPRESENTATION('',(#2631),#2635);
#2631 = LINE('',#2632,#2633);
#2632 = CARTESIAN_POINT('',(0.,9.));
#2633 = VECTOR('',#2634,1.);
#2634 = DIRECTION('',(0.,1.));
#2635 = ( GEOMETRIC_REPRESENTATION_CONTEXT(2) 
PARAMETRIC_REPRESENTATION_CONTEXT() REPRESENTATION_CONTEXT('2D SPACE',''
  ) );
#2636 = PCURVE('',#2434,#2637);
#2637 = DEFINITIONAL_REPRESENTATION('',(#2638),#2642);
#2638 = LINE('',#2639,#2640);
#2639 = CARTESIAN_POINT('',(190.,9.));
#2640 = VECTOR('',#2641,1.);
#2641 = DIRECTION('',(0.,1.));
#2642 = ( GEOMETRIC_REPRESENTATION_CONTEXT(2) 
PARAMETRIC_REPRESENTATION_CONTEXT() REPRESENTATION_CONTEXT('2D SPACE',''
  ) );
#2643 = ORIENTED_EDGE('',*,*,#2392,.T.);
#2644 = ORIENTED_EDGE('',*,*,#2596,.T.);
#2645 = ORIENTED_EDGE('',*,*,#2502,.F.);
#2646 = ADVANCED_FACE('',(#2647),#2434,.T.);
#2647 = FACE_BOUND('',#2648,.T.);
#2648 = EDGE_LOOP('',(#2649,#2650,#2651,#2652));
#2649 = ORIENTED_EDGE('',*,*,#2571,.F.);
#2650 = ORIENTED_EDGE('',*,*,#2420,.T.);
#2651 = ORIENTED_EDGE('',*,*,#2623,.T.);
#2652 = ORIENTED_EDGE('',*,*,#2479,.F.);
#2653 = ( GEOMETRIC_REPRESENTATION_CONTEXT(3) 
GLOBAL_UNCERTAINTY_ASSIGNED_CONTEXT((#2657)) 
GLOBAL_UNIT_ASSIGNED_CONTEXT((#2654,#2655,#2656)) REPRESENTATION_CONTEXT
('Context #1','3D Context with UNIT and UNCERTAINTY') );
#2654 = ( LENGTH_UNIT() NAMED_UNIT(*) SI_UNIT(.MILLI.,.METRE.) );
#2655 = ( NAMED_UNIT(*) PLANE_ANGLE_UNIT() SI_UNIT($,.RADIAN.) );
#2656 = ( NAMED_UNIT(*) SI_UNIT($,.STERADIAN.) SOLID_ANGLE_UNIT() );
#2657 = UNCERTAINTY_MEASURE_WITH_UNIT(LENGTH_MEASURE(1.E-07),#2654,
  'distance_accuracy_value','confusion accuracy');
#2658 = CONTEXT_DEPENDENT_SHAPE_REPRESENTATION(#2659,#2661);
#2659 = ( REPRESENTATION_RELATIONSHIP('','',#2322,#10) 
REPRESENTATION_RELATIONSHIP_WITH_TRANSFORMATION(#2660) 
SHAPE_REPRESENTATION_RELATIONSHIP() );
#2660 = ITEM_DEFINED_TRANSFORMATION('','',#11,#39);
#2661 = PRODUCT_DEFINITION_SHAPE('Placement','Placement of an item',
  #2662);
#2662 = NEXT_ASSEMBLY_USAGE_OCCURRENCE('258','','',#5,#2317,$);
#2663 = PRODUCT_RELATED_PRODUCT_CATEGORY('part',$,(#2319));
#2664 = SHAPE_DEFINITION_REPRESENTATION(#2665,#2671);
#2665 = PRODUCT_DEFINITION_SHAPE('','',#2666);
#2666 = PRODUCT_DEFINITION('design','',#2667,#2670);
#2667 = PRODUCT_DEFINITION_FORMATION('','',#2668);
#2668 = PRODUCT('Open CASCADE STEP translator 7.9 4.8',
  'Open CASCADE STEP translator 7.9 4.8','',(#2669));
#2669 = PRODUCT_CONTEXT('',#2,'mechanical');
#2670 = PRODUCT_DEFINITION_CONTEXT('part definition',#2,'design');
#2671 = ADVANCED_BREP_SHAPE_REPRESENTATION('',(#11,#2672),#3002);
#2672 = MANIFOLD_SOLID_BREP('',#2673);
#2673 = CLOSED_SHELL('',(#2674,#2794,#2894,#2941,#2968,#2995));
#2674 = ADVANCED_FACE('',(#2675),#2689,.F.);
#2675 = FACE_BOUND('',#2676,.T.);
#2676 = EDGE_LOOP('',(#2677,#2712,#2740,#2768));
#2677 = ORIENTED_EDGE('',*,*,#2678,.T.);
#2678 = EDGE_CURVE('',#2679,#2681,#2683,.T.);
#2679 = VERTEX_POINT('',#2680);
#2680 = CARTESIAN_POINT('',(856.4,1.2568E+03,2.242E+03));
#2681 = VERTEX_POINT('',#2682);
#2682 = CARTESIAN_POINT('',(856.4,1.4408E+03,2.242E+03));
#2683 = SURFACE_CURVE('',#2684,(#2688,#2700),.PCURVE_S1.);
#2684 = LINE('',#2685,#2686);
#2685 = CARTESIAN_POINT('',(856.4,1.3488E+03,2.242E+03));
#2686 = VECTOR('',#2687,1.);
#2687 = DIRECTION('',(1.110223024625E-16,1.,0.));
#2688 = PCURVE('',#2689,#2694);
#2689 = PLANE('',#2690);
#2690 = AXIS2_PLACEMENT_3D('',#2691,#2692,#2693);
#2691 = CARTESIAN_POINT('',(856.4,1.2358E+03,1.395E+03));
#2692 = DIRECTION('',(-1.,1.110223024625E-16,0.));
#2693 = DIRECTION('',(0.,0.,1.));
#2694 = DEFINITIONAL_REPRESENTATION('',(#2695),#2699);
#2695 = LINE('',#2696,#2697);
#2696 = CARTESIAN_POINT('',(847.,113.));
#2697 = VECTOR('',#2698,1.);
#2698 = DIRECTION('',(0.,1.));
#2699 = ( GEOMETRIC_REPRESENTATION_CONTEXT(2) 
PARAMETRIC_REPRESENTATION_CONTEXT() REPRESENTATION_CONTEXT('2D SPACE',''
  ) );
#2700 = PCURVE('',#2701,#2706);
#2701 = PLANE('',#2702);
#2702 = AXIS2_PLACEMENT_3D('',#2703,#2704,#2705);
#2703 = CARTESIAN_POINT('',(856.4,1.2568E+03,2.242E+03));
#2704 = DIRECTION('',(0.,0.,1.));
#2705 = DIRECTION('',(1.110223024625E-16,1.,0.));
#2706 = DEFINITIONAL_REPRESENTATION('',(#2707),#2711);
#2707 = LINE('',#2708,#2709);
#2708 = CARTESIAN_POINT('',(92.,1.021405182655E-14));
#2709 = VECTOR('',#2710,1.);
#2710 = DIRECTION('',(1.,0.));
#2711 = ( GEOMETRIC_REPRESENTATION_CONTEXT(2) 
PARAMETRIC_REPRESENTATION_CONTEXT() REPRESENTATION_CONTEXT('2D SPACE',''
  ) );
#2712 = ORIENTED_EDGE('',*,*,#2713,.F.);
#2713 = EDGE_CURVE('',#2714,#2681,#2716,.T.);
#2714 = VERTEX_POINT('',#2715);
#2715 = CARTESIAN_POINT('',(856.4,1.4408E+03,3.565E+03));
#2716 = SURFACE_CURVE('',#2717,(#2721,#2728),.PCURVE_S1.);
#2717 = LINE('',#2718,#2719);
#2718 = CARTESIAN_POINT('',(856.4,1.4408E+03,2.9035E+03));
#2719 = VECTOR('',#2720,1.);
#2720 = DIRECTION('',(0.,0.,-1.));
#2721 = PCURVE('',#2689,#2722);
#2722 = DEFINITIONAL_REPRESENTATION('',(#2723),#2727);
#2723 = LINE('',#2724,#2725);
#2724 = CARTESIAN_POINT('',(1.5085E+03,205.));
#2725 = VECTOR('',#2726,1.);
#2726 = DIRECTION('',(-1.,0.));
#2727 = ( GEOMETRIC_REPRESENTATION_CONTEXT(2) 
PARAMETRIC_REPRESENTATION_CONTEXT() REPRESENTATION_CONTEXT('2D SPACE',''
  ) );
#2728 = PCURVE('',#2729,#2734);
#2729 = PLANE('',#2730);
#2730 = AXIS2_PLACEMENT_3D('',#2731,#2732,#2733);
#2731 = CARTESIAN_POINT('',(856.4,1.4408E+03,3.565E+03));
#2732 = DIRECTION('',(1.110223024625E-16,1.,0.));
#2733 = DIRECTION('',(0.,0.,-1.));
#2734 = DEFINITIONAL_REPRESENTATION('',(#2735),#2739);
#2735 = LINE('',#2736,#2737);
#2736 = CARTESIAN_POINT('',(661.5,0.));
#2737 = VECTOR('',#2738,1.);
#2738 = DIRECTION('',(1.,0.));
#2739 = ( GEOMETRIC_REPRESENTATION_CONTEXT(2) 
PARAMETRIC_REPRESENTATION_CONTEXT() REPRESENTATION_CONTEXT('2D SPACE',''
  ) );
#2740 = ORIENTED_EDGE('',*,*,#2741,.F.);
#2741 = EDGE_CURVE('',#2742,#2714,#2744,.T.);
#2742 = VERTEX_POINT('',#2743);
#2743 = CARTESIAN_POINT('',(856.4,1.2568E+03,3.565E+03));
#2744 = SURFACE_CURVE('',#2745,(#2749,#2756),.PCURVE_S1.);
#2745 = LINE('',#2746,#2747);
#2746 = CARTESIAN_POINT('',(856.4,1.3488E+03,3.565E+03));
#2747 = VECTOR('',#2748,1.);
#2748 = DIRECTION('',(1.110223024625E-16,1.,0.));
#2749 = PCURVE('',#2689,#2750);
#2750 = DEFINITIONAL_REPRESENTATION('',(#2751),#2755);
#2751 = LINE('',#2752,#2753);
#2752 = CARTESIAN_POINT('',(2.17E+03,113.));
#2753 = VECTOR('',#2754,1.);
#2754 = DIRECTION('',(0.,1.));
#2755 = ( GEOMETRIC_REPRESENTATION_CONTEXT(2) 
PARAMETRIC_REPRESENTATION_CONTEXT() REPRESENTATION_CONTEXT('2D SPACE',''
  ) );
#2756 = PCURVE('',#2757,#2762);
#2757 = PLANE('',#2758);
#2758 = AXIS2_PLACEMENT_3D('',#2759,#2760,#2761);
#2759 = CARTESIAN_POINT('',(856.4,1.2568E+03,3.565E+03));
#2760 = DIRECTION('',(0.,0.,1.));
#2761 = DIRECTION('',(1.110223024625E-16,1.,0.));
#2762 = DEFINITIONAL_REPRESENTATION('',(#2763),#2767);
#2763 = LINE('',#2764,#2765);
#2764 = CARTESIAN_POINT('',(92.,1.021405182655E-14));
#2765 = VECTOR('',#2766,1.);
#2766 = DIRECTION('',(1.,0.));
#2767 = ( GEOMETRIC_REPRESENTATION_CONTEXT(2) 
PARAMETRIC_REPRESENTATION_CONTEXT() REPRESENTATION_CONTEXT('2D SPACE',''
  ) );
#2768 = ORIENTED_EDGE('',*,*,#2769,.T.);
#2769 = EDGE_CURVE('',#2742,#2679,#2770,.T.);
#2770 = SURFACE_CURVE('',#2771,(#2775,#2782),.PCURVE_S1.);
#2771 = LINE('',#2772,#2773);
#2772 = CARTESIAN_POINT('',(856.4,1.2568E+03,2.9035E+03));
#2773 = VECTOR('',#2774,1.);
#2774 = DIRECTION('',(0.,0.,-1.));
#2775 = PCURVE('',#2689,#2776);
#2776 = DEFINITIONAL_REPRESENTATION('',(#2777),#2781);
#2777 = LINE('',#2778,#2779);
#2778 = CARTESIAN_POINT('',(1.5085E+03,21.));
#2779 = VECTOR('',#2780,1.);
#2780 = DIRECTION('',(-1.,0.));
#2781 = ( GEOMETRIC_REPRESENTATION_CONTEXT(2) 
PARAMETRIC_REPRESENTATION_CONTEXT() REPRESENTATION_CONTEXT('2D SPACE',''
  ) );
#2782 = PCURVE('',#2783,#2788);
#2783 = PLANE('',#2784);
#2784 = AXIS2_PLACEMENT_3D('',#2785,#2786,#2787);
#2785 = CARTESIAN_POINT('',(856.4,1.2568E+03,3.565E+03));
#2786 = DIRECTION('',(1.110223024625E-16,1.,0.));
#2787 = DIRECTION('',(0.,0.,-1.));
#2788 = DEFINITIONAL_REPRESENTATION('',(#2789),#2793);
#2789 = LINE('',#2790,#2791);
#2790 = CARTESIAN_POINT('',(661.5,0.));
#2791 = VECTOR('',#2792,1.);
#2792 = DIRECTION('',(1.,0.));
#2793 = ( GEOMETRIC_REPRESENTATION_CONTEXT(2) 
PARAMETRIC_REPRESENTATION_CONTEXT() REPRESENTATION_CONTEXT('2D SPACE',''
  ) );
#2794 = ADVANCED_FACE('',(#2795),#2809,.T.);
#2795 = FACE_BOUND('',#2796,.T.);
#2796 = EDGE_LOOP('',(#2797,#2827,#2850,#2873));
#2797 = ORIENTED_EDGE('',*,*,#2798,.F.);
#2798 = EDGE_CURVE('',#2799,#2801,#2803,.T.);
#2799 = VERTEX_POINT('',#2800);
#2800 = CARTESIAN_POINT('',(838.4,1.2568E+03,2.242E+03));
#2801 = VERTEX_POINT('',#2802);
#2802 = CARTESIAN_POINT('',(838.4,1.4408E+03,2.242E+03));
#2803 = SURFACE_CURVE('',#2804,(#2808,#2820),.PCURVE_S1.);
#2804 = LINE('',#2805,#2806);
#2805 = CARTESIAN_POINT('',(838.4,1.3488E+03,2.242E+03));
#2806 = VECTOR('',#2807,1.);
#2807 = DIRECTION('',(1.110223024625E-16,1.,0.));
#2808 = PCURVE('',#2809,#2814);
#2809 = PLANE('',#2810);
#2810 = AXIS2_PLACEMENT_3D('',#2811,#2812,#2813);
#2811 = CARTESIAN_POINT('',(838.4,1.2358E+03,1.395E+03));
#2812 = DIRECTION('',(-1.,1.110223024625E-16,0.));
#2813 = DIRECTION('',(0.,0.,1.));
#2814 = DEFINITIONAL_REPRESENTATION('',(#2815),#2819);
#2815 = LINE('',#2816,#2817);
#2816 = CARTESIAN_POINT('',(847.,113.));
#2817 = VECTOR('',#2818,1.);
#2818 = DIRECTION('',(0.,1.));
#2819 = ( GEOMETRIC_REPRESENTATION_CONTEXT(2) 
PARAMETRIC_REPRESENTATION_CONTEXT() REPRESENTATION_CONTEXT('2D SPACE',''
  ) );
#2820 = PCURVE('',#2701,#2821);
#2821 = DEFINITIONAL_REPRESENTATION('',(#2822),#2826);
#2822 = LINE('',#2823,#2824);
#2823 = CARTESIAN_POINT('',(92.,18.));
#2824 = VECTOR('',#2825,1.);
#2825 = DIRECTION('',(1.,0.));
#2826 = ( GEOMETRIC_REPRESENTATION_CONTEXT(2) 
PARAMETRIC_REPRESENTATION_CONTEXT() REPRESENTATION_CONTEXT('2D SPACE',''
  ) );
#2827 = ORIENTED_EDGE('',*,*,#2828,.F.);
#2828 = EDGE_CURVE('',#2829,#2799,#2831,.T.);
#2829 = VERTEX_POINT('',#2830);
#2830 = CARTESIAN_POINT('',(838.4,1.2568E+03,3.565E+03));
#2831 = SURFACE_CURVE('',#2832,(#2836,#2843),.PCURVE_S1.);
#2832 = LINE('',#2833,#2834);
#2833 = CARTESIAN_POINT('',(838.4,1.2568E+03,2.9035E+03));
#2834 = VECTOR('',#2835,1.);
#2835 = DIRECTION('',(0.,0.,-1.));
#2836 = PCURVE('',#2809,#2837);
#2837 = DEFINITIONAL_REPRESENTATION('',(#2838),#2842);
#2838 = LINE('',#2839,#2840);
#2839 = CARTESIAN_POINT('',(1.5085E+03,21.));
#2840 = VECTOR('',#2841,1.);
#2841 = DIRECTION('',(-1.,0.));
#2842 = ( GEOMETRIC_REPRESENTATION_CONTEXT(2) 
PARAMETRIC_REPRESENTATION_CONTEXT() REPRESENTATION_CONTEXT('2D SPACE',''
  ) );
#2843 = PCURVE('',#2783,#2844);
#2844 = DEFINITIONAL_REPRESENTATION('',(#2845),#2849);
#2845 = LINE('',#2846,#2847);
#2846 = CARTESIAN_POINT('',(661.5,18.));
#2847 = VECTOR('',#2848,1.);
#2848 = DIRECTION('',(1.,0.));
#2849 = ( GEOMETRIC_REPRESENTATION_CONTEXT(2) 
PARAMETRIC_REPRESENTATION_CONTEXT() REPRESENTATION_CONTEXT('2D SPACE',''
  ) );
#2850 = ORIENTED_EDGE('',*,*,#2851,.T.);
#2851 = EDGE_CURVE('',#2829,#2852,#2854,.T.);
#2852 = VERTEX_POINT('',#2853);
#2853 = CARTESIAN_POINT('',(838.4,1.4408E+03,3.565E+03));
#2854 = SURFACE_CURVE('',#2855,(#2859,#2866),.PCURVE_S1.);
#2855 = LINE('',#2856,#2857);
#2856 = CARTESIAN_POINT('',(838.4,1.3488E+03,3.565E+03));
#2857 = VECTOR('',#2858,1.);
#2858 = DIRECTION('',(1.110223024625E-16,1.,0.));
#2859 = PCURVE('',#2809,#2860);
#2860 = DEFINITIONAL_REPRESENTATION('',(#2861),#2865);
#2861 = LINE('',#2862,#2863);
#2862 = CARTESIAN_POINT('',(2.17E+03,113.));
#2863 = VECTOR('',#2864,1.);
#2864 = DIRECTION('',(0.,1.));
#2865 = ( GEOMETRIC_REPRESENTATION_CONTEXT(2) 
PARAMETRIC_REPRESENTATION_CONTEXT() REPRESENTATION_CONTEXT('2D SPACE',''
  ) );
#2866 = PCURVE('',#2757,#2867);
#2867 = DEFINITIONAL_REPRESENTATION('',(#2868),#2872);
#2868 = LINE('',#2869,#2870);
#2869 = CARTESIAN_POINT('',(92.,18.));
#2870 = VECTOR('',#2871,1.);
#2871 = DIRECTION('',(1.,0.));
#2872 = ( GEOMETRIC_REPRESENTATION_CONTEXT(2) 
PARAMETRIC_REPRESENTATION_CONTEXT() REPRESENTATION_CONTEXT('2D SPACE',''
  ) );
#2873 = ORIENTED_EDGE('',*,*,#2874,.T.);
#2874 = EDGE_CURVE('',#2852,#2801,#2875,.T.);
#2875 = SURFACE_CURVE('',#2876,(#2880,#2887),.PCURVE_S1.);
#2876 = LINE('',#2877,#2878);
#2877 = CARTESIAN_POINT('',(838.4,1.4408E+03,2.9035E+03));
#2878 = VECTOR('',#2879,1.);
#2879 = DIRECTION('',(0.,0.,-1.));
#2880 = PCURVE('',#2809,#2881);
#2881 = DEFINITIONAL_REPRESENTATION('',(#2882),#2886);
#2882 = LINE('',#2883,#2884);
#2883 = CARTESIAN_POINT('',(1.5085E+03,205.));
#2884 = VECTOR('',#2885,1.);
#2885 = DIRECTION('',(-1.,0.));
#2886 = ( GEOMETRIC_REPRESENTATION_CONTEXT(2) 
PARAMETRIC_REPRESENTATION_CONTEXT() REPRESENTATION_CONTEXT('2D SPACE',''
  ) );
#2887 = PCURVE('',#2729,#2888);
#2888 = DEFINITIONAL_REPRESENTATION('',(#2889),#2893);
#2889 = LINE('',#2890,#2891);
#2890 = CARTESIAN_POINT('',(661.5,18.));
#2891 = VECTOR('',#2892,1.);
#2892 = DIRECTION('',(1.,0.));
#2893 = ( GEOMETRIC_REPRESENTATION_CONTEXT(2) 
PARAMETRIC_REPRESENTATION_CONTEXT() REPRESENTATION_CONTEXT('2D SPACE',''
  ) );
#2894 = ADVANCED_FACE('',(#2895),#2701,.F.);
#2895 = FACE_BOUND('',#2896,.T.);
#2896 = EDGE_LOOP('',(#2897,#2898,#2919,#2920));
#2897 = ORIENTED_EDGE('',*,*,#2798,.T.);
#2898 = ORIENTED_EDGE('',*,*,#2899,.F.);
#2899 = EDGE_CURVE('',#2681,#2801,#2900,.T.);
#2900 = SURFACE_CURVE('',#2901,(#2905,#2912),.PCURVE_S1.);
#2901 = LINE('',#2902,#2903);
#2902 = CARTESIAN_POINT('',(847.4,1.4408E+03,2.242E+03));
#2903 = VECTOR('',#2904,1.);
#2904 = DIRECTION('',(-1.,1.110223024625E-16,0.));
#2905 = PCURVE('',#2701,#2906);
#2906 = DEFINITIONAL_REPRESENTATION('',(#2907),#2911);
#2907 = LINE('',#2908,#2909);
#2908 = CARTESIAN_POINT('',(184.,9.));
#2909 = VECTOR('',#2910,1.);
#2910 = DIRECTION('',(0.,1.));
#2911 = ( GEOMETRIC_REPRESENTATION_CONTEXT(2) 
PARAMETRIC_REPRESENTATION_CONTEXT() REPRESENTATION_CONTEXT('2D SPACE',''
  ) );
#2912 = PCURVE('',#2729,#2913);
#2913 = DEFINITIONAL_REPRESENTATION('',(#2914),#2918);
#2914 = LINE('',#2915,#2916);
#2915 = CARTESIAN_POINT('',(1.323E+03,9.));
#2916 = VECTOR('',#2917,1.);
#2917 = DIRECTION('',(0.,1.));
#2918 = ( GEOMETRIC_REPRESENTATION_CONTEXT(2) 
PARAMETRIC_REPRESENTATION_CONTEXT() REPRESENTATION_CONTEXT('2D SPACE',''
  ) );
#2919 = ORIENTED_EDGE('',*,*,#2678,.F.);
#2920 = ORIENTED_EDGE('',*,*,#2921,.T.);
#2921 = EDGE_CURVE('',#2679,#2799,#2922,.T.);
#2922 = SURFACE_CURVE('',#2923,(#2927,#2934),.PCURVE_S1.);
#2923 = LINE('',#2924,#2925);
#2924 = CARTESIAN_POINT('',(847.4,1.2568E+03,2.242E+03));
#2925 = VECTOR('',#2926,1.);
#2926 = DIRECTION('',(-1.,1.110223024625E-16,0.));
#2927 = PCURVE('',#2701,#2928);
#2928 = DEFINITIONAL_REPRESENTATION('',(#2929),#2933);
#2929 = LINE('',#2930,#2931);
#2930 = CARTESIAN_POINT('',(-9.992007221626E-16,9.));
#2931 = VECTOR('',#2932,1.);
#2932 = DIRECTION('',(0.,1.));
#2933 = ( GEOMETRIC_REPRESENTATION_CONTEXT(2) 
PARAMETRIC_REPRESENTATION_CONTEXT() REPRESENTATION_CONTEXT('2D SPACE',''
  ) );
#2934 = PCURVE('',#2783,#2935);
#2935 = DEFINITIONAL_REPRESENTATION('',(#2936),#2940);
#2936 = LINE('',#2937,#2938);
#2937 = CARTESIAN_POINT('',(1.323E+03,9.));
#2938 = VECTOR('',#2939,1.);
#2939 = DIRECTION('',(0.,1.));
#2940 = ( GEOMETRIC_REPRESENTATION_CONTEXT(2) 
PARAMETRIC_REPRESENTATION_CONTEXT() REPRESENTATION_CONTEXT('2D SPACE',''
  ) );
#2941 = ADVANCED_FACE('',(#2942),#2729,.T.);
#2942 = FACE_BOUND('',#2943,.T.);
#2943 = EDGE_LOOP('',(#2944,#2965,#2966,#2967));
#2944 = ORIENTED_EDGE('',*,*,#2945,.F.);
#2945 = EDGE_CURVE('',#2714,#2852,#2946,.T.);
#2946 = SURFACE_CURVE('',#2947,(#2951,#2958),.PCURVE_S1.);
#2947 = LINE('',#2948,#2949);
#2948 = CARTESIAN_POINT('',(847.4,1.4408E+03,3.565E+03));
#2949 = VECTOR('',#2950,1.);
#2950 = DIRECTION('',(-1.,1.110223024625E-16,0.));
#2951 = PCURVE('',#2729,#2952);
#2952 = DEFINITIONAL_REPRESENTATION('',(#2953),#2957);
#2953 = LINE('',#2954,#2955);
#2954 = CARTESIAN_POINT('',(0.,9.));
#2955 = VECTOR('',#2956,1.);
#2956 = DIRECTION('',(0.,1.));
#2957 = ( GEOMETRIC_REPRESENTATION_CONTEXT(2) 
PARAMETRIC_REPRESENTATION_CONTEXT() REPRESENTATION_CONTEXT('2D SPACE',''
  ) );
#2958 = PCURVE('',#2757,#2959);
#2959 = DEFINITIONAL_REPRESENTATION('',(#2960),#2964);
#2960 = LINE('',#2961,#2962);
#2961 = CARTESIAN_POINT('',(184.,9.));
#2962 = VECTOR('',#2963,1.);
#2963 = DIRECTION('',(0.,1.));
#2964 = ( GEOMETRIC_REPRESENTATION_CONTEXT(2) 
PARAMETRIC_REPRESENTATION_CONTEXT() REPRESENTATION_CONTEXT('2D SPACE',''
  ) );
#2965 = ORIENTED_EDGE('',*,*,#2713,.T.);
#2966 = ORIENTED_EDGE('',*,*,#2899,.T.);
#2967 = ORIENTED_EDGE('',*,*,#2874,.F.);
#2968 = ADVANCED_FACE('',(#2969),#2757,.T.);
#2969 = FACE_BOUND('',#2970,.T.);
#2970 = EDGE_LOOP('',(#2971,#2992,#2993,#2994));
#2971 = ORIENTED_EDGE('',*,*,#2972,.F.);
#2972 = EDGE_CURVE('',#2742,#2829,#2973,.T.);
#2973 = SURFACE_CURVE('',#2974,(#2978,#2985),.PCURVE_S1.);
#2974 = LINE('',#2975,#2976);
#2975 = CARTESIAN_POINT('',(847.4,1.2568E+03,3.565E+03));
#2976 = VECTOR('',#2977,1.);
#2977 = DIRECTION('',(-1.,1.110223024625E-16,0.));
#2978 = PCURVE('',#2757,#2979);
#2979 = DEFINITIONAL_REPRESENTATION('',(#2980),#2984);
#2980 = LINE('',#2981,#2982);
#2981 = CARTESIAN_POINT('',(-9.992007221626E-16,9.));
#2982 = VECTOR('',#2983,1.);
#2983 = DIRECTION('',(0.,1.));
#2984 = ( GEOMETRIC_REPRESENTATION_CONTEXT(2) 
PARAMETRIC_REPRESENTATION_CONTEXT() REPRESENTATION_CONTEXT('2D SPACE',''
  ) );
#2985 = PCURVE('',#2783,#2986);
#2986 = DEFINITIONAL_REPRESENTATION('',(#2987),#2991);
#2987 = LINE('',#2988,#2989);
#2988 = CARTESIAN_POINT('',(0.,9.));
#2989 = VECTOR('',#2990,1.);
#2990 = DIRECTION('',(0.,1.));
#2991 = ( GEOMETRIC_REPRESENTATION_CONTEXT(2) 
PARAMETRIC_REPRESENTATION_CONTEXT() REPRESENTATION_CONTEXT('2D SPACE',''
  ) );
#2992 = ORIENTED_EDGE('',*,*,#2741,.T.);
#2993 = ORIENTED_EDGE('',*,*,#2945,.T.);
#2994 = ORIENTED_EDGE('',*,*,#2851,.F.);
#2995 = ADVANCED_FACE('',(#2996),#2783,.F.);
#2996 = FACE_BOUND('',#2997,.T.);
#2997 = EDGE_LOOP('',(#2998,#2999,#3000,#3001));
#2998 = ORIENTED_EDGE('',*,*,#2828,.T.);
#2999 = ORIENTED_EDGE('',*,*,#2921,.F.);
#3000 = ORIENTED_EDGE('',*,*,#2769,.F.);
#3001 = ORIENTED_EDGE('',*,*,#2972,.T.);
#3002 = ( GEOMETRIC_REPRESENTATION_CONTEXT(3) 
GLOBAL_UNCERTAINTY_ASSIGNED_CONTEXT((#3006)) 
GLOBAL_UNIT_ASSIGNED_CONTEXT((#3003,#3004,#3005)) REPRESENTATION_CONTEXT
('Context #1','3D Context with UNIT and UNCERTAINTY') );
#3003 = ( LENGTH_UNIT() NAMED_UNIT(*) SI_UNIT(.MILLI.,.METRE.) );
#3004 = ( NAMED_UNIT(*) PLANE_ANGLE_UNIT() SI_UNIT($,.RADIAN.) );
#3005 = ( NAMED_UNIT(*) SI_UNIT($,.STERADIAN.) SOLID_ANGLE_UNIT() );
#3006 = UNCERTAINTY_MEASURE_WITH_UNIT(LENGTH_MEASURE(1.E-07),#3003,
  'distance_accuracy_value','confusion accuracy');
#3007 = CONTEXT_DEPENDENT_SHAPE_REPRESENTATION(#3008,#3010);
#3008 = ( REPRESENTATION_RELATIONSHIP('','',#2671,#10) 
REPRESENTATION_RELATIONSHIP_WITH_TRANSFORMATION(#3009) 
SHAPE_REPRESENTATION_RELATIONSHIP() );
#3009 = ITEM_DEFINED_TRANSFORMATION('','',#11,#43);
#3010 = PRODUCT_DEFINITION_SHAPE('Placement','Placement of an item',
  #3011);
#3011 = NEXT_ASSEMBLY_USAGE_OCCURRENCE('259','','',#5,#2666,$);
#3012 = PRODUCT_RELATED_PRODUCT_CATEGORY('part',$,(#2668));
#3013 = SHAPE_DEFINITION_REPRESENTATION(#3014,#3020);
#3014 = PRODUCT_DEFINITION_SHAPE('','',#3015);
#3015 = PRODUCT_DEFINITION('design','',#3016,#3019);
#3016 = PRODUCT_DEFINITION_FORMATION('','',#3017);
#3017 = PRODUCT('Open CASCADE STEP translator 7.9 4.9',
  'Open CASCADE STEP translator 7.9 4.9','',(#3018));
#3018 = PRODUCT_CONTEXT('',#2,'mechanical');
#3019 = PRODUCT_DEFINITION_CONTEXT('part definition',#2,'design');
#3020 = ADVANCED_BREP_SHAPE_REPRESENTATION('',(#11,#3021),#3351);
#3021 = MANIFOLD_SOLID_BREP('',#3022);
#3022 = CLOSED_SHELL('',(#3023,#3143,#3243,#3290,#3317,#3344));
#3023 = ADVANCED_FACE('',(#3024),#3038,.F.);
#3024 = FACE_BOUND('',#3025,.T.);
#3025 = EDGE_LOOP('',(#3026,#3061,#3089,#3117));
#3026 = ORIENTED_EDGE('',*,*,#3027,.T.);
#3027 = EDGE_CURVE('',#3028,#3030,#3032,.T.);
#3028 = VERTEX_POINT('',#3029);
#3029 = CARTESIAN_POINT('',(856.4,1.2568E+03,1.395E+03));
#3030 = VERTEX_POINT('',#3031);
#3031 = CARTESIAN_POINT('',(856.4,1.4408E+03,1.395E+03));
#3032 = SURFACE_CURVE('',#3033,(#3037,#3049),.PCURVE_S1.);
#3033 = LINE('',#3034,#3035);
#3034 = CARTESIAN_POINT('',(856.4,1.3488E+03,1.395E+03));
#3035 = VECTOR('',#3036,1.);
#3036 = DIRECTION('',(1.110223024625E-16,1.,0.));
#3037 = PCURVE('',#3038,#3043);
#3038 = PLANE('',#3039);
#3039 = AXIS2_PLACEMENT_3D('',#3040,#3041,#3042);
#3040 = CARTESIAN_POINT('',(856.4,1.2358E+03,1.395E+03));
#3041 = DIRECTION('',(-1.,1.110223024625E-16,0.));
#3042 = DIRECTION('',(0.,0.,1.));
#3043 = DEFINITIONAL_REPRESENTATION('',(#3044),#3048);
#3044 = LINE('',#3045,#3046);
#3045 = CARTESIAN_POINT('',(0.,113.));
#3046 = VECTOR('',#3047,1.);
#3047 = DIRECTION('',(0.,1.));
#3048 = ( GEOMETRIC_REPRESENTATION_CONTEXT(2) 
PARAMETRIC_REPRESENTATION_CONTEXT() REPRESENTATION_CONTEXT('2D SPACE',''
  ) );
#3049 = PCURVE('',#3050,#3055);
#3050 = PLANE('',#3051);
#3051 = AXIS2_PLACEMENT_3D('',#3052,#3053,#3054);
#3052 = CARTESIAN_POINT('',(856.4,1.2568E+03,1.395E+03));
#3053 = DIRECTION('',(0.,0.,1.));
#3054 = DIRECTION('',(1.110223024625E-16,1.,0.));
#3055 = DEFINITIONAL_REPRESENTATION('',(#3056),#3060);
#3056 = LINE('',#3057,#3058);
#3057 = CARTESIAN_POINT('',(92.,1.021405182655E-14));
#3058 = VECTOR('',#3059,1.);
#3059 = DIRECTION('',(1.,0.));
#3060 = ( GEOMETRIC_REPRESENTATION_CONTEXT(2) 
PARAMETRIC_REPRESENTATION_CONTEXT() REPRESENTATION_CONTEXT('2D SPACE',''
  ) );
#3061 = ORIENTED_EDGE('',*,*,#3062,.F.);
#3062 = EDGE_CURVE('',#3063,#3030,#3065,.T.);
#3063 = VERTEX_POINT('',#3064);
#3064 = CARTESIAN_POINT('',(856.4,1.4408E+03,1.607E+03));
#3065 = SURFACE_CURVE('',#3066,(#3070,#3077),.PCURVE_S1.);
#3066 = LINE('',#3067,#3068);
#3067 = CARTESIAN_POINT('',(856.4,1.4408E+03,1.501E+03));
#3068 = VECTOR('',#3069,1.);
#3069 = DIRECTION('',(0.,0.,-1.));
#3070 = PCURVE('',#3038,#3071);
#3071 = DEFINITIONAL_REPRESENTATION('',(#3072),#3076);
#3072 = LINE('',#3073,#3074);
#3073 = CARTESIAN_POINT('',(106.,205.));
#3074 = VECTOR('',#3075,1.);
#3075 = DIRECTION('',(-1.,0.));
#3076 = ( GEOMETRIC_REPRESENTATION_CONTEXT(2) 
PARAMETRIC_REPRESENTATION_CONTEXT() REPRESENTATION_CONTEXT('2D SPACE',''
  ) );
#3077 = PCURVE('',#3078,#3083);
#3078 = PLANE('',#3079);
#3079 = AXIS2_PLACEMENT_3D('',#3080,#3081,#3082);
#3080 = CARTESIAN_POINT('',(856.4,1.4408E+03,1.607E+03));
#3081 = DIRECTION('',(1.110223024625E-16,1.,0.));
#3082 = DIRECTION('',(0.,0.,-1.));
#3083 = DEFINITIONAL_REPRESENTATION('',(#3084),#3088);
#3084 = LINE('',#3085,#3086);
#3085 = CARTESIAN_POINT('',(106.,0.));
#3086 = VECTOR('',#3087,1.);
#3087 = DIRECTION('',(1.,0.));
#3088 = ( GEOMETRIC_REPRESENTATION_CONTEXT(2) 
PARAMETRIC_REPRESENTATION_CONTEXT() REPRESENTATION_CONTEXT('2D SPACE',''
  ) );
#3089 = ORIENTED_EDGE('',*,*,#3090,.F.);
#3090 = EDGE_CURVE('',#3091,#3063,#3093,.T.);
#3091 = VERTEX_POINT('',#3092);
#3092 = CARTESIAN_POINT('',(856.4,1.2568E+03,1.607E+03));
#3093 = SURFACE_CURVE('',#3094,(#3098,#3105),.PCURVE_S1.);
#3094 = LINE('',#3095,#3096);
#3095 = CARTESIAN_POINT('',(856.4,1.3488E+03,1.607E+03));
#3096 = VECTOR('',#3097,1.);
#3097 = DIRECTION('',(1.110223024625E-16,1.,0.));
#3098 = PCURVE('',#3038,#3099);
#3099 = DEFINITIONAL_REPRESENTATION('',(#3100),#3104);
#3100 = LINE('',#3101,#3102);
#3101 = CARTESIAN_POINT('',(212.,113.));
#3102 = VECTOR('',#3103,1.);
#3103 = DIRECTION('',(0.,1.));
#3104 = ( GEOMETRIC_REPRESENTATION_CONTEXT(2) 
PARAMETRIC_REPRESENTATION_CONTEXT() REPRESENTATION_CONTEXT('2D SPACE',''
  ) );
#3105 = PCURVE('',#3106,#3111);
#3106 = PLANE('',#3107);
#3107 = AXIS2_PLACEMENT_3D('',#3108,#3109,#3110);
#3108 = CARTESIAN_POINT('',(856.4,1.2568E+03,1.607E+03));
#3109 = DIRECTION('',(0.,0.,1.));
#3110 = DIRECTION('',(1.110223024625E-16,1.,0.));
#3111 = DEFINITIONAL_REPRESENTATION('',(#3112),#3116);
#3112 = LINE('',#3113,#3114);
#3113 = CARTESIAN_POINT('',(92.,1.021405182655E-14));
#3114 = VECTOR('',#3115,1.);
#3115 = DIRECTION('',(1.,0.));
#3116 = ( GEOMETRIC_REPRESENTATION_CONTEXT(2) 
PARAMETRIC_REPRESENTATION_CONTEXT() REPRESENTATION_CONTEXT('2D SPACE',''
  ) );
#3117 = ORIENTED_EDGE('',*,*,#3118,.T.);
#3118 = EDGE_CURVE('',#3091,#3028,#3119,.T.);
#3119 = SURFACE_CURVE('',#3120,(#3124,#3131),.PCURVE_S1.);
#3120 = LINE('',#3121,#3122);
#3121 = CARTESIAN_POINT('',(856.4,1.2568E+03,1.501E+03));
#3122 = VECTOR('',#3123,1.);
#3123 = DIRECTION('',(0.,0.,-1.));
#3124 = PCURVE('',#3038,#3125);
#3125 = DEFINITIONAL_REPRESENTATION('',(#3126),#3130);
#3126 = LINE('',#3127,#3128);
#3127 = CARTESIAN_POINT('',(106.,21.));
#3128 = VECTOR('',#3129,1.);
#3129 = DIRECTION('',(-1.,0.));
#3130 = ( GEOMETRIC_REPRESENTATION_CONTEXT(2) 
PARAMETRIC_REPRESENTATION_CONTEXT() REPRESENTATION_CONTEXT('2D SPACE',''
  ) );
#3131 = PCURVE('',#3132,#3137);
#3132 = PLANE('',#3133);
#3133 = AXIS2_PLACEMENT_3D('',#3134,#3135,#3136);
#3134 = CARTESIAN_POINT('',(856.4,1.2568E+03,1.607E+03));
#3135 = DIRECTION('',(1.110223024625E-16,1.,0.));
#3136 = DIRECTION('',(0.,0.,-1.));
#3137 = DEFINITIONAL_REPRESENTATION('',(#3138),#3142);
#3138 = LINE('',#3139,#3140);
#3139 = CARTESIAN_POINT('',(106.,0.));
#3140 = VECTOR('',#3141,1.);
#3141 = DIRECTION('',(1.,0.));
#3142 = ( GEOMETRIC_REPRESENTATION_CONTEXT(2) 
PARAMETRIC_REPRESENTATION_CONTEXT() REPRESENTATION_CONTEXT('2D SPACE',''
  ) );
#3143 = ADVANCED_FACE('',(#3144),#3158,.T.);
#3144 = FACE_BOUND('',#3145,.T.);
#3145 = EDGE_LOOP('',(#3146,#3176,#3199,#3222));
#3146 = ORIENTED_EDGE('',*,*,#3147,.F.);
#3147 = EDGE_CURVE('',#3148,#3150,#3152,.T.);
#3148 = VERTEX_POINT('',#3149);
#3149 = CARTESIAN_POINT('',(838.4,1.2568E+03,1.395E+03));
#3150 = VERTEX_POINT('',#3151);
#3151 = CARTESIAN_POINT('',(838.4,1.4408E+03,1.395E+03));
#3152 = SURFACE_CURVE('',#3153,(#3157,#3169),.PCURVE_S1.);
#3153 = LINE('',#3154,#3155);
#3154 = CARTESIAN_POINT('',(838.4,1.3488E+03,1.395E+03));
#3155 = VECTOR('',#3156,1.);
#3156 = DIRECTION('',(1.110223024625E-16,1.,0.));
#3157 = PCURVE('',#3158,#3163);
#3158 = PLANE('',#3159);
#3159 = AXIS2_PLACEMENT_3D('',#3160,#3161,#3162);
#3160 = CARTESIAN_POINT('',(838.4,1.2358E+03,1.395E+03));
#3161 = DIRECTION('',(-1.,1.110223024625E-16,0.));
#3162 = DIRECTION('',(0.,0.,1.));
#3163 = DEFINITIONAL_REPRESENTATION('',(#3164),#3168);
#3164 = LINE('',#3165,#3166);
#3165 = CARTESIAN_POINT('',(0.,113.));
#3166 = VECTOR('',#3167,1.);
#3167 = DIRECTION('',(0.,1.));
#3168 = ( GEOMETRIC_REPRESENTATION_CONTEXT(2) 
PARAMETRIC_REPRESENTATION_CONTEXT() REPRESENTATION_CONTEXT('2D SPACE',''
  ) );
#3169 = PCURVE('',#3050,#3170);
#3170 = DEFINITIONAL_REPRESENTATION('',(#3171),#3175);
#3171 = LINE('',#3172,#3173);
#3172 = CARTESIAN_POINT('',(92.,18.));
#3173 = VECTOR('',#3174,1.);
#3174 = DIRECTION('',(1.,0.));
#3175 = ( GEOMETRIC_REPRESENTATION_CONTEXT(2) 
PARAMETRIC_REPRESENTATION_CONTEXT() REPRESENTATION_CONTEXT('2D SPACE',''
  ) );
#3176 = ORIENTED_EDGE('',*,*,#3177,.F.);
#3177 = EDGE_CURVE('',#3178,#3148,#3180,.T.);
#3178 = VERTEX_POINT('',#3179);
#3179 = CARTESIAN_POINT('',(838.4,1.2568E+03,1.607E+03));
#3180 = SURFACE_CURVE('',#3181,(#3185,#3192),.PCURVE_S1.);
#3181 = LINE('',#3182,#3183);
#3182 = CARTESIAN_POINT('',(838.4,1.2568E+03,1.501E+03));
#3183 = VECTOR('',#3184,1.);
#3184 = DIRECTION('',(0.,0.,-1.));
#3185 = PCURVE('',#3158,#3186);
#3186 = DEFINITIONAL_REPRESENTATION('',(#3187),#3191);
#3187 = LINE('',#3188,#3189);
#3188 = CARTESIAN_POINT('',(106.,21.));
#3189 = VECTOR('',#3190,1.);
#3190 = DIRECTION('',(-1.,0.));
#3191 = ( GEOMETRIC_REPRESENTATION_CONTEXT(2) 
PARAMETRIC_REPRESENTATION_CONTEXT() REPRESENTATION_CONTEXT('2D SPACE',''
  ) );
#3192 = PCURVE('',#3132,#3193);
#3193 = DEFINITIONAL_REPRESENTATION('',(#3194),#3198);
#3194 = LINE('',#3195,#3196);
#3195 = CARTESIAN_POINT('',(106.,18.));
#3196 = VECTOR('',#3197,1.);
#3197 = DIRECTION('',(1.,0.));
#3198 = ( GEOMETRIC_REPRESENTATION_CONTEXT(2) 
PARAMETRIC_REPRESENTATION_CONTEXT() REPRESENTATION_CONTEXT('2D SPACE',''
  ) );
#3199 = ORIENTED_EDGE('',*,*,#3200,.T.);
#3200 = EDGE_CURVE('',#3178,#3201,#3203,.T.);
#3201 = VERTEX_POINT('',#3202);
#3202 = CARTESIAN_POINT('',(838.4,1.4408E+03,1.607E+03));
#3203 = SURFACE_CURVE('',#3204,(#3208,#3215),.PCURVE_S1.);
#3204 = LINE('',#3205,#3206);
#3205 = CARTESIAN_POINT('',(838.4,1.3488E+03,1.607E+03));
#3206 = VECTOR('',#3207,1.);
#3207 = DIRECTION('',(1.110223024625E-16,1.,0.));
#3208 = PCURVE('',#3158,#3209);
#3209 = DEFINITIONAL_REPRESENTATION('',(#3210),#3214);
#3210 = LINE('',#3211,#3212);
#3211 = CARTESIAN_POINT('',(212.,113.));
#3212 = VECTOR('',#3213,1.);
#3213 = DIRECTION('',(0.,1.));
#3214 = ( GEOMETRIC_REPRESENTATION_CONTEXT(2) 
PARAMETRIC_REPRESENTATION_CONTEXT() REPRESENTATION_CONTEXT('2D SPACE',''
  ) );
#3215 = PCURVE('',#3106,#3216);
#3216 = DEFINITIONAL_REPRESENTATION('',(#3217),#3221);
#3217 = LINE('',#3218,#3219);
#3218 = CARTESIAN_POINT('',(92.,18.));
#3219 = VECTOR('',#3220,1.);
#3220 = DIRECTION('',(1.,0.));
#3221 = ( GEOMETRIC_REPRESENTATION_CONTEXT(2) 
PARAMETRIC_REPRESENTATION_CONTEXT() REPRESENTATION_CONTEXT('2D SPACE',''
  ) );
#3222 = ORIENTED_EDGE('',*,*,#3223,.T.);
#3223 = EDGE_CURVE('',#3201,#3150,#3224,.T.);
#3224 = SURFACE_CURVE('',#3225,(#3229,#3236),.PCURVE_S1.);
#3225 = LINE('',#3226,#3227);
#3226 = CARTESIAN_POINT('',(838.4,1.4408E+03,1.501E+03));
#3227 = VECTOR('',#3228,1.);
#3228 = DIRECTION('',(0.,0.,-1.));
#3229 = PCURVE('',#3158,#3230);
#3230 = DEFINITIONAL_REPRESENTATION('',(#3231),#3235);
#3231 = LINE('',#3232,#3233);
#3232 = CARTESIAN_POINT('',(106.,205.));
#3233 = VECTOR('',#3234,1.);
#3234 = DIRECTION('',(-1.,0.));
#3235 = ( GEOMETRIC_REPRESENTATION_CONTEXT(2) 
PARAMETRIC_REPRESENTATION_CONTEXT() REPRESENTATION_CONTEXT('2D SPACE',''
  ) );
#3236 = PCURVE('',#3078,#3237);
#3237 = DEFINITIONAL_REPRESENTATION('',(#3238),#3242);
#3238 = LINE('',#3239,#3240);
#3239 = CARTESIAN_POINT('',(106.,18.));
#3240 = VECTOR('',#3241,1.);
#3241 = DIRECTION('',(1.,0.));
#3242 = ( GEOMETRIC_REPRESENTATION_CONTEXT(2) 
PARAMETRIC_REPRESENTATION_CONTEXT() REPRESENTATION_CONTEXT('2D SPACE',''
  ) );
#3243 = ADVANCED_FACE('',(#3244),#3050,.F.);
#3244 = FACE_BOUND('',#3245,.T.);
#3245 = EDGE_LOOP('',(#3246,#3247,#3268,#3269));
#3246 = ORIENTED_EDGE('',*,*,#3147,.T.);
#3247 = ORIENTED_EDGE('',*,*,#3248,.F.);
#3248 = EDGE_CURVE('',#3030,#3150,#3249,.T.);
#3249 = SURFACE_CURVE('',#3250,(#3254,#3261),.PCURVE_S1.);
#3250 = LINE('',#3251,#3252);
#3251 = CARTESIAN_POINT('',(847.4,1.4408E+03,1.395E+03));
#3252 = VECTOR('',#3253,1.);
#3253 = DIRECTION('',(-1.,1.110223024625E-16,0.));
#3254 = PCURVE('',#3050,#3255);
#3255 = DEFINITIONAL_REPRESENTATION('',(#3256),#3260);
#3256 = LINE('',#3257,#3258);
#3257 = CARTESIAN_POINT('',(184.,9.));
#3258 = VECTOR('',#3259,1.);
#3259 = DIRECTION('',(0.,1.));
#3260 = ( GEOMETRIC_REPRESENTATION_CONTEXT(2) 
PARAMETRIC_REPRESENTATION_CONTEXT() REPRESENTATION_CONTEXT('2D SPACE',''
  ) );
#3261 = PCURVE('',#3078,#3262);
#3262 = DEFINITIONAL_REPRESENTATION('',(#3263),#3267);
#3263 = LINE('',#3264,#3265);
#3264 = CARTESIAN_POINT('',(212.,9.));
#3265 = VECTOR('',#3266,1.);
#3266 = DIRECTION('',(0.,1.));
#3267 = ( GEOMETRIC_REPRESENTATION_CONTEXT(2) 
PARAMETRIC_REPRESENTATION_CONTEXT() REPRESENTATION_CONTEXT('2D SPACE',''
  ) );
#3268 = ORIENTED_EDGE('',*,*,#3027,.F.);
#3269 = ORIENTED_EDGE('',*,*,#3270,.T.);
#3270 = EDGE_CURVE('',#3028,#3148,#3271,.T.);
#3271 = SURFACE_CURVE('',#3272,(#3276,#3283),.PCURVE_S1.);
#3272 = LINE('',#3273,#3274);
#3273 = CARTESIAN_POINT('',(847.4,1.2568E+03,1.395E+03));
#3274 = VECTOR('',#3275,1.);
#3275 = DIRECTION('',(-1.,1.110223024625E-16,0.));
#3276 = PCURVE('',#3050,#3277);
#3277 = DEFINITIONAL_REPRESENTATION('',(#3278),#3282);
#3278 = LINE('',#3279,#3280);
#3279 = CARTESIAN_POINT('',(-9.992007221626E-16,9.));
#3280 = VECTOR('',#3281,1.);
#3281 = DIRECTION('',(0.,1.));
#3282 = ( GEOMETRIC_REPRESENTATION_CONTEXT(2) 
PARAMETRIC_REPRESENTATION_CONTEXT() REPRESENTATION_CONTEXT('2D SPACE',''
  ) );
#3283 = PCURVE('',#3132,#3284);
#3284 = DEFINITIONAL_REPRESENTATION('',(#3285),#3289);
#3285 = LINE('',#3286,#3287);
#3286 = CARTESIAN_POINT('',(212.,9.));
#3287 = VECTOR('',#3288,1.);
#3288 = DIRECTION('',(0.,1.));
#3289 = ( GEOMETRIC_REPRESENTATION_CONTEXT(2) 
PARAMETRIC_REPRESENTATION_CONTEXT() REPRESENTATION_CONTEXT('2D SPACE',''
  ) );
#3290 = ADVANCED_FACE('',(#3291),#3078,.T.);
#3291 = FACE_BOUND('',#3292,.T.);
#3292 = EDGE_LOOP('',(#3293,#3314,#3315,#3316));
#3293 = ORIENTED_EDGE('',*,*,#3294,.F.);
#3294 = EDGE_CURVE('',#3063,#3201,#3295,.T.);
#3295 = SURFACE_CURVE('',#3296,(#3300,#3307),.PCURVE_S1.);
#3296 = LINE('',#3297,#3298);
#3297 = CARTESIAN_POINT('',(847.4,1.4408E+03,1.607E+03));
#3298 = VECTOR('',#3299,1.);
#3299 = DIRECTION('',(-1.,1.110223024625E-16,0.));
#3300 = PCURVE('',#3078,#3301);
#3301 = DEFINITIONAL_REPRESENTATION('',(#3302),#3306);
#3302 = LINE('',#3303,#3304);
#3303 = CARTESIAN_POINT('',(0.,9.));
#3304 = VECTOR('',#3305,1.);
#3305 = DIRECTION('',(0.,1.));
#3306 = ( GEOMETRIC_REPRESENTATION_CONTEXT(2) 
PARAMETRIC_REPRESENTATION_CONTEXT() REPRESENTATION_CONTEXT('2D SPACE',''
  ) );
#3307 = PCURVE('',#3106,#3308);
#3308 = DEFINITIONAL_REPRESENTATION('',(#3309),#3313);
#3309 = LINE('',#3310,#3311);
#3310 = CARTESIAN_POINT('',(184.,9.));
#3311 = VECTOR('',#3312,1.);
#3312 = DIRECTION('',(0.,1.));
#3313 = ( GEOMETRIC_REPRESENTATION_CONTEXT(2) 
PARAMETRIC_REPRESENTATION_CONTEXT() REPRESENTATION_CONTEXT('2D SPACE',''
  ) );
#3314 = ORIENTED_EDGE('',*,*,#3062,.T.);
#3315 = ORIENTED_EDGE('',*,*,#3248,.T.);
#3316 = ORIENTED_EDGE('',*,*,#3223,.F.);
#3317 = ADVANCED_FACE('',(#3318),#3106,.T.);
#3318 = FACE_BOUND('',#3319,.T.);
#3319 = EDGE_LOOP('',(#3320,#3341,#3342,#3343));
#3320 = ORIENTED_EDGE('',*,*,#3321,.F.);
#3321 = EDGE_CURVE('',#3091,#3178,#3322,.T.);
#3322 = SURFACE_CURVE('',#3323,(#3327,#3334),.PCURVE_S1.);
#3323 = LINE('',#3324,#3325);
#3324 = CARTESIAN_POINT('',(847.4,1.2568E+03,1.607E+03));
#3325 = VECTOR('',#3326,1.);
#3326 = DIRECTION('',(-1.,1.110223024625E-16,0.));
#3327 = PCURVE('',#3106,#3328);
#3328 = DEFINITIONAL_REPRESENTATION('',(#3329),#3333);
#3329 = LINE('',#3330,#3331);
#3330 = CARTESIAN_POINT('',(-9.992007221626E-16,9.));
#3331 = VECTOR('',#3332,1.);
#3332 = DIRECTION('',(0.,1.));
#3333 = ( GEOMETRIC_REPRESENTATION_CONTEXT(2) 
PARAMETRIC_REPRESENTATION_CONTEXT() REPRESENTATION_CONTEXT('2D SPACE',''
  ) );
#3334 = PCURVE('',#3132,#3335);
#3335 = DEFINITIONAL_REPRESENTATION('',(#3336),#3340);
#3336 = LINE('',#3337,#3338);
#3337 = CARTESIAN_POINT('',(0.,9.));
#3338 = VECTOR('',#3339,1.);
#3339 = DIRECTION('',(0.,1.));
#3340 = ( GEOMETRIC_REPRESENTATION_CONTEXT(2) 
PARAMETRIC_REPRESENTATION_CONTEXT() REPRESENTATION_CONTEXT('2D SPACE',''
  ) );
#3341 = ORIENTED_EDGE('',*,*,#3090,.T.);
#3342 = ORIENTED_EDGE('',*,*,#3294,.T.);
#3343 = ORIENTED_EDGE('',*,*,#3200,.F.);
#3344 = ADVANCED_FACE('',(#3345),#3132,.F.);
#3345 = FACE_BOUND('',#3346,.T.);
#3346 = EDGE_LOOP('',(#3347,#3348,#3349,#3350));
#3347 = ORIENTED_EDGE('',*,*,#3177,.T.);
#3348 = ORIENTED_EDGE('',*,*,#3270,.F.);
#3349 = ORIENTED_EDGE('',*,*,#3118,.F.);
#3350 = ORIENTED_EDGE('',*,*,#3321,.T.);
#3351 = ( GEOMETRIC_REPRESENTATION_CONTEXT(3) 
GLOBAL_UNCERTAINTY_ASSIGNED_CONTEXT((#3355)) 
GLOBAL_UNIT_ASSIGNED_CONTEXT((#3352,#3353,#3354)) REPRESENTATION_CONTEXT
('Context #1','3D Context with UNIT and UNCERTAINTY') );
#3352 = ( LENGTH_UNIT() NAMED_UNIT(*) SI_UNIT(.MILLI.,.METRE.) );
#3353 = ( NAMED_UNIT(*) PLANE_ANGLE_UNIT() SI_UNIT($,.RADIAN.) );
#3354 = ( NAMED_UNIT(*) SI_UNIT($,.STERADIAN.) SOLID_ANGLE_UNIT() );
#3355 = UNCERTAINTY_MEASURE_WITH_UNIT(LENGTH_MEASURE(1.E-07),#3352,
  'distance_accuracy_value','confusion accuracy');
#3356 = CONTEXT_DEPENDENT_SHAPE_REPRESENTATION(#3357,#3359);
#3357 = ( REPRESENTATION_RELATIONSHIP('','',#3020,#10) 
REPRESENTATION_RELATIONSHIP_WITH_TRANSFORMATION(#3358) 
SHAPE_REPRESENTATION_RELATIONSHIP() );
#3358 = ITEM_DEFINED_TRANSFORMATION('','',#11,#47);
#3359 = PRODUCT_DEFINITION_SHAPE('Placement','Placement of an item',
  #3360);
#3360 = NEXT_ASSEMBLY_USAGE_OCCURRENCE('260','','',#5,#3015,$);
#3361 = PRODUCT_RELATED_PRODUCT_CATEGORY('part',$,(#3017));
#3362 = SHAPE_DEFINITION_REPRESENTATION(#3363,#3369);
#3363 = PRODUCT_DEFINITION_SHAPE('','',#3364);
#3364 = PRODUCT_DEFINITION('design','',#3365,#3368);
#3365 = PRODUCT_DEFINITION_FORMATION('','',#3366);
#3366 = PRODUCT('Open CASCADE STEP translator 7.9 4.10',
  'Open CASCADE STEP translator 7.9 4.10','',(#3367));
#3367 = PRODUCT_CONTEXT('',#2,'mechanical');
#3368 = PRODUCT_DEFINITION_CONTEXT('part definition',#2,'design');
#3369 = ADVANCED_BREP_SHAPE_REPRESENTATION('',(#11,#3370),#4012);
#3370 = MANIFOLD_SOLID_BREP('',#3371);
#3371 = CLOSED_SHELL('',(#3372,#3492,#3568,#3644,#3720,#3796,#3872,#3943
    ,#3990,#4001));
#3372 = ADVANCED_FACE('',(#3373),#3387,.F.);
#3373 = FACE_BOUND('',#3374,.T.);
#3374 = EDGE_LOOP('',(#3375,#3410,#3438,#3466));
#3375 = ORIENTED_EDGE('',*,*,#3376,.F.);
#3376 = EDGE_CURVE('',#3377,#3379,#3381,.T.);
#3377 = VERTEX_POINT('',#3378);
#3378 = CARTESIAN_POINT('',(817.4,1.2418E+03,1.395E+03));
#3379 = VERTEX_POINT('',#3380);
#3380 = CARTESIAN_POINT('',(567.4,1.2418E+03,1.395E+03));
#3381 = SURFACE_CURVE('',#3382,(#3386,#3398),.PCURVE_S1.);
#3382 = LINE('',#3383,#3384);
#3383 = CARTESIAN_POINT('',(692.4,1.2418E+03,1.395E+03));
#3384 = VECTOR('',#3385,1.);
#3385 = DIRECTION('',(-1.,1.110223024625E-16,0.));
#3386 = PCURVE('',#3387,#3392);
#3387 = PLANE('',#3388);
#3388 = AXIS2_PLACEMENT_3D('',#3389,#3390,#3391);
#3389 = CARTESIAN_POINT('',(817.4,1.2418E+03,1.545E+03));
#3390 = DIRECTION('',(1.110223024625E-16,1.,0.));
#3391 = DIRECTION('',(0.,0.,-1.));
#3392 = DEFINITIONAL_REPRESENTATION('',(#3393),#3397);
#3393 = LINE('',#3394,#3395);
#3394 = CARTESIAN_POINT('',(150.,125.));
#3395 = VECTOR('',#3396,1.);
#3396 = DIRECTION('',(0.,1.));
#3397 = ( GEOMETRIC_REPRESENTATION_CONTEXT(2) 
PARAMETRIC_REPRESENTATION_CONTEXT() REPRESENTATION_CONTEXT('2D SPACE',''
  ) );
#3398 = PCURVE('',#3399,#3404);
#3399 = PLANE('',#3400);
#3400 = AXIS2_PLACEMENT_3D('',#3401,#3402,#3403);
#3401 = CARTESIAN_POINT('',(817.4,1.2418E+03,1.395E+03));
#3402 = DIRECTION('',(0.,0.,1.));
#3403 = DIRECTION('',(1.110223024625E-16,1.,0.));
#3404 = DEFINITIONAL_REPRESENTATION('',(#3405),#3409);
#3405 = LINE('',#3406,#3407);
#3406 = CARTESIAN_POINT('',(-1.387778780781E-14,125.));
#3407 = VECTOR('',#3408,1.);
#3408 = DIRECTION('',(0.,1.));
#3409 = ( GEOMETRIC_REPRESENTATION_CONTEXT(2) 
PARAMETRIC_REPRESENTATION_CONTEXT() REPRESENTATION_CONTEXT('2D SPACE',''
  ) );
#3410 = ORIENTED_EDGE('',*,*,#3411,.F.);
#3411 = EDGE_CURVE('',#3412,#3377,#3414,.T.);
#3412 = VERTEX_POINT('',#3413);
#3413 = CARTESIAN_POINT('',(817.4,1.2418E+03,1.545E+03));
#3414 = SURFACE_CURVE('',#3415,(#3419,#3426),.PCURVE_S1.);
#3415 = LINE('',#3416,#3417);
#3416 = CARTESIAN_POINT('',(817.4,1.2418E+03,1.47E+03));
#3417 = VECTOR('',#3418,1.);
#3418 = DIRECTION('',(0.,0.,-1.));
#3419 = PCURVE('',#3387,#3420);
#3420 = DEFINITIONAL_REPRESENTATION('',(#3421),#3425);
#3421 = LINE('',#3422,#3423);
#3422 = CARTESIAN_POINT('',(75.,0.));
#3423 = VECTOR('',#3424,1.);
#3424 = DIRECTION('',(1.,0.));
#3425 = ( GEOMETRIC_REPRESENTATION_CONTEXT(2) 
PARAMETRIC_REPRESENTATION_CONTEXT() REPRESENTATION_CONTEXT('2D SPACE',''
  ) );
#3426 = PCURVE('',#3427,#3432);
#3427 = PLANE('',#3428);
#3428 = AXIS2_PLACEMENT_3D('',#3429,#3430,#3431);
#3429 = CARTESIAN_POINT('',(817.4,1.2418E+03,1.395E+03));
#3430 = DIRECTION('',(-1.,1.110223024625E-16,0.));
#3431 = DIRECTION('',(0.,0.,1.));
#3432 = DEFINITIONAL_REPRESENTATION('',(#3433),#3437);
#3433 = LINE('',#3434,#3435);
#3434 = CARTESIAN_POINT('',(75.,0.));
#3435 = VECTOR('',#3436,1.);
#3436 = DIRECTION('',(-1.,0.));
#3437 = ( GEOMETRIC_REPRESENTATION_CONTEXT(2) 
PARAMETRIC_REPRESENTATION_CONTEXT() REPRESENTATION_CONTEXT('2D SPACE',''
  ) );
#3438 = ORIENTED_EDGE('',*,*,#3439,.T.);
#3439 = EDGE_CURVE('',#3412,#3440,#3442,.T.);
#3440 = VERTEX_POINT('',#3441);
#3441 = CARTESIAN_POINT('',(567.4,1.2418E+03,1.545E+03));
#3442 = SURFACE_CURVE('',#3443,(#3447,#3454),.PCURVE_S1.);
#3443 = LINE('',#3444,#3445);
#3444 = CARTESIAN_POINT('',(692.4,1.2418E+03,1.545E+03));
#3445 = VECTOR('',#3446,1.);
#3446 = DIRECTION('',(-1.,1.110223024625E-16,0.));
#3447 = PCURVE('',#3387,#3448);
#3448 = DEFINITIONAL_REPRESENTATION('',(#3449),#3453);
#3449 = LINE('',#3450,#3451);
#3450 = CARTESIAN_POINT('',(0.,125.));
#3451 = VECTOR('',#3452,1.);
#3452 = DIRECTION('',(0.,1.));
#3453 = ( GEOMETRIC_REPRESENTATION_CONTEXT(2) 
PARAMETRIC_REPRESENTATION_CONTEXT() REPRESENTATION_CONTEXT('2D SPACE',''
  ) );
#3454 = PCURVE('',#3455,#3460);
#3455 = PLANE('',#3456);
#3456 = AXIS2_PLACEMENT_3D('',#3457,#3458,#3459);
#3457 = CARTESIAN_POINT('',(817.4,1.2598E+03,1.545E+03));
#3458 = DIRECTION('',(0.,0.,-1.));
#3459 = DIRECTION('',(-1.110223024625E-16,-1.,0.));
#3460 = DEFINITIONAL_REPRESENTATION('',(#3461),#3465);
#3461 = LINE('',#3462,#3463);
#3462 = CARTESIAN_POINT('',(18.,125.));
#3463 = VECTOR('',#3464,1.);
#3464 = DIRECTION('',(0.,1.));
#3465 = ( GEOMETRIC_REPRESENTATION_CONTEXT(2) 
PARAMETRIC_REPRESENTATION_CONTEXT() REPRESENTATION_CONTEXT('2D SPACE',''
  ) );
#3466 = ORIENTED_EDGE('',*,*,#3467,.T.);
#3467 = EDGE_CURVE('',#3440,#3379,#3468,.T.);
#3468 = SURFACE_CURVE('',#3469,(#3473,#3480),.PCURVE_S1.);
#3469 = LINE('',#3470,#3471);
#3470 = CARTESIAN_POINT('',(567.4,1.2418E+03,1.47E+03));
#3471 = VECTOR('',#3472,1.);
#3472 = DIRECTION('',(0.,0.,-1.));
#3473 = PCURVE('',#3387,#3474);
#3474 = DEFINITIONAL_REPRESENTATION('',(#3475),#3479);
#3475 = LINE('',#3476,#3477);
#3476 = CARTESIAN_POINT('',(75.,250.));
#3477 = VECTOR('',#3478,1.);
#3478 = DIRECTION('',(1.,0.));
#3479 = ( GEOMETRIC_REPRESENTATION_CONTEXT(2) 
PARAMETRIC_REPRESENTATION_CONTEXT() REPRESENTATION_CONTEXT('2D SPACE',''
  ) );
#3480 = PCURVE('',#3481,#3486);
#3481 = PLANE('',#3482);
#3482 = AXIS2_PLACEMENT_3D('',#3483,#3484,#3485);
#3483 = CARTESIAN_POINT('',(567.4,1.2418E+03,1.395E+03));
#3484 = DIRECTION('',(-1.,1.110223024625E-16,0.));
#3485 = DIRECTION('',(0.,0.,1.));
#3486 = DEFINITIONAL_REPRESENTATION('',(#3487),#3491);
#3487 = LINE('',#3488,#3489);
#3488 = CARTESIAN_POINT('',(75.,0.));
#3489 = VECTOR('',#3490,1.);
#3490 = DIRECTION('',(-1.,0.));
#3491 = ( GEOMETRIC_REPRESENTATION_CONTEXT(2) 
PARAMETRIC_REPRESENTATION_CONTEXT() REPRESENTATION_CONTEXT('2D SPACE',''
  ) );
#3492 = ADVANCED_FACE('',(#3493),#3455,.F.);
#3493 = FACE_BOUND('',#3494,.T.);
#3494 = EDGE_LOOP('',(#3495,#3496,#3519,#3547));
#3495 = ORIENTED_EDGE('',*,*,#3439,.F.);
#3496 = ORIENTED_EDGE('',*,*,#3497,.F.);
#3497 = EDGE_CURVE('',#3498,#3412,#3500,.T.);
#3498 = VERTEX_POINT('',#3499);
#3499 = CARTESIAN_POINT('',(817.4,1.2598E+03,1.545E+03));
#3500 = SURFACE_CURVE('',#3501,(#3505,#3512),.PCURVE_S1.);
#3501 = LINE('',#3502,#3503);
#3502 = CARTESIAN_POINT('',(817.4,1.2508E+03,1.545E+03));
#3503 = VECTOR('',#3504,1.);
#3504 = DIRECTION('',(-1.110223024625E-16,-1.,0.));
#3505 = PCURVE('',#3455,#3506);
#3506 = DEFINITIONAL_REPRESENTATION('',(#3507),#3511);
#3507 = LINE('',#3508,#3509);
#3508 = CARTESIAN_POINT('',(9.,-9.992007221626E-16));
#3509 = VECTOR('',#3510,1.);
#3510 = DIRECTION('',(1.,0.));
#3511 = ( GEOMETRIC_REPRESENTATION_CONTEXT(2) 
PARAMETRIC_REPRESENTATION_CONTEXT() REPRESENTATION_CONTEXT('2D SPACE',''
  ) );
#3512 = PCURVE('',#3427,#3513);
#3513 = DEFINITIONAL_REPRESENTATION('',(#3514),#3518);
#3514 = LINE('',#3515,#3516);
#3515 = CARTESIAN_POINT('',(150.,9.));
#3516 = VECTOR('',#3517,1.);
#3517 = DIRECTION('',(0.,-1.));
#3518 = ( GEOMETRIC_REPRESENTATION_CONTEXT(2) 
PARAMETRIC_REPRESENTATION_CONTEXT() REPRESENTATION_CONTEXT('2D SPACE',''
  ) );
#3519 = ORIENTED_EDGE('',*,*,#3520,.T.);
#3520 = EDGE_CURVE('',#3498,#3521,#3523,.T.);
#3521 = VERTEX_POINT('',#3522);
#3522 = CARTESIAN_POINT('',(567.4,1.2598E+03,1.545E+03));
#3523 = SURFACE_CURVE('',#3524,(#3528,#3535),.PCURVE_S1.);
#3524 = LINE('',#3525,#3526);
#3525 = CARTESIAN_POINT('',(692.4,1.2598E+03,1.545E+03));
#3526 = VECTOR('',#3527,1.);
#3527 = DIRECTION('',(-1.,1.110223024625E-16,0.));
#3528 = PCURVE('',#3455,#3529);
#3529 = DEFINITIONAL_REPRESENTATION('',(#3530),#3534);
#3530 = LINE('',#3531,#3532);
#3531 = CARTESIAN_POINT('',(1.387778780781E-14,125.));
#3532 = VECTOR('',#3533,1.);
#3533 = DIRECTION('',(0.,1.));
#3534 = ( GEOMETRIC_REPRESENTATION_CONTEXT(2) 
PARAMETRIC_REPRESENTATION_CONTEXT() REPRESENTATION_CONTEXT('2D SPACE',''
  ) );
#3535 = PCURVE('',#3536,#3541);
#3536 = PLANE('',#3537);
#3537 = AXIS2_PLACEMENT_3D('',#3538,#3539,#3540);
#3538 = CARTESIAN_POINT('',(817.4,1.2598E+03,1.4185E+03));
#3539 = DIRECTION('',(-1.110223024625E-16,-1.,0.));
#3540 = DIRECTION('',(0.,0.,1.));
#3541 = DEFINITIONAL_REPRESENTATION('',(#3542),#3546);
#3542 = LINE('',#3543,#3544);
#3543 = CARTESIAN_POINT('',(126.5,125.));
#3544 = VECTOR('',#3545,1.);
#3545 = DIRECTION('',(0.,1.));
#3546 = ( GEOMETRIC_REPRESENTATION_CONTEXT(2) 
PARAMETRIC_REPRESENTATION_CONTEXT() REPRESENTATION_CONTEXT('2D SPACE',''
  ) );
#3547 = ORIENTED_EDGE('',*,*,#3548,.T.);
#3548 = EDGE_CURVE('',#3521,#3440,#3549,.T.);
#3549 = SURFACE_CURVE('',#3550,(#3554,#3561),.PCURVE_S1.);
#3550 = LINE('',#3551,#3552);
#3551 = CARTESIAN_POINT('',(567.4,1.2508E+03,1.545E+03));
#3552 = VECTOR('',#3553,1.);
#3553 = DIRECTION('',(-1.110223024625E-16,-1.,0.));
#3554 = PCURVE('',#3455,#3555);
#3555 = DEFINITIONAL_REPRESENTATION('',(#3556),#3560);
#3556 = LINE('',#3557,#3558);
#3557 = CARTESIAN_POINT('',(9.,250.));
#3558 = VECTOR('',#3559,1.);
#3559 = DIRECTION('',(1.,0.));
#3560 = ( GEOMETRIC_REPRESENTATION_CONTEXT(2) 
PARAMETRIC_REPRESENTATION_CONTEXT() REPRESENTATION_CONTEXT('2D SPACE',''
  ) );
#3561 = PCURVE('',#3481,#3562);
#3562 = DEFINITIONAL_REPRESENTATION('',(#3563),#3567);
#3563 = LINE('',#3564,#3565);
#3564 = CARTESIAN_POINT('',(150.,9.));
#3565 = VECTOR('',#3566,1.);
#3566 = DIRECTION('',(0.,-1.));
#3567 = ( GEOMETRIC_REPRESENTATION_CONTEXT(2) 
PARAMETRIC_REPRESENTATION_CONTEXT() REPRESENTATION_CONTEXT('2D SPACE',''
  ) );
#3568 = ADVANCED_FACE('',(#3569),#3536,.F.);
#3569 = FACE_BOUND('',#3570,.T.);
#3570 = EDGE_LOOP('',(#3571,#3572,#3595,#3623));
#3571 = ORIENTED_EDGE('',*,*,#3520,.F.);
#3572 = ORIENTED_EDGE('',*,*,#3573,.F.);
#3573 = EDGE_CURVE('',#3574,#3498,#3576,.T.);
#3574 = VERTEX_POINT('',#3575);
#3575 = CARTESIAN_POINT('',(817.4,1.2598E+03,1.4185E+03));
#3576 = SURFACE_CURVE('',#3577,(#3581,#3588),.PCURVE_S1.);
#3577 = LINE('',#3578,#3579);
#3578 = CARTESIAN_POINT('',(817.4,1.2598E+03,1.48175E+03));
#3579 = VECTOR('',#3580,1.);
#3580 = DIRECTION('',(0.,0.,1.));
#3581 = PCURVE('',#3536,#3582);
#3582 = DEFINITIONAL_REPRESENTATION('',(#3583),#3587);
#3583 = LINE('',#3584,#3585);
#3584 = CARTESIAN_POINT('',(63.25,0.));
#3585 = VECTOR('',#3586,1.);
#3586 = DIRECTION('',(1.,0.));
#3587 = ( GEOMETRIC_REPRESENTATION_CONTEXT(2) 
PARAMETRIC_REPRESENTATION_CONTEXT() REPRESENTATION_CONTEXT('2D SPACE',''
  ) );
#3588 = PCURVE('',#3427,#3589);
#3589 = DEFINITIONAL_REPRESENTATION('',(#3590),#3594);
#3590 = LINE('',#3591,#3592);
#3591 = CARTESIAN_POINT('',(86.75,18.));
#3592 = VECTOR('',#3593,1.);
#3593 = DIRECTION('',(1.,0.));
#3594 = ( GEOMETRIC_REPRESENTATION_CONTEXT(2) 
PARAMETRIC_REPRESENTATION_CONTEXT() REPRESENTATION_CONTEXT('2D SPACE',''
  ) );
#3595 = ORIENTED_EDGE('',*,*,#3596,.T.);
#3596 = EDGE_CURVE('',#3574,#3597,#3599,.T.);
#3597 = VERTEX_POINT('',#3598);
#3598 = CARTESIAN_POINT('',(567.4,1.2598E+03,1.4185E+03));
#3599 = SURFACE_CURVE('',#3600,(#3604,#3611),.PCURVE_S1.);
#3600 = LINE('',#3601,#3602);
#3601 = CARTESIAN_POINT('',(692.4,1.2598E+03,1.4185E+03));
#3602 = VECTOR('',#3603,1.);
#3603 = DIRECTION('',(-1.,1.110223024625E-16,0.));
#3604 = PCURVE('',#3536,#3605);
#3605 = DEFINITIONAL_REPRESENTATION('',(#3606),#3610);
#3606 = LINE('',#3607,#3608);
#3607 = CARTESIAN_POINT('',(0.,125.));
#3608 = VECTOR('',#3609,1.);
#3609 = DIRECTION('',(0.,1.));
#3610 = ( GEOMETRIC_REPRESENTATION_CONTEXT(2) 
PARAMETRIC_REPRESENTATION_CONTEXT() REPRESENTATION_CONTEXT('2D SPACE',''
  ) );
#3611 = PCURVE('',#3612,#3617);
#3612 = PLANE('',#3613);
#3613 = AXIS2_PLACEMENT_3D('',#3614,#3615,#3616);
#3614 = CARTESIAN_POINT('',(817.4,1.2528E+03,1.4185E+03));
#3615 = DIRECTION('',(0.,0.,1.));
#3616 = DIRECTION('',(1.110223024625E-16,1.,0.));
#3617 = DEFINITIONAL_REPRESENTATION('',(#3618),#3622);
#3618 = LINE('',#3619,#3620);
#3619 = CARTESIAN_POINT('',(7.,125.));
#3620 = VECTOR('',#3621,1.);
#3621 = DIRECTION('',(0.,1.));
#3622 = ( GEOMETRIC_REPRESENTATION_CONTEXT(2) 
PARAMETRIC_REPRESENTATION_CONTEXT() REPRESENTATION_CONTEXT('2D SPACE',''
  ) );
#3623 = ORIENTED_EDGE('',*,*,#3624,.T.);
#3624 = EDGE_CURVE('',#3597,#3521,#3625,.T.);
#3625 = SURFACE_CURVE('',#3626,(#3630,#3637),.PCURVE_S1.);
#3626 = LINE('',#3627,#3628);
#3627 = CARTESIAN_POINT('',(567.4,1.2598E+03,1.48175E+03));
#3628 = VECTOR('',#3629,1.);
#3629 = DIRECTION('',(0.,0.,1.));
#3630 = PCURVE('',#3536,#3631);
#3631 = DEFINITIONAL_REPRESENTATION('',(#3632),#3636);
#3632 = LINE('',#3633,#3634);
#3633 = CARTESIAN_POINT('',(63.25,250.));
#3634 = VECTOR('',#3635,1.);
#3635 = DIRECTION('',(1.,0.));
#3636 = ( GEOMETRIC_REPRESENTATION_CONTEXT(2) 
PARAMETRIC_REPRESENTATION_CONTEXT() REPRESENTATION_CONTEXT('2D SPACE',''
  ) );
#3637 = PCURVE('',#3481,#3638);
#3638 = DEFINITIONAL_REPRESENTATION('',(#3639),#3643);
#3639 = LINE('',#3640,#3641);
#3640 = CARTESIAN_POINT('',(86.75,18.));
#3641 = VECTOR('',#3642,1.);
#3642 = DIRECTION('',(1.,0.));
#3643 = ( GEOMETRIC_REPRESENTATION_CONTEXT(2) 
PARAMETRIC_REPRESENTATION_CONTEXT() REPRESENTATION_CONTEXT('2D SPACE',''
  ) );
#3644 = ADVANCED_FACE('',(#3645),#3612,.F.);
#3645 = FACE_BOUND('',#3646,.T.);
#3646 = EDGE_LOOP('',(#3647,#3648,#3671,#3699));
#3647 = ORIENTED_EDGE('',*,*,#3596,.F.);
#3648 = ORIENTED_EDGE('',*,*,#3649,.F.);
#3649 = EDGE_CURVE('',#3650,#3574,#3652,.T.);
#3650 = VERTEX_POINT('',#3651);
#3651 = CARTESIAN_POINT('',(817.4,1.2528E+03,1.4185E+03));
#3652 = SURFACE_CURVE('',#3653,(#3657,#3664),.PCURVE_S1.);
#3653 = LINE('',#3654,#3655);
#3654 = CARTESIAN_POINT('',(817.4,1.2563E+03,1.4185E+03));
#3655 = VECTOR('',#3656,1.);
#3656 = DIRECTION('',(1.110223024625E-16,1.,0.));
#3657 = PCURVE('',#3612,#3658);
#3658 = DEFINITIONAL_REPRESENTATION('',(#3659),#3663);
#3659 = LINE('',#3660,#3661);
#3660 = CARTESIAN_POINT('',(3.5,3.885780586188E-16));
#3661 = VECTOR('',#3662,1.);
#3662 = DIRECTION('',(1.,0.));
#3663 = ( GEOMETRIC_REPRESENTATION_CONTEXT(2) 
PARAMETRIC_REPRESENTATION_CONTEXT() REPRESENTATION_CONTEXT('2D SPACE',''
  ) );
#3664 = PCURVE('',#3427,#3665);
#3665 = DEFINITIONAL_REPRESENTATION('',(#3666),#3670);
#3666 = LINE('',#3667,#3668);
#3667 = CARTESIAN_POINT('',(23.5,14.5));
#3668 = VECTOR('',#3669,1.);
#3669 = DIRECTION('',(0.,1.));
#3670 = ( GEOMETRIC_REPRESENTATION_CONTEXT(2) 
PARAMETRIC_REPRESENTATION_CONTEXT() REPRESENTATION_CONTEXT('2D SPACE',''
  ) );
#3671 = ORIENTED_EDGE('',*,*,#3672,.T.);
#3672 = EDGE_CURVE('',#3650,#3673,#3675,.T.);
#3673 = VERTEX_POINT('',#3674);
#3674 = CARTESIAN_POINT('',(567.4,1.2528E+03,1.4185E+03));
#3675 = SURFACE_CURVE('',#3676,(#3680,#3687),.PCURVE_S1.);
#3676 = LINE('',#3677,#3678);
#3677 = CARTESIAN_POINT('',(692.4,1.2528E+03,1.4185E+03));
#3678 = VECTOR('',#3679,1.);
#3679 = DIRECTION('',(-1.,1.110223024625E-16,0.));
#3680 = PCURVE('',#3612,#3681);
#3681 = DEFINITIONAL_REPRESENTATION('',(#3682),#3686);
#3682 = LINE('',#3683,#3684);
#3683 = CARTESIAN_POINT('',(-1.387778780781E-14,125.));
#3684 = VECTOR('',#3685,1.);
#3685 = DIRECTION('',(0.,1.));
#3686 = ( GEOMETRIC_REPRESENTATION_CONTEXT(2) 
PARAMETRIC_REPRESENTATION_CONTEXT() REPRESENTATION_CONTEXT('2D SPACE',''
  ) );
#3687 = PCURVE('',#3688,#3693);
#3688 = PLANE('',#3689);
#3689 = AXIS2_PLACEMENT_3D('',#3690,#3691,#3692);
#3690 = CARTESIAN_POINT('',(817.4,1.2528E+03,1.408E+03));
#3691 = DIRECTION('',(-1.110223024625E-16,-1.,0.));
#3692 = DIRECTION('',(0.,0.,1.));
#3693 = DEFINITIONAL_REPRESENTATION('',(#3694),#3698);
#3694 = LINE('',#3695,#3696);
#3695 = CARTESIAN_POINT('',(10.5,125.));
#3696 = VECTOR('',#3697,1.);
#3697 = DIRECTION('',(0.,1.));
#3698 = ( GEOMETRIC_REPRESENTATION_CONTEXT(2) 
PARAMETRIC_REPRESENTATION_CONTEXT() REPRESENTATION_CONTEXT('2D SPACE',''
  ) );
#3699 = ORIENTED_EDGE('',*,*,#3700,.T.);
#3700 = EDGE_CURVE('',#3673,#3597,#3701,.T.);
#3701 = SURFACE_CURVE('',#3702,(#3706,#3713),.PCURVE_S1.);
#3702 = LINE('',#3703,#3704);
#3703 = CARTESIAN_POINT('',(567.4,1.2563E+03,1.4185E+03));
#3704 = VECTOR('',#3705,1.);
#3705 = DIRECTION('',(1.110223024625E-16,1.,0.));
#3706 = PCURVE('',#3612,#3707);
#3707 = DEFINITIONAL_REPRESENTATION('',(#3708),#3712);
#3708 = LINE('',#3709,#3710);
#3709 = CARTESIAN_POINT('',(3.5,250.));
#3710 = VECTOR('',#3711,1.);
#3711 = DIRECTION('',(1.,0.));
#3712 = ( GEOMETRIC_REPRESENTATION_CONTEXT(2) 
PARAMETRIC_REPRESENTATION_CONTEXT() REPRESENTATION_CONTEXT('2D SPACE',''
  ) );
#3713 = PCURVE('',#3481,#3714);
#3714 = DEFINITIONAL_REPRESENTATION('',(#3715),#3719);
#3715 = LINE('',#3716,#3717);
#3716 = CARTESIAN_POINT('',(23.5,14.5));
#3717 = VECTOR('',#3718,1.);
#3718 = DIRECTION('',(0.,1.));
#3719 = ( GEOMETRIC_REPRESENTATION_CONTEXT(2) 
PARAMETRIC_REPRESENTATION_CONTEXT() REPRESENTATION_CONTEXT('2D SPACE',''
  ) );
#3720 = ADVANCED_FACE('',(#3721),#3688,.F.);
#3721 = FACE_BOUND('',#3722,.T.);
#3722 = EDGE_LOOP('',(#3723,#3724,#3747,#3775));
#3723 = ORIENTED_EDGE('',*,*,#3672,.F.);
#3724 = ORIENTED_EDGE('',*,*,#3725,.F.);
#3725 = EDGE_CURVE('',#3726,#3650,#3728,.T.);
#3726 = VERTEX_POINT('',#3727);
#3727 = CARTESIAN_POINT('',(817.4,1.2528E+03,1.408E+03));
#3728 = SURFACE_CURVE('',#3729,(#3733,#3740),.PCURVE_S1.);
#3729 = LINE('',#3730,#3731);
#3730 = CARTESIAN_POINT('',(817.4,1.2528E+03,1.41325E+03));
#3731 = VECTOR('',#3732,1.);
#3732 = DIRECTION('',(0.,0.,1.));
#3733 = PCURVE('',#3688,#3734);
#3734 = DEFINITIONAL_REPRESENTATION('',(#3735),#3739);
#3735 = LINE('',#3736,#3737);
#3736 = CARTESIAN_POINT('',(5.25,0.));
#3737 = VECTOR('',#3738,1.);
#3738 = DIRECTION('',(1.,0.));
#3739 = ( GEOMETRIC_REPRESENTATION_CONTEXT(2) 
PARAMETRIC_REPRESENTATION_CONTEXT() REPRESENTATION_CONTEXT('2D SPACE',''
  ) );
#3740 = PCURVE('',#3427,#3741);
#3741 = DEFINITIONAL_REPRESENTATION('',(#3742),#3746);
#3742 = LINE('',#3743,#3744);
#3743 = CARTESIAN_POINT('',(18.25,11.));
#3744 = VECTOR('',#3745,1.);
#3745 = DIRECTION('',(1.,0.));
#3746 = ( GEOMETRIC_REPRESENTATION_CONTEXT(2) 
PARAMETRIC_REPRESENTATION_CONTEXT() REPRESENTATION_CONTEXT('2D SPACE',''
  ) );
#3747 = ORIENTED_EDGE('',*,*,#3748,.T.);
#3748 = EDGE_CURVE('',#3726,#3749,#3751,.T.);
#3749 = VERTEX_POINT('',#3750);
#3750 = CARTESIAN_POINT('',(567.4,1.2528E+03,1.408E+03));
#3751 = SURFACE_CURVE('',#3752,(#3756,#3763),.PCURVE_S1.);
#3752 = LINE('',#3753,#3754);
#3753 = CARTESIAN_POINT('',(692.4,1.2528E+03,1.408E+03));
#3754 = VECTOR('',#3755,1.);
#3755 = DIRECTION('',(-1.,1.110223024625E-16,0.));
#3756 = PCURVE('',#3688,#3757);
#3757 = DEFINITIONAL_REPRESENTATION('',(#3758),#3762);
#3758 = LINE('',#3759,#3760);
#3759 = CARTESIAN_POINT('',(0.,125.));
#3760 = VECTOR('',#3761,1.);
#3761 = DIRECTION('',(0.,1.));
#3762 = ( GEOMETRIC_REPRESENTATION_CONTEXT(2) 
PARAMETRIC_REPRESENTATION_CONTEXT() REPRESENTATION_CONTEXT('2D SPACE',''
  ) );
#3763 = PCURVE('',#3764,#3769);
#3764 = PLANE('',#3765);
#3765 = AXIS2_PLACEMENT_3D('',#3766,#3767,#3768);
#3766 = CARTESIAN_POINT('',(817.4,1.2598E+03,1.408E+03));
#3767 = DIRECTION('',(0.,0.,-1.));
#3768 = DIRECTION('',(-1.110223024625E-16,-1.,0.));
#3769 = DEFINITIONAL_REPRESENTATION('',(#3770),#3774);
#3770 = LINE('',#3771,#3772);
#3771 = CARTESIAN_POINT('',(7.,125.));
#3772 = VECTOR('',#3773,1.);
#3773 = DIRECTION('',(0.,1.));
#3774 = ( GEOMETRIC_REPRESENTATION_CONTEXT(2) 
PARAMETRIC_REPRESENTATION_CONTEXT() REPRESENTATION_CONTEXT('2D SPACE',''
  ) );
#3775 = ORIENTED_EDGE('',*,*,#3776,.T.);
#3776 = EDGE_CURVE('',#3749,#3673,#3777,.T.);
#3777 = SURFACE_CURVE('',#3778,(#3782,#3789),.PCURVE_S1.);
#3778 = LINE('',#3779,#3780);
#3779 = CARTESIAN_POINT('',(567.4,1.2528E+03,1.41325E+03));
#3780 = VECTOR('',#3781,1.);
#3781 = DIRECTION('',(0.,0.,1.));
#3782 = PCURVE('',#3688,#3783);
#3783 = DEFINITIONAL_REPRESENTATION('',(#3784),#3788);
#3784 = LINE('',#3785,#3786);
#3785 = CARTESIAN_POINT('',(5.25,250.));
#3786 = VECTOR('',#3787,1.);
#3787 = DIRECTION('',(1.,0.));
#3788 = ( GEOMETRIC_REPRESENTATION_CONTEXT(2) 
PARAMETRIC_REPRESENTATION_CONTEXT() REPRESENTATION_CONTEXT('2D SPACE',''
  ) );
#3789 = PCURVE('',#3481,#3790);
#3790 = DEFINITIONAL_REPRESENTATION('',(#3791),#3795);
#3791 = LINE('',#3792,#3793);
#3792 = CARTESIAN_POINT('',(18.25,11.));
#3793 = VECTOR('',#3794,1.);
#3794 = DIRECTION('',(1.,0.));
#3795 = ( GEOMETRIC_REPRESENTATION_CONTEXT(2) 
PARAMETRIC_REPRESENTATION_CONTEXT() REPRESENTATION_CONTEXT('2D SPACE',''
  ) );
#3796 = ADVANCED_FACE('',(#3797),#3764,.F.);
#3797 = FACE_BOUND('',#3798,.T.);
#3798 = EDGE_LOOP('',(#3799,#3800,#3823,#3851));
#3799 = ORIENTED_EDGE('',*,*,#3748,.F.);
#3800 = ORIENTED_EDGE('',*,*,#3801,.F.);
#3801 = EDGE_CURVE('',#3802,#3726,#3804,.T.);
#3802 = VERTEX_POINT('',#3803);
#3803 = CARTESIAN_POINT('',(817.4,1.2598E+03,1.408E+03));
#3804 = SURFACE_CURVE('',#3805,(#3809,#3816),.PCURVE_S1.);
#3805 = LINE('',#3806,#3807);
#3806 = CARTESIAN_POINT('',(817.4,1.2563E+03,1.408E+03));
#3807 = VECTOR('',#3808,1.);
#3808 = DIRECTION('',(-1.110223024625E-16,-1.,0.));
#3809 = PCURVE('',#3764,#3810);
#3810 = DEFINITIONAL_REPRESENTATION('',(#3811),#3815);
#3811 = LINE('',#3812,#3813);
#3812 = CARTESIAN_POINT('',(3.5,-3.885780586188E-16));
#3813 = VECTOR('',#3814,1.);
#3814 = DIRECTION('',(1.,0.));
#3815 = ( GEOMETRIC_REPRESENTATION_CONTEXT(2) 
PARAMETRIC_REPRESENTATION_CONTEXT() REPRESENTATION_CONTEXT('2D SPACE',''
  ) );
#3816 = PCURVE('',#3427,#3817);
#3817 = DEFINITIONAL_REPRESENTATION('',(#3818),#3822);
#3818 = LINE('',#3819,#3820);
#3819 = CARTESIAN_POINT('',(13.,14.5));
#3820 = VECTOR('',#3821,1.);
#3821 = DIRECTION('',(0.,-1.));
#3822 = ( GEOMETRIC_REPRESENTATION_CONTEXT(2) 
PARAMETRIC_REPRESENTATION_CONTEXT() REPRESENTATION_CONTEXT('2D SPACE',''
  ) );
#3823 = ORIENTED_EDGE('',*,*,#3824,.T.);
#3824 = EDGE_CURVE('',#3802,#3825,#3827,.T.);
#3825 = VERTEX_POINT('',#3826);
#3826 = CARTESIAN_POINT('',(567.4,1.2598E+03,1.408E+03));
#3827 = SURFACE_CURVE('',#3828,(#3832,#3839),.PCURVE_S1.);
#3828 = LINE('',#3829,#3830);
#3829 = CARTESIAN_POINT('',(692.4,1.2598E+03,1.408E+03));
#3830 = VECTOR('',#3831,1.);
#3831 = DIRECTION('',(-1.,1.110223024625E-16,0.));
#3832 = PCURVE('',#3764,#3833);
#3833 = DEFINITIONAL_REPRESENTATION('',(#3834),#3838);
#3834 = LINE('',#3835,#3836);
#3835 = CARTESIAN_POINT('',(1.387778780781E-14,125.));
#3836 = VECTOR('',#3837,1.);
#3837 = DIRECTION('',(0.,1.));
#3838 = ( GEOMETRIC_REPRESENTATION_CONTEXT(2) 
PARAMETRIC_REPRESENTATION_CONTEXT() REPRESENTATION_CONTEXT('2D SPACE',''
  ) );
#3839 = PCURVE('',#3840,#3845);
#3840 = PLANE('',#3841);
#3841 = AXIS2_PLACEMENT_3D('',#3842,#3843,#3844);
#3842 = CARTESIAN_POINT('',(817.4,1.2598E+03,1.4185E+03));
#3843 = DIRECTION('',(-1.110223024625E-16,-1.,0.));
#3844 = DIRECTION('',(0.,0.,1.));
#3845 = DEFINITIONAL_REPRESENTATION('',(#3846),#3850);
#3846 = LINE('',#3847,#3848);
#3847 = CARTESIAN_POINT('',(-10.5,125.));
#3848 = VECTOR('',#3849,1.);
#3849 = DIRECTION('',(0.,1.));
#3850 = ( GEOMETRIC_REPRESENTATION_CONTEXT(2) 
PARAMETRIC_REPRESENTATION_CONTEXT() REPRESENTATION_CONTEXT('2D SPACE',''
  ) );
#3851 = ORIENTED_EDGE('',*,*,#3852,.T.);
#3852 = EDGE_CURVE('',#3825,#3749,#3853,.T.);
#3853 = SURFACE_CURVE('',#3854,(#3858,#3865),.PCURVE_S1.);
#3854 = LINE('',#3855,#3856);
#3855 = CARTESIAN_POINT('',(567.4,1.2563E+03,1.408E+03));
#3856 = VECTOR('',#3857,1.);
#3857 = DIRECTION('',(-1.110223024625E-16,-1.,0.));
#3858 = PCURVE('',#3764,#3859);
#3859 = DEFINITIONAL_REPRESENTATION('',(#3860),#3864);
#3860 = LINE('',#3861,#3862);
#3861 = CARTESIAN_POINT('',(3.5,250.));
#3862 = VECTOR('',#3863,1.);
#3863 = DIRECTION('',(1.,0.));
#3864 = ( GEOMETRIC_REPRESENTATION_CONTEXT(2) 
PARAMETRIC_REPRESENTATION_CONTEXT() REPRESENTATION_CONTEXT('2D SPACE',''
  ) );
#3865 = PCURVE('',#3481,#3866);
#3866 = DEFINITIONAL_REPRESENTATION('',(#3867),#3871);
#3867 = LINE('',#3868,#3869);
#3868 = CARTESIAN_POINT('',(13.,14.5));
#3869 = VECTOR('',#3870,1.);
#3870 = DIRECTION('',(0.,-1.));
#3871 = ( GEOMETRIC_REPRESENTATION_CONTEXT(2) 
PARAMETRIC_REPRESENTATION_CONTEXT() REPRESENTATION_CONTEXT('2D SPACE',''
  ) );
#3872 = ADVANCED_FACE('',(#3873),#3840,.F.);
#3873 = FACE_BOUND('',#3874,.T.);
#3874 = EDGE_LOOP('',(#3875,#3876,#3899,#3922));
#3875 = ORIENTED_EDGE('',*,*,#3824,.F.);
#3876 = ORIENTED_EDGE('',*,*,#3877,.F.);
#3877 = EDGE_CURVE('',#3878,#3802,#3880,.T.);
#3878 = VERTEX_POINT('',#3879);
#3879 = CARTESIAN_POINT('',(817.4,1.2598E+03,1.395E+03));
#3880 = SURFACE_CURVE('',#3881,(#3885,#3892),.PCURVE_S1.);
#3881 = LINE('',#3882,#3883);
#3882 = CARTESIAN_POINT('',(817.4,1.2598E+03,1.4015E+03));
#3883 = VECTOR('',#3884,1.);
#3884 = DIRECTION('',(0.,0.,1.));
#3885 = PCURVE('',#3840,#3886);
#3886 = DEFINITIONAL_REPRESENTATION('',(#3887),#3891);
#3887 = LINE('',#3888,#3889);
#3888 = CARTESIAN_POINT('',(-17.,0.));
#3889 = VECTOR('',#3890,1.);
#3890 = DIRECTION('',(1.,0.));
#3891 = ( GEOMETRIC_REPRESENTATION_CONTEXT(2) 
PARAMETRIC_REPRESENTATION_CONTEXT() REPRESENTATION_CONTEXT('2D SPACE',''
  ) );
#3892 = PCURVE('',#3427,#3893);
#3893 = DEFINITIONAL_REPRESENTATION('',(#3894),#3898);
#3894 = LINE('',#3895,#3896);
#3895 = CARTESIAN_POINT('',(6.5,18.));
#3896 = VECTOR('',#3897,1.);
#3897 = DIRECTION('',(1.,0.));
#3898 = ( GEOMETRIC_REPRESENTATION_CONTEXT(2) 
PARAMETRIC_REPRESENTATION_CONTEXT() REPRESENTATION_CONTEXT('2D SPACE',''
  ) );
#3899 = ORIENTED_EDGE('',*,*,#3900,.T.);
#3900 = EDGE_CURVE('',#3878,#3901,#3903,.T.);
#3901 = VERTEX_POINT('',#3902);
#3902 = CARTESIAN_POINT('',(567.4,1.2598E+03,1.395E+03));
#3903 = SURFACE_CURVE('',#3904,(#3908,#3915),.PCURVE_S1.);
#3904 = LINE('',#3905,#3906);
#3905 = CARTESIAN_POINT('',(692.4,1.2598E+03,1.395E+03));
#3906 = VECTOR('',#3907,1.);
#3907 = DIRECTION('',(-1.,1.110223024625E-16,0.));
#3908 = PCURVE('',#3840,#3909);
#3909 = DEFINITIONAL_REPRESENTATION('',(#3910),#3914);
#3910 = LINE('',#3911,#3912);
#3911 = CARTESIAN_POINT('',(-23.5,125.));
#3912 = VECTOR('',#3913,1.);
#3913 = DIRECTION('',(0.,1.));
#3914 = ( GEOMETRIC_REPRESENTATION_CONTEXT(2) 
PARAMETRIC_REPRESENTATION_CONTEXT() REPRESENTATION_CONTEXT('2D SPACE',''
  ) );
#3915 = PCURVE('',#3399,#3916);
#3916 = DEFINITIONAL_REPRESENTATION('',(#3917),#3921);
#3917 = LINE('',#3918,#3919);
#3918 = CARTESIAN_POINT('',(18.,125.));
#3919 = VECTOR('',#3920,1.);
#3920 = DIRECTION('',(0.,1.));
#3921 = ( GEOMETRIC_REPRESENTATION_CONTEXT(2) 
PARAMETRIC_REPRESENTATION_CONTEXT() REPRESENTATION_CONTEXT('2D SPACE',''
  ) );
#3922 = ORIENTED_EDGE('',*,*,#3923,.T.);
#3923 = EDGE_CURVE('',#3901,#3825,#3924,.T.);
#3924 = SURFACE_CURVE('',#3925,(#3929,#3936),.PCURVE_S1.);
#3925 = LINE('',#3926,#3927);
#3926 = CARTESIAN_POINT('',(567.4,1.2598E+03,1.4015E+03));
#3927 = VECTOR('',#3928,1.);
#3928 = DIRECTION('',(0.,0.,1.));
#3929 = PCURVE('',#3840,#3930);
#3930 = DEFINITIONAL_REPRESENTATION('',(#3931),#3935);
#3931 = LINE('',#3932,#3933);
#3932 = CARTESIAN_POINT('',(-17.,250.));
#3933 = VECTOR('',#3934,1.);
#3934 = DIRECTION('',(1.,0.));
#3935 = ( GEOMETRIC_REPRESENTATION_CONTEXT(2) 
PARAMETRIC_REPRESENTATION_CONTEXT() REPRESENTATION_CONTEXT('2D SPACE',''
  ) );
#3936 = PCURVE('',#3481,#3937);
#3937 = DEFINITIONAL_REPRESENTATION('',(#3938),#3942);
#3938 = LINE('',#3939,#3940);
#3939 = CARTESIAN_POINT('',(6.5,18.));
#3940 = VECTOR('',#3941,1.);
#3941 = DIRECTION('',(1.,0.));
#3942 = ( GEOMETRIC_REPRESENTATION_CONTEXT(2) 
PARAMETRIC_REPRESENTATION_CONTEXT() REPRESENTATION_CONTEXT('2D SPACE',''
  ) );
#3943 = ADVANCED_FACE('',(#3944),#3399,.F.);
#3944 = FACE_BOUND('',#3945,.T.);
#3945 = EDGE_LOOP('',(#3946,#3947,#3968,#3969));
#3946 = ORIENTED_EDGE('',*,*,#3900,.F.);
#3947 = ORIENTED_EDGE('',*,*,#3948,.F.);
#3948 = EDGE_CURVE('',#3377,#3878,#3949,.T.);
#3949 = SURFACE_CURVE('',#3950,(#3954,#3961),.PCURVE_S1.);
#3950 = LINE('',#3951,#3952);
#3951 = CARTESIAN_POINT('',(817.4,1.2508E+03,1.395E+03));
#3952 = VECTOR('',#3953,1.);
#3953 = DIRECTION('',(1.110223024625E-16,1.,0.));
#3954 = PCURVE('',#3399,#3955);
#3955 = DEFINITIONAL_REPRESENTATION('',(#3956),#3960);
#3956 = LINE('',#3957,#3958);
#3957 = CARTESIAN_POINT('',(9.,9.992007221626E-16));
#3958 = VECTOR('',#3959,1.);
#3959 = DIRECTION('',(1.,0.));
#3960 = ( GEOMETRIC_REPRESENTATION_CONTEXT(2) 
PARAMETRIC_REPRESENTATION_CONTEXT() REPRESENTATION_CONTEXT('2D SPACE',''
  ) );
#3961 = PCURVE('',#3427,#3962);
#3962 = DEFINITIONAL_REPRESENTATION('',(#3963),#3967);
#3963 = LINE('',#3964,#3965);
#3964 = CARTESIAN_POINT('',(0.,9.));
#3965 = VECTOR('',#3966,1.);
#3966 = DIRECTION('',(0.,1.));
#3967 = ( GEOMETRIC_REPRESENTATION_CONTEXT(2) 
PARAMETRIC_REPRESENTATION_CONTEXT() REPRESENTATION_CONTEXT('2D SPACE',''
  ) );
#3968 = ORIENTED_EDGE('',*,*,#3376,.T.);
#3969 = ORIENTED_EDGE('',*,*,#3970,.T.);
#3970 = EDGE_CURVE('',#3379,#3901,#3971,.T.);
#3971 = SURFACE_CURVE('',#3972,(#3976,#3983),.PCURVE_S1.);
#3972 = LINE('',#3973,#3974);
#3973 = CARTESIAN_POINT('',(567.4,1.2508E+03,1.395E+03));
#3974 = VECTOR('',#3975,1.);
#3975 = DIRECTION('',(1.110223024625E-16,1.,0.));
#3976 = PCURVE('',#3399,#3977);
#3977 = DEFINITIONAL_REPRESENTATION('',(#3978),#3982);
#3978 = LINE('',#3979,#3980);
#3979 = CARTESIAN_POINT('',(9.,250.));
#3980 = VECTOR('',#3981,1.);
#3981 = DIRECTION('',(1.,0.));
#3982 = ( GEOMETRIC_REPRESENTATION_CONTEXT(2) 
PARAMETRIC_REPRESENTATION_CONTEXT() REPRESENTATION_CONTEXT('2D SPACE',''
  ) );
#3983 = PCURVE('',#3481,#3984);
#3984 = DEFINITIONAL_REPRESENTATION('',(#3985),#3989);
#3985 = LINE('',#3986,#3987);
#3986 = CARTESIAN_POINT('',(0.,9.));
#3987 = VECTOR('',#3988,1.);
#3988 = DIRECTION('',(0.,1.));
#3989 = ( GEOMETRIC_REPRESENTATION_CONTEXT(2) 
PARAMETRIC_REPRESENTATION_CONTEXT() REPRESENTATION_CONTEXT('2D SPACE',''
  ) );
#3990 = ADVANCED_FACE('',(#3991),#3427,.F.);
#3991 = FACE_BOUND('',#3992,.T.);
#3992 = EDGE_LOOP('',(#3993,#3994,#3995,#3996,#3997,#3998,#3999,#4000));
#3993 = ORIENTED_EDGE('',*,*,#3948,.T.);
#3994 = ORIENTED_EDGE('',*,*,#3877,.T.);
#3995 = ORIENTED_EDGE('',*,*,#3801,.T.);
#3996 = ORIENTED_EDGE('',*,*,#3725,.T.);
#3997 = ORIENTED_EDGE('',*,*,#3649,.T.);
#3998 = ORIENTED_EDGE('',*,*,#3573,.T.);
#3999 = ORIENTED_EDGE('',*,*,#3497,.T.);
#4000 = ORIENTED_EDGE('',*,*,#3411,.T.);
#4001 = ADVANCED_FACE('',(#4002),#3481,.T.);
#4002 = FACE_BOUND('',#4003,.T.);
#4003 = EDGE_LOOP('',(#4004,#4005,#4006,#4007,#4008,#4009,#4010,#4011));
#4004 = ORIENTED_EDGE('',*,*,#3467,.F.);
#4005 = ORIENTED_EDGE('',*,*,#3548,.F.);
#4006 = ORIENTED_EDGE('',*,*,#3624,.F.);
#4007 = ORIENTED_EDGE('',*,*,#3700,.F.);
#4008 = ORIENTED_EDGE('',*,*,#3776,.F.);
#4009 = ORIENTED_EDGE('',*,*,#3852,.F.);
#4010 = ORIENTED_EDGE('',*,*,#3923,.F.);
#4011 = ORIENTED_EDGE('',*,*,#3970,.F.);
#4012 = ( GEOMETRIC_REPRESENTATION_CONTEXT(3) 
GLOBAL_UNCERTAINTY_ASSIGNED_CONTEXT((#4016)) 
GLOBAL_UNIT_ASSIGNED_CONTEXT((#4013,#4014,#4015)) REPRESENTATION_CONTEXT
('Context #1','3D Context with UNIT and UNCERTAINTY') );
#4013 = ( LENGTH_UNIT() NAMED_UNIT(*) SI_UNIT(.MILLI.,.METRE.) );
#4014 = ( NAMED_UNIT(*) PLANE_ANGLE_UNIT() SI_UNIT($,.RADIAN.) );
#4015 = ( NAMED_UNIT(*) SI_UNIT($,.STERADIAN.) SOLID_ANGLE_UNIT() );
#4016 = UNCERTAINTY_MEASURE_WITH_UNIT(LENGTH_MEASURE(1.E-07),#4013,
  'distance_accuracy_value','confusion accuracy');
#4017 = CONTEXT_DEPENDENT_SHAPE_REPRESENTATION(#4018,#4020);
#4018 = ( REPRESENTATION_RELATIONSHIP('','',#3369,#10) 
REPRESENTATION_RELATIONSHIP_WITH_TRANSFORMATION(#4019) 
SHAPE_REPRESENTATION_RELATIONSHIP() );
#4019 = ITEM_DEFINED_TRANSFORMATION('','',#11,#51);
#4020 = PRODUCT_DEFINITION_SHAPE('Placement','Placement of an item',
  #4021);
#4021 = NEXT_ASSEMBLY_USAGE_OCCURRENCE('261','','',#5,#3364,$);
#4022 = PRODUCT_RELATED_PRODUCT_CATEGORY('part',$,(#3366));
#4023 = SHAPE_DEFINITION_REPRESENTATION(#4024,#4030);
#4024 = PRODUCT_DEFINITION_SHAPE('','',#4025);
#4025 = PRODUCT_DEFINITION('design','',#4026,#4029);
#4026 = PRODUCT_DEFINITION_FORMATION('','',#4027);
#4027 = PRODUCT('Open CASCADE STEP translator 7.9 4.11',
  'Open CASCADE STEP translator 7.9 4.11','',(#4028));
#4028 = PRODUCT_CONTEXT('',#2,'mechanical');
#4029 = PRODUCT_DEFINITION_CONTEXT('part definition',#2,'design');
#4030 = ADVANCED_BREP_SHAPE_REPRESENTATION('',(#11,#4031),#4673);
#4031 = MANIFOLD_SOLID_BREP('',#4032);
#4032 = CLOSED_SHELL('',(#4033,#4153,#4229,#4305,#4381,#4457,#4533,#4604
    ,#4651,#4662));
#4033 = ADVANCED_FACE('',(#4034),#4048,.F.);
#4034 = FACE_BOUND('',#4035,.T.);
#4035 = EDGE_LOOP('',(#4036,#4071,#4099,#4127));
#4036 = ORIENTED_EDGE('',*,*,#4037,.F.);
#4037 = EDGE_CURVE('',#4038,#4040,#4042,.T.);
#4038 = VERTEX_POINT('',#4039);
#4039 = CARTESIAN_POINT('',(651.4,1.4078E+03,1.395E+03));
#4040 = VERTEX_POINT('',#4041);
#4041 = CARTESIAN_POINT('',(401.4,1.4078E+03,1.395E+03));
#4042 = SURFACE_CURVE('',#4043,(#4047,#4059),.PCURVE_S1.);
#4043 = LINE('',#4044,#4045);
#4044 = CARTESIAN_POINT('',(526.4,1.4078E+03,1.395E+03));
#4045 = VECTOR('',#4046,1.);
#4046 = DIRECTION('',(-1.,1.110223024625E-16,0.));
#4047 = PCURVE('',#4048,#4053);
#4048 = PLANE('',#4049);
#4049 = AXIS2_PLACEMENT_3D('',#4050,#4051,#4052);
#4050 = CARTESIAN_POINT('',(651.4,1.4078E+03,1.408E+03));
#4051 = DIRECTION('',(1.110223024625E-16,1.,0.));
#4052 = DIRECTION('',(0.,0.,-1.));
#4053 = DEFINITIONAL_REPRESENTATION('',(#4054),#4058);
#4054 = LINE('',#4055,#4056);
#4055 = CARTESIAN_POINT('',(13.,125.));
#4056 = VECTOR('',#4057,1.);
#4057 = DIRECTION('',(0.,1.));
#4058 = ( GEOMETRIC_REPRESENTATION_CONTEXT(2) 
PARAMETRIC_REPRESENTATION_CONTEXT() REPRESENTATION_CONTEXT('2D SPACE',''
  ) );
#4059 = PCURVE('',#4060,#4065);
#4060 = PLANE('',#4061);
#4061 = AXIS2_PLACEMENT_3D('',#4062,#4063,#4064);
#4062 = CARTESIAN_POINT('',(651.4,1.4078E+03,1.395E+03));
#4063 = DIRECTION('',(0.,0.,1.));
#4064 = DIRECTION('',(1.110223024625E-16,1.,0.));
#4065 = DEFINITIONAL_REPRESENTATION('',(#4066),#4070);
#4066 = LINE('',#4067,#4068);
#4067 = CARTESIAN_POINT('',(-1.387778780781E-14,125.));
#4068 = VECTOR('',#4069,1.);
#4069 = DIRECTION('',(0.,1.));
#4070 = ( GEOMETRIC_REPRESENTATION_CONTEXT(2) 
PARAMETRIC_REPRESENTATION_CONTEXT() REPRESENTATION_CONTEXT('2D SPACE',''
  ) );
#4071 = ORIENTED_EDGE('',*,*,#4072,.F.);
#4072 = EDGE_CURVE('',#4073,#4038,#4075,.T.);
#4073 = VERTEX_POINT('',#4074);
#4074 = CARTESIAN_POINT('',(651.4,1.4078E+03,1.408E+03));
#4075 = SURFACE_CURVE('',#4076,(#4080,#4087),.PCURVE_S1.);
#4076 = LINE('',#4077,#4078);
#4077 = CARTESIAN_POINT('',(651.4,1.4078E+03,1.4015E+03));
#4078 = VECTOR('',#4079,1.);
#4079 = DIRECTION('',(0.,0.,-1.));
#4080 = PCURVE('',#4048,#4081);
#4081 = DEFINITIONAL_REPRESENTATION('',(#4082),#4086);
#4082 = LINE('',#4083,#4084);
#4083 = CARTESIAN_POINT('',(6.5,0.));
#4084 = VECTOR('',#4085,1.);
#4085 = DIRECTION('',(1.,0.));
#4086 = ( GEOMETRIC_REPRESENTATION_CONTEXT(2) 
PARAMETRIC_REPRESENTATION_CONTEXT() REPRESENTATION_CONTEXT('2D SPACE',''
  ) );
#4087 = PCURVE('',#4088,#4093);
#4088 = PLANE('',#4089);
#4089 = AXIS2_PLACEMENT_3D('',#4090,#4091,#4092);
#4090 = CARTESIAN_POINT('',(651.4,1.4078E+03,1.395E+03));
#4091 = DIRECTION('',(-1.,1.110223024625E-16,0.));
#4092 = DIRECTION('',(0.,0.,1.));
#4093 = DEFINITIONAL_REPRESENTATION('',(#4094),#4098);
#4094 = LINE('',#4095,#4096);
#4095 = CARTESIAN_POINT('',(6.5,0.));
#4096 = VECTOR('',#4097,1.);
#4097 = DIRECTION('',(-1.,0.));
#4098 = ( GEOMETRIC_REPRESENTATION_CONTEXT(2) 
PARAMETRIC_REPRESENTATION_CONTEXT() REPRESENTATION_CONTEXT('2D SPACE',''
  ) );
#4099 = ORIENTED_EDGE('',*,*,#4100,.T.);
#4100 = EDGE_CURVE('',#4073,#4101,#4103,.T.);
#4101 = VERTEX_POINT('',#4102);
#4102 = CARTESIAN_POINT('',(401.4,1.4078E+03,1.408E+03));
#4103 = SURFACE_CURVE('',#4104,(#4108,#4115),.PCURVE_S1.);
#4104 = LINE('',#4105,#4106);
#4105 = CARTESIAN_POINT('',(526.4,1.4078E+03,1.408E+03));
#4106 = VECTOR('',#4107,1.);
#4107 = DIRECTION('',(-1.,1.110223024625E-16,0.));
#4108 = PCURVE('',#4048,#4109);
#4109 = DEFINITIONAL_REPRESENTATION('',(#4110),#4114);
#4110 = LINE('',#4111,#4112);
#4111 = CARTESIAN_POINT('',(0.,125.));
#4112 = VECTOR('',#4113,1.);
#4113 = DIRECTION('',(0.,1.));
#4114 = ( GEOMETRIC_REPRESENTATION_CONTEXT(2) 
PARAMETRIC_REPRESENTATION_CONTEXT() REPRESENTATION_CONTEXT('2D SPACE',''
  ) );
#4115 = PCURVE('',#4116,#4121);
#4116 = PLANE('',#4117);
#4117 = AXIS2_PLACEMENT_3D('',#4118,#4119,#4120);
#4118 = CARTESIAN_POINT('',(651.4,1.4148E+03,1.408E+03));
#4119 = DIRECTION('',(0.,0.,-1.));
#4120 = DIRECTION('',(-1.110223024625E-16,-1.,0.));
#4121 = DEFINITIONAL_REPRESENTATION('',(#4122),#4126);
#4122 = LINE('',#4123,#4124);
#4123 = CARTESIAN_POINT('',(7.,125.));
#4124 = VECTOR('',#4125,1.);
#4125 = DIRECTION('',(0.,1.));
#4126 = ( GEOMETRIC_REPRESENTATION_CONTEXT(2) 
PARAMETRIC_REPRESENTATION_CONTEXT() REPRESENTATION_CONTEXT('2D SPACE',''
  ) );
#4127 = ORIENTED_EDGE('',*,*,#4128,.T.);
#4128 = EDGE_CURVE('',#4101,#4040,#4129,.T.);
#4129 = SURFACE_CURVE('',#4130,(#4134,#4141),.PCURVE_S1.);
#4130 = LINE('',#4131,#4132);
#4131 = CARTESIAN_POINT('',(401.4,1.4078E+03,1.4015E+03));
#4132 = VECTOR('',#4133,1.);
#4133 = DIRECTION('',(0.,0.,-1.));
#4134 = PCURVE('',#4048,#4135);
#4135 = DEFINITIONAL_REPRESENTATION('',(#4136),#4140);
#4136 = LINE('',#4137,#4138);
#4137 = CARTESIAN_POINT('',(6.5,250.));
#4138 = VECTOR('',#4139,1.);
#4139 = DIRECTION('',(1.,0.));
#4140 = ( GEOMETRIC_REPRESENTATION_CONTEXT(2) 
PARAMETRIC_REPRESENTATION_CONTEXT() REPRESENTATION_CONTEXT('2D SPACE',''
  ) );
#4141 = PCURVE('',#4142,#4147);
#4142 = PLANE('',#4143);
#4143 = AXIS2_PLACEMENT_3D('',#4144,#4145,#4146);
#4144 = CARTESIAN_POINT('',(401.4,1.4078E+03,1.395E+03));
#4145 = DIRECTION('',(-1.,1.110223024625E-16,0.));
#4146 = DIRECTION('',(0.,0.,1.));
#4147 = DEFINITIONAL_REPRESENTATION('',(#4148),#4152);
#4148 = LINE('',#4149,#4150);
#4149 = CARTESIAN_POINT('',(6.5,0.));
#4150 = VECTOR('',#4151,1.);
#4151 = DIRECTION('',(-1.,0.));
#4152 = ( GEOMETRIC_REPRESENTATION_CONTEXT(2) 
PARAMETRIC_REPRESENTATION_CONTEXT() REPRESENTATION_CONTEXT('2D SPACE',''
  ) );
#4153 = ADVANCED_FACE('',(#4154),#4116,.F.);
#4154 = FACE_BOUND('',#4155,.T.);
#4155 = EDGE_LOOP('',(#4156,#4157,#4180,#4208));
#4156 = ORIENTED_EDGE('',*,*,#4100,.F.);
#4157 = ORIENTED_EDGE('',*,*,#4158,.F.);
#4158 = EDGE_CURVE('',#4159,#4073,#4161,.T.);
#4159 = VERTEX_POINT('',#4160);
#4160 = CARTESIAN_POINT('',(651.4,1.4148E+03,1.408E+03));
#4161 = SURFACE_CURVE('',#4162,(#4166,#4173),.PCURVE_S1.);
#4162 = LINE('',#4163,#4164);
#4163 = CARTESIAN_POINT('',(651.4,1.4113E+03,1.408E+03));
#4164 = VECTOR('',#4165,1.);
#4165 = DIRECTION('',(-1.110223024625E-16,-1.,0.));
#4166 = PCURVE('',#4116,#4167);
#4167 = DEFINITIONAL_REPRESENTATION('',(#4168),#4172);
#4168 = LINE('',#4169,#4170);
#4169 = CARTESIAN_POINT('',(3.5,-3.885780586188E-16));
#4170 = VECTOR('',#4171,1.);
#4171 = DIRECTION('',(1.,0.));
#4172 = ( GEOMETRIC_REPRESENTATION_CONTEXT(2) 
PARAMETRIC_REPRESENTATION_CONTEXT() REPRESENTATION_CONTEXT('2D SPACE',''
  ) );
#4173 = PCURVE('',#4088,#4174);
#4174 = DEFINITIONAL_REPRESENTATION('',(#4175),#4179);
#4175 = LINE('',#4176,#4177);
#4176 = CARTESIAN_POINT('',(13.,3.5));
#4177 = VECTOR('',#4178,1.);
#4178 = DIRECTION('',(0.,-1.));
#4179 = ( GEOMETRIC_REPRESENTATION_CONTEXT(2) 
PARAMETRIC_REPRESENTATION_CONTEXT() REPRESENTATION_CONTEXT('2D SPACE',''
  ) );
#4180 = ORIENTED_EDGE('',*,*,#4181,.T.);
#4181 = EDGE_CURVE('',#4159,#4182,#4184,.T.);
#4182 = VERTEX_POINT('',#4183);
#4183 = CARTESIAN_POINT('',(401.4,1.4148E+03,1.408E+03));
#4184 = SURFACE_CURVE('',#4185,(#4189,#4196),.PCURVE_S1.);
#4185 = LINE('',#4186,#4187);
#4186 = CARTESIAN_POINT('',(526.4,1.4148E+03,1.408E+03));
#4187 = VECTOR('',#4188,1.);
#4188 = DIRECTION('',(-1.,1.110223024625E-16,0.));
#4189 = PCURVE('',#4116,#4190);
#4190 = DEFINITIONAL_REPRESENTATION('',(#4191),#4195);
#4191 = LINE('',#4192,#4193);
#4192 = CARTESIAN_POINT('',(1.387778780781E-14,125.));
#4193 = VECTOR('',#4194,1.);
#4194 = DIRECTION('',(0.,1.));
#4195 = ( GEOMETRIC_REPRESENTATION_CONTEXT(2) 
PARAMETRIC_REPRESENTATION_CONTEXT() REPRESENTATION_CONTEXT('2D SPACE',''
  ) );
#4196 = PCURVE('',#4197,#4202);
#4197 = PLANE('',#4198);
#4198 = AXIS2_PLACEMENT_3D('',#4199,#4200,#4201);
#4199 = CARTESIAN_POINT('',(651.4,1.4148E+03,1.4185E+03));
#4200 = DIRECTION('',(1.110223024625E-16,1.,0.));
#4201 = DIRECTION('',(0.,0.,-1.));
#4202 = DEFINITIONAL_REPRESENTATION('',(#4203),#4207);
#4203 = LINE('',#4204,#4205);
#4204 = CARTESIAN_POINT('',(10.5,125.));
#4205 = VECTOR('',#4206,1.);
#4206 = DIRECTION('',(0.,1.));
#4207 = ( GEOMETRIC_REPRESENTATION_CONTEXT(2) 
PARAMETRIC_REPRESENTATION_CONTEXT() REPRESENTATION_CONTEXT('2D SPACE',''
  ) );
#4208 = ORIENTED_EDGE('',*,*,#4209,.T.);
#4209 = EDGE_CURVE('',#4182,#4101,#4210,.T.);
#4210 = SURFACE_CURVE('',#4211,(#4215,#4222),.PCURVE_S1.);
#4211 = LINE('',#4212,#4213);
#4212 = CARTESIAN_POINT('',(401.4,1.4113E+03,1.408E+03));
#4213 = VECTOR('',#4214,1.);
#4214 = DIRECTION('',(-1.110223024625E-16,-1.,0.));
#4215 = PCURVE('',#4116,#4216);
#4216 = DEFINITIONAL_REPRESENTATION('',(#4217),#4221);
#4217 = LINE('',#4218,#4219);
#4218 = CARTESIAN_POINT('',(3.5,250.));
#4219 = VECTOR('',#4220,1.);
#4220 = DIRECTION('',(1.,0.));
#4221 = ( GEOMETRIC_REPRESENTATION_CONTEXT(2) 
PARAMETRIC_REPRESENTATION_CONTEXT() REPRESENTATION_CONTEXT('2D SPACE',''
  ) );
#4222 = PCURVE('',#4142,#4223);
#4223 = DEFINITIONAL_REPRESENTATION('',(#4224),#4228);
#4224 = LINE('',#4225,#4226);
#4225 = CARTESIAN_POINT('',(13.,3.5));
#4226 = VECTOR('',#4227,1.);
#4227 = DIRECTION('',(0.,-1.));
#4228 = ( GEOMETRIC_REPRESENTATION_CONTEXT(2) 
PARAMETRIC_REPRESENTATION_CONTEXT() REPRESENTATION_CONTEXT('2D SPACE',''
  ) );
#4229 = ADVANCED_FACE('',(#4230),#4197,.F.);
#4230 = FACE_BOUND('',#4231,.T.);
#4231 = EDGE_LOOP('',(#4232,#4233,#4256,#4284));
#4232 = ORIENTED_EDGE('',*,*,#4181,.F.);
#4233 = ORIENTED_EDGE('',*,*,#4234,.F.);
#4234 = EDGE_CURVE('',#4235,#4159,#4237,.T.);
#4235 = VERTEX_POINT('',#4236);
#4236 = CARTESIAN_POINT('',(651.4,1.4148E+03,1.4185E+03));
#4237 = SURFACE_CURVE('',#4238,(#4242,#4249),.PCURVE_S1.);
#4238 = LINE('',#4239,#4240);
#4239 = CARTESIAN_POINT('',(651.4,1.4148E+03,1.41325E+03));
#4240 = VECTOR('',#4241,1.);
#4241 = DIRECTION('',(0.,0.,-1.));
#4242 = PCURVE('',#4197,#4243);
#4243 = DEFINITIONAL_REPRESENTATION('',(#4244),#4248);
#4244 = LINE('',#4245,#4246);
#4245 = CARTESIAN_POINT('',(5.25,0.));
#4246 = VECTOR('',#4247,1.);
#4247 = DIRECTION('',(1.,0.));
#4248 = ( GEOMETRIC_REPRESENTATION_CONTEXT(2) 
PARAMETRIC_REPRESENTATION_CONTEXT() REPRESENTATION_CONTEXT('2D SPACE',''
  ) );
#4249 = PCURVE('',#4088,#4250);
#4250 = DEFINITIONAL_REPRESENTATION('',(#4251),#4255);
#4251 = LINE('',#4252,#4253);
#4252 = CARTESIAN_POINT('',(18.25,7.));
#4253 = VECTOR('',#4254,1.);
#4254 = DIRECTION('',(-1.,0.));
#4255 = ( GEOMETRIC_REPRESENTATION_CONTEXT(2) 
PARAMETRIC_REPRESENTATION_CONTEXT() REPRESENTATION_CONTEXT('2D SPACE',''
  ) );
#4256 = ORIENTED_EDGE('',*,*,#4257,.T.);
#4257 = EDGE_CURVE('',#4235,#4258,#4260,.T.);
#4258 = VERTEX_POINT('',#4259);
#4259 = CARTESIAN_POINT('',(401.4,1.4148E+03,1.4185E+03));
#4260 = SURFACE_CURVE('',#4261,(#4265,#4272),.PCURVE_S1.);
#4261 = LINE('',#4262,#4263);
#4262 = CARTESIAN_POINT('',(526.4,1.4148E+03,1.4185E+03));
#4263 = VECTOR('',#4264,1.);
#4264 = DIRECTION('',(-1.,1.110223024625E-16,0.));
#4265 = PCURVE('',#4197,#4266);
#4266 = DEFINITIONAL_REPRESENTATION('',(#4267),#4271);
#4267 = LINE('',#4268,#4269);
#4268 = CARTESIAN_POINT('',(0.,125.));
#4269 = VECTOR('',#4270,1.);
#4270 = DIRECTION('',(0.,1.));
#4271 = ( GEOMETRIC_REPRESENTATION_CONTEXT(2) 
PARAMETRIC_REPRESENTATION_CONTEXT() REPRESENTATION_CONTEXT('2D SPACE',''
  ) );
#4272 = PCURVE('',#4273,#4278);
#4273 = PLANE('',#4274);
#4274 = AXIS2_PLACEMENT_3D('',#4275,#4276,#4277);
#4275 = CARTESIAN_POINT('',(651.4,1.4078E+03,1.4185E+03));
#4276 = DIRECTION('',(0.,0.,1.));
#4277 = DIRECTION('',(1.110223024625E-16,1.,0.));
#4278 = DEFINITIONAL_REPRESENTATION('',(#4279),#4283);
#4279 = LINE('',#4280,#4281);
#4280 = CARTESIAN_POINT('',(7.,125.));
#4281 = VECTOR('',#4282,1.);
#4282 = DIRECTION('',(0.,1.));
#4283 = ( GEOMETRIC_REPRESENTATION_CONTEXT(2) 
PARAMETRIC_REPRESENTATION_CONTEXT() REPRESENTATION_CONTEXT('2D SPACE',''
  ) );
#4284 = ORIENTED_EDGE('',*,*,#4285,.T.);
#4285 = EDGE_CURVE('',#4258,#4182,#4286,.T.);
#4286 = SURFACE_CURVE('',#4287,(#4291,#4298),.PCURVE_S1.);
#4287 = LINE('',#4288,#4289);
#4288 = CARTESIAN_POINT('',(401.4,1.4148E+03,1.41325E+03));
#4289 = VECTOR('',#4290,1.);
#4290 = DIRECTION('',(0.,0.,-1.));
#4291 = PCURVE('',#4197,#4292);
#4292 = DEFINITIONAL_REPRESENTATION('',(#4293),#4297);
#4293 = LINE('',#4294,#4295);
#4294 = CARTESIAN_POINT('',(5.25,250.));
#4295 = VECTOR('',#4296,1.);
#4296 = DIRECTION('',(1.,0.));
#4297 = ( GEOMETRIC_REPRESENTATION_CONTEXT(2) 
PARAMETRIC_REPRESENTATION_CONTEXT() REPRESENTATION_CONTEXT('2D SPACE',''
  ) );
#4298 = PCURVE('',#4142,#4299);
#4299 = DEFINITIONAL_REPRESENTATION('',(#4300),#4304);
#4300 = LINE('',#4301,#4302);
#4301 = CARTESIAN_POINT('',(18.25,7.));
#4302 = VECTOR('',#4303,1.);
#4303 = DIRECTION('',(-1.,0.));
#4304 = ( GEOMETRIC_REPRESENTATION_CONTEXT(2) 
PARAMETRIC_REPRESENTATION_CONTEXT() REPRESENTATION_CONTEXT('2D SPACE',''
  ) );
#4305 = ADVANCED_FACE('',(#4306),#4273,.F.);
#4306 = FACE_BOUND('',#4307,.T.);
#4307 = EDGE_LOOP('',(#4308,#4309,#4332,#4360));
#4308 = ORIENTED_EDGE('',*,*,#4257,.F.);
#4309 = ORIENTED_EDGE('',*,*,#4310,.F.);
#4310 = EDGE_CURVE('',#4311,#4235,#4313,.T.);
#4311 = VERTEX_POINT('',#4312);
#4312 = CARTESIAN_POINT('',(651.4,1.4078E+03,1.4185E+03));
#4313 = SURFACE_CURVE('',#4314,(#4318,#4325),.PCURVE_S1.);
#4314 = LINE('',#4315,#4316);
#4315 = CARTESIAN_POINT('',(651.4,1.4113E+03,1.4185E+03));
#4316 = VECTOR('',#4317,1.);
#4317 = DIRECTION('',(1.110223024625E-16,1.,0.));
#4318 = PCURVE('',#4273,#4319);
#4319 = DEFINITIONAL_REPRESENTATION('',(#4320),#4324);
#4320 = LINE('',#4321,#4322);
#4321 = CARTESIAN_POINT('',(3.5,3.885780586188E-16));
#4322 = VECTOR('',#4323,1.);
#4323 = DIRECTION('',(1.,0.));
#4324 = ( GEOMETRIC_REPRESENTATION_CONTEXT(2) 
PARAMETRIC_REPRESENTATION_CONTEXT() REPRESENTATION_CONTEXT('2D SPACE',''
  ) );
#4325 = PCURVE('',#4088,#4326);
#4326 = DEFINITIONAL_REPRESENTATION('',(#4327),#4331);
#4327 = LINE('',#4328,#4329);
#4328 = CARTESIAN_POINT('',(23.5,3.5));
#4329 = VECTOR('',#4330,1.);
#4330 = DIRECTION('',(0.,1.));
#4331 = ( GEOMETRIC_REPRESENTATION_CONTEXT(2) 
PARAMETRIC_REPRESENTATION_CONTEXT() REPRESENTATION_CONTEXT('2D SPACE',''
  ) );
#4332 = ORIENTED_EDGE('',*,*,#4333,.T.);
#4333 = EDGE_CURVE('',#4311,#4334,#4336,.T.);
#4334 = VERTEX_POINT('',#4335);
#4335 = CARTESIAN_POINT('',(401.4,1.4078E+03,1.4185E+03));
#4336 = SURFACE_CURVE('',#4337,(#4341,#4348),.PCURVE_S1.);
#4337 = LINE('',#4338,#4339);
#4338 = CARTESIAN_POINT('',(526.4,1.4078E+03,1.4185E+03));
#4339 = VECTOR('',#4340,1.);
#4340 = DIRECTION('',(-1.,1.110223024625E-16,0.));
#4341 = PCURVE('',#4273,#4342);
#4342 = DEFINITIONAL_REPRESENTATION('',(#4343),#4347);
#4343 = LINE('',#4344,#4345);
#4344 = CARTESIAN_POINT('',(-1.387778780781E-14,125.));
#4345 = VECTOR('',#4346,1.);
#4346 = DIRECTION('',(0.,1.));
#4347 = ( GEOMETRIC_REPRESENTATION_CONTEXT(2) 
PARAMETRIC_REPRESENTATION_CONTEXT() REPRESENTATION_CONTEXT('2D SPACE',''
  ) );
#4348 = PCURVE('',#4349,#4354);
#4349 = PLANE('',#4350);
#4350 = AXIS2_PLACEMENT_3D('',#4351,#4352,#4353);
#4351 = CARTESIAN_POINT('',(651.4,1.4078E+03,1.408E+03));
#4352 = DIRECTION('',(1.110223024625E-16,1.,0.));
#4353 = DIRECTION('',(0.,0.,-1.));
#4354 = DEFINITIONAL_REPRESENTATION('',(#4355),#4359);
#4355 = LINE('',#4356,#4357);
#4356 = CARTESIAN_POINT('',(-10.5,125.));
#4357 = VECTOR('',#4358,1.);
#4358 = DIRECTION('',(0.,1.));
#4359 = ( GEOMETRIC_REPRESENTATION_CONTEXT(2) 
PARAMETRIC_REPRESENTATION_CONTEXT() REPRESENTATION_CONTEXT('2D SPACE',''
  ) );
#4360 = ORIENTED_EDGE('',*,*,#4361,.T.);
#4361 = EDGE_CURVE('',#4334,#4258,#4362,.T.);
#4362 = SURFACE_CURVE('',#4363,(#4367,#4374),.PCURVE_S1.);
#4363 = LINE('',#4364,#4365);
#4364 = CARTESIAN_POINT('',(401.4,1.4113E+03,1.4185E+03));
#4365 = VECTOR('',#4366,1.);
#4366 = DIRECTION('',(1.110223024625E-16,1.,0.));
#4367 = PCURVE('',#4273,#4368);
#4368 = DEFINITIONAL_REPRESENTATION('',(#4369),#4373);
#4369 = LINE('',#4370,#4371);
#4370 = CARTESIAN_POINT('',(3.5,250.));
#4371 = VECTOR('',#4372,1.);
#4372 = DIRECTION('',(1.,0.));
#4373 = ( GEOMETRIC_REPRESENTATION_CONTEXT(2) 
PARAMETRIC_REPRESENTATION_CONTEXT() REPRESENTATION_CONTEXT('2D SPACE',''
  ) );
#4374 = PCURVE('',#4142,#4375);
#4375 = DEFINITIONAL_REPRESENTATION('',(#4376),#4380);
#4376 = LINE('',#4377,#4378);
#4377 = CARTESIAN_POINT('',(23.5,3.5));
#4378 = VECTOR('',#4379,1.);
#4379 = DIRECTION('',(0.,1.));
#4380 = ( GEOMETRIC_REPRESENTATION_CONTEXT(2) 
PARAMETRIC_REPRESENTATION_CONTEXT() REPRESENTATION_CONTEXT('2D SPACE',''
  ) );
#4381 = ADVANCED_FACE('',(#4382),#4349,.F.);
#4382 = FACE_BOUND('',#4383,.T.);
#4383 = EDGE_LOOP('',(#4384,#4385,#4408,#4436));
#4384 = ORIENTED_EDGE('',*,*,#4333,.F.);
#4385 = ORIENTED_EDGE('',*,*,#4386,.F.);
#4386 = EDGE_CURVE('',#4387,#4311,#4389,.T.);
#4387 = VERTEX_POINT('',#4388);
#4388 = CARTESIAN_POINT('',(651.4,1.4078E+03,1.545E+03));
#4389 = SURFACE_CURVE('',#4390,(#4394,#4401),.PCURVE_S1.);
#4390 = LINE('',#4391,#4392);
#4391 = CARTESIAN_POINT('',(651.4,1.4078E+03,1.48175E+03));
#4392 = VECTOR('',#4393,1.);
#4393 = DIRECTION('',(0.,0.,-1.));
#4394 = PCURVE('',#4349,#4395);
#4395 = DEFINITIONAL_REPRESENTATION('',(#4396),#4400);
#4396 = LINE('',#4397,#4398);
#4397 = CARTESIAN_POINT('',(-73.75,0.));
#4398 = VECTOR('',#4399,1.);
#4399 = DIRECTION('',(1.,0.));
#4400 = ( GEOMETRIC_REPRESENTATION_CONTEXT(2) 
PARAMETRIC_REPRESENTATION_CONTEXT() REPRESENTATION_CONTEXT('2D SPACE',''
  ) );
#4401 = PCURVE('',#4088,#4402);
#4402 = DEFINITIONAL_REPRESENTATION('',(#4403),#4407);
#4403 = LINE('',#4404,#4405);
#4404 = CARTESIAN_POINT('',(86.75,0.));
#4405 = VECTOR('',#4406,1.);
#4406 = DIRECTION('',(-1.,0.));
#4407 = ( GEOMETRIC_REPRESENTATION_CONTEXT(2) 
PARAMETRIC_REPRESENTATION_CONTEXT() REPRESENTATION_CONTEXT('2D SPACE',''
  ) );
#4408 = ORIENTED_EDGE('',*,*,#4409,.T.);
#4409 = EDGE_CURVE('',#4387,#4410,#4412,.T.);
#4410 = VERTEX_POINT('',#4411);
#4411 = CARTESIAN_POINT('',(401.4,1.4078E+03,1.545E+03));
#4412 = SURFACE_CURVE('',#4413,(#4417,#4424),.PCURVE_S1.);
#4413 = LINE('',#4414,#4415);
#4414 = CARTESIAN_POINT('',(526.4,1.4078E+03,1.545E+03));
#4415 = VECTOR('',#4416,1.);
#4416 = DIRECTION('',(-1.,1.110223024625E-16,0.));
#4417 = PCURVE('',#4349,#4418);
#4418 = DEFINITIONAL_REPRESENTATION('',(#4419),#4423);
#4419 = LINE('',#4420,#4421);
#4420 = CARTESIAN_POINT('',(-137.,125.));
#4421 = VECTOR('',#4422,1.);
#4422 = DIRECTION('',(0.,1.));
#4423 = ( GEOMETRIC_REPRESENTATION_CONTEXT(2) 
PARAMETRIC_REPRESENTATION_CONTEXT() REPRESENTATION_CONTEXT('2D SPACE',''
  ) );
#4424 = PCURVE('',#4425,#4430);
#4425 = PLANE('',#4426);
#4426 = AXIS2_PLACEMENT_3D('',#4427,#4428,#4429);
#4427 = CARTESIAN_POINT('',(651.4,1.4258E+03,1.545E+03));
#4428 = DIRECTION('',(0.,0.,-1.));
#4429 = DIRECTION('',(-1.110223024625E-16,-1.,0.));
#4430 = DEFINITIONAL_REPRESENTATION('',(#4431),#4435);
#4431 = LINE('',#4432,#4433);
#4432 = CARTESIAN_POINT('',(18.,125.));
#4433 = VECTOR('',#4434,1.);
#4434 = DIRECTION('',(0.,1.));
#4435 = ( GEOMETRIC_REPRESENTATION_CONTEXT(2) 
PARAMETRIC_REPRESENTATION_CONTEXT() REPRESENTATION_CONTEXT('2D SPACE',''
  ) );
#4436 = ORIENTED_EDGE('',*,*,#4437,.T.);
#4437 = EDGE_CURVE('',#4410,#4334,#4438,.T.);
#4438 = SURFACE_CURVE('',#4439,(#4443,#4450),.PCURVE_S1.);
#4439 = LINE('',#4440,#4441);
#4440 = CARTESIAN_POINT('',(401.4,1.4078E+03,1.48175E+03));
#4441 = VECTOR('',#4442,1.);
#4442 = DIRECTION('',(0.,0.,-1.));
#4443 = PCURVE('',#4349,#4444);
#4444 = DEFINITIONAL_REPRESENTATION('',(#4445),#4449);
#4445 = LINE('',#4446,#4447);
#4446 = CARTESIAN_POINT('',(-73.75,250.));
#4447 = VECTOR('',#4448,1.);
#4448 = DIRECTION('',(1.,0.));
#4449 = ( GEOMETRIC_REPRESENTATION_CONTEXT(2) 
PARAMETRIC_REPRESENTATION_CONTEXT() REPRESENTATION_CONTEXT('2D SPACE',''
  ) );
#4450 = PCURVE('',#4142,#4451);
#4451 = DEFINITIONAL_REPRESENTATION('',(#4452),#4456);
#4452 = LINE('',#4453,#4454);
#4453 = CARTESIAN_POINT('',(86.75,0.));
#4454 = VECTOR('',#4455,1.);
#4455 = DIRECTION('',(-1.,0.));
#4456 = ( GEOMETRIC_REPRESENTATION_CONTEXT(2) 
PARAMETRIC_REPRESENTATION_CONTEXT() REPRESENTATION_CONTEXT('2D SPACE',''
  ) );
#4457 = ADVANCED_FACE('',(#4458),#4425,.F.);
#4458 = FACE_BOUND('',#4459,.T.);
#4459 = EDGE_LOOP('',(#4460,#4461,#4484,#4512));
#4460 = ORIENTED_EDGE('',*,*,#4409,.F.);
#4461 = ORIENTED_EDGE('',*,*,#4462,.F.);
#4462 = EDGE_CURVE('',#4463,#4387,#4465,.T.);
#4463 = VERTEX_POINT('',#4464);
#4464 = CARTESIAN_POINT('',(651.4,1.4258E+03,1.545E+03));
#4465 = SURFACE_CURVE('',#4466,(#4470,#4477),.PCURVE_S1.);
#4466 = LINE('',#4467,#4468);
#4467 = CARTESIAN_POINT('',(651.4,1.4168E+03,1.545E+03));
#4468 = VECTOR('',#4469,1.);
#4469 = DIRECTION('',(-1.110223024625E-16,-1.,0.));
#4470 = PCURVE('',#4425,#4471);
#4471 = DEFINITIONAL_REPRESENTATION('',(#4472),#4476);
#4472 = LINE('',#4473,#4474);
#4473 = CARTESIAN_POINT('',(9.,-9.992007221626E-16));
#4474 = VECTOR('',#4475,1.);
#4475 = DIRECTION('',(1.,0.));
#4476 = ( GEOMETRIC_REPRESENTATION_CONTEXT(2) 
PARAMETRIC_REPRESENTATION_CONTEXT() REPRESENTATION_CONTEXT('2D SPACE',''
  ) );
#4477 = PCURVE('',#4088,#4478);
#4478 = DEFINITIONAL_REPRESENTATION('',(#4479),#4483);
#4479 = LINE('',#4480,#4481);
#4480 = CARTESIAN_POINT('',(150.,9.));
#4481 = VECTOR('',#4482,1.);
#4482 = DIRECTION('',(0.,-1.));
#4483 = ( GEOMETRIC_REPRESENTATION_CONTEXT(2) 
PARAMETRIC_REPRESENTATION_CONTEXT() REPRESENTATION_CONTEXT('2D SPACE',''
  ) );
#4484 = ORIENTED_EDGE('',*,*,#4485,.T.);
#4485 = EDGE_CURVE('',#4463,#4486,#4488,.T.);
#4486 = VERTEX_POINT('',#4487);
#4487 = CARTESIAN_POINT('',(401.4,1.4258E+03,1.545E+03));
#4488 = SURFACE_CURVE('',#4489,(#4493,#4500),.PCURVE_S1.);
#4489 = LINE('',#4490,#4491);
#4490 = CARTESIAN_POINT('',(526.4,1.4258E+03,1.545E+03));
#4491 = VECTOR('',#4492,1.);
#4492 = DIRECTION('',(-1.,1.110223024625E-16,0.));
#4493 = PCURVE('',#4425,#4494);
#4494 = DEFINITIONAL_REPRESENTATION('',(#4495),#4499);
#4495 = LINE('',#4496,#4497);
#4496 = CARTESIAN_POINT('',(1.387778780781E-14,125.));
#4497 = VECTOR('',#4498,1.);
#4498 = DIRECTION('',(0.,1.));
#4499 = ( GEOMETRIC_REPRESENTATION_CONTEXT(2) 
PARAMETRIC_REPRESENTATION_CONTEXT() REPRESENTATION_CONTEXT('2D SPACE',''
  ) );
#4500 = PCURVE('',#4501,#4506);
#4501 = PLANE('',#4502);
#4502 = AXIS2_PLACEMENT_3D('',#4503,#4504,#4505);
#4503 = CARTESIAN_POINT('',(651.4,1.4258E+03,1.395E+03));
#4504 = DIRECTION('',(-1.110223024625E-16,-1.,0.));
#4505 = DIRECTION('',(0.,0.,1.));
#4506 = DEFINITIONAL_REPRESENTATION('',(#4507),#4511);
#4507 = LINE('',#4508,#4509);
#4508 = CARTESIAN_POINT('',(150.,125.));
#4509 = VECTOR('',#4510,1.);
#4510 = DIRECTION('',(0.,1.));
#4511 = ( GEOMETRIC_REPRESENTATION_CONTEXT(2) 
PARAMETRIC_REPRESENTATION_CONTEXT() REPRESENTATION_CONTEXT('2D SPACE',''
  ) );
#4512 = ORIENTED_EDGE('',*,*,#4513,.T.);
#4513 = EDGE_CURVE('',#4486,#4410,#4514,.T.);
#4514 = SURFACE_CURVE('',#4515,(#4519,#4526),.PCURVE_S1.);
#4515 = LINE('',#4516,#4517);
#4516 = CARTESIAN_POINT('',(401.4,1.4168E+03,1.545E+03));
#4517 = VECTOR('',#4518,1.);
#4518 = DIRECTION('',(-1.110223024625E-16,-1.,0.));
#4519 = PCURVE('',#4425,#4520);
#4520 = DEFINITIONAL_REPRESENTATION('',(#4521),#4525);
#4521 = LINE('',#4522,#4523);
#4522 = CARTESIAN_POINT('',(9.,250.));
#4523 = VECTOR('',#4524,1.);
#4524 = DIRECTION('',(1.,0.));
#4525 = ( GEOMETRIC_REPRESENTATION_CONTEXT(2) 
PARAMETRIC_REPRESENTATION_CONTEXT() REPRESENTATION_CONTEXT('2D SPACE',''
  ) );
#4526 = PCURVE('',#4142,#4527);
#4527 = DEFINITIONAL_REPRESENTATION('',(#4528),#4532);
#4528 = LINE('',#4529,#4530);
#4529 = CARTESIAN_POINT('',(150.,9.));
#4530 = VECTOR('',#4531,1.);
#4531 = DIRECTION('',(0.,-1.));
#4532 = ( GEOMETRIC_REPRESENTATION_CONTEXT(2) 
PARAMETRIC_REPRESENTATION_CONTEXT() REPRESENTATION_CONTEXT('2D SPACE',''
  ) );
#4533 = ADVANCED_FACE('',(#4534),#4501,.F.);
#4534 = FACE_BOUND('',#4535,.T.);
#4535 = EDGE_LOOP('',(#4536,#4537,#4560,#4583));
#4536 = ORIENTED_EDGE('',*,*,#4485,.F.);
#4537 = ORIENTED_EDGE('',*,*,#4538,.F.);
#4538 = EDGE_CURVE('',#4539,#4463,#4541,.T.);
#4539 = VERTEX_POINT('',#4540);
#4540 = CARTESIAN_POINT('',(651.4,1.4258E+03,1.395E+03));
#4541 = SURFACE_CURVE('',#4542,(#4546,#4553),.PCURVE_S1.);
#4542 = LINE('',#4543,#4544);
#4543 = CARTESIAN_POINT('',(651.4,1.4258E+03,1.47E+03));
#4544 = VECTOR('',#4545,1.);
#4545 = DIRECTION('',(0.,0.,1.));
#4546 = PCURVE('',#4501,#4547);
#4547 = DEFINITIONAL_REPRESENTATION('',(#4548),#4552);
#4548 = LINE('',#4549,#4550);
#4549 = CARTESIAN_POINT('',(75.,0.));
#4550 = VECTOR('',#4551,1.);
#4551 = DIRECTION('',(1.,0.));
#4552 = ( GEOMETRIC_REPRESENTATION_CONTEXT(2) 
PARAMETRIC_REPRESENTATION_CONTEXT() REPRESENTATION_CONTEXT('2D SPACE',''
  ) );
#4553 = PCURVE('',#4088,#4554);
#4554 = DEFINITIONAL_REPRESENTATION('',(#4555),#4559);
#4555 = LINE('',#4556,#4557);
#4556 = CARTESIAN_POINT('',(75.,18.));
#4557 = VECTOR('',#4558,1.);
#4558 = DIRECTION('',(1.,0.));
#4559 = ( GEOMETRIC_REPRESENTATION_CONTEXT(2) 
PARAMETRIC_REPRESENTATION_CONTEXT() REPRESENTATION_CONTEXT('2D SPACE',''
  ) );
#4560 = ORIENTED_EDGE('',*,*,#4561,.T.);
#4561 = EDGE_CURVE('',#4539,#4562,#4564,.T.);
#4562 = VERTEX_POINT('',#4563);
#4563 = CARTESIAN_POINT('',(401.4,1.4258E+03,1.395E+03));
#4564 = SURFACE_CURVE('',#4565,(#4569,#4576),.PCURVE_S1.);
#4565 = LINE('',#4566,#4567);
#4566 = CARTESIAN_POINT('',(526.4,1.4258E+03,1.395E+03));
#4567 = VECTOR('',#4568,1.);
#4568 = DIRECTION('',(-1.,1.110223024625E-16,0.));
#4569 = PCURVE('',#4501,#4570);
#4570 = DEFINITIONAL_REPRESENTATION('',(#4571),#4575);
#4571 = LINE('',#4572,#4573);
#4572 = CARTESIAN_POINT('',(0.,125.));
#4573 = VECTOR('',#4574,1.);
#4574 = DIRECTION('',(0.,1.));
#4575 = ( GEOMETRIC_REPRESENTATION_CONTEXT(2) 
PARAMETRIC_REPRESENTATION_CONTEXT() REPRESENTATION_CONTEXT('2D SPACE',''
  ) );
#4576 = PCURVE('',#4060,#4577);
#4577 = DEFINITIONAL_REPRESENTATION('',(#4578),#4582);
#4578 = LINE('',#4579,#4580);
#4579 = CARTESIAN_POINT('',(18.,125.));
#4580 = VECTOR('',#4581,1.);
#4581 = DIRECTION('',(0.,1.));
#4582 = ( GEOMETRIC_REPRESENTATION_CONTEXT(2) 
PARAMETRIC_REPRESENTATION_CONTEXT() REPRESENTATION_CONTEXT('2D SPACE',''
  ) );
#4583 = ORIENTED_EDGE('',*,*,#4584,.T.);
#4584 = EDGE_CURVE('',#4562,#4486,#4585,.T.);
#4585 = SURFACE_CURVE('',#4586,(#4590,#4597),.PCURVE_S1.);
#4586 = LINE('',#4587,#4588);
#4587 = CARTESIAN_POINT('',(401.4,1.4258E+03,1.47E+03));
#4588 = VECTOR('',#4589,1.);
#4589 = DIRECTION('',(0.,0.,1.));
#4590 = PCURVE('',#4501,#4591);
#4591 = DEFINITIONAL_REPRESENTATION('',(#4592),#4596);
#4592 = LINE('',#4593,#4594);
#4593 = CARTESIAN_POINT('',(75.,250.));
#4594 = VECTOR('',#4595,1.);
#4595 = DIRECTION('',(1.,0.));
#4596 = ( GEOMETRIC_REPRESENTATION_CONTEXT(2) 
PARAMETRIC_REPRESENTATION_CONTEXT() REPRESENTATION_CONTEXT('2D SPACE',''
  ) );
#4597 = PCURVE('',#4142,#4598);
#4598 = DEFINITIONAL_REPRESENTATION('',(#4599),#4603);
#4599 = LINE('',#4600,#4601);
#4600 = CARTESIAN_POINT('',(75.,18.));
#4601 = VECTOR('',#4602,1.);
#4602 = DIRECTION('',(1.,0.));
#4603 = ( GEOMETRIC_REPRESENTATION_CONTEXT(2) 
PARAMETRIC_REPRESENTATION_CONTEXT() REPRESENTATION_CONTEXT('2D SPACE',''
  ) );
#4604 = ADVANCED_FACE('',(#4605),#4060,.F.);
#4605 = FACE_BOUND('',#4606,.T.);
#4606 = EDGE_LOOP('',(#4607,#4608,#4629,#4630));
#4607 = ORIENTED_EDGE('',*,*,#4561,.F.);
#4608 = ORIENTED_EDGE('',*,*,#4609,.F.);
#4609 = EDGE_CURVE('',#4038,#4539,#4610,.T.);
#4610 = SURFACE_CURVE('',#4611,(#4615,#4622),.PCURVE_S1.);
#4611 = LINE('',#4612,#4613);
#4612 = CARTESIAN_POINT('',(651.4,1.4168E+03,1.395E+03));
#4613 = VECTOR('',#4614,1.);
#4614 = DIRECTION('',(1.110223024625E-16,1.,0.));
#4615 = PCURVE('',#4060,#4616);
#4616 = DEFINITIONAL_REPRESENTATION('',(#4617),#4621);
#4617 = LINE('',#4618,#4619);
#4618 = CARTESIAN_POINT('',(9.,9.992007221626E-16));
#4619 = VECTOR('',#4620,1.);
#4620 = DIRECTION('',(1.,0.));
#4621 = ( GEOMETRIC_REPRESENTATION_CONTEXT(2) 
PARAMETRIC_REPRESENTATION_CONTEXT() REPRESENTATION_CONTEXT('2D SPACE',''
  ) );
#4622 = PCURVE('',#4088,#4623);
#4623 = DEFINITIONAL_REPRESENTATION('',(#4624),#4628);
#4624 = LINE('',#4625,#4626);
#4625 = CARTESIAN_POINT('',(0.,9.));
#4626 = VECTOR('',#4627,1.);
#4627 = DIRECTION('',(0.,1.));
#4628 = ( GEOMETRIC_REPRESENTATION_CONTEXT(2) 
PARAMETRIC_REPRESENTATION_CONTEXT() REPRESENTATION_CONTEXT('2D SPACE',''
  ) );
#4629 = ORIENTED_EDGE('',*,*,#4037,.T.);
#4630 = ORIENTED_EDGE('',*,*,#4631,.T.);
#4631 = EDGE_CURVE('',#4040,#4562,#4632,.T.);
#4632 = SURFACE_CURVE('',#4633,(#4637,#4644),.PCURVE_S1.);
#4633 = LINE('',#4634,#4635);
#4634 = CARTESIAN_POINT('',(401.4,1.4168E+03,1.395E+03));
#4635 = VECTOR('',#4636,1.);
#4636 = DIRECTION('',(1.110223024625E-16,1.,0.));
#4637 = PCURVE('',#4060,#4638);
#4638 = DEFINITIONAL_REPRESENTATION('',(#4639),#4643);
#4639 = LINE('',#4640,#4641);
#4640 = CARTESIAN_POINT('',(9.,250.));
#4641 = VECTOR('',#4642,1.);
#4642 = DIRECTION('',(1.,0.));
#4643 = ( GEOMETRIC_REPRESENTATION_CONTEXT(2) 
PARAMETRIC_REPRESENTATION_CONTEXT() REPRESENTATION_CONTEXT('2D SPACE',''
  ) );
#4644 = PCURVE('',#4142,#4645);
#4645 = DEFINITIONAL_REPRESENTATION('',(#4646),#4650);
#4646 = LINE('',#4647,#4648);
#4647 = CARTESIAN_POINT('',(0.,9.));
#4648 = VECTOR('',#4649,1.);
#4649 = DIRECTION('',(0.,1.));
#4650 = ( GEOMETRIC_REPRESENTATION_CONTEXT(2) 
PARAMETRIC_REPRESENTATION_CONTEXT() REPRESENTATION_CONTEXT('2D SPACE',''
  ) );
#4651 = ADVANCED_FACE('',(#4652),#4088,.F.);
#4652 = FACE_BOUND('',#4653,.T.);
#4653 = EDGE_LOOP('',(#4654,#4655,#4656,#4657,#4658,#4659,#4660,#4661));
#4654 = ORIENTED_EDGE('',*,*,#4609,.T.);
#4655 = ORIENTED_EDGE('',*,*,#4538,.T.);
#4656 = ORIENTED_EDGE('',*,*,#4462,.T.);
#4657 = ORIENTED_EDGE('',*,*,#4386,.T.);
#4658 = ORIENTED_EDGE('',*,*,#4310,.T.);
#4659 = ORIENTED_EDGE('',*,*,#4234,.T.);
#4660 = ORIENTED_EDGE('',*,*,#4158,.T.);
#4661 = ORIENTED_EDGE('',*,*,#4072,.T.);
#4662 = ADVANCED_FACE('',(#4663),#4142,.T.);
#4663 = FACE_BOUND('',#4664,.T.);
#4664 = EDGE_LOOP('',(#4665,#4666,#4667,#4668,#4669,#4670,#4671,#4672));
#4665 = ORIENTED_EDGE('',*,*,#4128,.F.);
#4666 = ORIENTED_EDGE('',*,*,#4209,.F.);
#4667 = ORIENTED_EDGE('',*,*,#4285,.F.);
#4668 = ORIENTED_EDGE('',*,*,#4361,.F.);
#4669 = ORIENTED_EDGE('',*,*,#4437,.F.);
#4670 = ORIENTED_EDGE('',*,*,#4513,.F.);
#4671 = ORIENTED_EDGE('',*,*,#4584,.F.);
#4672 = ORIENTED_EDGE('',*,*,#4631,.F.);
#4673 = ( GEOMETRIC_REPRESENTATION_CONTEXT(3) 
GLOBAL_UNCERTAINTY_ASSIGNED_CONTEXT((#4677)) 
GLOBAL_UNIT_ASSIGNED_CONTEXT((#4674,#4675,#4676)) REPRESENTATION_CONTEXT
('Context #1','3D Context with UNIT and UNCERTAINTY') );
#4674 = ( LENGTH_UNIT() NAMED_UNIT(*) SI_UNIT(.MILLI.,.METRE.) );
#4675 = ( NAMED_UNIT(*) PLANE_ANGLE_UNIT() SI_UNIT($,.RADIAN.) );
#4676 = ( NAMED_UNIT(*) SI_UNIT($,.STERADIAN.) SOLID_ANGLE_UNIT() );
#4677 = UNCERTAINTY_MEASURE_WITH_UNIT(LENGTH_MEASURE(1.E-07),#4674,
  'distance_accuracy_value','confusion accuracy');
#4678 = CONTEXT_DEPENDENT_SHAPE_REPRESENTATION(#4679,#4681);
#4679 = ( REPRESENTATION_RELATIONSHIP('','',#4030,#10) 
REPRESENTATION_RELATIONSHIP_WITH_TRANSFORMATION(#4680) 
SHAPE_REPRESENTATION_RELATIONSHIP() );
#4680 = ITEM_DEFINED_TRANSFORMATION('','',#11,#55);
#4681 = PRODUCT_DEFINITION_SHAPE('Placement','Placement of an item',
  #4682);
#4682 = NEXT_ASSEMBLY_USAGE_OCCURRENCE('262','','',#5,#4025,$);
#4683 = PRODUCT_RELATED_PRODUCT_CATEGORY('part',$,(#4027));
#4684 = SHAPE_DEFINITION_REPRESENTATION(#4685,#4691);
#4685 = PRODUCT_DEFINITION_SHAPE('','',#4686);
#4686 = PRODUCT_DEFINITION('design','',#4687,#4690);
#4687 = PRODUCT_DEFINITION_FORMATION('','',#4688);
#4688 = PRODUCT('Open CASCADE STEP translator 7.9 4.12',
  'Open CASCADE STEP translator 7.9 4.12','',(#4689));
#4689 = PRODUCT_CONTEXT('',#2,'mechanical');
#4690 = PRODUCT_DEFINITION_CONTEXT('part definition',#2,'design');
#4691 = ADVANCED_BREP_SHAPE_REPRESENTATION('',(#11,#4692),#5022);
#4692 = MANIFOLD_SOLID_BREP('',#4693);
#4693 = CLOSED_SHELL('',(#4694,#4814,#4890,#4961,#5008,#5015));
#4694 = ADVANCED_FACE('',(#4695),#4709,.T.);
#4695 = FACE_BOUND('',#4696,.T.);
#4696 = EDGE_LOOP('',(#4697,#4732,#4760,#4788));
#4697 = ORIENTED_EDGE('',*,*,#4698,.F.);
#4698 = EDGE_CURVE('',#4699,#4701,#4703,.T.);
#4699 = VERTEX_POINT('',#4700);
#4700 = CARTESIAN_POINT('',(799.4,1.2598E+03,1.395E+03));
#4701 = VERTEX_POINT('',#4702);
#4702 = CARTESIAN_POINT('',(799.4,1.2598E+03,1.481E+03));
#4703 = SURFACE_CURVE('',#4704,(#4708,#4720),.PCURVE_S1.);
#4704 = LINE('',#4705,#4706);
#4705 = CARTESIAN_POINT('',(799.4,1.2598E+03,1.438E+03));
#4706 = VECTOR('',#4707,1.);
#4707 = DIRECTION('',(0.,0.,1.));
#4708 = PCURVE('',#4709,#4714);
#4709 = PLANE('',#4710);
#4710 = AXIS2_PLACEMENT_3D('',#4711,#4712,#4713);
#4711 = CARTESIAN_POINT('',(799.4,1.2598E+03,1.395E+03));
#4712 = DIRECTION('',(1.,-1.110223024625E-16,0.));
#4713 = DIRECTION('',(1.110223024625E-16,1.,0.));
#4714 = DEFINITIONAL_REPRESENTATION('',(#4715),#4719);
#4715 = LINE('',#4716,#4717);
#4716 = CARTESIAN_POINT('',(0.,43.));
#4717 = VECTOR('',#4718,1.);
#4718 = DIRECTION('',(0.,1.));
#4719 = ( GEOMETRIC_REPRESENTATION_CONTEXT(2) 
PARAMETRIC_REPRESENTATION_CONTEXT() REPRESENTATION_CONTEXT('2D SPACE',''
  ) );
#4720 = PCURVE('',#4721,#4726);
#4721 = PLANE('',#4722);
#4722 = AXIS2_PLACEMENT_3D('',#4723,#4724,#4725);
#4723 = CARTESIAN_POINT('',(781.4,1.2598E+03,1.395E+03));
#4724 = DIRECTION('',(-1.110223024625E-16,-1.,0.));
#4725 = DIRECTION('',(1.,-1.110223024625E-16,0.));
#4726 = DEFINITIONAL_REPRESENTATION('',(#4727),#4731);
#4727 = LINE('',#4728,#4729);
#4728 = CARTESIAN_POINT('',(18.,43.));
#4729 = VECTOR('',#4730,1.);
#4730 = DIRECTION('',(0.,1.));
#4731 = ( GEOMETRIC_REPRESENTATION_CONTEXT(2) 
PARAMETRIC_REPRESENTATION_CONTEXT() REPRESENTATION_CONTEXT('2D SPACE',''
  ) );
#4732 = ORIENTED_EDGE('',*,*,#4733,.T.);
#4733 = EDGE_CURVE('',#4699,#4734,#4736,.T.);
#4734 = VERTEX_POINT('',#4735);
#4735 = CARTESIAN_POINT('',(799.4,1.4078E+03,1.395E+03));
#4736 = SURFACE_CURVE('',#4737,(#4741,#4748),.PCURVE_S1.);
#4737 = LINE('',#4738,#4739);
#4738 = CARTESIAN_POINT('',(799.4,1.3338E+03,1.395E+03));
#4739 = VECTOR('',#4740,1.);
#4740 = DIRECTION('',(1.110223024625E-16,1.,0.));
#4741 = PCURVE('',#4709,#4742);
#4742 = DEFINITIONAL_REPRESENTATION('',(#4743),#4747);
#4743 = LINE('',#4744,#4745);
#4744 = CARTESIAN_POINT('',(74.,0.));
#4745 = VECTOR('',#4746,1.);
#4746 = DIRECTION('',(1.,0.));
#4747 = ( GEOMETRIC_REPRESENTATION_CONTEXT(2) 
PARAMETRIC_REPRESENTATION_CONTEXT() REPRESENTATION_CONTEXT('2D SPACE',''
  ) );
#4748 = PCURVE('',#4749,#4754);
#4749 = PLANE('',#4750);
#4750 = AXIS2_PLACEMENT_3D('',#4751,#4752,#4753);
#4751 = CARTESIAN_POINT('',(799.4,1.2598E+03,1.395E+03));
#4752 = DIRECTION('',(0.,0.,1.));
#4753 = DIRECTION('',(1.110223024625E-16,1.,0.));
#4754 = DEFINITIONAL_REPRESENTATION('',(#4755),#4759);
#4755 = LINE('',#4756,#4757);
#4756 = CARTESIAN_POINT('',(74.,8.215650382226E-15));
#4757 = VECTOR('',#4758,1.);
#4758 = DIRECTION('',(1.,0.));
#4759 = ( GEOMETRIC_REPRESENTATION_CONTEXT(2) 
PARAMETRIC_REPRESENTATION_CONTEXT() REPRESENTATION_CONTEXT('2D SPACE',''
  ) );
#4760 = ORIENTED_EDGE('',*,*,#4761,.T.);
#4761 = EDGE_CURVE('',#4734,#4762,#4764,.T.);
#4762 = VERTEX_POINT('',#4763);
#4763 = CARTESIAN_POINT('',(799.4,1.4078E+03,1.481E+03));
#4764 = SURFACE_CURVE('',#4765,(#4769,#4776),.PCURVE_S1.);
#4765 = LINE('',#4766,#4767);
#4766 = CARTESIAN_POINT('',(799.4,1.4078E+03,1.438E+03));
#4767 = VECTOR('',#4768,1.);
#4768 = DIRECTION('',(0.,0.,1.));
#4769 = PCURVE('',#4709,#4770);
#4770 = DEFINITIONAL_REPRESENTATION('',(#4771),#4775);
#4771 = LINE('',#4772,#4773);
#4772 = CARTESIAN_POINT('',(148.,43.));
#4773 = VECTOR('',#4774,1.);
#4774 = DIRECTION('',(0.,1.));
#4775 = ( GEOMETRIC_REPRESENTATION_CONTEXT(2) 
PARAMETRIC_REPRESENTATION_CONTEXT() REPRESENTATION_CONTEXT('2D SPACE',''
  ) );
#4776 = PCURVE('',#4777,#4782);
#4777 = PLANE('',#4778);
#4778 = AXIS2_PLACEMENT_3D('',#4779,#4780,#4781);
#4779 = CARTESIAN_POINT('',(799.4,1.4078E+03,1.395E+03));
#4780 = DIRECTION('',(1.110223024625E-16,1.,0.));
#4781 = DIRECTION('',(-1.,1.110223024625E-16,0.));
#4782 = DEFINITIONAL_REPRESENTATION('',(#4783),#4787);
#4783 = LINE('',#4784,#4785);
#4784 = CARTESIAN_POINT('',(0.,43.));
#4785 = VECTOR('',#4786,1.);
#4786 = DIRECTION('',(0.,1.));
#4787 = ( GEOMETRIC_REPRESENTATION_CONTEXT(2) 
PARAMETRIC_REPRESENTATION_CONTEXT() REPRESENTATION_CONTEXT('2D SPACE',''
  ) );
#4788 = ORIENTED_EDGE('',*,*,#4789,.F.);
#4789 = EDGE_CURVE('',#4701,#4762,#4790,.T.);
#4790 = SURFACE_CURVE('',#4791,(#4795,#4802),.PCURVE_S1.);
#4791 = LINE('',#4792,#4793);
#4792 = CARTESIAN_POINT('',(799.4,1.3338E+03,1.481E+03));
#4793 = VECTOR('',#4794,1.);
#4794 = DIRECTION('',(1.110223024625E-16,1.,0.));
#4795 = PCURVE('',#4709,#4796);
#4796 = DEFINITIONAL_REPRESENTATION('',(#4797),#4801);
#4797 = LINE('',#4798,#4799);
#4798 = CARTESIAN_POINT('',(74.,86.));
#4799 = VECTOR('',#4800,1.);
#4800 = DIRECTION('',(1.,0.));
#4801 = ( GEOMETRIC_REPRESENTATION_CONTEXT(2) 
PARAMETRIC_REPRESENTATION_CONTEXT() REPRESENTATION_CONTEXT('2D SPACE',''
  ) );
#4802 = PCURVE('',#4803,#4808);
#4803 = PLANE('',#4804);
#4804 = AXIS2_PLACEMENT_3D('',#4805,#4806,#4807);
#4805 = CARTESIAN_POINT('',(799.4,1.2598E+03,1.481E+03));
#4806 = DIRECTION('',(0.,0.,1.));
#4807 = DIRECTION('',(1.110223024625E-16,1.,0.));
#4808 = DEFINITIONAL_REPRESENTATION('',(#4809),#4813);
#4809 = LINE('',#4810,#4811);
#4810 = CARTESIAN_POINT('',(74.,8.215650382226E-15));
#4811 = VECTOR('',#4812,1.);
#4812 = DIRECTION('',(1.,0.));
#4813 = ( GEOMETRIC_REPRESENTATION_CONTEXT(2) 
PARAMETRIC_REPRESENTATION_CONTEXT() REPRESENTATION_CONTEXT('2D SPACE',''
  ) );
#4814 = ADVANCED_FACE('',(#4815),#4777,.T.);
#4815 = FACE_BOUND('',#4816,.T.);
#4816 = EDGE_LOOP('',(#4817,#4818,#4841,#4869));
#4817 = ORIENTED_EDGE('',*,*,#4761,.F.);
#4818 = ORIENTED_EDGE('',*,*,#4819,.T.);
#4819 = EDGE_CURVE('',#4734,#4820,#4822,.T.);
#4820 = VERTEX_POINT('',#4821);
#4821 = CARTESIAN_POINT('',(781.4,1.4078E+03,1.395E+03));
#4822 = SURFACE_CURVE('',#4823,(#4827,#4834),.PCURVE_S1.);
#4823 = LINE('',#4824,#4825);
#4824 = CARTESIAN_POINT('',(790.4,1.4078E+03,1.395E+03));
#4825 = VECTOR('',#4826,1.);
#4826 = DIRECTION('',(-1.,1.110223024625E-16,0.));
#4827 = PCURVE('',#4777,#4828);
#4828 = DEFINITIONAL_REPRESENTATION('',(#4829),#4833);
#4829 = LINE('',#4830,#4831);
#4830 = CARTESIAN_POINT('',(9.,0.));
#4831 = VECTOR('',#4832,1.);
#4832 = DIRECTION('',(1.,0.));
#4833 = ( GEOMETRIC_REPRESENTATION_CONTEXT(2) 
PARAMETRIC_REPRESENTATION_CONTEXT() REPRESENTATION_CONTEXT('2D SPACE',''
  ) );
#4834 = PCURVE('',#4749,#4835);
#4835 = DEFINITIONAL_REPRESENTATION('',(#4836),#4840);
#4836 = LINE('',#4837,#4838);
#4837 = CARTESIAN_POINT('',(148.,9.));
#4838 = VECTOR('',#4839,1.);
#4839 = DIRECTION('',(0.,1.));
#4840 = ( GEOMETRIC_REPRESENTATION_CONTEXT(2) 
PARAMETRIC_REPRESENTATION_CONTEXT() REPRESENTATION_CONTEXT('2D SPACE',''
  ) );
#4841 = ORIENTED_EDGE('',*,*,#4842,.T.);
#4842 = EDGE_CURVE('',#4820,#4843,#4845,.T.);
#4843 = VERTEX_POINT('',#4844);
#4844 = CARTESIAN_POINT('',(781.4,1.4078E+03,1.481E+03));
#4845 = SURFACE_CURVE('',#4846,(#4850,#4857),.PCURVE_S1.);
#4846 = LINE('',#4847,#4848);
#4847 = CARTESIAN_POINT('',(781.4,1.4078E+03,1.438E+03));
#4848 = VECTOR('',#4849,1.);
#4849 = DIRECTION('',(0.,0.,1.));
#4850 = PCURVE('',#4777,#4851);
#4851 = DEFINITIONAL_REPRESENTATION('',(#4852),#4856);
#4852 = LINE('',#4853,#4854);
#4853 = CARTESIAN_POINT('',(18.,43.));
#4854 = VECTOR('',#4855,1.);
#4855 = DIRECTION('',(0.,1.));
#4856 = ( GEOMETRIC_REPRESENTATION_CONTEXT(2) 
PARAMETRIC_REPRESENTATION_CONTEXT() REPRESENTATION_CONTEXT('2D SPACE',''
  ) );
#4857 = PCURVE('',#4858,#4863);
#4858 = PLANE('',#4859);
#4859 = AXIS2_PLACEMENT_3D('',#4860,#4861,#4862);
#4860 = CARTESIAN_POINT('',(781.4,1.4078E+03,1.395E+03));
#4861 = DIRECTION('',(-1.,1.110223024625E-16,0.));
#4862 = DIRECTION('',(-1.110223024625E-16,-1.,0.));
#4863 = DEFINITIONAL_REPRESENTATION('',(#4864),#4868);
#4864 = LINE('',#4865,#4866);
#4865 = CARTESIAN_POINT('',(0.,43.));
#4866 = VECTOR('',#4867,1.);
#4867 = DIRECTION('',(0.,1.));
#4868 = ( GEOMETRIC_REPRESENTATION_CONTEXT(2) 
PARAMETRIC_REPRESENTATION_CONTEXT() REPRESENTATION_CONTEXT('2D SPACE',''
  ) );
#4869 = ORIENTED_EDGE('',*,*,#4870,.F.);
#4870 = EDGE_CURVE('',#4762,#4843,#4871,.T.);
#4871 = SURFACE_CURVE('',#4872,(#4876,#4883),.PCURVE_S1.);
#4872 = LINE('',#4873,#4874);
#4873 = CARTESIAN_POINT('',(790.4,1.4078E+03,1.481E+03));
#4874 = VECTOR('',#4875,1.);
#4875 = DIRECTION('',(-1.,1.110223024625E-16,0.));
#4876 = PCURVE('',#4777,#4877);
#4877 = DEFINITIONAL_REPRESENTATION('',(#4878),#4882);
#4878 = LINE('',#4879,#4880);
#4879 = CARTESIAN_POINT('',(9.,86.));
#4880 = VECTOR('',#4881,1.);
#4881 = DIRECTION('',(1.,0.));
#4882 = ( GEOMETRIC_REPRESENTATION_CONTEXT(2) 
PARAMETRIC_REPRESENTATION_CONTEXT() REPRESENTATION_CONTEXT('2D SPACE',''
  ) );
#4883 = PCURVE('',#4803,#4884);
#4884 = DEFINITIONAL_REPRESENTATION('',(#4885),#4889);
#4885 = LINE('',#4886,#4887);
#4886 = CARTESIAN_POINT('',(148.,9.));
#4887 = VECTOR('',#4888,1.);
#4888 = DIRECTION('',(0.,1.));
#4889 = ( GEOMETRIC_REPRESENTATION_CONTEXT(2) 
PARAMETRIC_REPRESENTATION_CONTEXT() REPRESENTATION_CONTEXT('2D SPACE',''
  ) );
#4890 = ADVANCED_FACE('',(#4891),#4858,.T.);
#4891 = FACE_BOUND('',#4892,.T.);
#4892 = EDGE_LOOP('',(#4893,#4894,#4917,#4940));
#4893 = ORIENTED_EDGE('',*,*,#4842,.F.);
#4894 = ORIENTED_EDGE('',*,*,#4895,.T.);
#4895 = EDGE_CURVE('',#4820,#4896,#4898,.T.);
#4896 = VERTEX_POINT('',#4897);
#4897 = CARTESIAN_POINT('',(781.4,1.2598E+03,1.395E+03));
#4898 = SURFACE_CURVE('',#4899,(#4903,#4910),.PCURVE_S1.);
#4899 = LINE('',#4900,#4901);
#4900 = CARTESIAN_POINT('',(781.4,1.3338E+03,1.395E+03));
#4901 = VECTOR('',#4902,1.);
#4902 = DIRECTION('',(-1.110223024625E-16,-1.,0.));
#4903 = PCURVE('',#4858,#4904);
#4904 = DEFINITIONAL_REPRESENTATION('',(#4905),#4909);
#4905 = LINE('',#4906,#4907);
#4906 = CARTESIAN_POINT('',(74.,0.));
#4907 = VECTOR('',#4908,1.);
#4908 = DIRECTION('',(1.,0.));
#4909 = ( GEOMETRIC_REPRESENTATION_CONTEXT(2) 
PARAMETRIC_REPRESENTATION_CONTEXT() REPRESENTATION_CONTEXT('2D SPACE',''
  ) );
#4910 = PCURVE('',#4749,#4911);
#4911 = DEFINITIONAL_REPRESENTATION('',(#4912),#4916);
#4912 = LINE('',#4913,#4914);
#4913 = CARTESIAN_POINT('',(74.,18.));
#4914 = VECTOR('',#4915,1.);
#4915 = DIRECTION('',(-1.,0.));
#4916 = ( GEOMETRIC_REPRESENTATION_CONTEXT(2) 
PARAMETRIC_REPRESENTATION_CONTEXT() REPRESENTATION_CONTEXT('2D SPACE',''
  ) );
#4917 = ORIENTED_EDGE('',*,*,#4918,.T.);
#4918 = EDGE_CURVE('',#4896,#4919,#4921,.T.);
#4919 = VERTEX_POINT('',#4920);
#4920 = CARTESIAN_POINT('',(781.4,1.2598E+03,1.481E+03));
#4921 = SURFACE_CURVE('',#4922,(#4926,#4933),.PCURVE_S1.);
#4922 = LINE('',#4923,#4924);
#4923 = CARTESIAN_POINT('',(781.4,1.2598E+03,1.438E+03));
#4924 = VECTOR('',#4925,1.);
#4925 = DIRECTION('',(0.,0.,1.));
#4926 = PCURVE('',#4858,#4927);
#4927 = DEFINITIONAL_REPRESENTATION('',(#4928),#4932);
#4928 = LINE('',#4929,#4930);
#4929 = CARTESIAN_POINT('',(148.,43.));
#4930 = VECTOR('',#4931,1.);
#4931 = DIRECTION('',(0.,1.));
#4932 = ( GEOMETRIC_REPRESENTATION_CONTEXT(2) 
PARAMETRIC_REPRESENTATION_CONTEXT() REPRESENTATION_CONTEXT('2D SPACE',''
  ) );
#4933 = PCURVE('',#4721,#4934);
#4934 = DEFINITIONAL_REPRESENTATION('',(#4935),#4939);
#4935 = LINE('',#4936,#4937);
#4936 = CARTESIAN_POINT('',(0.,43.));
#4937 = VECTOR('',#4938,1.);
#4938 = DIRECTION('',(0.,1.));
#4939 = ( GEOMETRIC_REPRESENTATION_CONTEXT(2) 
PARAMETRIC_REPRESENTATION_CONTEXT() REPRESENTATION_CONTEXT('2D SPACE',''
  ) );
#4940 = ORIENTED_EDGE('',*,*,#4941,.F.);
#4941 = EDGE_CURVE('',#4843,#4919,#4942,.T.);
#4942 = SURFACE_CURVE('',#4943,(#4947,#4954),.PCURVE_S1.);
#4943 = LINE('',#4944,#4945);
#4944 = CARTESIAN_POINT('',(781.4,1.3338E+03,1.481E+03));
#4945 = VECTOR('',#4946,1.);
#4946 = DIRECTION('',(-1.110223024625E-16,-1.,0.));
#4947 = PCURVE('',#4858,#4948);
#4948 = DEFINITIONAL_REPRESENTATION('',(#4949),#4953);
#4949 = LINE('',#4950,#4951);
#4950 = CARTESIAN_POINT('',(74.,86.));
#4951 = VECTOR('',#4952,1.);
#4952 = DIRECTION('',(1.,0.));
#4953 = ( GEOMETRIC_REPRESENTATION_CONTEXT(2) 
PARAMETRIC_REPRESENTATION_CONTEXT() REPRESENTATION_CONTEXT('2D SPACE',''
  ) );
#4954 = PCURVE('',#4803,#4955);
#4955 = DEFINITIONAL_REPRESENTATION('',(#4956),#4960);
#4956 = LINE('',#4957,#4958);
#4957 = CARTESIAN_POINT('',(74.,18.));
#4958 = VECTOR('',#4959,1.);
#4959 = DIRECTION('',(-1.,0.));
#4960 = ( GEOMETRIC_REPRESENTATION_CONTEXT(2) 
PARAMETRIC_REPRESENTATION_CONTEXT() REPRESENTATION_CONTEXT('2D SPACE',''
  ) );
#4961 = ADVANCED_FACE('',(#4962),#4721,.T.);
#4962 = FACE_BOUND('',#4963,.T.);
#4963 = EDGE_LOOP('',(#4964,#4965,#4986,#4987));
#4964 = ORIENTED_EDGE('',*,*,#4918,.F.);
#4965 = ORIENTED_EDGE('',*,*,#4966,.T.);
#4966 = EDGE_CURVE('',#4896,#4699,#4967,.T.);
#4967 = SURFACE_CURVE('',#4968,(#4972,#4979),.PCURVE_S1.);
#4968 = LINE('',#4969,#4970);
#4969 = CARTESIAN_POINT('',(790.4,1.2598E+03,1.395E+03));
#4970 = VECTOR('',#4971,1.);
#4971 = DIRECTION('',(1.,-1.110223024625E-16,0.));
#4972 = PCURVE('',#4721,#4973);
#4973 = DEFINITIONAL_REPRESENTATION('',(#4974),#4978);
#4974 = LINE('',#4975,#4976);
#4975 = CARTESIAN_POINT('',(9.,0.));
#4976 = VECTOR('',#4977,1.);
#4977 = DIRECTION('',(1.,0.));
#4978 = ( GEOMETRIC_REPRESENTATION_CONTEXT(2) 
PARAMETRIC_REPRESENTATION_CONTEXT() REPRESENTATION_CONTEXT('2D SPACE',''
  ) );
#4979 = PCURVE('',#4749,#4980);
#4980 = DEFINITIONAL_REPRESENTATION('',(#4981),#4985);
#4981 = LINE('',#4982,#4983);
#4982 = CARTESIAN_POINT('',(-9.992007221626E-16,9.));
#4983 = VECTOR('',#4984,1.);
#4984 = DIRECTION('',(0.,-1.));
#4985 = ( GEOMETRIC_REPRESENTATION_CONTEXT(2) 
PARAMETRIC_REPRESENTATION_CONTEXT() REPRESENTATION_CONTEXT('2D SPACE',''
  ) );
#4986 = ORIENTED_EDGE('',*,*,#4698,.T.);
#4987 = ORIENTED_EDGE('',*,*,#4988,.F.);
#4988 = EDGE_CURVE('',#4919,#4701,#4989,.T.);
#4989 = SURFACE_CURVE('',#4990,(#4994,#5001),.PCURVE_S1.);
#4990 = LINE('',#4991,#4992);
#4991 = CARTESIAN_POINT('',(790.4,1.2598E+03,1.481E+03));
#4992 = VECTOR('',#4993,1.);
#4993 = DIRECTION('',(1.,-1.110223024625E-16,0.));
#4994 = PCURVE('',#4721,#4995);
#4995 = DEFINITIONAL_REPRESENTATION('',(#4996),#5000);
#4996 = LINE('',#4997,#4998);
#4997 = CARTESIAN_POINT('',(9.,86.));
#4998 = VECTOR('',#4999,1.);
#4999 = DIRECTION('',(1.,0.));
#5000 = ( GEOMETRIC_REPRESENTATION_CONTEXT(2) 
PARAMETRIC_REPRESENTATION_CONTEXT() REPRESENTATION_CONTEXT('2D SPACE',''
  ) );
#5001 = PCURVE('',#4803,#5002);
#5002 = DEFINITIONAL_REPRESENTATION('',(#5003),#5007);
#5003 = LINE('',#5004,#5005);
#5004 = CARTESIAN_POINT('',(-9.992007221626E-16,9.));
#5005 = VECTOR('',#5006,1.);
#5006 = DIRECTION('',(0.,-1.));
#5007 = ( GEOMETRIC_REPRESENTATION_CONTEXT(2) 
PARAMETRIC_REPRESENTATION_CONTEXT() REPRESENTATION_CONTEXT('2D SPACE',''
  ) );
#5008 = ADVANCED_FACE('',(#5009),#4749,.F.);
#5009 = FACE_BOUND('',#5010,.T.);
#5010 = EDGE_LOOP('',(#5011,#5012,#5013,#5014));
#5011 = ORIENTED_EDGE('',*,*,#4966,.F.);
#5012 = ORIENTED_EDGE('',*,*,#4895,.F.);
#5013 = ORIENTED_EDGE('',*,*,#4819,.F.);
#5014 = ORIENTED_EDGE('',*,*,#4733,.F.);
#5015 = ADVANCED_FACE('',(#5016),#4803,.T.);
#5016 = FACE_BOUND('',#5017,.T.);
#5017 = EDGE_LOOP('',(#5018,#5019,#5020,#5021));
#5018 = ORIENTED_EDGE('',*,*,#4789,.T.);
#5019 = ORIENTED_EDGE('',*,*,#4870,.T.);
#5020 = ORIENTED_EDGE('',*,*,#4941,.T.);
#5021 = ORIENTED_EDGE('',*,*,#4988,.T.);
#5022 = ( GEOMETRIC_REPRESENTATION_CONTEXT(3) 
GLOBAL_UNCERTAINTY_ASSIGNED_CONTEXT((#5026)) 
GLOBAL_UNIT_ASSIGNED_CONTEXT((#5023,#5024,#5025)) REPRESENTATION_CONTEXT
('Context #1','3D Context with UNIT and UNCERTAINTY') );
#5023 = ( LENGTH_UNIT() NAMED_UNIT(*) SI_UNIT(.MILLI.,.METRE.) );
#5024 = ( NAMED_UNIT(*) PLANE_ANGLE_UNIT() SI_UNIT($,.RADIAN.) );
#5025 = ( NAMED_UNIT(*) SI_UNIT($,.STERADIAN.) SOLID_ANGLE_UNIT() );
#5026 = UNCERTAINTY_MEASURE_WITH_UNIT(LENGTH_MEASURE(1.E-07),#5023,
  'distance_accuracy_value','confusion accuracy');
#5027 = CONTEXT_DEPENDENT_SHAPE_REPRESENTATION(#5028,#5030);
#5028 = ( REPRESENTATION_RELATIONSHIP('','',#4691,#10) 
REPRESENTATION_RELATIONSHIP_WITH_TRANSFORMATION(#5029) 
SHAPE_REPRESENTATION_RELATIONSHIP() );
#5029 = ITEM_DEFINED_TRANSFORMATION('','',#11,#59);
#5030 = PRODUCT_DEFINITION_SHAPE('Placement','Placement of an item',
  #5031);
#5031 = NEXT_ASSEMBLY_USAGE_OCCURRENCE('263','','',#5,#4686,$);
#5032 = PRODUCT_RELATED_PRODUCT_CATEGORY('part',$,(#4688));
#5033 = SHAPE_DEFINITION_REPRESENTATION(#5034,#5040);
#5034 = PRODUCT_DEFINITION_SHAPE('','',#5035);
#5035 = PRODUCT_DEFINITION('design','',#5036,#5039);
#5036 = PRODUCT_DEFINITION_FORMATION('','',#5037);
#5037 = PRODUCT('Open CASCADE STEP translator 7.9 4.13',
  'Open CASCADE STEP translator 7.9 4.13','',(#5038));
#5038 = PRODUCT_CONTEXT('',#2,'mechanical');
#5039 = PRODUCT_DEFINITION_CONTEXT('part definition',#2,'design');
#5040 = ADVANCED_BREP_SHAPE_REPRESENTATION('',(#11,#5041),#5371);
#5041 = MANIFOLD_SOLID_BREP('',#5042);
#5042 = CLOSED_SHELL('',(#5043,#5163,#5239,#5310,#5357,#5364));
#5043 = ADVANCED_FACE('',(#5044),#5058,.T.);
#5044 = FACE_BOUND('',#5045,.T.);
#5045 = EDGE_LOOP('',(#5046,#5081,#5109,#5137));
#5046 = ORIENTED_EDGE('',*,*,#5047,.F.);
#5047 = EDGE_CURVE('',#5048,#5050,#5052,.T.);
#5048 = VERTEX_POINT('',#5049);
#5049 = CARTESIAN_POINT('',(567.4,1.0278E+03,1.395E+03));
#5050 = VERTEX_POINT('',#5051);
#5051 = CARTESIAN_POINT('',(567.4,1.0278E+03,1.481E+03));
#5052 = SURFACE_CURVE('',#5053,(#5057,#5069),.PCURVE_S1.);
#5053 = LINE('',#5054,#5055);
#5054 = CARTESIAN_POINT('',(567.4,1.0278E+03,1.438E+03));
#5055 = VECTOR('',#5056,1.);
#5056 = DIRECTION('',(0.,0.,1.));
#5057 = PCURVE('',#5058,#5063);
#5058 = PLANE('',#5059);
#5059 = AXIS2_PLACEMENT_3D('',#5060,#5061,#5062);
#5060 = CARTESIAN_POINT('',(567.4,1.0278E+03,1.395E+03));
#5061 = DIRECTION('',(1.,-1.110223024625E-16,0.));
#5062 = DIRECTION('',(1.110223024625E-16,1.,0.));
#5063 = DEFINITIONAL_REPRESENTATION('',(#5064),#5068);
#5064 = LINE('',#5065,#5066);
#5065 = CARTESIAN_POINT('',(0.,43.));
#5066 = VECTOR('',#5067,1.);
#5067 = DIRECTION('',(0.,1.));
#5068 = ( GEOMETRIC_REPRESENTATION_CONTEXT(2) 
PARAMETRIC_REPRESENTATION_CONTEXT() REPRESENTATION_CONTEXT('2D SPACE',''
  ) );
#5069 = PCURVE('',#5070,#5075);
#5070 = PLANE('',#5071);
#5071 = AXIS2_PLACEMENT_3D('',#5072,#5073,#5074);
#5072 = CARTESIAN_POINT('',(549.4,1.0278E+03,1.395E+03));
#5073 = DIRECTION('',(-1.110223024625E-16,-1.,0.));
#5074 = DIRECTION('',(1.,-1.110223024625E-16,0.));
#5075 = DEFINITIONAL_REPRESENTATION('',(#5076),#5080);
#5076 = LINE('',#5077,#5078);
#5077 = CARTESIAN_POINT('',(18.,43.));
#5078 = VECTOR('',#5079,1.);
#5079 = DIRECTION('',(0.,1.));
#5080 = ( GEOMETRIC_REPRESENTATION_CONTEXT(2) 
PARAMETRIC_REPRESENTATION_CONTEXT() REPRESENTATION_CONTEXT('2D SPACE',''
  ) );
#5081 = ORIENTED_EDGE('',*,*,#5082,.T.);
#5082 = EDGE_CURVE('',#5048,#5083,#5085,.T.);
#5083 = VERTEX_POINT('',#5084);
#5084 = CARTESIAN_POINT('',(567.4,1.1758E+03,1.395E+03));
#5085 = SURFACE_CURVE('',#5086,(#5090,#5097),.PCURVE_S1.);
#5086 = LINE('',#5087,#5088);
#5087 = CARTESIAN_POINT('',(567.4,1.1018E+03,1.395E+03));
#5088 = VECTOR('',#5089,1.);
#5089 = DIRECTION('',(1.110223024625E-16,1.,0.));
#5090 = PCURVE('',#5058,#5091);
#5091 = DEFINITIONAL_REPRESENTATION('',(#5092),#5096);
#5092 = LINE('',#5093,#5094);
#5093 = CARTESIAN_POINT('',(74.,0.));
#5094 = VECTOR('',#5095,1.);
#5095 = DIRECTION('',(1.,0.));
#5096 = ( GEOMETRIC_REPRESENTATION_CONTEXT(2) 
PARAMETRIC_REPRESENTATION_CONTEXT() REPRESENTATION_CONTEXT('2D SPACE',''
  ) );
#5097 = PCURVE('',#5098,#5103);
#5098 = PLANE('',#5099);
#5099 = AXIS2_PLACEMENT_3D('',#5100,#5101,#5102);
#5100 = CARTESIAN_POINT('',(567.4,1.0278E+03,1.395E+03));
#5101 = DIRECTION('',(0.,0.,1.));
#5102 = DIRECTION('',(1.110223024625E-16,1.,0.));
#5103 = DEFINITIONAL_REPRESENTATION('',(#5104),#5108);
#5104 = LINE('',#5105,#5106);
#5105 = CARTESIAN_POINT('',(74.,8.215650382226E-15));
#5106 = VECTOR('',#5107,1.);
#5107 = DIRECTION('',(1.,0.));
#5108 = ( GEOMETRIC_REPRESENTATION_CONTEXT(2) 
PARAMETRIC_REPRESENTATION_CONTEXT() REPRESENTATION_CONTEXT('2D SPACE',''
  ) );
#5109 = ORIENTED_EDGE('',*,*,#5110,.T.);
#5110 = EDGE_CURVE('',#5083,#5111,#5113,.T.);
#5111 = VERTEX_POINT('',#5112);
#5112 = CARTESIAN_POINT('',(567.4,1.1758E+03,1.481E+03));
#5113 = SURFACE_CURVE('',#5114,(#5118,#5125),.PCURVE_S1.);
#5114 = LINE('',#5115,#5116);
#5115 = CARTESIAN_POINT('',(567.4,1.1758E+03,1.438E+03));
#5116 = VECTOR('',#5117,1.);
#5117 = DIRECTION('',(0.,0.,1.));
#5118 = PCURVE('',#5058,#5119);
#5119 = DEFINITIONAL_REPRESENTATION('',(#5120),#5124);
#5120 = LINE('',#5121,#5122);
#5121 = CARTESIAN_POINT('',(148.,43.));
#5122 = VECTOR('',#5123,1.);
#5123 = DIRECTION('',(0.,1.));
#5124 = ( GEOMETRIC_REPRESENTATION_CONTEXT(2) 
PARAMETRIC_REPRESENTATION_CONTEXT() REPRESENTATION_CONTEXT('2D SPACE',''
  ) );
#5125 = PCURVE('',#5126,#5131);
#5126 = PLANE('',#5127);
#5127 = AXIS2_PLACEMENT_3D('',#5128,#5129,#5130);
#5128 = CARTESIAN_POINT('',(567.4,1.1758E+03,1.395E+03));
#5129 = DIRECTION('',(1.110223024625E-16,1.,0.));
#5130 = DIRECTION('',(-1.,1.110223024625E-16,0.));
#5131 = DEFINITIONAL_REPRESENTATION('',(#5132),#5136);
#5132 = LINE('',#5133,#5134);
#5133 = CARTESIAN_POINT('',(0.,43.));
#5134 = VECTOR('',#5135,1.);
#5135 = DIRECTION('',(0.,1.));
#5136 = ( GEOMETRIC_REPRESENTATION_CONTEXT(2) 
PARAMETRIC_REPRESENTATION_CONTEXT() REPRESENTATION_CONTEXT('2D SPACE',''
  ) );
#5137 = ORIENTED_EDGE('',*,*,#5138,.F.);
#5138 = EDGE_CURVE('',#5050,#5111,#5139,.T.);
#5139 = SURFACE_CURVE('',#5140,(#5144,#5151),.PCURVE_S1.);
#5140 = LINE('',#5141,#5142);
#5141 = CARTESIAN_POINT('',(567.4,1.1018E+03,1.481E+03));
#5142 = VECTOR('',#5143,1.);
#5143 = DIRECTION('',(1.110223024625E-16,1.,0.));
#5144 = PCURVE('',#5058,#5145);
#5145 = DEFINITIONAL_REPRESENTATION('',(#5146),#5150);
#5146 = LINE('',#5147,#5148);
#5147 = CARTESIAN_POINT('',(74.,86.));
#5148 = VECTOR('',#5149,1.);
#5149 = DIRECTION('',(1.,0.));
#5150 = ( GEOMETRIC_REPRESENTATION_CONTEXT(2) 
PARAMETRIC_REPRESENTATION_CONTEXT() REPRESENTATION_CONTEXT('2D SPACE',''
  ) );
#5151 = PCURVE('',#5152,#5157);
#5152 = PLANE('',#5153);
#5153 = AXIS2_PLACEMENT_3D('',#5154,#5155,#5156);
#5154 = CARTESIAN_POINT('',(567.4,1.0278E+03,1.481E+03));
#5155 = DIRECTION('',(0.,0.,1.));
#5156 = DIRECTION('',(1.110223024625E-16,1.,0.));
#5157 = DEFINITIONAL_REPRESENTATION('',(#5158),#5162);
#5158 = LINE('',#5159,#5160);
#5159 = CARTESIAN_POINT('',(74.,8.215650382226E-15));
#5160 = VECTOR('',#5161,1.);
#5161 = DIRECTION('',(1.,0.));
#5162 = ( GEOMETRIC_REPRESENTATION_CONTEXT(2) 
PARAMETRIC_REPRESENTATION_CONTEXT() REPRESENTATION_CONTEXT('2D SPACE',''
  ) );
#5163 = ADVANCED_FACE('',(#5164),#5126,.T.);
#5164 = FACE_BOUND('',#5165,.T.);
#5165 = EDGE_LOOP('',(#5166,#5167,#5190,#5218));
#5166 = ORIENTED_EDGE('',*,*,#5110,.F.);
#5167 = ORIENTED_EDGE('',*,*,#5168,.T.);
#5168 = EDGE_CURVE('',#5083,#5169,#5171,.T.);
#5169 = VERTEX_POINT('',#5170);
#5170 = CARTESIAN_POINT('',(549.4,1.1758E+03,1.395E+03));
#5171 = SURFACE_CURVE('',#5172,(#5176,#5183),.PCURVE_S1.);
#5172 = LINE('',#5173,#5174);
#5173 = CARTESIAN_POINT('',(558.4,1.1758E+03,1.395E+03));
#5174 = VECTOR('',#5175,1.);
#5175 = DIRECTION('',(-1.,1.110223024625E-16,0.));
#5176 = PCURVE('',#5126,#5177);
#5177 = DEFINITIONAL_REPRESENTATION('',(#5178),#5182);
#5178 = LINE('',#5179,#5180);
#5179 = CARTESIAN_POINT('',(9.,0.));
#5180 = VECTOR('',#5181,1.);
#5181 = DIRECTION('',(1.,0.));
#5182 = ( GEOMETRIC_REPRESENTATION_CONTEXT(2) 
PARAMETRIC_REPRESENTATION_CONTEXT() REPRESENTATION_CONTEXT('2D SPACE',''
  ) );
#5183 = PCURVE('',#5098,#5184);
#5184 = DEFINITIONAL_REPRESENTATION('',(#5185),#5189);
#5185 = LINE('',#5186,#5187);
#5186 = CARTESIAN_POINT('',(148.,9.));
#5187 = VECTOR('',#5188,1.);
#5188 = DIRECTION('',(0.,1.));
#5189 = ( GEOMETRIC_REPRESENTATION_CONTEXT(2) 
PARAMETRIC_REPRESENTATION_CONTEXT() REPRESENTATION_CONTEXT('2D SPACE',''
  ) );
#5190 = ORIENTED_EDGE('',*,*,#5191,.T.);
#5191 = EDGE_CURVE('',#5169,#5192,#5194,.T.);
#5192 = VERTEX_POINT('',#5193);
#5193 = CARTESIAN_POINT('',(549.4,1.1758E+03,1.481E+03));
#5194 = SURFACE_CURVE('',#5195,(#5199,#5206),.PCURVE_S1.);
#5195 = LINE('',#5196,#5197);
#5196 = CARTESIAN_POINT('',(549.4,1.1758E+03,1.438E+03));
#5197 = VECTOR('',#5198,1.);
#5198 = DIRECTION('',(0.,0.,1.));
#5199 = PCURVE('',#5126,#5200);
#5200 = DEFINITIONAL_REPRESENTATION('',(#5201),#5205);
#5201 = LINE('',#5202,#5203);
#5202 = CARTESIAN_POINT('',(18.,43.));
#5203 = VECTOR('',#5204,1.);
#5204 = DIRECTION('',(0.,1.));
#5205 = ( GEOMETRIC_REPRESENTATION_CONTEXT(2) 
PARAMETRIC_REPRESENTATION_CONTEXT() REPRESENTATION_CONTEXT('2D SPACE',''
  ) );
#5206 = PCURVE('',#5207,#5212);
#5207 = PLANE('',#5208);
#5208 = AXIS2_PLACEMENT_3D('',#5209,#5210,#5211);
#5209 = CARTESIAN_POINT('',(549.4,1.1758E+03,1.395E+03));
#5210 = DIRECTION('',(-1.,1.110223024625E-16,0.));
#5211 = DIRECTION('',(-1.110223024625E-16,-1.,0.));
#5212 = DEFINITIONAL_REPRESENTATION('',(#5213),#5217);
#5213 = LINE('',#5214,#5215);
#5214 = CARTESIAN_POINT('',(0.,43.));
#5215 = VECTOR('',#5216,1.);
#5216 = DIRECTION('',(0.,1.));
#5217 = ( GEOMETRIC_REPRESENTATION_CONTEXT(2) 
PARAMETRIC_REPRESENTATION_CONTEXT() REPRESENTATION_CONTEXT('2D SPACE',''
  ) );
#5218 = ORIENTED_EDGE('',*,*,#5219,.F.);
#5219 = EDGE_CURVE('',#5111,#5192,#5220,.T.);
#5220 = SURFACE_CURVE('',#5221,(#5225,#5232),.PCURVE_S1.);
#5221 = LINE('',#5222,#5223);
#5222 = CARTESIAN_POINT('',(558.4,1.1758E+03,1.481E+03));
#5223 = VECTOR('',#5224,1.);
#5224 = DIRECTION('',(-1.,1.110223024625E-16,0.));
#5225 = PCURVE('',#5126,#5226);
#5226 = DEFINITIONAL_REPRESENTATION('',(#5227),#5231);
#5227 = LINE('',#5228,#5229);
#5228 = CARTESIAN_POINT('',(9.,86.));
#5229 = VECTOR('',#5230,1.);
#5230 = DIRECTION('',(1.,0.));
#5231 = ( GEOMETRIC_REPRESENTATION_CONTEXT(2) 
PARAMETRIC_REPRESENTATION_CONTEXT() REPRESENTATION_CONTEXT('2D SPACE',''
  ) );
#5232 = PCURVE('',#5152,#5233);
#5233 = DEFINITIONAL_REPRESENTATION('',(#5234),#5238);
#5234 = LINE('',#5235,#5236);
#5235 = CARTESIAN_POINT('',(148.,9.));
#5236 = VECTOR('',#5237,1.);
#5237 = DIRECTION('',(0.,1.));
#5238 = ( GEOMETRIC_REPRESENTATION_CONTEXT(2) 
PARAMETRIC_REPRESENTATION_CONTEXT() REPRESENTATION_CONTEXT('2D SPACE',''
  ) );
#5239 = ADVANCED_FACE('',(#5240),#5207,.T.);
#5240 = FACE_BOUND('',#5241,.T.);
#5241 = EDGE_LOOP('',(#5242,#5243,#5266,#5289));
#5242 = ORIENTED_EDGE('',*,*,#5191,.F.);
#5243 = ORIENTED_EDGE('',*,*,#5244,.T.);
#5244 = EDGE_CURVE('',#5169,#5245,#5247,.T.);
#5245 = VERTEX_POINT('',#5246);
#5246 = CARTESIAN_POINT('',(549.4,1.0278E+03,1.395E+03));
#5247 = SURFACE_CURVE('',#5248,(#5252,#5259),.PCURVE_S1.);
#5248 = LINE('',#5249,#5250);
#5249 = CARTESIAN_POINT('',(549.4,1.1018E+03,1.395E+03));
#5250 = VECTOR('',#5251,1.);
#5251 = DIRECTION('',(-1.110223024625E-16,-1.,0.));
#5252 = PCURVE('',#5207,#5253);
#5253 = DEFINITIONAL_REPRESENTATION('',(#5254),#5258);
#5254 = LINE('',#5255,#5256);
#5255 = CARTESIAN_POINT('',(74.,0.));
#5256 = VECTOR('',#5257,1.);
#5257 = DIRECTION('',(1.,0.));
#5258 = ( GEOMETRIC_REPRESENTATION_CONTEXT(2) 
PARAMETRIC_REPRESENTATION_CONTEXT() REPRESENTATION_CONTEXT('2D SPACE',''
  ) );
#5259 = PCURVE('',#5098,#5260);
#5260 = DEFINITIONAL_REPRESENTATION('',(#5261),#5265);
#5261 = LINE('',#5262,#5263);
#5262 = CARTESIAN_POINT('',(74.,18.));
#5263 = VECTOR('',#5264,1.);
#5264 = DIRECTION('',(-1.,0.));
#5265 = ( GEOMETRIC_REPRESENTATION_CONTEXT(2) 
PARAMETRIC_REPRESENTATION_CONTEXT() REPRESENTATION_CONTEXT('2D SPACE',''
  ) );
#5266 = ORIENTED_EDGE('',*,*,#5267,.T.);
#5267 = EDGE_CURVE('',#5245,#5268,#5270,.T.);
#5268 = VERTEX_POINT('',#5269);
#5269 = CARTESIAN_POINT('',(549.4,1.0278E+03,1.481E+03));
#5270 = SURFACE_CURVE('',#5271,(#5275,#5282),.PCURVE_S1.);
#5271 = LINE('',#5272,#5273);
#5272 = CARTESIAN_POINT('',(549.4,1.0278E+03,1.438E+03));
#5273 = VECTOR('',#5274,1.);
#5274 = DIRECTION('',(0.,0.,1.));
#5275 = PCURVE('',#5207,#5276);
#5276 = DEFINITIONAL_REPRESENTATION('',(#5277),#5281);
#5277 = LINE('',#5278,#5279);
#5278 = CARTESIAN_POINT('',(148.,43.));
#5279 = VECTOR('',#5280,1.);
#5280 = DIRECTION('',(0.,1.));
#5281 = ( GEOMETRIC_REPRESENTATION_CONTEXT(2) 
PARAMETRIC_REPRESENTATION_CONTEXT() REPRESENTATION_CONTEXT('2D SPACE',''
  ) );
#5282 = PCURVE('',#5070,#5283);
#5283 = DEFINITIONAL_REPRESENTATION('',(#5284),#5288);
#5284 = LINE('',#5285,#5286);
#5285 = CARTESIAN_POINT('',(0.,43.));
#5286 = VECTOR('',#5287,1.);
#5287 = DIRECTION('',(0.,1.));
#5288 = ( GEOMETRIC_REPRESENTATION_CONTEXT(2) 
PARAMETRIC_REPRESENTATION_CONTEXT() REPRESENTATION_CONTEXT('2D SPACE',''
  ) );
#5289 = ORIENTED_EDGE('',*,*,#5290,.F.);
#5290 = EDGE_CURVE('',#5192,#5268,#5291,.T.);
#5291 = SURFACE_CURVE('',#5292,(#5296,#5303),.PCURVE_S1.);
#5292 = LINE('',#5293,#5294);
#5293 = CARTESIAN_POINT('',(549.4,1.1018E+03,1.481E+03));
#5294 = VECTOR('',#5295,1.);
#5295 = DIRECTION('',(-1.110223024625E-16,-1.,0.));
#5296 = PCURVE('',#5207,#5297);
#5297 = DEFINITIONAL_REPRESENTATION('',(#5298),#5302);
#5298 = LINE('',#5299,#5300);
#5299 = CARTESIAN_POINT('',(74.,86.));
#5300 = VECTOR('',#5301,1.);
#5301 = DIRECTION('',(1.,0.));
#5302 = ( GEOMETRIC_REPRESENTATION_CONTEXT(2) 
PARAMETRIC_REPRESENTATION_CONTEXT() REPRESENTATION_CONTEXT('2D SPACE',''
  ) );
#5303 = PCURVE('',#5152,#5304);
#5304 = DEFINITIONAL_REPRESENTATION('',(#5305),#5309);
#5305 = LINE('',#5306,#5307);
#5306 = CARTESIAN_POINT('',(74.,18.));
#5307 = VECTOR('',#5308,1.);
#5308 = DIRECTION('',(-1.,0.));
#5309 = ( GEOMETRIC_REPRESENTATION_CONTEXT(2) 
PARAMETRIC_REPRESENTATION_CONTEXT() REPRESENTATION_CONTEXT('2D SPACE',''
  ) );
#5310 = ADVANCED_FACE('',(#5311),#5070,.T.);
#5311 = FACE_BOUND('',#5312,.T.);
#5312 = EDGE_LOOP('',(#5313,#5314,#5335,#5336));
#5313 = ORIENTED_EDGE('',*,*,#5267,.F.);
#5314 = ORIENTED_EDGE('',*,*,#5315,.T.);
#5315 = EDGE_CURVE('',#5245,#5048,#5316,.T.);
#5316 = SURFACE_CURVE('',#5317,(#5321,#5328),.PCURVE_S1.);
#5317 = LINE('',#5318,#5319);
#5318 = CARTESIAN_POINT('',(558.4,1.0278E+03,1.395E+03));
#5319 = VECTOR('',#5320,1.);
#5320 = DIRECTION('',(1.,-1.110223024625E-16,0.));
#5321 = PCURVE('',#5070,#5322);
#5322 = DEFINITIONAL_REPRESENTATION('',(#5323),#5327);
#5323 = LINE('',#5324,#5325);
#5324 = CARTESIAN_POINT('',(9.,0.));
#5325 = VECTOR('',#5326,1.);
#5326 = DIRECTION('',(1.,0.));
#5327 = ( GEOMETRIC_REPRESENTATION_CONTEXT(2) 
PARAMETRIC_REPRESENTATION_CONTEXT() REPRESENTATION_CONTEXT('2D SPACE',''
  ) );
#5328 = PCURVE('',#5098,#5329);
#5329 = DEFINITIONAL_REPRESENTATION('',(#5330),#5334);
#5330 = LINE('',#5331,#5332);
#5331 = CARTESIAN_POINT('',(-9.992007221626E-16,9.));
#5332 = VECTOR('',#5333,1.);
#5333 = DIRECTION('',(0.,-1.));
#5334 = ( GEOMETRIC_REPRESENTATION_CONTEXT(2) 
PARAMETRIC_REPRESENTATION_CONTEXT() REPRESENTATION_CONTEXT('2D SPACE',''
  ) );
#5335 = ORIENTED_EDGE('',*,*,#5047,.T.);
#5336 = ORIENTED_EDGE('',*,*,#5337,.F.);
#5337 = EDGE_CURVE('',#5268,#5050,#5338,.T.);
#5338 = SURFACE_CURVE('',#5339,(#5343,#5350),.PCURVE_S1.);
#5339 = LINE('',#5340,#5341);
#5340 = CARTESIAN_POINT('',(558.4,1.0278E+03,1.481E+03));
#5341 = VECTOR('',#5342,1.);
#5342 = DIRECTION('',(1.,-1.110223024625E-16,0.));
#5343 = PCURVE('',#5070,#5344);
#5344 = DEFINITIONAL_REPRESENTATION('',(#5345),#5349);
#5345 = LINE('',#5346,#5347);
#5346 = CARTESIAN_POINT('',(9.,86.));
#5347 = VECTOR('',#5348,1.);
#5348 = DIRECTION('',(1.,0.));
#5349 = ( GEOMETRIC_REPRESENTATION_CONTEXT(2) 
PARAMETRIC_REPRESENTATION_CONTEXT() REPRESENTATION_CONTEXT('2D SPACE',''
  ) );
#5350 = PCURVE('',#5152,#5351);
#5351 = DEFINITIONAL_REPRESENTATION('',(#5352),#5356);
#5352 = LINE('',#5353,#5354);
#5353 = CARTESIAN_POINT('',(-9.992007221626E-16,9.));
#5354 = VECTOR('',#5355,1.);
#5355 = DIRECTION('',(0.,-1.));
#5356 = ( GEOMETRIC_REPRESENTATION_CONTEXT(2) 
PARAMETRIC_REPRESENTATION_CONTEXT() REPRESENTATION_CONTEXT('2D SPACE',''
  ) );
#5357 = ADVANCED_FACE('',(#5358),#5098,.F.);
#5358 = FACE_BOUND('',#5359,.T.);
#5359 = EDGE_LOOP('',(#5360,#5361,#5362,#5363));
#5360 = ORIENTED_EDGE('',*,*,#5315,.F.);
#5361 = ORIENTED_EDGE('',*,*,#5244,.F.);
#5362 = ORIENTED_EDGE('',*,*,#5168,.F.);
#5363 = ORIENTED_EDGE('',*,*,#5082,.F.);
#5364 = ADVANCED_FACE('',(#5365),#5152,.T.);
#5365 = FACE_BOUND('',#5366,.T.);
#5366 = EDGE_LOOP('',(#5367,#5368,#5369,#5370));
#5367 = ORIENTED_EDGE('',*,*,#5138,.T.);
#5368 = ORIENTED_EDGE('',*,*,#5219,.T.);
#5369 = ORIENTED_EDGE('',*,*,#5290,.T.);
#5370 = ORIENTED_EDGE('',*,*,#5337,.T.);
#5371 = ( GEOMETRIC_REPRESENTATION_CONTEXT(3) 
GLOBAL_UNCERTAINTY_ASSIGNED_CONTEXT((#5375)) 
GLOBAL_UNIT_ASSIGNED_CONTEXT((#5372,#5373,#5374)) REPRESENTATION_CONTEXT
('Context #1','3D Context with UNIT and UNCERTAINTY') );
#5372 = ( LENGTH_UNIT() NAMED_UNIT(*) SI_UNIT(.MILLI.,.METRE.) );
#5373 = ( NAMED_UNIT(*) PLANE_ANGLE_UNIT() SI_UNIT($,.RADIAN.) );
#5374 = ( NAMED_UNIT(*) SI_UNIT($,.STERADIAN.) SOLID_ANGLE_UNIT() );
#5375 = UNCERTAINTY_MEASURE_WITH_UNIT(LENGTH_MEASURE(1.E-07),#5372,
  'distance_accuracy_value','confusion accuracy');
#5376 = CONTEXT_DEPENDENT_SHAPE_REPRESENTATION(#5377,#5379);
#5377 = ( REPRESENTATION_RELATIONSHIP('','',#5040,#10) 
REPRESENTATION_RELATIONSHIP_WITH_TRANSFORMATION(#5378) 
SHAPE_REPRESENTATION_RELATIONSHIP() );
#5378 = ITEM_DEFINED_TRANSFORMATION('','',#11,#63);
#5379 = PRODUCT_DEFINITION_SHAPE('Placement','Placement of an item',
  #5380);
#5380 = NEXT_ASSEMBLY_USAGE_OCCURRENCE('264','','',#5,#5035,$);
#5381 = PRODUCT_RELATED_PRODUCT_CATEGORY('part',$,(#5037));
#5382 = SHAPE_DEFINITION_REPRESENTATION(#5383,#5389);
#5383 = PRODUCT_DEFINITION_SHAPE('','',#5384);
#5384 = PRODUCT_DEFINITION('design','',#5385,#5388);
#5385 = PRODUCT_DEFINITION_FORMATION('','',#5386);
#5386 = PRODUCT('Open CASCADE STEP translator 7.9 4.14',
  'Open CASCADE STEP translator 7.9 4.14','',(#5387));
#5387 = PRODUCT_CONTEXT('',#2,'mechanical');
#5388 = PRODUCT_DEFINITION_CONTEXT('part definition',#2,'design');
#5389 = ADVANCED_BREP_SHAPE_REPRESENTATION('',(#11,#5390),#5720);
#5390 = MANIFOLD_SOLID_BREP('',#5391);
#5391 = CLOSED_SHELL('',(#5392,#5512,#5588,#5659,#5706,#5713));
#5392 = ADVANCED_FACE('',(#5393),#5407,.T.);
#5393 = FACE_BOUND('',#5394,.T.);
#5394 = EDGE_LOOP('',(#5395,#5430,#5458,#5486));
#5395 = ORIENTED_EDGE('',*,*,#5396,.F.);
#5396 = EDGE_CURVE('',#5397,#5399,#5401,.T.);
#5397 = VERTEX_POINT('',#5398);
#5398 = CARTESIAN_POINT('',(787.9,1.2353E+03,1.395E+03));
#5399 = VERTEX_POINT('',#5400);
#5400 = CARTESIAN_POINT('',(787.9,1.2353E+03,1.405E+03));
#5401 = SURFACE_CURVE('',#5402,(#5406,#5418),.PCURVE_S1.);
#5402 = LINE('',#5403,#5404);
#5403 = CARTESIAN_POINT('',(787.9,1.2353E+03,1.4E+03));
#5404 = VECTOR('',#5405,1.);
#5405 = DIRECTION('',(0.,0.,1.));
#5406 = PCURVE('',#5407,#5412);
#5407 = PLANE('',#5408);
#5408 = AXIS2_PLACEMENT_3D('',#5409,#5410,#5411);
#5409 = CARTESIAN_POINT('',(787.9,1.2353E+03,1.395E+03));
#5410 = DIRECTION('',(1.,-1.110223024625E-16,0.));
#5411 = DIRECTION('',(1.110223024625E-16,1.,0.));
#5412 = DEFINITIONAL_REPRESENTATION('',(#5413),#5417);
#5413 = LINE('',#5414,#5415);
#5414 = CARTESIAN_POINT('',(0.,5.));
#5415 = VECTOR('',#5416,1.);
#5416 = DIRECTION('',(0.,1.));
#5417 = ( GEOMETRIC_REPRESENTATION_CONTEXT(2) 
PARAMETRIC_REPRESENTATION_CONTEXT() REPRESENTATION_CONTEXT('2D SPACE',''
  ) );
#5418 = PCURVE('',#5419,#5424);
#5419 = PLANE('',#5420);
#5420 = AXIS2_PLACEMENT_3D('',#5421,#5422,#5423);
#5421 = CARTESIAN_POINT('',(573.9,1.2353E+03,1.395E+03));
#5422 = DIRECTION('',(-1.110223024625E-16,-1.,0.));
#5423 = DIRECTION('',(1.,-1.110223024625E-16,0.));
#5424 = DEFINITIONAL_REPRESENTATION('',(#5425),#5429);
#5425 = LINE('',#5426,#5427);
#5426 = CARTESIAN_POINT('',(214.,5.));
#5427 = VECTOR('',#5428,1.);
#5428 = DIRECTION('',(0.,1.));
#5429 = ( GEOMETRIC_REPRESENTATION_CONTEXT(2) 
PARAMETRIC_REPRESENTATION_CONTEXT() REPRESENTATION_CONTEXT('2D SPACE',''
  ) );
#5430 = ORIENTED_EDGE('',*,*,#5431,.T.);
#5431 = EDGE_CURVE('',#5397,#5432,#5434,.T.);
#5432 = VERTEX_POINT('',#5433);
#5433 = CARTESIAN_POINT('',(787.9,1.3963E+03,1.395E+03));
#5434 = SURFACE_CURVE('',#5435,(#5439,#5446),.PCURVE_S1.);
#5435 = LINE('',#5436,#5437);
#5436 = CARTESIAN_POINT('',(787.9,1.3158E+03,1.395E+03));
#5437 = VECTOR('',#5438,1.);
#5438 = DIRECTION('',(1.110223024625E-16,1.,0.));
#5439 = PCURVE('',#5407,#5440);
#5440 = DEFINITIONAL_REPRESENTATION('',(#5441),#5445);
#5441 = LINE('',#5442,#5443);
#5442 = CARTESIAN_POINT('',(80.5,0.));
#5443 = VECTOR('',#5444,1.);
#5444 = DIRECTION('',(1.,0.));
#5445 = ( GEOMETRIC_REPRESENTATION_CONTEXT(2) 
PARAMETRIC_REPRESENTATION_CONTEXT() REPRESENTATION_CONTEXT('2D SPACE',''
  ) );
#5446 = PCURVE('',#5447,#5452);
#5447 = PLANE('',#5448);
#5448 = AXIS2_PLACEMENT_3D('',#5449,#5450,#5451);
#5449 = CARTESIAN_POINT('',(787.9,1.2353E+03,1.395E+03));
#5450 = DIRECTION('',(0.,0.,1.));
#5451 = DIRECTION('',(1.110223024625E-16,1.,0.));
#5452 = DEFINITIONAL_REPRESENTATION('',(#5453),#5457);
#5453 = LINE('',#5454,#5455);
#5454 = CARTESIAN_POINT('',(80.5,8.937295348233E-15));
#5455 = VECTOR('',#5456,1.);
#5456 = DIRECTION('',(1.,0.));
#5457 = ( GEOMETRIC_REPRESENTATION_CONTEXT(2) 
PARAMETRIC_REPRESENTATION_CONTEXT() REPRESENTATION_CONTEXT('2D SPACE',''
  ) );
#5458 = ORIENTED_EDGE('',*,*,#5459,.T.);
#5459 = EDGE_CURVE('',#5432,#5460,#5462,.T.);
#5460 = VERTEX_POINT('',#5461);
#5461 = CARTESIAN_POINT('',(787.9,1.3963E+03,1.405E+03));
#5462 = SURFACE_CURVE('',#5463,(#5467,#5474),.PCURVE_S1.);
#5463 = LINE('',#5464,#5465);
#5464 = CARTESIAN_POINT('',(787.9,1.3963E+03,1.4E+03));
#5465 = VECTOR('',#5466,1.);
#5466 = DIRECTION('',(0.,0.,1.));
#5467 = PCURVE('',#5407,#5468);
#5468 = DEFINITIONAL_REPRESENTATION('',(#5469),#5473);
#5469 = LINE('',#5470,#5471);
#5470 = CARTESIAN_POINT('',(161.,5.));
#5471 = VECTOR('',#5472,1.);
#5472 = DIRECTION('',(0.,1.));
#5473 = ( GEOMETRIC_REPRESENTATION_CONTEXT(2) 
PARAMETRIC_REPRESENTATION_CONTEXT() REPRESENTATION_CONTEXT('2D SPACE',''
  ) );
#5474 = PCURVE('',#5475,#5480);
#5475 = PLANE('',#5476);
#5476 = AXIS2_PLACEMENT_3D('',#5477,#5478,#5479);
#5477 = CARTESIAN_POINT('',(787.9,1.3963E+03,1.395E+03));
#5478 = DIRECTION('',(1.110223024625E-16,1.,0.));
#5479 = DIRECTION('',(-1.,1.110223024625E-16,0.));
#5480 = DEFINITIONAL_REPRESENTATION('',(#5481),#5485);
#5481 = LINE('',#5482,#5483);
#5482 = CARTESIAN_POINT('',(0.,5.));
#5483 = VECTOR('',#5484,1.);
#5484 = DIRECTION('',(0.,1.));
#5485 = ( GEOMETRIC_REPRESENTATION_CONTEXT(2) 
PARAMETRIC_REPRESENTATION_CONTEXT() REPRESENTATION_CONTEXT('2D SPACE',''
  ) );
#5486 = ORIENTED_EDGE('',*,*,#5487,.F.);
#5487 = EDGE_CURVE('',#5399,#5460,#5488,.T.);
#5488 = SURFACE_CURVE('',#5489,(#5493,#5500),.PCURVE_S1.);
#5489 = LINE('',#5490,#5491);
#5490 = CARTESIAN_POINT('',(787.9,1.3158E+03,1.405E+03));
#5491 = VECTOR('',#5492,1.);
#5492 = DIRECTION('',(1.110223024625E-16,1.,0.));
#5493 = PCURVE('',#5407,#5494);
#5494 = DEFINITIONAL_REPRESENTATION('',(#5495),#5499);
#5495 = LINE('',#5496,#5497);
#5496 = CARTESIAN_POINT('',(80.5,10.));
#5497 = VECTOR('',#5498,1.);
#5498 = DIRECTION('',(1.,0.));
#5499 = ( GEOMETRIC_REPRESENTATION_CONTEXT(2) 
PARAMETRIC_REPRESENTATION_CONTEXT() REPRESENTATION_CONTEXT('2D SPACE',''
  ) );
#5500 = PCURVE('',#5501,#5506);
#5501 = PLANE('',#5502);
#5502 = AXIS2_PLACEMENT_3D('',#5503,#5504,#5505);
#5503 = CARTESIAN_POINT('',(787.9,1.2353E+03,1.405E+03));
#5504 = DIRECTION('',(0.,0.,1.));
#5505 = DIRECTION('',(1.110223024625E-16,1.,0.));
#5506 = DEFINITIONAL_REPRESENTATION('',(#5507),#5511);
#5507 = LINE('',#5508,#5509);
#5508 = CARTESIAN_POINT('',(80.5,8.937295348233E-15));
#5509 = VECTOR('',#5510,1.);
#5510 = DIRECTION('',(1.,0.));
#5511 = ( GEOMETRIC_REPRESENTATION_CONTEXT(2) 
PARAMETRIC_REPRESENTATION_CONTEXT() REPRESENTATION_CONTEXT('2D SPACE',''
  ) );
#5512 = ADVANCED_FACE('',(#5513),#5475,.T.);
#5513 = FACE_BOUND('',#5514,.T.);
#5514 = EDGE_LOOP('',(#5515,#5516,#5539,#5567));
#5515 = ORIENTED_EDGE('',*,*,#5459,.F.);
#5516 = ORIENTED_EDGE('',*,*,#5517,.T.);
#5517 = EDGE_CURVE('',#5432,#5518,#5520,.T.);
#5518 = VERTEX_POINT('',#5519);
#5519 = CARTESIAN_POINT('',(573.9,1.3963E+03,1.395E+03));
#5520 = SURFACE_CURVE('',#5521,(#5525,#5532),.PCURVE_S1.);
#5521 = LINE('',#5522,#5523);
#5522 = CARTESIAN_POINT('',(680.9,1.3963E+03,1.395E+03));
#5523 = VECTOR('',#5524,1.);
#5524 = DIRECTION('',(-1.,1.110223024625E-16,0.));
#5525 = PCURVE('',#5475,#5526);
#5526 = DEFINITIONAL_REPRESENTATION('',(#5527),#5531);
#5527 = LINE('',#5528,#5529);
#5528 = CARTESIAN_POINT('',(107.,0.));
#5529 = VECTOR('',#5530,1.);
#5530 = DIRECTION('',(1.,0.));
#5531 = ( GEOMETRIC_REPRESENTATION_CONTEXT(2) 
PARAMETRIC_REPRESENTATION_CONTEXT() REPRESENTATION_CONTEXT('2D SPACE',''
  ) );
#5532 = PCURVE('',#5447,#5533);
#5533 = DEFINITIONAL_REPRESENTATION('',(#5534),#5538);
#5534 = LINE('',#5535,#5536);
#5535 = CARTESIAN_POINT('',(161.,107.));
#5536 = VECTOR('',#5537,1.);
#5537 = DIRECTION('',(0.,1.));
#5538 = ( GEOMETRIC_REPRESENTATION_CONTEXT(2) 
PARAMETRIC_REPRESENTATION_CONTEXT() REPRESENTATION_CONTEXT('2D SPACE',''
  ) );
#5539 = ORIENTED_EDGE('',*,*,#5540,.T.);
#5540 = EDGE_CURVE('',#5518,#5541,#5543,.T.);
#5541 = VERTEX_POINT('',#5542);
#5542 = CARTESIAN_POINT('',(573.9,1.3963E+03,1.405E+03));
#5543 = SURFACE_CURVE('',#5544,(#5548,#5555),.PCURVE_S1.);
#5544 = LINE('',#5545,#5546);
#5545 = CARTESIAN_POINT('',(573.9,1.3963E+03,1.4E+03));
#5546 = VECTOR('',#5547,1.);
#5547 = DIRECTION('',(0.,0.,1.));
#5548 = PCURVE('',#5475,#5549);
#5549 = DEFINITIONAL_REPRESENTATION('',(#5550),#5554);
#5550 = LINE('',#5551,#5552);
#5551 = CARTESIAN_POINT('',(214.,5.));
#5552 = VECTOR('',#5553,1.);
#5553 = DIRECTION('',(0.,1.));
#5554 = ( GEOMETRIC_REPRESENTATION_CONTEXT(2) 
PARAMETRIC_REPRESENTATION_CONTEXT() REPRESENTATION_CONTEXT('2D SPACE',''
  ) );
#5555 = PCURVE('',#5556,#5561);
#5556 = PLANE('',#5557);
#5557 = AXIS2_PLACEMENT_3D('',#5558,#5559,#5560);
#5558 = CARTESIAN_POINT('',(573.9,1.3963E+03,1.395E+03));
#5559 = DIRECTION('',(-1.,1.110223024625E-16,0.));
#5560 = DIRECTION('',(-1.110223024625E-16,-1.,0.));
#5561 = DEFINITIONAL_REPRESENTATION('',(#5562),#5566);
#5562 = LINE('',#5563,#5564);
#5563 = CARTESIAN_POINT('',(0.,5.));
#5564 = VECTOR('',#5565,1.);
#5565 = DIRECTION('',(0.,1.));
#5566 = ( GEOMETRIC_REPRESENTATION_CONTEXT(2) 
PARAMETRIC_REPRESENTATION_CONTEXT() REPRESENTATION_CONTEXT('2D SPACE',''
  ) );
#5567 = ORIENTED_EDGE('',*,*,#5568,.F.);
#5568 = EDGE_CURVE('',#5460,#5541,#5569,.T.);
#5569 = SURFACE_CURVE('',#5570,(#5574,#5581),.PCURVE_S1.);
#5570 = LINE('',#5571,#5572);
#5571 = CARTESIAN_POINT('',(680.9,1.3963E+03,1.405E+03));
#5572 = VECTOR('',#5573,1.);
#5573 = DIRECTION('',(-1.,1.110223024625E-16,0.));
#5574 = PCURVE('',#5475,#5575);
#5575 = DEFINITIONAL_REPRESENTATION('',(#5576),#5580);
#5576 = LINE('',#5577,#5578);
#5577 = CARTESIAN_POINT('',(107.,10.));
#5578 = VECTOR('',#5579,1.);
#5579 = DIRECTION('',(1.,0.));
#5580 = ( GEOMETRIC_REPRESENTATION_CONTEXT(2) 
PARAMETRIC_REPRESENTATION_CONTEXT() REPRESENTATION_CONTEXT('2D SPACE',''
  ) );
#5581 = PCURVE('',#5501,#5582);
#5582 = DEFINITIONAL_REPRESENTATION('',(#5583),#5587);
#5583 = LINE('',#5584,#5585);
#5584 = CARTESIAN_POINT('',(161.,107.));
#5585 = VECTOR('',#5586,1.);
#5586 = DIRECTION('',(0.,1.));
#5587 = ( GEOMETRIC_REPRESENTATION_CONTEXT(2) 
PARAMETRIC_REPRESENTATION_CONTEXT() REPRESENTATION_CONTEXT('2D SPACE',''
  ) );
#5588 = ADVANCED_FACE('',(#5589),#5556,.T.);
#5589 = FACE_BOUND('',#5590,.T.);
#5590 = EDGE_LOOP('',(#5591,#5592,#5615,#5638));
#5591 = ORIENTED_EDGE('',*,*,#5540,.F.);
#5592 = ORIENTED_EDGE('',*,*,#5593,.T.);
#5593 = EDGE_CURVE('',#5518,#5594,#5596,.T.);
#5594 = VERTEX_POINT('',#5595);
#5595 = CARTESIAN_POINT('',(573.9,1.2353E+03,1.395E+03));
#5596 = SURFACE_CURVE('',#5597,(#5601,#5608),.PCURVE_S1.);
#5597 = LINE('',#5598,#5599);
#5598 = CARTESIAN_POINT('',(573.9,1.3158E+03,1.395E+03));
#5599 = VECTOR('',#5600,1.);
#5600 = DIRECTION('',(-1.110223024625E-16,-1.,0.));
#5601 = PCURVE('',#5556,#5602);
#5602 = DEFINITIONAL_REPRESENTATION('',(#5603),#5607);
#5603 = LINE('',#5604,#5605);
#5604 = CARTESIAN_POINT('',(80.5,0.));
#5605 = VECTOR('',#5606,1.);
#5606 = DIRECTION('',(1.,0.));
#5607 = ( GEOMETRIC_REPRESENTATION_CONTEXT(2) 
PARAMETRIC_REPRESENTATION_CONTEXT() REPRESENTATION_CONTEXT('2D SPACE',''
  ) );
#5608 = PCURVE('',#5447,#5609);
#5609 = DEFINITIONAL_REPRESENTATION('',(#5610),#5614);
#5610 = LINE('',#5611,#5612);
#5611 = CARTESIAN_POINT('',(80.5,214.));
#5612 = VECTOR('',#5613,1.);
#5613 = DIRECTION('',(-1.,0.));
#5614 = ( GEOMETRIC_REPRESENTATION_CONTEXT(2) 
PARAMETRIC_REPRESENTATION_CONTEXT() REPRESENTATION_CONTEXT('2D SPACE',''
  ) );
#5615 = ORIENTED_EDGE('',*,*,#5616,.T.);
#5616 = EDGE_CURVE('',#5594,#5617,#5619,.T.);
#5617 = VERTEX_POINT('',#5618);
#5618 = CARTESIAN_POINT('',(573.9,1.2353E+03,1.405E+03));
#5619 = SURFACE_CURVE('',#5620,(#5624,#5631),.PCURVE_S1.);
#5620 = LINE('',#5621,#5622);
#5621 = CARTESIAN_POINT('',(573.9,1.2353E+03,1.4E+03));
#5622 = VECTOR('',#5623,1.);
#5623 = DIRECTION('',(0.,0.,1.));
#5624 = PCURVE('',#5556,#5625);
#5625 = DEFINITIONAL_REPRESENTATION('',(#5626),#5630);
#5626 = LINE('',#5627,#5628);
#5627 = CARTESIAN_POINT('',(161.,5.));
#5628 = VECTOR('',#5629,1.);
#5629 = DIRECTION('',(0.,1.));
#5630 = ( GEOMETRIC_REPRESENTATION_CONTEXT(2) 
PARAMETRIC_REPRESENTATION_CONTEXT() REPRESENTATION_CONTEXT('2D SPACE',''
  ) );
#5631 = PCURVE('',#5419,#5632);
#5632 = DEFINITIONAL_REPRESENTATION('',(#5633),#5637);
#5633 = LINE('',#5634,#5635);
#5634 = CARTESIAN_POINT('',(0.,5.));
#5635 = VECTOR('',#5636,1.);
#5636 = DIRECTION('',(0.,1.));
#5637 = ( GEOMETRIC_REPRESENTATION_CONTEXT(2) 
PARAMETRIC_REPRESENTATION_CONTEXT() REPRESENTATION_CONTEXT('2D SPACE',''
  ) );
#5638 = ORIENTED_EDGE('',*,*,#5639,.F.);
#5639 = EDGE_CURVE('',#5541,#5617,#5640,.T.);
#5640 = SURFACE_CURVE('',#5641,(#5645,#5652),.PCURVE_S1.);
#5641 = LINE('',#5642,#5643);
#5642 = CARTESIAN_POINT('',(573.9,1.3158E+03,1.405E+03));
#5643 = VECTOR('',#5644,1.);
#5644 = DIRECTION('',(-1.110223024625E-16,-1.,0.));
#5645 = PCURVE('',#5556,#5646);
#5646 = DEFINITIONAL_REPRESENTATION('',(#5647),#5651);
#5647 = LINE('',#5648,#5649);
#5648 = CARTESIAN_POINT('',(80.5,10.));
#5649 = VECTOR('',#5650,1.);
#5650 = DIRECTION('',(1.,0.));
#5651 = ( GEOMETRIC_REPRESENTATION_CONTEXT(2) 
PARAMETRIC_REPRESENTATION_CONTEXT() REPRESENTATION_CONTEXT('2D SPACE',''
  ) );
#5652 = PCURVE('',#5501,#5653);
#5653 = DEFINITIONAL_REPRESENTATION('',(#5654),#5658);
#5654 = LINE('',#5655,#5656);
#5655 = CARTESIAN_POINT('',(80.5,214.));
#5656 = VECTOR('',#5657,1.);
#5657 = DIRECTION('',(-1.,0.));
#5658 = ( GEOMETRIC_REPRESENTATION_CONTEXT(2) 
PARAMETRIC_REPRESENTATION_CONTEXT() REPRESENTATION_CONTEXT('2D SPACE',''
  ) );
#5659 = ADVANCED_FACE('',(#5660),#5419,.T.);
#5660 = FACE_BOUND('',#5661,.T.);
#5661 = EDGE_LOOP('',(#5662,#5663,#5684,#5685));
#5662 = ORIENTED_EDGE('',*,*,#5616,.F.);
#5663 = ORIENTED_EDGE('',*,*,#5664,.T.);
#5664 = EDGE_CURVE('',#5594,#5397,#5665,.T.);
#5665 = SURFACE_CURVE('',#5666,(#5670,#5677),.PCURVE_S1.);
#5666 = LINE('',#5667,#5668);
#5667 = CARTESIAN_POINT('',(680.9,1.2353E+03,1.395E+03));
#5668 = VECTOR('',#5669,1.);
#5669 = DIRECTION('',(1.,-1.110223024625E-16,0.));
#5670 = PCURVE('',#5419,#5671);
#5671 = DEFINITIONAL_REPRESENTATION('',(#5672),#5676);
#5672 = LINE('',#5673,#5674);
#5673 = CARTESIAN_POINT('',(107.,0.));
#5674 = VECTOR('',#5675,1.);
#5675 = DIRECTION('',(1.,0.));
#5676 = ( GEOMETRIC_REPRESENTATION_CONTEXT(2) 
PARAMETRIC_REPRESENTATION_CONTEXT() REPRESENTATION_CONTEXT('2D SPACE',''
  ) );
#5677 = PCURVE('',#5447,#5678);
#5678 = DEFINITIONAL_REPRESENTATION('',(#5679),#5683);
#5679 = LINE('',#5680,#5681);
#5680 = CARTESIAN_POINT('',(-1.187938636349E-14,107.));
#5681 = VECTOR('',#5682,1.);
#5682 = DIRECTION('',(0.,-1.));
#5683 = ( GEOMETRIC_REPRESENTATION_CONTEXT(2) 
PARAMETRIC_REPRESENTATION_CONTEXT() REPRESENTATION_CONTEXT('2D SPACE',''
  ) );
#5684 = ORIENTED_EDGE('',*,*,#5396,.T.);
#5685 = ORIENTED_EDGE('',*,*,#5686,.F.);
#5686 = EDGE_CURVE('',#5617,#5399,#5687,.T.);
#5687 = SURFACE_CURVE('',#5688,(#5692,#5699),.PCURVE_S1.);
#5688 = LINE('',#5689,#5690);
#5689 = CARTESIAN_POINT('',(680.9,1.2353E+03,1.405E+03));
#5690 = VECTOR('',#5691,1.);
#5691 = DIRECTION('',(1.,-1.110223024625E-16,0.));
#5692 = PCURVE('',#5419,#5693);
#5693 = DEFINITIONAL_REPRESENTATION('',(#5694),#5698);
#5694 = LINE('',#5695,#5696);
#5695 = CARTESIAN_POINT('',(107.,10.));
#5696 = VECTOR('',#5697,1.);
#5697 = DIRECTION('',(1.,0.));
#5698 = ( GEOMETRIC_REPRESENTATION_CONTEXT(2) 
PARAMETRIC_REPRESENTATION_CONTEXT() REPRESENTATION_CONTEXT('2D SPACE',''
  ) );
#5699 = PCURVE('',#5501,#5700);
#5700 = DEFINITIONAL_REPRESENTATION('',(#5701),#5705);
#5701 = LINE('',#5702,#5703);
#5702 = CARTESIAN_POINT('',(-1.187938636349E-14,107.));
#5703 = VECTOR('',#5704,1.);
#5704 = DIRECTION('',(0.,-1.));
#5705 = ( GEOMETRIC_REPRESENTATION_CONTEXT(2) 
PARAMETRIC_REPRESENTATION_CONTEXT() REPRESENTATION_CONTEXT('2D SPACE',''
  ) );
#5706 = ADVANCED_FACE('',(#5707),#5447,.F.);
#5707 = FACE_BOUND('',#5708,.T.);
#5708 = EDGE_LOOP('',(#5709,#5710,#5711,#5712));
#5709 = ORIENTED_EDGE('',*,*,#5664,.F.);
#5710 = ORIENTED_EDGE('',*,*,#5593,.F.);
#5711 = ORIENTED_EDGE('',*,*,#5517,.F.);
#5712 = ORIENTED_EDGE('',*,*,#5431,.F.);
#5713 = ADVANCED_FACE('',(#5714),#5501,.T.);
#5714 = FACE_BOUND('',#5715,.T.);
#5715 = EDGE_LOOP('',(#5716,#5717,#5718,#5719));
#5716 = ORIENTED_EDGE('',*,*,#5487,.T.);
#5717 = ORIENTED_EDGE('',*,*,#5568,.T.);
#5718 = ORIENTED_EDGE('',*,*,#5639,.T.);
#5719 = ORIENTED_EDGE('',*,*,#5686,.T.);
#5720 = ( GEOMETRIC_REPRESENTATION_CONTEXT(3) 
GLOBAL_UNCERTAINTY_ASSIGNED_CONTEXT((#5724)) 
GLOBAL_UNIT_ASSIGNED_CONTEXT((#5721,#5722,#5723)) REPRESENTATION_CONTEXT
('Context #1','3D Context with UNIT and UNCERTAINTY') );
#5721 = ( LENGTH_UNIT() NAMED_UNIT(*) SI_UNIT(.MILLI.,.METRE.) );
#5722 = ( NAMED_UNIT(*) PLANE_ANGLE_UNIT() SI_UNIT($,.RADIAN.) );
#5723 = ( NAMED_UNIT(*) SI_UNIT($,.STERADIAN.) SOLID_ANGLE_UNIT() );
#5724 = UNCERTAINTY_MEASURE_WITH_UNIT(LENGTH_MEASURE(1.E-07),#5721,
  'distance_accuracy_value','confusion accuracy');
#5725 = CONTEXT_DEPENDENT_SHAPE_REPRESENTATION(#5726,#5728);
#5726 = ( REPRESENTATION_RELATIONSHIP('','',#5389,#10) 
REPRESENTATION_RELATIONSHIP_WITH_TRANSFORMATION(#5727) 
SHAPE_REPRESENTATION_RELATIONSHIP() );
#5727 = ITEM_DEFINED_TRANSFORMATION('','',#11,#67);
#5728 = PRODUCT_DEFINITION_SHAPE('Placement','Placement of an item',
  #5729);
#5729 = NEXT_ASSEMBLY_USAGE_OCCURRENCE('265','','',#5,#5384,$);
#5730 = PRODUCT_RELATED_PRODUCT_CATEGORY('part',$,(#5386));
#5731 = SHAPE_DEFINITION_REPRESENTATION(#5732,#5738);
#5732 = PRODUCT_DEFINITION_SHAPE('','',#5733);
#5733 = PRODUCT_DEFINITION('design','',#5734,#5737);
#5734 = PRODUCT_DEFINITION_FORMATION('','',#5735);
#5735 = PRODUCT('Open CASCADE STEP translator 7.9 4.15',
  'Open CASCADE STEP translator 7.9 4.15','',(#5736));
#5736 = PRODUCT_CONTEXT('',#2,'mechanical');
#5737 = PRODUCT_DEFINITION_CONTEXT('part definition',#2,'design');
#5738 = ADVANCED_BREP_SHAPE_REPRESENTATION('',(#11,#5739),#6069);
#5739 = MANIFOLD_SOLID_BREP('',#5740);
#5740 = CLOSED_SHELL('',(#5741,#5861,#5961,#6008,#6035,#6062));
#5741 = ADVANCED_FACE('',(#5742),#5756,.F.);
#5742 = FACE_BOUND('',#5743,.T.);
#5743 = EDGE_LOOP('',(#5744,#5779,#5807,#5835));
#5744 = ORIENTED_EDGE('',*,*,#5745,.T.);
#5745 = EDGE_CURVE('',#5746,#5748,#5750,.T.);
#5746 = VERTEX_POINT('',#5747);
#5747 = CARTESIAN_POINT('',(566.4,1.2538E+03,1.413E+03));
#5748 = VERTEX_POINT('',#5749);
#5749 = CARTESIAN_POINT('',(566.4,1.4438E+03,1.413E+03));
#5750 = SURFACE_CURVE('',#5751,(#5755,#5767),.PCURVE_S1.);
#5751 = LINE('',#5752,#5753);
#5752 = CARTESIAN_POINT('',(566.4,1.3488E+03,1.413E+03));
#5753 = VECTOR('',#5754,1.);
#5754 = DIRECTION('',(1.110223024625E-16,1.,0.));
#5755 = PCURVE('',#5756,#5761);
#5756 = PLANE('',#5757);
#5757 = AXIS2_PLACEMENT_3D('',#5758,#5759,#5760);
#5758 = CARTESIAN_POINT('',(566.4,1.2358E+03,1.395E+03));
#5759 = DIRECTION('',(-1.,1.110223024625E-16,0.));
#5760 = DIRECTION('',(0.,0.,1.));
#5761 = DEFINITIONAL_REPRESENTATION('',(#5762),#5766);
#5762 = LINE('',#5763,#5764);
#5763 = CARTESIAN_POINT('',(18.,113.));
#5764 = VECTOR('',#5765,1.);
#5765 = DIRECTION('',(0.,1.));
#5766 = ( GEOMETRIC_REPRESENTATION_CONTEXT(2) 
PARAMETRIC_REPRESENTATION_CONTEXT() REPRESENTATION_CONTEXT('2D SPACE',''
  ) );
#5767 = PCURVE('',#5768,#5773);
#5768 = PLANE('',#5769);
#5769 = AXIS2_PLACEMENT_3D('',#5770,#5771,#5772);
#5770 = CARTESIAN_POINT('',(566.4,1.2538E+03,1.413E+03));
#5771 = DIRECTION('',(0.,0.,1.));
#5772 = DIRECTION('',(1.110223024625E-16,1.,0.));
#5773 = DEFINITIONAL_REPRESENTATION('',(#5774),#5778);
#5774 = LINE('',#5775,#5776);
#5775 = CARTESIAN_POINT('',(95.,1.054711873394E-14));
#5776 = VECTOR('',#5777,1.);
#5777 = DIRECTION('',(1.,0.));
#5778 = ( GEOMETRIC_REPRESENTATION_CONTEXT(2) 
PARAMETRIC_REPRESENTATION_CONTEXT() REPRESENTATION_CONTEXT('2D SPACE',''
  ) );
#5779 = ORIENTED_EDGE('',*,*,#5780,.F.);
#5780 = EDGE_CURVE('',#5781,#5748,#5783,.T.);
#5781 = VERTEX_POINT('',#5782);
#5782 = CARTESIAN_POINT('',(566.4,1.4438E+03,3.568E+03));
#5783 = SURFACE_CURVE('',#5784,(#5788,#5795),.PCURVE_S1.);
#5784 = LINE('',#5785,#5786);
#5785 = CARTESIAN_POINT('',(566.4,1.4438E+03,2.4905E+03));
#5786 = VECTOR('',#5787,1.);
#5787 = DIRECTION('',(0.,0.,-1.));
#5788 = PCURVE('',#5756,#5789);
#5789 = DEFINITIONAL_REPRESENTATION('',(#5790),#5794);
#5790 = LINE('',#5791,#5792);
#5791 = CARTESIAN_POINT('',(1.0955E+03,208.));
#5792 = VECTOR('',#5793,1.);
#5793 = DIRECTION('',(-1.,0.));
#5794 = ( GEOMETRIC_REPRESENTATION_CONTEXT(2) 
PARAMETRIC_REPRESENTATION_CONTEXT() REPRESENTATION_CONTEXT('2D SPACE',''
  ) );
#5795 = PCURVE('',#5796,#5801);
#5796 = PLANE('',#5797);
#5797 = AXIS2_PLACEMENT_3D('',#5798,#5799,#5800);
#5798 = CARTESIAN_POINT('',(566.4,1.4438E+03,3.568E+03));
#5799 = DIRECTION('',(1.110223024625E-16,1.,0.));
#5800 = DIRECTION('',(0.,0.,-1.));
#5801 = DEFINITIONAL_REPRESENTATION('',(#5802),#5806);
#5802 = LINE('',#5803,#5804);
#5803 = CARTESIAN_POINT('',(1.0775E+03,0.));
#5804 = VECTOR('',#5805,1.);
#5805 = DIRECTION('',(1.,0.));
#5806 = ( GEOMETRIC_REPRESENTATION_CONTEXT(2) 
PARAMETRIC_REPRESENTATION_CONTEXT() REPRESENTATION_CONTEXT('2D SPACE',''
  ) );
#5807 = ORIENTED_EDGE('',*,*,#5808,.F.);
#5808 = EDGE_CURVE('',#5809,#5781,#5811,.T.);
#5809 = VERTEX_POINT('',#5810);
#5810 = CARTESIAN_POINT('',(566.4,1.2538E+03,3.568E+03));
#5811 = SURFACE_CURVE('',#5812,(#5816,#5823),.PCURVE_S1.);
#5812 = LINE('',#5813,#5814);
#5813 = CARTESIAN_POINT('',(566.4,1.3488E+03,3.568E+03));
#5814 = VECTOR('',#5815,1.);
#5815 = DIRECTION('',(1.110223024625E-16,1.,0.));
#5816 = PCURVE('',#5756,#5817);
#5817 = DEFINITIONAL_REPRESENTATION('',(#5818),#5822);
#5818 = LINE('',#5819,#5820);
#5819 = CARTESIAN_POINT('',(2.173E+03,113.));
#5820 = VECTOR('',#5821,1.);
#5821 = DIRECTION('',(0.,1.));
#5822 = ( GEOMETRIC_REPRESENTATION_CONTEXT(2) 
PARAMETRIC_REPRESENTATION_CONTEXT() REPRESENTATION_CONTEXT('2D SPACE',''
  ) );
#5823 = PCURVE('',#5824,#5829);
#5824 = PLANE('',#5825);
#5825 = AXIS2_PLACEMENT_3D('',#5826,#5827,#5828);
#5826 = CARTESIAN_POINT('',(566.4,1.2538E+03,3.568E+03));
#5827 = DIRECTION('',(0.,0.,1.));
#5828 = DIRECTION('',(1.110223024625E-16,1.,0.));
#5829 = DEFINITIONAL_REPRESENTATION('',(#5830),#5834);
#5830 = LINE('',#5831,#5832);
#5831 = CARTESIAN_POINT('',(95.,1.054711873394E-14));
#5832 = VECTOR('',#5833,1.);
#5833 = DIRECTION('',(1.,0.));
#5834 = ( GEOMETRIC_REPRESENTATION_CONTEXT(2) 
PARAMETRIC_REPRESENTATION_CONTEXT() REPRESENTATION_CONTEXT('2D SPACE',''
  ) );
#5835 = ORIENTED_EDGE('',*,*,#5836,.T.);
#5836 = EDGE_CURVE('',#5809,#5746,#5837,.T.);
#5837 = SURFACE_CURVE('',#5838,(#5842,#5849),.PCURVE_S1.);
#5838 = LINE('',#5839,#5840);
#5839 = CARTESIAN_POINT('',(566.4,1.2538E+03,2.4905E+03));
#5840 = VECTOR('',#5841,1.);
#5841 = DIRECTION('',(0.,0.,-1.));
#5842 = PCURVE('',#5756,#5843);
#5843 = DEFINITIONAL_REPRESENTATION('',(#5844),#5848);
#5844 = LINE('',#5845,#5846);
#5845 = CARTESIAN_POINT('',(1.0955E+03,18.));
#5846 = VECTOR('',#5847,1.);
#5847 = DIRECTION('',(-1.,0.));
#5848 = ( GEOMETRIC_REPRESENTATION_CONTEXT(2) 
PARAMETRIC_REPRESENTATION_CONTEXT() REPRESENTATION_CONTEXT('2D SPACE',''
  ) );
#5849 = PCURVE('',#5850,#5855);
#5850 = PLANE('',#5851);
#5851 = AXIS2_PLACEMENT_3D('',#5852,#5853,#5854);
#5852 = CARTESIAN_POINT('',(566.4,1.2538E+03,3.568E+03));
#5853 = DIRECTION('',(1.110223024625E-16,1.,0.));
#5854 = DIRECTION('',(0.,0.,-1.));
#5855 = DEFINITIONAL_REPRESENTATION('',(#5856),#5860);
#5856 = LINE('',#5857,#5858);
#5857 = CARTESIAN_POINT('',(1.0775E+03,0.));
#5858 = VECTOR('',#5859,1.);
#5859 = DIRECTION('',(1.,0.));
#5860 = ( GEOMETRIC_REPRESENTATION_CONTEXT(2) 
PARAMETRIC_REPRESENTATION_CONTEXT() REPRESENTATION_CONTEXT('2D SPACE',''
  ) );
#5861 = ADVANCED_FACE('',(#5862),#5876,.T.);
#5862 = FACE_BOUND('',#5863,.T.);
#5863 = EDGE_LOOP('',(#5864,#5894,#5917,#5940));
#5864 = ORIENTED_EDGE('',*,*,#5865,.F.);
#5865 = EDGE_CURVE('',#5866,#5868,#5870,.T.);
#5866 = VERTEX_POINT('',#5867);
#5867 = CARTESIAN_POINT('',(548.4,1.2538E+03,1.413E+03));
#5868 = VERTEX_POINT('',#5869);
#5869 = CARTESIAN_POINT('',(548.4,1.4438E+03,1.413E+03));
#5870 = SURFACE_CURVE('',#5871,(#5875,#5887),.PCURVE_S1.);
#5871 = LINE('',#5872,#5873);
#5872 = CARTESIAN_POINT('',(548.4,1.3488E+03,1.413E+03));
#5873 = VECTOR('',#5874,1.);
#5874 = DIRECTION('',(1.110223024625E-16,1.,0.));
#5875 = PCURVE('',#5876,#5881);
#5876 = PLANE('',#5877);
#5877 = AXIS2_PLACEMENT_3D('',#5878,#5879,#5880);
#5878 = CARTESIAN_POINT('',(548.4,1.2358E+03,1.395E+03));
#5879 = DIRECTION('',(-1.,1.110223024625E-16,0.));
#5880 = DIRECTION('',(0.,0.,1.));
#5881 = DEFINITIONAL_REPRESENTATION('',(#5882),#5886);
#5882 = LINE('',#5883,#5884);
#5883 = CARTESIAN_POINT('',(18.,113.));
#5884 = VECTOR('',#5885,1.);
#5885 = DIRECTION('',(0.,1.));
#5886 = ( GEOMETRIC_REPRESENTATION_CONTEXT(2) 
PARAMETRIC_REPRESENTATION_CONTEXT() REPRESENTATION_CONTEXT('2D SPACE',''
  ) );
#5887 = PCURVE('',#5768,#5888);
#5888 = DEFINITIONAL_REPRESENTATION('',(#5889),#5893);
#5889 = LINE('',#5890,#5891);
#5890 = CARTESIAN_POINT('',(95.,18.));
#5891 = VECTOR('',#5892,1.);
#5892 = DIRECTION('',(1.,0.));
#5893 = ( GEOMETRIC_REPRESENTATION_CONTEXT(2) 
PARAMETRIC_REPRESENTATION_CONTEXT() REPRESENTATION_CONTEXT('2D SPACE',''
  ) );
#5894 = ORIENTED_EDGE('',*,*,#5895,.F.);
#5895 = EDGE_CURVE('',#5896,#5866,#5898,.T.);
#5896 = VERTEX_POINT('',#5897);
#5897 = CARTESIAN_POINT('',(548.4,1.2538E+03,3.568E+03));
#5898 = SURFACE_CURVE('',#5899,(#5903,#5910),.PCURVE_S1.);
#5899 = LINE('',#5900,#5901);
#5900 = CARTESIAN_POINT('',(548.4,1.2538E+03,2.4905E+03));
#5901 = VECTOR('',#5902,1.);
#5902 = DIRECTION('',(0.,0.,-1.));
#5903 = PCURVE('',#5876,#5904);
#5904 = DEFINITIONAL_REPRESENTATION('',(#5905),#5909);
#5905 = LINE('',#5906,#5907);
#5906 = CARTESIAN_POINT('',(1.0955E+03,18.));
#5907 = VECTOR('',#5908,1.);
#5908 = DIRECTION('',(-1.,0.));
#5909 = ( GEOMETRIC_REPRESENTATION_CONTEXT(2) 
PARAMETRIC_REPRESENTATION_CONTEXT() REPRESENTATION_CONTEXT('2D SPACE',''
  ) );
#5910 = PCURVE('',#5850,#5911);
#5911 = DEFINITIONAL_REPRESENTATION('',(#5912),#5916);
#5912 = LINE('',#5913,#5914);
#5913 = CARTESIAN_POINT('',(1.0775E+03,18.));
#5914 = VECTOR('',#5915,1.);
#5915 = DIRECTION('',(1.,0.));
#5916 = ( GEOMETRIC_REPRESENTATION_CONTEXT(2) 
PARAMETRIC_REPRESENTATION_CONTEXT() REPRESENTATION_CONTEXT('2D SPACE',''
  ) );
#5917 = ORIENTED_EDGE('',*,*,#5918,.T.);
#5918 = EDGE_CURVE('',#5896,#5919,#5921,.T.);
#5919 = VERTEX_POINT('',#5920);
#5920 = CARTESIAN_POINT('',(548.4,1.4438E+03,3.568E+03));
#5921 = SURFACE_CURVE('',#5922,(#5926,#5933),.PCURVE_S1.);
#5922 = LINE('',#5923,#5924);
#5923 = CARTESIAN_POINT('',(548.4,1.3488E+03,3.568E+03));
#5924 = VECTOR('',#5925,1.);
#5925 = DIRECTION('',(1.110223024625E-16,1.,0.));
#5926 = PCURVE('',#5876,#5927);
#5927 = DEFINITIONAL_REPRESENTATION('',(#5928),#5932);
#5928 = LINE('',#5929,#5930);
#5929 = CARTESIAN_POINT('',(2.173E+03,113.));
#5930 = VECTOR('',#5931,1.);
#5931 = DIRECTION('',(0.,1.));
#5932 = ( GEOMETRIC_REPRESENTATION_CONTEXT(2) 
PARAMETRIC_REPRESENTATION_CONTEXT() REPRESENTATION_CONTEXT('2D SPACE',''
  ) );
#5933 = PCURVE('',#5824,#5934);
#5934 = DEFINITIONAL_REPRESENTATION('',(#5935),#5939);
#5935 = LINE('',#5936,#5937);
#5936 = CARTESIAN_POINT('',(95.,18.));
#5937 = VECTOR('',#5938,1.);
#5938 = DIRECTION('',(1.,0.));
#5939 = ( GEOMETRIC_REPRESENTATION_CONTEXT(2) 
PARAMETRIC_REPRESENTATION_CONTEXT() REPRESENTATION_CONTEXT('2D SPACE',''
  ) );
#5940 = ORIENTED_EDGE('',*,*,#5941,.T.);
#5941 = EDGE_CURVE('',#5919,#5868,#5942,.T.);
#5942 = SURFACE_CURVE('',#5943,(#5947,#5954),.PCURVE_S1.);
#5943 = LINE('',#5944,#5945);
#5944 = CARTESIAN_POINT('',(548.4,1.4438E+03,2.4905E+03));
#5945 = VECTOR('',#5946,1.);
#5946 = DIRECTION('',(0.,0.,-1.));
#5947 = PCURVE('',#5876,#5948);
#5948 = DEFINITIONAL_REPRESENTATION('',(#5949),#5953);
#5949 = LINE('',#5950,#5951);
#5950 = CARTESIAN_POINT('',(1.0955E+03,208.));
#5951 = VECTOR('',#5952,1.);
#5952 = DIRECTION('',(-1.,0.));
#5953 = ( GEOMETRIC_REPRESENTATION_CONTEXT(2) 
PARAMETRIC_REPRESENTATION_CONTEXT() REPRESENTATION_CONTEXT('2D SPACE',''
  ) );
#5954 = PCURVE('',#5796,#5955);
#5955 = DEFINITIONAL_REPRESENTATION('',(#5956),#5960);
#5956 = LINE('',#5957,#5958);
#5957 = CARTESIAN_POINT('',(1.0775E+03,18.));
#5958 = VECTOR('',#5959,1.);
#5959 = DIRECTION('',(1.,0.));
#5960 = ( GEOMETRIC_REPRESENTATION_CONTEXT(2) 
PARAMETRIC_REPRESENTATION_CONTEXT() REPRESENTATION_CONTEXT('2D SPACE',''
  ) );
#5961 = ADVANCED_FACE('',(#5962),#5768,.F.);
#5962 = FACE_BOUND('',#5963,.T.);
#5963 = EDGE_LOOP('',(#5964,#5965,#5986,#5987));
#5964 = ORIENTED_EDGE('',*,*,#5865,.T.);
#5965 = ORIENTED_EDGE('',*,*,#5966,.F.);
#5966 = EDGE_CURVE('',#5748,#5868,#5967,.T.);
#5967 = SURFACE_CURVE('',#5968,(#5972,#5979),.PCURVE_S1.);
#5968 = LINE('',#5969,#5970);
#5969 = CARTESIAN_POINT('',(557.4,1.4438E+03,1.413E+03));
#5970 = VECTOR('',#5971,1.);
#5971 = DIRECTION('',(-1.,1.110223024625E-16,0.));
#5972 = PCURVE('',#5768,#5973);
#5973 = DEFINITIONAL_REPRESENTATION('',(#5974),#5978);
#5974 = LINE('',#5975,#5976);
#5975 = CARTESIAN_POINT('',(190.,9.));
#5976 = VECTOR('',#5977,1.);
#5977 = DIRECTION('',(0.,1.));
#5978 = ( GEOMETRIC_REPRESENTATION_CONTEXT(2) 
PARAMETRIC_REPRESENTATION_CONTEXT() REPRESENTATION_CONTEXT('2D SPACE',''
  ) );
#5979 = PCURVE('',#5796,#5980);
#5980 = DEFINITIONAL_REPRESENTATION('',(#5981),#5985);
#5981 = LINE('',#5982,#5983);
#5982 = CARTESIAN_POINT('',(2.155E+03,9.));
#5983 = VECTOR('',#5984,1.);
#5984 = DIRECTION('',(0.,1.));
#5985 = ( GEOMETRIC_REPRESENTATION_CONTEXT(2) 
PARAMETRIC_REPRESENTATION_CONTEXT() REPRESENTATION_CONTEXT('2D SPACE',''
  ) );
#5986 = ORIENTED_EDGE('',*,*,#5745,.F.);
#5987 = ORIENTED_EDGE('',*,*,#5988,.T.);
#5988 = EDGE_CURVE('',#5746,#5866,#5989,.T.);
#5989 = SURFACE_CURVE('',#5990,(#5994,#6001),.PCURVE_S1.);
#5990 = LINE('',#5991,#5992);
#5991 = CARTESIAN_POINT('',(557.4,1.2538E+03,1.413E+03));
#5992 = VECTOR('',#5993,1.);
#5993 = DIRECTION('',(-1.,1.110223024625E-16,0.));
#5994 = PCURVE('',#5768,#5995);
#5995 = DEFINITIONAL_REPRESENTATION('',(#5996),#6000);
#5996 = LINE('',#5997,#5998);
#5997 = CARTESIAN_POINT('',(-9.992007221626E-16,9.));
#5998 = VECTOR('',#5999,1.);
#5999 = DIRECTION('',(0.,1.));
#6000 = ( GEOMETRIC_REPRESENTATION_CONTEXT(2) 
PARAMETRIC_REPRESENTATION_CONTEXT() REPRESENTATION_CONTEXT('2D SPACE',''
  ) );
#6001 = PCURVE('',#5850,#6002);
#6002 = DEFINITIONAL_REPRESENTATION('',(#6003),#6007);
#6003 = LINE('',#6004,#6005);
#6004 = CARTESIAN_POINT('',(2.155E+03,9.));
#6005 = VECTOR('',#6006,1.);
#6006 = DIRECTION('',(0.,1.));
#6007 = ( GEOMETRIC_REPRESENTATION_CONTEXT(2) 
PARAMETRIC_REPRESENTATION_CONTEXT() REPRESENTATION_CONTEXT('2D SPACE',''
  ) );
#6008 = ADVANCED_FACE('',(#6009),#5796,.T.);
#6009 = FACE_BOUND('',#6010,.T.);
#6010 = EDGE_LOOP('',(#6011,#6032,#6033,#6034));
#6011 = ORIENTED_EDGE('',*,*,#6012,.F.);
#6012 = EDGE_CURVE('',#5781,#5919,#6013,.T.);
#6013 = SURFACE_CURVE('',#6014,(#6018,#6025),.PCURVE_S1.);
#6014 = LINE('',#6015,#6016);
#6015 = CARTESIAN_POINT('',(557.4,1.4438E+03,3.568E+03));
#6016 = VECTOR('',#6017,1.);
#6017 = DIRECTION('',(-1.,1.110223024625E-16,0.));
#6018 = PCURVE('',#5796,#6019);
#6019 = DEFINITIONAL_REPRESENTATION('',(#6020),#6024);
#6020 = LINE('',#6021,#6022);
#6021 = CARTESIAN_POINT('',(0.,9.));
#6022 = VECTOR('',#6023,1.);
#6023 = DIRECTION('',(0.,1.));
#6024 = ( GEOMETRIC_REPRESENTATION_CONTEXT(2) 
PARAMETRIC_REPRESENTATION_CONTEXT() REPRESENTATION_CONTEXT('2D SPACE',''
  ) );
#6025 = PCURVE('',#5824,#6026);
#6026 = DEFINITIONAL_REPRESENTATION('',(#6027),#6031);
#6027 = LINE('',#6028,#6029);
#6028 = CARTESIAN_POINT('',(190.,9.));
#6029 = VECTOR('',#6030,1.);
#6030 = DIRECTION('',(0.,1.));
#6031 = ( GEOMETRIC_REPRESENTATION_CONTEXT(2) 
PARAMETRIC_REPRESENTATION_CONTEXT() REPRESENTATION_CONTEXT('2D SPACE',''
  ) );
#6032 = ORIENTED_EDGE('',*,*,#5780,.T.);
#6033 = ORIENTED_EDGE('',*,*,#5966,.T.);
#6034 = ORIENTED_EDGE('',*,*,#5941,.F.);
#6035 = ADVANCED_FACE('',(#6036),#5824,.T.);
#6036 = FACE_BOUND('',#6037,.T.);
#6037 = EDGE_LOOP('',(#6038,#6059,#6060,#6061));
#6038 = ORIENTED_EDGE('',*,*,#6039,.F.);
#6039 = EDGE_CURVE('',#5809,#5896,#6040,.T.);
#6040 = SURFACE_CURVE('',#6041,(#6045,#6052),.PCURVE_S1.);
#6041 = LINE('',#6042,#6043);
#6042 = CARTESIAN_POINT('',(557.4,1.2538E+03,3.568E+03));
#6043 = VECTOR('',#6044,1.);
#6044 = DIRECTION('',(-1.,1.110223024625E-16,0.));
#6045 = PCURVE('',#5824,#6046);
#6046 = DEFINITIONAL_REPRESENTATION('',(#6047),#6051);
#6047 = LINE('',#6048,#6049);
#6048 = CARTESIAN_POINT('',(-9.992007221626E-16,9.));
#6049 = VECTOR('',#6050,1.);
#6050 = DIRECTION('',(0.,1.));
#6051 = ( GEOMETRIC_REPRESENTATION_CONTEXT(2) 
PARAMETRIC_REPRESENTATION_CONTEXT() REPRESENTATION_CONTEXT('2D SPACE',''
  ) );
#6052 = PCURVE('',#5850,#6053);
#6053 = DEFINITIONAL_REPRESENTATION('',(#6054),#6058);
#6054 = LINE('',#6055,#6056);
#6055 = CARTESIAN_POINT('',(0.,9.));
#6056 = VECTOR('',#6057,1.);
#6057 = DIRECTION('',(0.,1.));
#6058 = ( GEOMETRIC_REPRESENTATION_CONTEXT(2) 
PARAMETRIC_REPRESENTATION_CONTEXT() REPRESENTATION_CONTEXT('2D SPACE',''
  ) );
#6059 = ORIENTED_EDGE('',*,*,#5808,.T.);
#6060 = ORIENTED_EDGE('',*,*,#6012,.T.);
#6061 = ORIENTED_EDGE('',*,*,#5918,.F.);
#6062 = ADVANCED_FACE('',(#6063),#5850,.F.);
#6063 = FACE_BOUND('',#6064,.T.);
#6064 = EDGE_LOOP('',(#6065,#6066,#6067,#6068));
#6065 = ORIENTED_EDGE('',*,*,#5895,.T.);
#6066 = ORIENTED_EDGE('',*,*,#5988,.F.);
#6067 = ORIENTED_EDGE('',*,*,#5836,.F.);
#6068 = ORIENTED_EDGE('',*,*,#6039,.T.);
#6069 = ( GEOMETRIC_REPRESENTATION_CONTEXT(3) 
GLOBAL_UNCERTAINTY_ASSIGNED_CONTEXT((#6073)) 
GLOBAL_UNIT_ASSIGNED_CONTEXT((#6070,#6071,#6072)) REPRESENTATION_CONTEXT
('Context #1','3D Context with UNIT and UNCERTAINTY') );
#6070 = ( LENGTH_UNIT() NAMED_UNIT(*) SI_UNIT(.MILLI.,.METRE.) );
#6071 = ( NAMED_UNIT(*) PLANE_ANGLE_UNIT() SI_UNIT($,.RADIAN.) );
#6072 = ( NAMED_UNIT(*) SI_UNIT($,.STERADIAN.) SOLID_ANGLE_UNIT() );
#6073 = UNCERTAINTY_MEASURE_WITH_UNIT(LENGTH_MEASURE(1.E-07),#6070,
  'distance_accuracy_value','confusion accuracy');
#6074 = CONTEXT_DEPENDENT_SHAPE_REPRESENTATION(#6075,#6077);
#6075 = ( REPRESENTATION_RELATIONSHIP('','',#5738,#10) 
REPRESENTATION_RELATIONSHIP_WITH_TRANSFORMATION(#6076) 
SHAPE_REPRESENTATION_RELATIONSHIP() );
#6076 = ITEM_DEFINED_TRANSFORMATION('','',#11,#71);
#6077 = PRODUCT_DEFINITION_SHAPE('Placement','Placement of an item',
  #6078);
#6078 = NEXT_ASSEMBLY_USAGE_OCCURRENCE('266','','',#5,#5733,$);
#6079 = PRODUCT_RELATED_PRODUCT_CATEGORY('part',$,(#5735));
#6080 = SHAPE_DEFINITION_REPRESENTATION(#6081,#6087);
#6081 = PRODUCT_DEFINITION_SHAPE('','',#6082);
#6082 = PRODUCT_DEFINITION('design','',#6083,#6086);
#6083 = PRODUCT_DEFINITION_FORMATION('','',#6084);
#6084 = PRODUCT('Open CASCADE STEP translator 7.9 4.16',
  'Open CASCADE STEP translator 7.9 4.16','',(#6085));
#6085 = PRODUCT_CONTEXT('',#2,'mechanical');
#6086 = PRODUCT_DEFINITION_CONTEXT('part definition',#2,'design');
#6087 = ADVANCED_BREP_SHAPE_REPRESENTATION('',(#11,#6088),#6418);
#6088 = MANIFOLD_SOLID_BREP('',#6089);
#6089 = CLOSED_SHELL('',(#6090,#6210,#6310,#6357,#6384,#6411));
#6090 = ADVANCED_FACE('',(#6091),#6105,.F.);
#6091 = FACE_BOUND('',#6092,.T.);
#6092 = EDGE_LOOP('',(#6093,#6128,#6156,#6184));
#6093 = ORIENTED_EDGE('',*,*,#6094,.F.);
#6094 = EDGE_CURVE('',#6095,#6097,#6099,.T.);
#6095 = VERTEX_POINT('',#6096);
#6096 = CARTESIAN_POINT('',(566.4,1.2543E+03,2.565E+03));
#6097 = VERTEX_POINT('',#6098);
#6098 = CARTESIAN_POINT('',(828.4,1.2543E+03,2.565E+03));
#6099 = SURFACE_CURVE('',#6100,(#6104,#6116),.PCURVE_S1.);
#6100 = LINE('',#6101,#6102);
#6101 = CARTESIAN_POINT('',(697.4,1.2543E+03,2.565E+03));
#6102 = VECTOR('',#6103,1.);
#6103 = DIRECTION('',(1.,-1.110223024625E-16,0.));
#6104 = PCURVE('',#6105,#6110);
#6105 = PLANE('',#6106);
#6106 = AXIS2_PLACEMENT_3D('',#6107,#6108,#6109);
#6107 = CARTESIAN_POINT('',(853.4,1.2358E+03,2.565E+03));
#6108 = DIRECTION('',(0.,0.,1.));
#6109 = DIRECTION('',(1.110223024625E-16,1.,0.));
#6110 = DEFINITIONAL_REPRESENTATION('',(#6111),#6115);
#6111 = LINE('',#6112,#6113);
#6112 = CARTESIAN_POINT('',(18.5,156.));
#6113 = VECTOR('',#6114,1.);
#6114 = DIRECTION('',(0.,-1.));
#6115 = ( GEOMETRIC_REPRESENTATION_CONTEXT(2) 
PARAMETRIC_REPRESENTATION_CONTEXT() REPRESENTATION_CONTEXT('2D SPACE',''
  ) );
#6116 = PCURVE('',#6117,#6122);
#6117 = PLANE('',#6118);
#6118 = AXIS2_PLACEMENT_3D('',#6119,#6120,#6121);
#6119 = CARTESIAN_POINT('',(566.4,1.2543E+03,2.565E+03));
#6120 = DIRECTION('',(-1.110223024625E-16,-1.,0.));
#6121 = DIRECTION('',(1.,-1.110223024625E-16,0.));
#6122 = DEFINITIONAL_REPRESENTATION('',(#6123),#6127);
#6123 = LINE('',#6124,#6125);
#6124 = CARTESIAN_POINT('',(131.,0.));
#6125 = VECTOR('',#6126,1.);
#6126 = DIRECTION('',(1.,0.));
#6127 = ( GEOMETRIC_REPRESENTATION_CONTEXT(2) 
PARAMETRIC_REPRESENTATION_CONTEXT() REPRESENTATION_CONTEXT('2D SPACE',''
  ) );
#6128 = ORIENTED_EDGE('',*,*,#6129,.F.);
#6129 = EDGE_CURVE('',#6130,#6095,#6132,.T.);
#6130 = VERTEX_POINT('',#6131);
#6131 = CARTESIAN_POINT('',(566.4,1.4433E+03,2.565E+03));
#6132 = SURFACE_CURVE('',#6133,(#6137,#6144),.PCURVE_S1.);
#6133 = LINE('',#6134,#6135);
#6134 = CARTESIAN_POINT('',(566.4,1.3488E+03,2.565E+03));
#6135 = VECTOR('',#6136,1.);
#6136 = DIRECTION('',(-1.110223024625E-16,-1.,0.));
#6137 = PCURVE('',#6105,#6138);
#6138 = DEFINITIONAL_REPRESENTATION('',(#6139),#6143);
#6139 = LINE('',#6140,#6141);
#6140 = CARTESIAN_POINT('',(113.,287.));
#6141 = VECTOR('',#6142,1.);
#6142 = DIRECTION('',(-1.,0.));
#6143 = ( GEOMETRIC_REPRESENTATION_CONTEXT(2) 
PARAMETRIC_REPRESENTATION_CONTEXT() REPRESENTATION_CONTEXT('2D SPACE',''
  ) );
#6144 = PCURVE('',#6145,#6150);
#6145 = PLANE('',#6146);
#6146 = AXIS2_PLACEMENT_3D('',#6147,#6148,#6149);
#6147 = CARTESIAN_POINT('',(566.4,1.4433E+03,2.565E+03));
#6148 = DIRECTION('',(-1.,1.110223024625E-16,0.));
#6149 = DIRECTION('',(-1.110223024625E-16,-1.,0.));
#6150 = DEFINITIONAL_REPRESENTATION('',(#6151),#6155);
#6151 = LINE('',#6152,#6153);
#6152 = CARTESIAN_POINT('',(94.5,0.));
#6153 = VECTOR('',#6154,1.);
#6154 = DIRECTION('',(1.,0.));
#6155 = ( GEOMETRIC_REPRESENTATION_CONTEXT(2) 
PARAMETRIC_REPRESENTATION_CONTEXT() REPRESENTATION_CONTEXT('2D SPACE',''
  ) );
#6156 = ORIENTED_EDGE('',*,*,#6157,.F.);
#6157 = EDGE_CURVE('',#6158,#6130,#6160,.T.);
#6158 = VERTEX_POINT('',#6159);
#6159 = CARTESIAN_POINT('',(828.4,1.4433E+03,2.565E+03));
#6160 = SURFACE_CURVE('',#6161,(#6165,#6172),.PCURVE_S1.);
#6161 = LINE('',#6162,#6163);
#6162 = CARTESIAN_POINT('',(697.4,1.4433E+03,2.565E+03));
#6163 = VECTOR('',#6164,1.);
#6164 = DIRECTION('',(-1.,1.110223024625E-16,0.));
#6165 = PCURVE('',#6105,#6166);
#6166 = DEFINITIONAL_REPRESENTATION('',(#6167),#6171);
#6167 = LINE('',#6168,#6169);
#6168 = CARTESIAN_POINT('',(207.5,156.));
#6169 = VECTOR('',#6170,1.);
#6170 = DIRECTION('',(0.,1.));
#6171 = ( GEOMETRIC_REPRESENTATION_CONTEXT(2) 
PARAMETRIC_REPRESENTATION_CONTEXT() REPRESENTATION_CONTEXT('2D SPACE',''
  ) );
#6172 = PCURVE('',#6173,#6178);
#6173 = PLANE('',#6174);
#6174 = AXIS2_PLACEMENT_3D('',#6175,#6176,#6177);
#6175 = CARTESIAN_POINT('',(828.4,1.4433E+03,2.565E+03));
#6176 = DIRECTION('',(1.110223024625E-16,1.,0.));
#6177 = DIRECTION('',(-1.,1.110223024625E-16,0.));
#6178 = DEFINITIONAL_REPRESENTATION('',(#6179),#6183);
#6179 = LINE('',#6180,#6181);
#6180 = CARTESIAN_POINT('',(131.,0.));
#6181 = VECTOR('',#6182,1.);
#6182 = DIRECTION('',(1.,0.));
#6183 = ( GEOMETRIC_REPRESENTATION_CONTEXT(2) 
PARAMETRIC_REPRESENTATION_CONTEXT() REPRESENTATION_CONTEXT('2D SPACE',''
  ) );
#6184 = ORIENTED_EDGE('',*,*,#6185,.F.);
#6185 = EDGE_CURVE('',#6097,#6158,#6186,.T.);
#6186 = SURFACE_CURVE('',#6187,(#6191,#6198),.PCURVE_S1.);
#6187 = LINE('',#6188,#6189);
#6188 = CARTESIAN_POINT('',(828.4,1.3488E+03,2.565E+03));
#6189 = VECTOR('',#6190,1.);
#6190 = DIRECTION('',(1.110223024625E-16,1.,0.));
#6191 = PCURVE('',#6105,#6192);
#6192 = DEFINITIONAL_REPRESENTATION('',(#6193),#6197);
#6193 = LINE('',#6194,#6195);
#6194 = CARTESIAN_POINT('',(113.,25.));
#6195 = VECTOR('',#6196,1.);
#6196 = DIRECTION('',(1.,0.));
#6197 = ( GEOMETRIC_REPRESENTATION_CONTEXT(2) 
PARAMETRIC_REPRESENTATION_CONTEXT() REPRESENTATION_CONTEXT('2D SPACE',''
  ) );
#6198 = PCURVE('',#6199,#6204);
#6199 = PLANE('',#6200);
#6200 = AXIS2_PLACEMENT_3D('',#6201,#6202,#6203);
#6201 = CARTESIAN_POINT('',(828.4,1.2543E+03,2.565E+03));
#6202 = DIRECTION('',(1.,-1.110223024625E-16,0.));
#6203 = DIRECTION('',(1.110223024625E-16,1.,0.));
#6204 = DEFINITIONAL_REPRESENTATION('',(#6205),#6209);
#6205 = LINE('',#6206,#6207);
#6206 = CARTESIAN_POINT('',(94.5,0.));
#6207 = VECTOR('',#6208,1.);
#6208 = DIRECTION('',(1.,0.));
#6209 = ( GEOMETRIC_REPRESENTATION_CONTEXT(2) 
PARAMETRIC_REPRESENTATION_CONTEXT() REPRESENTATION_CONTEXT('2D SPACE',''
  ) );
#6210 = ADVANCED_FACE('',(#6211),#6225,.T.);
#6211 = FACE_BOUND('',#6212,.T.);
#6212 = EDGE_LOOP('',(#6213,#6243,#6266,#6289));
#6213 = ORIENTED_EDGE('',*,*,#6214,.T.);
#6214 = EDGE_CURVE('',#6215,#6217,#6219,.T.);
#6215 = VERTEX_POINT('',#6216);
#6216 = CARTESIAN_POINT('',(566.4,1.2543E+03,2.583E+03));
#6217 = VERTEX_POINT('',#6218);
#6218 = CARTESIAN_POINT('',(828.4,1.2543E+03,2.583E+03));
#6219 = SURFACE_CURVE('',#6220,(#6224,#6236),.PCURVE_S1.);
#6220 = LINE('',#6221,#6222);
#6221 = CARTESIAN_POINT('',(697.4,1.2543E+03,2.583E+03));
#6222 = VECTOR('',#6223,1.);
#6223 = DIRECTION('',(1.,-1.110223024625E-16,0.));
#6224 = PCURVE('',#6225,#6230);
#6225 = PLANE('',#6226);
#6226 = AXIS2_PLACEMENT_3D('',#6227,#6228,#6229);
#6227 = CARTESIAN_POINT('',(853.4,1.2358E+03,2.583E+03));
#6228 = DIRECTION('',(0.,0.,1.));
#6229 = DIRECTION('',(1.110223024625E-16,1.,0.));
#6230 = DEFINITIONAL_REPRESENTATION('',(#6231),#6235);
#6231 = LINE('',#6232,#6233);
#6232 = CARTESIAN_POINT('',(18.5,156.));
#6233 = VECTOR('',#6234,1.);
#6234 = DIRECTION('',(0.,-1.));
#6235 = ( GEOMETRIC_REPRESENTATION_CONTEXT(2) 
PARAMETRIC_REPRESENTATION_CONTEXT() REPRESENTATION_CONTEXT('2D SPACE',''
  ) );
#6236 = PCURVE('',#6117,#6237);
#6237 = DEFINITIONAL_REPRESENTATION('',(#6238),#6242);
#6238 = LINE('',#6239,#6240);
#6239 = CARTESIAN_POINT('',(131.,18.));
#6240 = VECTOR('',#6241,1.);
#6241 = DIRECTION('',(1.,0.));
#6242 = ( GEOMETRIC_REPRESENTATION_CONTEXT(2) 
PARAMETRIC_REPRESENTATION_CONTEXT() REPRESENTATION_CONTEXT('2D SPACE',''
  ) );
#6243 = ORIENTED_EDGE('',*,*,#6244,.T.);
#6244 = EDGE_CURVE('',#6217,#6245,#6247,.T.);
#6245 = VERTEX_POINT('',#6246);
#6246 = CARTESIAN_POINT('',(828.4,1.4433E+03,2.583E+03));
#6247 = SURFACE_CURVE('',#6248,(#6252,#6259),.PCURVE_S1.);
#6248 = LINE('',#6249,#6250);
#6249 = CARTESIAN_POINT('',(828.4,1.3488E+03,2.583E+03));
#6250 = VECTOR('',#6251,1.);
#6251 = DIRECTION('',(1.110223024625E-16,1.,0.));
#6252 = PCURVE('',#6225,#6253);
#6253 = DEFINITIONAL_REPRESENTATION('',(#6254),#6258);
#6254 = LINE('',#6255,#6256);
#6255 = CARTESIAN_POINT('',(113.,25.));
#6256 = VECTOR('',#6257,1.);
#6257 = DIRECTION('',(1.,0.));
#6258 = ( GEOMETRIC_REPRESENTATION_CONTEXT(2) 
PARAMETRIC_REPRESENTATION_CONTEXT() REPRESENTATION_CONTEXT('2D SPACE',''
  ) );
#6259 = PCURVE('',#6199,#6260);
#6260 = DEFINITIONAL_REPRESENTATION('',(#6261),#6265);
#6261 = LINE('',#6262,#6263);
#6262 = CARTESIAN_POINT('',(94.5,18.));
#6263 = VECTOR('',#6264,1.);
#6264 = DIRECTION('',(1.,0.));
#6265 = ( GEOMETRIC_REPRESENTATION_CONTEXT(2) 
PARAMETRIC_REPRESENTATION_CONTEXT() REPRESENTATION_CONTEXT('2D SPACE',''
  ) );
#6266 = ORIENTED_EDGE('',*,*,#6267,.T.);
#6267 = EDGE_CURVE('',#6245,#6268,#6270,.T.);
#6268 = VERTEX_POINT('',#6269);
#6269 = CARTESIAN_POINT('',(566.4,1.4433E+03,2.583E+03));
#6270 = SURFACE_CURVE('',#6271,(#6275,#6282),.PCURVE_S1.);
#6271 = LINE('',#6272,#6273);
#6272 = CARTESIAN_POINT('',(697.4,1.4433E+03,2.583E+03));
#6273 = VECTOR('',#6274,1.);
#6274 = DIRECTION('',(-1.,1.110223024625E-16,0.));
#6275 = PCURVE('',#6225,#6276);
#6276 = DEFINITIONAL_REPRESENTATION('',(#6277),#6281);
#6277 = LINE('',#6278,#6279);
#6278 = CARTESIAN_POINT('',(207.5,156.));
#6279 = VECTOR('',#6280,1.);
#6280 = DIRECTION('',(0.,1.));
#6281 = ( GEOMETRIC_REPRESENTATION_CONTEXT(2) 
PARAMETRIC_REPRESENTATION_CONTEXT() REPRESENTATION_CONTEXT('2D SPACE',''
  ) );
#6282 = PCURVE('',#6173,#6283);
#6283 = DEFINITIONAL_REPRESENTATION('',(#6284),#6288);
#6284 = LINE('',#6285,#6286);
#6285 = CARTESIAN_POINT('',(131.,18.));
#6286 = VECTOR('',#6287,1.);
#6287 = DIRECTION('',(1.,0.));
#6288 = ( GEOMETRIC_REPRESENTATION_CONTEXT(2) 
PARAMETRIC_REPRESENTATION_CONTEXT() REPRESENTATION_CONTEXT('2D SPACE',''
  ) );
#6289 = ORIENTED_EDGE('',*,*,#6290,.T.);
#6290 = EDGE_CURVE('',#6268,#6215,#6291,.T.);
#6291 = SURFACE_CURVE('',#6292,(#6296,#6303),.PCURVE_S1.);
#6292 = LINE('',#6293,#6294);
#6293 = CARTESIAN_POINT('',(566.4,1.3488E+03,2.583E+03));
#6294 = VECTOR('',#6295,1.);
#6295 = DIRECTION('',(-1.110223024625E-16,-1.,0.));
#6296 = PCURVE('',#6225,#6297);
#6297 = DEFINITIONAL_REPRESENTATION('',(#6298),#6302);
#6298 = LINE('',#6299,#6300);
#6299 = CARTESIAN_POINT('',(113.,287.));
#6300 = VECTOR('',#6301,1.);
#6301 = DIRECTION('',(-1.,0.));
#6302 = ( GEOMETRIC_REPRESENTATION_CONTEXT(2) 
PARAMETRIC_REPRESENTATION_CONTEXT() REPRESENTATION_CONTEXT('2D SPACE',''
  ) );
#6303 = PCURVE('',#6145,#6304);
#6304 = DEFINITIONAL_REPRESENTATION('',(#6305),#6309);
#6305 = LINE('',#6306,#6307);
#6306 = CARTESIAN_POINT('',(94.5,18.));
#6307 = VECTOR('',#6308,1.);
#6308 = DIRECTION('',(1.,0.));
#6309 = ( GEOMETRIC_REPRESENTATION_CONTEXT(2) 
PARAMETRIC_REPRESENTATION_CONTEXT() REPRESENTATION_CONTEXT('2D SPACE',''
  ) );
#6310 = ADVANCED_FACE('',(#6311),#6117,.T.);
#6311 = FACE_BOUND('',#6312,.T.);
#6312 = EDGE_LOOP('',(#6313,#6334,#6335,#6356));
#6313 = ORIENTED_EDGE('',*,*,#6314,.F.);
#6314 = EDGE_CURVE('',#6095,#6215,#6315,.T.);
#6315 = SURFACE_CURVE('',#6316,(#6320,#6327),.PCURVE_S1.);
#6316 = LINE('',#6317,#6318);
#6317 = CARTESIAN_POINT('',(566.4,1.2543E+03,2.574E+03));
#6318 = VECTOR('',#6319,1.);
#6319 = DIRECTION('',(0.,0.,1.));
#6320 = PCURVE('',#6117,#6321);
#6321 = DEFINITIONAL_REPRESENTATION('',(#6322),#6326);
#6322 = LINE('',#6323,#6324);
#6323 = CARTESIAN_POINT('',(0.,9.));
#6324 = VECTOR('',#6325,1.);
#6325 = DIRECTION('',(0.,1.));
#6326 = ( GEOMETRIC_REPRESENTATION_CONTEXT(2) 
PARAMETRIC_REPRESENTATION_CONTEXT() REPRESENTATION_CONTEXT('2D SPACE',''
  ) );
#6327 = PCURVE('',#6145,#6328);
#6328 = DEFINITIONAL_REPRESENTATION('',(#6329),#6333);
#6329 = LINE('',#6330,#6331);
#6330 = CARTESIAN_POINT('',(189.,9.));
#6331 = VECTOR('',#6332,1.);
#6332 = DIRECTION('',(0.,1.));
#6333 = ( GEOMETRIC_REPRESENTATION_CONTEXT(2) 
PARAMETRIC_REPRESENTATION_CONTEXT() REPRESENTATION_CONTEXT('2D SPACE',''
  ) );
#6334 = ORIENTED_EDGE('',*,*,#6094,.T.);
#6335 = ORIENTED_EDGE('',*,*,#6336,.T.);
#6336 = EDGE_CURVE('',#6097,#6217,#6337,.T.);
#6337 = SURFACE_CURVE('',#6338,(#6342,#6349),.PCURVE_S1.);
#6338 = LINE('',#6339,#6340);
#6339 = CARTESIAN_POINT('',(828.4,1.2543E+03,2.574E+03));
#6340 = VECTOR('',#6341,1.);
#6341 = DIRECTION('',(0.,0.,1.));
#6342 = PCURVE('',#6117,#6343);
#6343 = DEFINITIONAL_REPRESENTATION('',(#6344),#6348);
#6344 = LINE('',#6345,#6346);
#6345 = CARTESIAN_POINT('',(262.,9.));
#6346 = VECTOR('',#6347,1.);
#6347 = DIRECTION('',(0.,1.));
#6348 = ( GEOMETRIC_REPRESENTATION_CONTEXT(2) 
PARAMETRIC_REPRESENTATION_CONTEXT() REPRESENTATION_CONTEXT('2D SPACE',''
  ) );
#6349 = PCURVE('',#6199,#6350);
#6350 = DEFINITIONAL_REPRESENTATION('',(#6351),#6355);
#6351 = LINE('',#6352,#6353);
#6352 = CARTESIAN_POINT('',(0.,9.));
#6353 = VECTOR('',#6354,1.);
#6354 = DIRECTION('',(0.,1.));
#6355 = ( GEOMETRIC_REPRESENTATION_CONTEXT(2) 
PARAMETRIC_REPRESENTATION_CONTEXT() REPRESENTATION_CONTEXT('2D SPACE',''
  ) );
#6356 = ORIENTED_EDGE('',*,*,#6214,.F.);
#6357 = ADVANCED_FACE('',(#6358),#6145,.T.);
#6358 = FACE_BOUND('',#6359,.T.);
#6359 = EDGE_LOOP('',(#6360,#6381,#6382,#6383));
#6360 = ORIENTED_EDGE('',*,*,#6361,.F.);
#6361 = EDGE_CURVE('',#6130,#6268,#6362,.T.);
#6362 = SURFACE_CURVE('',#6363,(#6367,#6374),.PCURVE_S1.);
#6363 = LINE('',#6364,#6365);
#6364 = CARTESIAN_POINT('',(566.4,1.4433E+03,2.574E+03));
#6365 = VECTOR('',#6366,1.);
#6366 = DIRECTION('',(0.,0.,1.));
#6367 = PCURVE('',#6145,#6368);
#6368 = DEFINITIONAL_REPRESENTATION('',(#6369),#6373);
#6369 = LINE('',#6370,#6371);
#6370 = CARTESIAN_POINT('',(0.,9.));
#6371 = VECTOR('',#6372,1.);
#6372 = DIRECTION('',(0.,1.));
#6373 = ( GEOMETRIC_REPRESENTATION_CONTEXT(2) 
PARAMETRIC_REPRESENTATION_CONTEXT() REPRESENTATION_CONTEXT('2D SPACE',''
  ) );
#6374 = PCURVE('',#6173,#6375);
#6375 = DEFINITIONAL_REPRESENTATION('',(#6376),#6380);
#6376 = LINE('',#6377,#6378);
#6377 = CARTESIAN_POINT('',(262.,9.));
#6378 = VECTOR('',#6379,1.);
#6379 = DIRECTION('',(0.,1.));
#6380 = ( GEOMETRIC_REPRESENTATION_CONTEXT(2) 
PARAMETRIC_REPRESENTATION_CONTEXT() REPRESENTATION_CONTEXT('2D SPACE',''
  ) );
#6381 = ORIENTED_EDGE('',*,*,#6129,.T.);
#6382 = ORIENTED_EDGE('',*,*,#6314,.T.);
#6383 = ORIENTED_EDGE('',*,*,#6290,.F.);
#6384 = ADVANCED_FACE('',(#6385),#6173,.T.);
#6385 = FACE_BOUND('',#6386,.T.);
#6386 = EDGE_LOOP('',(#6387,#6408,#6409,#6410));
#6387 = ORIENTED_EDGE('',*,*,#6388,.F.);
#6388 = EDGE_CURVE('',#6158,#6245,#6389,.T.);
#6389 = SURFACE_CURVE('',#6390,(#6394,#6401),.PCURVE_S1.);
#6390 = LINE('',#6391,#6392);
#6391 = CARTESIAN_POINT('',(828.4,1.4433E+03,2.574E+03));
#6392 = VECTOR('',#6393,1.);
#6393 = DIRECTION('',(0.,0.,1.));
#6394 = PCURVE('',#6173,#6395);
#6395 = DEFINITIONAL_REPRESENTATION('',(#6396),#6400);
#6396 = LINE('',#6397,#6398);
#6397 = CARTESIAN_POINT('',(0.,9.));
#6398 = VECTOR('',#6399,1.);
#6399 = DIRECTION('',(0.,1.));
#6400 = ( GEOMETRIC_REPRESENTATION_CONTEXT(2) 
PARAMETRIC_REPRESENTATION_CONTEXT() REPRESENTATION_CONTEXT('2D SPACE',''
  ) );
#6401 = PCURVE('',#6199,#6402);
#6402 = DEFINITIONAL_REPRESENTATION('',(#6403),#6407);
#6403 = LINE('',#6404,#6405);
#6404 = CARTESIAN_POINT('',(189.,9.));
#6405 = VECTOR('',#6406,1.);
#6406 = DIRECTION('',(0.,1.));
#6407 = ( GEOMETRIC_REPRESENTATION_CONTEXT(2) 
PARAMETRIC_REPRESENTATION_CONTEXT() REPRESENTATION_CONTEXT('2D SPACE',''
  ) );
#6408 = ORIENTED_EDGE('',*,*,#6157,.T.);
#6409 = ORIENTED_EDGE('',*,*,#6361,.T.);
#6410 = ORIENTED_EDGE('',*,*,#6267,.F.);
#6411 = ADVANCED_FACE('',(#6412),#6199,.T.);
#6412 = FACE_BOUND('',#6413,.T.);
#6413 = EDGE_LOOP('',(#6414,#6415,#6416,#6417));
#6414 = ORIENTED_EDGE('',*,*,#6336,.F.);
#6415 = ORIENTED_EDGE('',*,*,#6185,.T.);
#6416 = ORIENTED_EDGE('',*,*,#6388,.T.);
#6417 = ORIENTED_EDGE('',*,*,#6244,.F.);
#6418 = ( GEOMETRIC_REPRESENTATION_CONTEXT(3) 
GLOBAL_UNCERTAINTY_ASSIGNED_CONTEXT((#6422)) 
GLOBAL_UNIT_ASSIGNED_CONTEXT((#6419,#6420,#6421)) REPRESENTATION_CONTEXT
('Context #1','3D Context with UNIT and UNCERTAINTY') );
#6419 = ( LENGTH_UNIT() NAMED_UNIT(*) SI_UNIT(.MILLI.,.METRE.) );
#6420 = ( NAMED_UNIT(*) PLANE_ANGLE_UNIT() SI_UNIT($,.RADIAN.) );
#6421 = ( NAMED_UNIT(*) SI_UNIT($,.STERADIAN.) SOLID_ANGLE_UNIT() );
#6422 = UNCERTAINTY_MEASURE_WITH_UNIT(LENGTH_MEASURE(1.E-07),#6419,
  'distance_accuracy_value','confusion accuracy');
#6423 = CONTEXT_DEPENDENT_SHAPE_REPRESENTATION(#6424,#6426);
#6424 = ( REPRESENTATION_RELATIONSHIP('','',#6087,#10) 
REPRESENTATION_RELATIONSHIP_WITH_TRANSFORMATION(#6425) 
SHAPE_REPRESENTATION_RELATIONSHIP() );
#6425 = ITEM_DEFINED_TRANSFORMATION('','',#11,#75);
#6426 = PRODUCT_DEFINITION_SHAPE('Placement','Placement of an item',
  #6427);
#6427 = NEXT_ASSEMBLY_USAGE_OCCURRENCE('267','','',#5,#6082,$);
#6428 = PRODUCT_RELATED_PRODUCT_CATEGORY('part',$,(#6084));
#6429 = SHAPE_DEFINITION_REPRESENTATION(#6430,#6436);
#6430 = PRODUCT_DEFINITION_SHAPE('','',#6431);
#6431 = PRODUCT_DEFINITION('design','',#6432,#6435);
#6432 = PRODUCT_DEFINITION_FORMATION('','',#6433);
#6433 = PRODUCT('Open CASCADE STEP translator 7.9 4.17',
  'Open CASCADE STEP translator 7.9 4.17','',(#6434));
#6434 = PRODUCT_CONTEXT('',#2,'mechanical');
#6435 = PRODUCT_DEFINITION_CONTEXT('part definition',#2,'design');
#6436 = ADVANCED_BREP_SHAPE_REPRESENTATION('',(#11,#6437),#6767);
#6437 = MANIFOLD_SOLID_BREP('',#6438);
#6438 = CLOSED_SHELL('',(#6439,#6559,#6659,#6706,#6733,#6760));
#6439 = ADVANCED_FACE('',(#6440),#6454,.F.);
#6440 = FACE_BOUND('',#6441,.T.);
#6441 = EDGE_LOOP('',(#6442,#6477,#6505,#6533));
#6442 = ORIENTED_EDGE('',*,*,#6443,.F.);
#6443 = EDGE_CURVE('',#6444,#6446,#6448,.T.);
#6444 = VERTEX_POINT('',#6445);
#6445 = CARTESIAN_POINT('',(566.4,1.2543E+03,2.565E+03));
#6446 = VERTEX_POINT('',#6447);
#6447 = CARTESIAN_POINT('',(828.4,1.2543E+03,2.565E+03));
#6448 = SURFACE_CURVE('',#6449,(#6453,#6465),.PCURVE_S1.);
#6449 = LINE('',#6450,#6451);
#6450 = CARTESIAN_POINT('',(697.4,1.2543E+03,2.565E+03));
#6451 = VECTOR('',#6452,1.);
#6452 = DIRECTION('',(1.,-1.110223024625E-16,0.));
#6453 = PCURVE('',#6454,#6459);
#6454 = PLANE('',#6455);
#6455 = AXIS2_PLACEMENT_3D('',#6456,#6457,#6458);
#6456 = CARTESIAN_POINT('',(853.4,1.2358E+03,2.565E+03));
#6457 = DIRECTION('',(0.,0.,1.));
#6458 = DIRECTION('',(1.110223024625E-16,1.,0.));
#6459 = DEFINITIONAL_REPRESENTATION('',(#6460),#6464);
#6460 = LINE('',#6461,#6462);
#6461 = CARTESIAN_POINT('',(18.5,156.));
#6462 = VECTOR('',#6463,1.);
#6463 = DIRECTION('',(0.,-1.));
#6464 = ( GEOMETRIC_REPRESENTATION_CONTEXT(2) 
PARAMETRIC_REPRESENTATION_CONTEXT() REPRESENTATION_CONTEXT('2D SPACE',''
  ) );
#6465 = PCURVE('',#6466,#6471);
#6466 = PLANE('',#6467);
#6467 = AXIS2_PLACEMENT_3D('',#6468,#6469,#6470);
#6468 = CARTESIAN_POINT('',(566.4,1.2543E+03,2.565E+03));
#6469 = DIRECTION('',(-1.110223024625E-16,-1.,0.));
#6470 = DIRECTION('',(1.,-1.110223024625E-16,0.));
#6471 = DEFINITIONAL_REPRESENTATION('',(#6472),#6476);
#6472 = LINE('',#6473,#6474);
#6473 = CARTESIAN_POINT('',(131.,0.));
#6474 = VECTOR('',#6475,1.);
#6475 = DIRECTION('',(1.,0.));
#6476 = ( GEOMETRIC_REPRESENTATION_CONTEXT(2) 
PARAMETRIC_REPRESENTATION_CONTEXT() REPRESENTATION_CONTEXT('2D SPACE',''
  ) );
#6477 = ORIENTED_EDGE('',*,*,#6478,.F.);
#6478 = EDGE_CURVE('',#6479,#6444,#6481,.T.);
#6479 = VERTEX_POINT('',#6480);
#6480 = CARTESIAN_POINT('',(566.4,1.4433E+03,2.565E+03));
#6481 = SURFACE_CURVE('',#6482,(#6486,#6493),.PCURVE_S1.);
#6482 = LINE('',#6483,#6484);
#6483 = CARTESIAN_POINT('',(566.4,1.3488E+03,2.565E+03));
#6484 = VECTOR('',#6485,1.);
#6485 = DIRECTION('',(-1.110223024625E-16,-1.,0.));
#6486 = PCURVE('',#6454,#6487);
#6487 = DEFINITIONAL_REPRESENTATION('',(#6488),#6492);
#6488 = LINE('',#6489,#6490);
#6489 = CARTESIAN_POINT('',(113.,287.));
#6490 = VECTOR('',#6491,1.);
#6491 = DIRECTION('',(-1.,0.));
#6492 = ( GEOMETRIC_REPRESENTATION_CONTEXT(2) 
PARAMETRIC_REPRESENTATION_CONTEXT() REPRESENTATION_CONTEXT('2D SPACE',''
  ) );
#6493 = PCURVE('',#6494,#6499);
#6494 = PLANE('',#6495);
#6495 = AXIS2_PLACEMENT_3D('',#6496,#6497,#6498);
#6496 = CARTESIAN_POINT('',(566.4,1.4433E+03,2.565E+03));
#6497 = DIRECTION('',(-1.,1.110223024625E-16,0.));
#6498 = DIRECTION('',(-1.110223024625E-16,-1.,0.));
#6499 = DEFINITIONAL_REPRESENTATION('',(#6500),#6504);
#6500 = LINE('',#6501,#6502);
#6501 = CARTESIAN_POINT('',(94.5,0.));
#6502 = VECTOR('',#6503,1.);
#6503 = DIRECTION('',(1.,0.));
#6504 = ( GEOMETRIC_REPRESENTATION_CONTEXT(2) 
PARAMETRIC_REPRESENTATION_CONTEXT() REPRESENTATION_CONTEXT('2D SPACE',''
  ) );
#6505 = ORIENTED_EDGE('',*,*,#6506,.F.);
#6506 = EDGE_CURVE('',#6507,#6479,#6509,.T.);
#6507 = VERTEX_POINT('',#6508);
#6508 = CARTESIAN_POINT('',(828.4,1.4433E+03,2.565E+03));
#6509 = SURFACE_CURVE('',#6510,(#6514,#6521),.PCURVE_S1.);
#6510 = LINE('',#6511,#6512);
#6511 = CARTESIAN_POINT('',(697.4,1.4433E+03,2.565E+03));
#6512 = VECTOR('',#6513,1.);
#6513 = DIRECTION('',(-1.,1.110223024625E-16,0.));
#6514 = PCURVE('',#6454,#6515);
#6515 = DEFINITIONAL_REPRESENTATION('',(#6516),#6520);
#6516 = LINE('',#6517,#6518);
#6517 = CARTESIAN_POINT('',(207.5,156.));
#6518 = VECTOR('',#6519,1.);
#6519 = DIRECTION('',(0.,1.));
#6520 = ( GEOMETRIC_REPRESENTATION_CONTEXT(2) 
PARAMETRIC_REPRESENTATION_CONTEXT() REPRESENTATION_CONTEXT('2D SPACE',''
  ) );
#6521 = PCURVE('',#6522,#6527);
#6522 = PLANE('',#6523);
#6523 = AXIS2_PLACEMENT_3D('',#6524,#6525,#6526);
#6524 = CARTESIAN_POINT('',(828.4,1.4433E+03,2.565E+03));
#6525 = DIRECTION('',(1.110223024625E-16,1.,0.));
#6526 = DIRECTION('',(-1.,1.110223024625E-16,0.));
#6527 = DEFINITIONAL_REPRESENTATION('',(#6528),#6532);
#6528 = LINE('',#6529,#6530);
#6529 = CARTESIAN_POINT('',(131.,0.));
#6530 = VECTOR('',#6531,1.);
#6531 = DIRECTION('',(1.,0.));
#6532 = ( GEOMETRIC_REPRESENTATION_CONTEXT(2) 
PARAMETRIC_REPRESENTATION_CONTEXT() REPRESENTATION_CONTEXT('2D SPACE',''
  ) );
#6533 = ORIENTED_EDGE('',*,*,#6534,.F.);
#6534 = EDGE_CURVE('',#6446,#6507,#6535,.T.);
#6535 = SURFACE_CURVE('',#6536,(#6540,#6547),.PCURVE_S1.);
#6536 = LINE('',#6537,#6538);
#6537 = CARTESIAN_POINT('',(828.4,1.3488E+03,2.565E+03));
#6538 = VECTOR('',#6539,1.);
#6539 = DIRECTION('',(1.110223024625E-16,1.,0.));
#6540 = PCURVE('',#6454,#6541);
#6541 = DEFINITIONAL_REPRESENTATION('',(#6542),#6546);
#6542 = LINE('',#6543,#6544);
#6543 = CARTESIAN_POINT('',(113.,25.));
#6544 = VECTOR('',#6545,1.);
#6545 = DIRECTION('',(1.,0.));
#6546 = ( GEOMETRIC_REPRESENTATION_CONTEXT(2) 
PARAMETRIC_REPRESENTATION_CONTEXT() REPRESENTATION_CONTEXT('2D SPACE',''
  ) );
#6547 = PCURVE('',#6548,#6553);
#6548 = PLANE('',#6549);
#6549 = AXIS2_PLACEMENT_3D('',#6550,#6551,#6552);
#6550 = CARTESIAN_POINT('',(828.4,1.2543E+03,2.565E+03));
#6551 = DIRECTION('',(1.,-1.110223024625E-16,0.));
#6552 = DIRECTION('',(1.110223024625E-16,1.,0.));
#6553 = DEFINITIONAL_REPRESENTATION('',(#6554),#6558);
#6554 = LINE('',#6555,#6556);
#6555 = CARTESIAN_POINT('',(94.5,0.));
#6556 = VECTOR('',#6557,1.);
#6557 = DIRECTION('',(1.,0.));
#6558 = ( GEOMETRIC_REPRESENTATION_CONTEXT(2) 
PARAMETRIC_REPRESENTATION_CONTEXT() REPRESENTATION_CONTEXT('2D SPACE',''
  ) );
#6559 = ADVANCED_FACE('',(#6560),#6574,.T.);
#6560 = FACE_BOUND('',#6561,.T.);
#6561 = EDGE_LOOP('',(#6562,#6592,#6615,#6638));
#6562 = ORIENTED_EDGE('',*,*,#6563,.T.);
#6563 = EDGE_CURVE('',#6564,#6566,#6568,.T.);
#6564 = VERTEX_POINT('',#6565);
#6565 = CARTESIAN_POINT('',(566.4,1.2543E+03,2.583E+03));
#6566 = VERTEX_POINT('',#6567);
#6567 = CARTESIAN_POINT('',(828.4,1.2543E+03,2.583E+03));
#6568 = SURFACE_CURVE('',#6569,(#6573,#6585),.PCURVE_S1.);
#6569 = LINE('',#6570,#6571);
#6570 = CARTESIAN_POINT('',(697.4,1.2543E+03,2.583E+03));
#6571 = VECTOR('',#6572,1.);
#6572 = DIRECTION('',(1.,-1.110223024625E-16,0.));
#6573 = PCURVE('',#6574,#6579);
#6574 = PLANE('',#6575);
#6575 = AXIS2_PLACEMENT_3D('',#6576,#6577,#6578);
#6576 = CARTESIAN_POINT('',(853.4,1.2358E+03,2.583E+03));
#6577 = DIRECTION('',(0.,0.,1.));
#6578 = DIRECTION('',(1.110223024625E-16,1.,0.));
#6579 = DEFINITIONAL_REPRESENTATION('',(#6580),#6584);
#6580 = LINE('',#6581,#6582);
#6581 = CARTESIAN_POINT('',(18.5,156.));
#6582 = VECTOR('',#6583,1.);
#6583 = DIRECTION('',(0.,-1.));
#6584 = ( GEOMETRIC_REPRESENTATION_CONTEXT(2) 
PARAMETRIC_REPRESENTATION_CONTEXT() REPRESENTATION_CONTEXT('2D SPACE',''
  ) );
#6585 = PCURVE('',#6466,#6586);
#6586 = DEFINITIONAL_REPRESENTATION('',(#6587),#6591);
#6587 = LINE('',#6588,#6589);
#6588 = CARTESIAN_POINT('',(131.,18.));
#6589 = VECTOR('',#6590,1.);
#6590 = DIRECTION('',(1.,0.));
#6591 = ( GEOMETRIC_REPRESENTATION_CONTEXT(2) 
PARAMETRIC_REPRESENTATION_CONTEXT() REPRESENTATION_CONTEXT('2D SPACE',''
  ) );
#6592 = ORIENTED_EDGE('',*,*,#6593,.T.);
#6593 = EDGE_CURVE('',#6566,#6594,#6596,.T.);
#6594 = VERTEX_POINT('',#6595);
#6595 = CARTESIAN_POINT('',(828.4,1.4433E+03,2.583E+03));
#6596 = SURFACE_CURVE('',#6597,(#6601,#6608),.PCURVE_S1.);
#6597 = LINE('',#6598,#6599);
#6598 = CARTESIAN_POINT('',(828.4,1.3488E+03,2.583E+03));
#6599 = VECTOR('',#6600,1.);
#6600 = DIRECTION('',(1.110223024625E-16,1.,0.));
#6601 = PCURVE('',#6574,#6602);
#6602 = DEFINITIONAL_REPRESENTATION('',(#6603),#6607);
#6603 = LINE('',#6604,#6605);
#6604 = CARTESIAN_POINT('',(113.,25.));
#6605 = VECTOR('',#6606,1.);
#6606 = DIRECTION('',(1.,0.));
#6607 = ( GEOMETRIC_REPRESENTATION_CONTEXT(2) 
PARAMETRIC_REPRESENTATION_CONTEXT() REPRESENTATION_CONTEXT('2D SPACE',''
  ) );
#6608 = PCURVE('',#6548,#6609);
#6609 = DEFINITIONAL_REPRESENTATION('',(#6610),#6614);
#6610 = LINE('',#6611,#6612);
#6611 = CARTESIAN_POINT('',(94.5,18.));
#6612 = VECTOR('',#6613,1.);
#6613 = DIRECTION('',(1.,0.));
#6614 = ( GEOMETRIC_REPRESENTATION_CONTEXT(2) 
PARAMETRIC_REPRESENTATION_CONTEXT() REPRESENTATION_CONTEXT('2D SPACE',''
  ) );
#6615 = ORIENTED_EDGE('',*,*,#6616,.T.);
#6616 = EDGE_CURVE('',#6594,#6617,#6619,.T.);
#6617 = VERTEX_POINT('',#6618);
#6618 = CARTESIAN_POINT('',(566.4,1.4433E+03,2.583E+03));
#6619 = SURFACE_CURVE('',#6620,(#6624,#6631),.PCURVE_S1.);
#6620 = LINE('',#6621,#6622);
#6621 = CARTESIAN_POINT('',(697.4,1.4433E+03,2.583E+03));
#6622 = VECTOR('',#6623,1.);
#6623 = DIRECTION('',(-1.,1.110223024625E-16,0.));
#6624 = PCURVE('',#6574,#6625);
#6625 = DEFINITIONAL_REPRESENTATION('',(#6626),#6630);
#6626 = LINE('',#6627,#6628);
#6627 = CARTESIAN_POINT('',(207.5,156.));
#6628 = VECTOR('',#6629,1.);
#6629 = DIRECTION('',(0.,1.));
#6630 = ( GEOMETRIC_REPRESENTATION_CONTEXT(2) 
PARAMETRIC_REPRESENTATION_CONTEXT() REPRESENTATION_CONTEXT('2D SPACE',''
  ) );
#6631 = PCURVE('',#6522,#6632);
#6632 = DEFINITIONAL_REPRESENTATION('',(#6633),#6637);
#6633 = LINE('',#6634,#6635);
#6634 = CARTESIAN_POINT('',(131.,18.));
#6635 = VECTOR('',#6636,1.);
#6636 = DIRECTION('',(1.,0.));
#6637 = ( GEOMETRIC_REPRESENTATION_CONTEXT(2) 
PARAMETRIC_REPRESENTATION_CONTEXT() REPRESENTATION_CONTEXT('2D SPACE',''
  ) );
#6638 = ORIENTED_EDGE('',*,*,#6639,.T.);
#6639 = EDGE_CURVE('',#6617,#6564,#6640,.T.);
#6640 = SURFACE_CURVE('',#6641,(#6645,#6652),.PCURVE_S1.);
#6641 = LINE('',#6642,#6643);
#6642 = CARTESIAN_POINT('',(566.4,1.3488E+03,2.583E+03));
#6643 = VECTOR('',#6644,1.);
#6644 = DIRECTION('',(-1.110223024625E-16,-1.,0.));
#6645 = PCURVE('',#6574,#6646);
#6646 = DEFINITIONAL_REPRESENTATION('',(#6647),#6651);
#6647 = LINE('',#6648,#6649);
#6648 = CARTESIAN_POINT('',(113.,287.));
#6649 = VECTOR('',#6650,1.);
#6650 = DIRECTION('',(-1.,0.));
#6651 = ( GEOMETRIC_REPRESENTATION_CONTEXT(2) 
PARAMETRIC_REPRESENTATION_CONTEXT() REPRESENTATION_CONTEXT('2D SPACE',''
  ) );
#6652 = PCURVE('',#6494,#6653);
#6653 = DEFINITIONAL_REPRESENTATION('',(#6654),#6658);
#6654 = LINE('',#6655,#6656);
#6655 = CARTESIAN_POINT('',(94.5,18.));
#6656 = VECTOR('',#6657,1.);
#6657 = DIRECTION('',(1.,0.));
#6658 = ( GEOMETRIC_REPRESENTATION_CONTEXT(2) 
PARAMETRIC_REPRESENTATION_CONTEXT() REPRESENTATION_CONTEXT('2D SPACE',''
  ) );
#6659 = ADVANCED_FACE('',(#6660),#6466,.T.);
#6660 = FACE_BOUND('',#6661,.T.);
#6661 = EDGE_LOOP('',(#6662,#6683,#6684,#6705));
#6662 = ORIENTED_EDGE('',*,*,#6663,.F.);
#6663 = EDGE_CURVE('',#6444,#6564,#6664,.T.);
#6664 = SURFACE_CURVE('',#6665,(#6669,#6676),.PCURVE_S1.);
#6665 = LINE('',#6666,#6667);
#6666 = CARTESIAN_POINT('',(566.4,1.2543E+03,2.574E+03));
#6667 = VECTOR('',#6668,1.);
#6668 = DIRECTION('',(0.,0.,1.));
#6669 = PCURVE('',#6466,#6670);
#6670 = DEFINITIONAL_REPRESENTATION('',(#6671),#6675);
#6671 = LINE('',#6672,#6673);
#6672 = CARTESIAN_POINT('',(0.,9.));
#6673 = VECTOR('',#6674,1.);
#6674 = DIRECTION('',(0.,1.));
#6675 = ( GEOMETRIC_REPRESENTATION_CONTEXT(2) 
PARAMETRIC_REPRESENTATION_CONTEXT() REPRESENTATION_CONTEXT('2D SPACE',''
  ) );
#6676 = PCURVE('',#6494,#6677);
#6677 = DEFINITIONAL_REPRESENTATION('',(#6678),#6682);
#6678 = LINE('',#6679,#6680);
#6679 = CARTESIAN_POINT('',(189.,9.));
#6680 = VECTOR('',#6681,1.);
#6681 = DIRECTION('',(0.,1.));
#6682 = ( GEOMETRIC_REPRESENTATION_CONTEXT(2) 
PARAMETRIC_REPRESENTATION_CONTEXT() REPRESENTATION_CONTEXT('2D SPACE',''
  ) );
#6683 = ORIENTED_EDGE('',*,*,#6443,.T.);
#6684 = ORIENTED_EDGE('',*,*,#6685,.T.);
#6685 = EDGE_CURVE('',#6446,#6566,#6686,.T.);
#6686 = SURFACE_CURVE('',#6687,(#6691,#6698),.PCURVE_S1.);
#6687 = LINE('',#6688,#6689);
#6688 = CARTESIAN_POINT('',(828.4,1.2543E+03,2.574E+03));
#6689 = VECTOR('',#6690,1.);
#6690 = DIRECTION('',(0.,0.,1.));
#6691 = PCURVE('',#6466,#6692);
#6692 = DEFINITIONAL_REPRESENTATION('',(#6693),#6697);
#6693 = LINE('',#6694,#6695);
#6694 = CARTESIAN_POINT('',(262.,9.));
#6695 = VECTOR('',#6696,1.);
#6696 = DIRECTION('',(0.,1.));
#6697 = ( GEOMETRIC_REPRESENTATION_CONTEXT(2) 
PARAMETRIC_REPRESENTATION_CONTEXT() REPRESENTATION_CONTEXT('2D SPACE',''
  ) );
#6698 = PCURVE('',#6548,#6699);
#6699 = DEFINITIONAL_REPRESENTATION('',(#6700),#6704);
#6700 = LINE('',#6701,#6702);
#6701 = CARTESIAN_POINT('',(0.,9.));
#6702 = VECTOR('',#6703,1.);
#6703 = DIRECTION('',(0.,1.));
#6704 = ( GEOMETRIC_REPRESENTATION_CONTEXT(2) 
PARAMETRIC_REPRESENTATION_CONTEXT() REPRESENTATION_CONTEXT('2D SPACE',''
  ) );
#6705 = ORIENTED_EDGE('',*,*,#6563,.F.);
#6706 = ADVANCED_FACE('',(#6707),#6494,.T.);
#6707 = FACE_BOUND('',#6708,.T.);
#6708 = EDGE_LOOP('',(#6709,#6730,#6731,#6732));
#6709 = ORIENTED_EDGE('',*,*,#6710,.F.);
#6710 = EDGE_CURVE('',#6479,#6617,#6711,.T.);
#6711 = SURFACE_CURVE('',#6712,(#6716,#6723),.PCURVE_S1.);
#6712 = LINE('',#6713,#6714);
#6713 = CARTESIAN_POINT('',(566.4,1.4433E+03,2.574E+03));
#6714 = VECTOR('',#6715,1.);
#6715 = DIRECTION('',(0.,0.,1.));
#6716 = PCURVE('',#6494,#6717);
#6717 = DEFINITIONAL_REPRESENTATION('',(#6718),#6722);
#6718 = LINE('',#6719,#6720);
#6719 = CARTESIAN_POINT('',(0.,9.));
#6720 = VECTOR('',#6721,1.);
#6721 = DIRECTION('',(0.,1.));
#6722 = ( GEOMETRIC_REPRESENTATION_CONTEXT(2) 
PARAMETRIC_REPRESENTATION_CONTEXT() REPRESENTATION_CONTEXT('2D SPACE',''
  ) );
#6723 = PCURVE('',#6522,#6724);
#6724 = DEFINITIONAL_REPRESENTATION('',(#6725),#6729);
#6725 = LINE('',#6726,#6727);
#6726 = CARTESIAN_POINT('',(262.,9.));
#6727 = VECTOR('',#6728,1.);
#6728 = DIRECTION('',(0.,1.));
#6729 = ( GEOMETRIC_REPRESENTATION_CONTEXT(2) 
PARAMETRIC_REPRESENTATION_CONTEXT() REPRESENTATION_CONTEXT('2D SPACE',''
  ) );
#6730 = ORIENTED_EDGE('',*,*,#6478,.T.);
#6731 = ORIENTED_EDGE('',*,*,#6663,.T.);
#6732 = ORIENTED_EDGE('',*,*,#6639,.F.);
#6733 = ADVANCED_FACE('',(#6734),#6522,.T.);
#6734 = FACE_BOUND('',#6735,.T.);
#6735 = EDGE_LOOP('',(#6736,#6757,#6758,#6759));
#6736 = ORIENTED_EDGE('',*,*,#6737,.F.);
#6737 = EDGE_CURVE('',#6507,#6594,#6738,.T.);
#6738 = SURFACE_CURVE('',#6739,(#6743,#6750),.PCURVE_S1.);
#6739 = LINE('',#6740,#6741);
#6740 = CARTESIAN_POINT('',(828.4,1.4433E+03,2.574E+03));
#6741 = VECTOR('',#6742,1.);
#6742 = DIRECTION('',(0.,0.,1.));
#6743 = PCURVE('',#6522,#6744);
#6744 = DEFINITIONAL_REPRESENTATION('',(#6745),#6749);
#6745 = LINE('',#6746,#6747);
#6746 = CARTESIAN_POINT('',(0.,9.));
#6747 = VECTOR('',#6748,1.);
#6748 = DIRECTION('',(0.,1.));
#6749 = ( GEOMETRIC_REPRESENTATION_CONTEXT(2) 
PARAMETRIC_REPRESENTATION_CONTEXT() REPRESENTATION_CONTEXT('2D SPACE',''
  ) );
#6750 = PCURVE('',#6548,#6751);
#6751 = DEFINITIONAL_REPRESENTATION('',(#6752),#6756);
#6752 = LINE('',#6753,#6754);
#6753 = CARTESIAN_POINT('',(189.,9.));
#6754 = VECTOR('',#6755,1.);
#6755 = DIRECTION('',(0.,1.));
#6756 = ( GEOMETRIC_REPRESENTATION_CONTEXT(2) 
PARAMETRIC_REPRESENTATION_CONTEXT() REPRESENTATION_CONTEXT('2D SPACE',''
  ) );
#6757 = ORIENTED_EDGE('',*,*,#6506,.T.);
#6758 = ORIENTED_EDGE('',*,*,#6710,.T.);
#6759 = ORIENTED_EDGE('',*,*,#6616,.F.);
#6760 = ADVANCED_FACE('',(#6761),#6548,.T.);
#6761 = FACE_BOUND('',#6762,.T.);
#6762 = EDGE_LOOP('',(#6763,#6764,#6765,#6766));
#6763 = ORIENTED_EDGE('',*,*,#6685,.F.);
#6764 = ORIENTED_EDGE('',*,*,#6534,.T.);
#6765 = ORIENTED_EDGE('',*,*,#6737,.T.);
#6766 = ORIENTED_EDGE('',*,*,#6593,.F.);
#6767 = ( GEOMETRIC_REPRESENTATION_CONTEXT(3) 
GLOBAL_UNCERTAINTY_ASSIGNED_CONTEXT((#6771)) 
GLOBAL_UNIT_ASSIGNED_CONTEXT((#6768,#6769,#6770)) REPRESENTATION_CONTEXT
('Context #1','3D Context with UNIT and UNCERTAINTY') );
#6768 = ( LENGTH_UNIT() NAMED_UNIT(*) SI_UNIT(.MILLI.,.METRE.) );
#6769 = ( NAMED_UNIT(*) PLANE_ANGLE_UNIT() SI_UNIT($,.RADIAN.) );
#6770 = ( NAMED_UNIT(*) SI_UNIT($,.STERADIAN.) SOLID_ANGLE_UNIT() );
#6771 = UNCERTAINTY_MEASURE_WITH_UNIT(LENGTH_MEASURE(1.E-07),#6768,
  'distance_accuracy_value','confusion accuracy');
#6772 = CONTEXT_DEPENDENT_SHAPE_REPRESENTATION(#6773,#6775);
#6773 = ( REPRESENTATION_RELATIONSHIP('','',#6436,#10) 
REPRESENTATION_RELATIONSHIP_WITH_TRANSFORMATION(#6774) 
SHAPE_REPRESENTATION_RELATIONSHIP() );
#6774 = ITEM_DEFINED_TRANSFORMATION('','',#11,#79);
#6775 = PRODUCT_DEFINITION_SHAPE('Placement','Placement of an item',
  #6776);
#6776 = NEXT_ASSEMBLY_USAGE_OCCURRENCE('268','','',#5,#6431,$);
#6777 = PRODUCT_RELATED_PRODUCT_CATEGORY('part',$,(#6433));
#6778 = SHAPE_DEFINITION_REPRESENTATION(#6779,#6785);
#6779 = PRODUCT_DEFINITION_SHAPE('','',#6780);
#6780 = PRODUCT_DEFINITION('design','',#6781,#6784);
#6781 = PRODUCT_DEFINITION_FORMATION('','',#6782);
#6782 = PRODUCT('Open CASCADE STEP translator 7.9 4.18',
  'Open CASCADE STEP translator 7.9 4.18','',(#6783));
#6783 = PRODUCT_CONTEXT('',#2,'mechanical');
#6784 = PRODUCT_DEFINITION_CONTEXT('part definition',#2,'design');
#6785 = ADVANCED_BREP_SHAPE_REPRESENTATION('',(#11,#6786),#7116);
#6786 = MANIFOLD_SOLID_BREP('',#6787);
#6787 = CLOSED_SHELL('',(#6788,#6908,#7008,#7055,#7082,#7109));
#6788 = ADVANCED_FACE('',(#6789),#6803,.F.);
#6789 = FACE_BOUND('',#6790,.T.);
#6790 = EDGE_LOOP('',(#6791,#6826,#6854,#6882));
#6791 = ORIENTED_EDGE('',*,*,#6792,.F.);
#6792 = EDGE_CURVE('',#6793,#6795,#6797,.T.);
#6793 = VERTEX_POINT('',#6794);
#6794 = CARTESIAN_POINT('',(566.4,1.2543E+03,2.565E+03));
#6795 = VERTEX_POINT('',#6796);
#6796 = CARTESIAN_POINT('',(828.4,1.2543E+03,2.565E+03));
#6797 = SURFACE_CURVE('',#6798,(#6802,#6814),.PCURVE_S1.);
#6798 = LINE('',#6799,#6800);
#6799 = CARTESIAN_POINT('',(697.4,1.2543E+03,2.565E+03));
#6800 = VECTOR('',#6801,1.);
#6801 = DIRECTION('',(1.,-1.110223024625E-16,0.));
#6802 = PCURVE('',#6803,#6808);
#6803 = PLANE('',#6804);
#6804 = AXIS2_PLACEMENT_3D('',#6805,#6806,#6807);
#6805 = CARTESIAN_POINT('',(853.4,1.2358E+03,2.565E+03));
#6806 = DIRECTION('',(0.,0.,1.));
#6807 = DIRECTION('',(1.110223024625E-16,1.,0.));
#6808 = DEFINITIONAL_REPRESENTATION('',(#6809),#6813);
#6809 = LINE('',#6810,#6811);
#6810 = CARTESIAN_POINT('',(18.5,156.));
#6811 = VECTOR('',#6812,1.);
#6812 = DIRECTION('',(0.,-1.));
#6813 = ( GEOMETRIC_REPRESENTATION_CONTEXT(2) 
PARAMETRIC_REPRESENTATION_CONTEXT() REPRESENTATION_CONTEXT('2D SPACE',''
  ) );
#6814 = PCURVE('',#6815,#6820);
#6815 = PLANE('',#6816);
#6816 = AXIS2_PLACEMENT_3D('',#6817,#6818,#6819);
#6817 = CARTESIAN_POINT('',(566.4,1.2543E+03,2.565E+03));
#6818 = DIRECTION('',(-1.110223024625E-16,-1.,0.));
#6819 = DIRECTION('',(1.,-1.110223024625E-16,0.));
#6820 = DEFINITIONAL_REPRESENTATION('',(#6821),#6825);
#6821 = LINE('',#6822,#6823);
#6822 = CARTESIAN_POINT('',(131.,0.));
#6823 = VECTOR('',#6824,1.);
#6824 = DIRECTION('',(1.,0.));
#6825 = ( GEOMETRIC_REPRESENTATION_CONTEXT(2) 
PARAMETRIC_REPRESENTATION_CONTEXT() REPRESENTATION_CONTEXT('2D SPACE',''
  ) );
#6826 = ORIENTED_EDGE('',*,*,#6827,.F.);
#6827 = EDGE_CURVE('',#6828,#6793,#6830,.T.);
#6828 = VERTEX_POINT('',#6829);
#6829 = CARTESIAN_POINT('',(566.4,1.4433E+03,2.565E+03));
#6830 = SURFACE_CURVE('',#6831,(#6835,#6842),.PCURVE_S1.);
#6831 = LINE('',#6832,#6833);
#6832 = CARTESIAN_POINT('',(566.4,1.3488E+03,2.565E+03));
#6833 = VECTOR('',#6834,1.);
#6834 = DIRECTION('',(-1.110223024625E-16,-1.,0.));
#6835 = PCURVE('',#6803,#6836);
#6836 = DEFINITIONAL_REPRESENTATION('',(#6837),#6841);
#6837 = LINE('',#6838,#6839);
#6838 = CARTESIAN_POINT('',(113.,287.));
#6839 = VECTOR('',#6840,1.);
#6840 = DIRECTION('',(-1.,0.));
#6841 = ( GEOMETRIC_REPRESENTATION_CONTEXT(2) 
PARAMETRIC_REPRESENTATION_CONTEXT() REPRESENTATION_CONTEXT('2D SPACE',''
  ) );
#6842 = PCURVE('',#6843,#6848);
#6843 = PLANE('',#6844);
#6844 = AXIS2_PLACEMENT_3D('',#6845,#6846,#6847);
#6845 = CARTESIAN_POINT('',(566.4,1.4433E+03,2.565E+03));
#6846 = DIRECTION('',(-1.,1.110223024625E-16,0.));
#6847 = DIRECTION('',(-1.110223024625E-16,-1.,0.));
#6848 = DEFINITIONAL_REPRESENTATION('',(#6849),#6853);
#6849 = LINE('',#6850,#6851);
#6850 = CARTESIAN_POINT('',(94.5,0.));
#6851 = VECTOR('',#6852,1.);
#6852 = DIRECTION('',(1.,0.));
#6853 = ( GEOMETRIC_REPRESENTATION_CONTEXT(2) 
PARAMETRIC_REPRESENTATION_CONTEXT() REPRESENTATION_CONTEXT('2D SPACE',''
  ) );
#6854 = ORIENTED_EDGE('',*,*,#6855,.F.);
#6855 = EDGE_CURVE('',#6856,#6828,#6858,.T.);
#6856 = VERTEX_POINT('',#6857);
#6857 = CARTESIAN_POINT('',(828.4,1.4433E+03,2.565E+03));
#6858 = SURFACE_CURVE('',#6859,(#6863,#6870),.PCURVE_S1.);
#6859 = LINE('',#6860,#6861);
#6860 = CARTESIAN_POINT('',(697.4,1.4433E+03,2.565E+03));
#6861 = VECTOR('',#6862,1.);
#6862 = DIRECTION('',(-1.,1.110223024625E-16,0.));
#6863 = PCURVE('',#6803,#6864);
#6864 = DEFINITIONAL_REPRESENTATION('',(#6865),#6869);
#6865 = LINE('',#6866,#6867);
#6866 = CARTESIAN_POINT('',(207.5,156.));
#6867 = VECTOR('',#6868,1.);
#6868 = DIRECTION('',(0.,1.));
#6869 = ( GEOMETRIC_REPRESENTATION_CONTEXT(2) 
PARAMETRIC_REPRESENTATION_CONTEXT() REPRESENTATION_CONTEXT('2D SPACE',''
  ) );
#6870 = PCURVE('',#6871,#6876);
#6871 = PLANE('',#6872);
#6872 = AXIS2_PLACEMENT_3D('',#6873,#6874,#6875);
#6873 = CARTESIAN_POINT('',(828.4,1.4433E+03,2.565E+03));
#6874 = DIRECTION('',(1.110223024625E-16,1.,0.));
#6875 = DIRECTION('',(-1.,1.110223024625E-16,0.));
#6876 = DEFINITIONAL_REPRESENTATION('',(#6877),#6881);
#6877 = LINE('',#6878,#6879);
#6878 = CARTESIAN_POINT('',(131.,0.));
#6879 = VECTOR('',#6880,1.);
#6880 = DIRECTION('',(1.,0.));
#6881 = ( GEOMETRIC_REPRESENTATION_CONTEXT(2) 
PARAMETRIC_REPRESENTATION_CONTEXT() REPRESENTATION_CONTEXT('2D SPACE',''
  ) );
#6882 = ORIENTED_EDGE('',*,*,#6883,.F.);
#6883 = EDGE_CURVE('',#6795,#6856,#6884,.T.);
#6884 = SURFACE_CURVE('',#6885,(#6889,#6896),.PCURVE_S1.);
#6885 = LINE('',#6886,#6887);
#6886 = CARTESIAN_POINT('',(828.4,1.3488E+03,2.565E+03));
#6887 = VECTOR('',#6888,1.);
#6888 = DIRECTION('',(1.110223024625E-16,1.,0.));
#6889 = PCURVE('',#6803,#6890);
#6890 = DEFINITIONAL_REPRESENTATION('',(#6891),#6895);
#6891 = LINE('',#6892,#6893);
#6892 = CARTESIAN_POINT('',(113.,25.));
#6893 = VECTOR('',#6894,1.);
#6894 = DIRECTION('',(1.,0.));
#6895 = ( GEOMETRIC_REPRESENTATION_CONTEXT(2) 
PARAMETRIC_REPRESENTATION_CONTEXT() REPRESENTATION_CONTEXT('2D SPACE',''
  ) );
#6896 = PCURVE('',#6897,#6902);
#6897 = PLANE('',#6898);
#6898 = AXIS2_PLACEMENT_3D('',#6899,#6900,#6901);
#6899 = CARTESIAN_POINT('',(828.4,1.2543E+03,2.565E+03));
#6900 = DIRECTION('',(1.,-1.110223024625E-16,0.));
#6901 = DIRECTION('',(1.110223024625E-16,1.,0.));
#6902 = DEFINITIONAL_REPRESENTATION('',(#6903),#6907);
#6903 = LINE('',#6904,#6905);
#6904 = CARTESIAN_POINT('',(94.5,0.));
#6905 = VECTOR('',#6906,1.);
#6906 = DIRECTION('',(1.,0.));
#6907 = ( GEOMETRIC_REPRESENTATION_CONTEXT(2) 
PARAMETRIC_REPRESENTATION_CONTEXT() REPRESENTATION_CONTEXT('2D SPACE',''
  ) );
#6908 = ADVANCED_FACE('',(#6909),#6923,.T.);
#6909 = FACE_BOUND('',#6910,.T.);
#6910 = EDGE_LOOP('',(#6911,#6941,#6964,#6987));
#6911 = ORIENTED_EDGE('',*,*,#6912,.T.);
#6912 = EDGE_CURVE('',#6913,#6915,#6917,.T.);
#6913 = VERTEX_POINT('',#6914);
#6914 = CARTESIAN_POINT('',(566.4,1.2543E+03,2.583E+03));
#6915 = VERTEX_POINT('',#6916);
#6916 = CARTESIAN_POINT('',(828.4,1.2543E+03,2.583E+03));
#6917 = SURFACE_CURVE('',#6918,(#6922,#6934),.PCURVE_S1.);
#6918 = LINE('',#6919,#6920);
#6919 = CARTESIAN_POINT('',(697.4,1.2543E+03,2.583E+03));
#6920 = VECTOR('',#6921,1.);
#6921 = DIRECTION('',(1.,-1.110223024625E-16,0.));
#6922 = PCURVE('',#6923,#6928);
#6923 = PLANE('',#6924);
#6924 = AXIS2_PLACEMENT_3D('',#6925,#6926,#6927);
#6925 = CARTESIAN_POINT('',(853.4,1.2358E+03,2.583E+03));
#6926 = DIRECTION('',(0.,0.,1.));
#6927 = DIRECTION('',(1.110223024625E-16,1.,0.));
#6928 = DEFINITIONAL_REPRESENTATION('',(#6929),#6933);
#6929 = LINE('',#6930,#6931);
#6930 = CARTESIAN_POINT('',(18.5,156.));
#6931 = VECTOR('',#6932,1.);
#6932 = DIRECTION('',(0.,-1.));
#6933 = ( GEOMETRIC_REPRESENTATION_CONTEXT(2) 
PARAMETRIC_REPRESENTATION_CONTEXT() REPRESENTATION_CONTEXT('2D SPACE',''
  ) );
#6934 = PCURVE('',#6815,#6935);
#6935 = DEFINITIONAL_REPRESENTATION('',(#6936),#6940);
#6936 = LINE('',#6937,#6938);
#6937 = CARTESIAN_POINT('',(131.,18.));
#6938 = VECTOR('',#6939,1.);
#6939 = DIRECTION('',(1.,0.));
#6940 = ( GEOMETRIC_REPRESENTATION_CONTEXT(2) 
PARAMETRIC_REPRESENTATION_CONTEXT() REPRESENTATION_CONTEXT('2D SPACE',''
  ) );
#6941 = ORIENTED_EDGE('',*,*,#6942,.T.);
#6942 = EDGE_CURVE('',#6915,#6943,#6945,.T.);
#6943 = VERTEX_POINT('',#6944);
#6944 = CARTESIAN_POINT('',(828.4,1.4433E+03,2.583E+03));
#6945 = SURFACE_CURVE('',#6946,(#6950,#6957),.PCURVE_S1.);
#6946 = LINE('',#6947,#6948);
#6947 = CARTESIAN_POINT('',(828.4,1.3488E+03,2.583E+03));
#6948 = VECTOR('',#6949,1.);
#6949 = DIRECTION('',(1.110223024625E-16,1.,0.));
#6950 = PCURVE('',#6923,#6951);
#6951 = DEFINITIONAL_REPRESENTATION('',(#6952),#6956);
#6952 = LINE('',#6953,#6954);
#6953 = CARTESIAN_POINT('',(113.,25.));
#6954 = VECTOR('',#6955,1.);
#6955 = DIRECTION('',(1.,0.));
#6956 = ( GEOMETRIC_REPRESENTATION_CONTEXT(2) 
PARAMETRIC_REPRESENTATION_CONTEXT() REPRESENTATION_CONTEXT('2D SPACE',''
  ) );
#6957 = PCURVE('',#6897,#6958);
#6958 = DEFINITIONAL_REPRESENTATION('',(#6959),#6963);
#6959 = LINE('',#6960,#6961);
#6960 = CARTESIAN_POINT('',(94.5,18.));
#6961 = VECTOR('',#6962,1.);
#6962 = DIRECTION('',(1.,0.));
#6963 = ( GEOMETRIC_REPRESENTATION_CONTEXT(2) 
PARAMETRIC_REPRESENTATION_CONTEXT() REPRESENTATION_CONTEXT('2D SPACE',''
  ) );
#6964 = ORIENTED_EDGE('',*,*,#6965,.T.);
#6965 = EDGE_CURVE('',#6943,#6966,#6968,.T.);
#6966 = VERTEX_POINT('',#6967);
#6967 = CARTESIAN_POINT('',(566.4,1.4433E+03,2.583E+03));
#6968 = SURFACE_CURVE('',#6969,(#6973,#6980),.PCURVE_S1.);
#6969 = LINE('',#6970,#6971);
#6970 = CARTESIAN_POINT('',(697.4,1.4433E+03,2.583E+03));
#6971 = VECTOR('',#6972,1.);
#6972 = DIRECTION('',(-1.,1.110223024625E-16,0.));
#6973 = PCURVE('',#6923,#6974);
#6974 = DEFINITIONAL_REPRESENTATION('',(#6975),#6979);
#6975 = LINE('',#6976,#6977);
#6976 = CARTESIAN_POINT('',(207.5,156.));
#6977 = VECTOR('',#6978,1.);
#6978 = DIRECTION('',(0.,1.));
#6979 = ( GEOMETRIC_REPRESENTATION_CONTEXT(2) 
PARAMETRIC_REPRESENTATION_CONTEXT() REPRESENTATION_CONTEXT('2D SPACE',''
  ) );
#6980 = PCURVE('',#6871,#6981);
#6981 = DEFINITIONAL_REPRESENTATION('',(#6982),#6986);
#6982 = LINE('',#6983,#6984);
#6983 = CARTESIAN_POINT('',(131.,18.));
#6984 = VECTOR('',#6985,1.);
#6985 = DIRECTION('',(1.,0.));
#6986 = ( GEOMETRIC_REPRESENTATION_CONTEXT(2) 
PARAMETRIC_REPRESENTATION_CONTEXT() REPRESENTATION_CONTEXT('2D SPACE',''
  ) );
#6987 = ORIENTED_EDGE('',*,*,#6988,.T.);
#6988 = EDGE_CURVE('',#6966,#6913,#6989,.T.);
#6989 = SURFACE_CURVE('',#6990,(#6994,#7001),.PCURVE_S1.);
#6990 = LINE('',#6991,#6992);
#6991 = CARTESIAN_POINT('',(566.4,1.3488E+03,2.583E+03));
#6992 = VECTOR('',#6993,1.);
#6993 = DIRECTION('',(-1.110223024625E-16,-1.,0.));
#6994 = PCURVE('',#6923,#6995);
#6995 = DEFINITIONAL_REPRESENTATION('',(#6996),#7000);
#6996 = LINE('',#6997,#6998);
#6997 = CARTESIAN_POINT('',(113.,287.));
#6998 = VECTOR('',#6999,1.);
#6999 = DIRECTION('',(-1.,0.));
#7000 = ( GEOMETRIC_REPRESENTATION_CONTEXT(2) 
PARAMETRIC_REPRESENTATION_CONTEXT() REPRESENTATION_CONTEXT('2D SPACE',''
  ) );
#7001 = PCURVE('',#6843,#7002);
#7002 = DEFINITIONAL_REPRESENTATION('',(#7003),#7007);
#7003 = LINE('',#7004,#7005);
#7004 = CARTESIAN_POINT('',(94.5,18.));
#7005 = VECTOR('',#7006,1.);
#7006 = DIRECTION('',(1.,0.));
#7007 = ( GEOMETRIC_REPRESENTATION_CONTEXT(2) 
PARAMETRIC_REPRESENTATION_CONTEXT() REPRESENTATION_CONTEXT('2D SPACE',''
  ) );
#7008 = ADVANCED_FACE('',(#7009),#6815,.T.);
#7009 = FACE_BOUND('',#7010,.T.);
#7010 = EDGE_LOOP('',(#7011,#7032,#7033,#7054));
#7011 = ORIENTED_EDGE('',*,*,#7012,.F.);
#7012 = EDGE_CURVE('',#6793,#6913,#7013,.T.);
#7013 = SURFACE_CURVE('',#7014,(#7018,#7025),.PCURVE_S1.);
#7014 = LINE('',#7015,#7016);
#7015 = CARTESIAN_POINT('',(566.4,1.2543E+03,2.574E+03));
#7016 = VECTOR('',#7017,1.);
#7017 = DIRECTION('',(0.,0.,1.));
#7018 = PCURVE('',#6815,#7019);
#7019 = DEFINITIONAL_REPRESENTATION('',(#7020),#7024);
#7020 = LINE('',#7021,#7022);
#7021 = CARTESIAN_POINT('',(0.,9.));
#7022 = VECTOR('',#7023,1.);
#7023 = DIRECTION('',(0.,1.));
#7024 = ( GEOMETRIC_REPRESENTATION_CONTEXT(2) 
PARAMETRIC_REPRESENTATION_CONTEXT() REPRESENTATION_CONTEXT('2D SPACE',''
  ) );
#7025 = PCURVE('',#6843,#7026);
#7026 = DEFINITIONAL_REPRESENTATION('',(#7027),#7031);
#7027 = LINE('',#7028,#7029);
#7028 = CARTESIAN_POINT('',(189.,9.));
#7029 = VECTOR('',#7030,1.);
#7030 = DIRECTION('',(0.,1.));
#7031 = ( GEOMETRIC_REPRESENTATION_CONTEXT(2) 
PARAMETRIC_REPRESENTATION_CONTEXT() REPRESENTATION_CONTEXT('2D SPACE',''
  ) );
#7032 = ORIENTED_EDGE('',*,*,#6792,.T.);
#7033 = ORIENTED_EDGE('',*,*,#7034,.T.);
#7034 = EDGE_CURVE('',#6795,#6915,#7035,.T.);
#7035 = SURFACE_CURVE('',#7036,(#7040,#7047),.PCURVE_S1.);
#7036 = LINE('',#7037,#7038);
#7037 = CARTESIAN_POINT('',(828.4,1.2543E+03,2.574E+03));
#7038 = VECTOR('',#7039,1.);
#7039 = DIRECTION('',(0.,0.,1.));
#7040 = PCURVE('',#6815,#7041);
#7041 = DEFINITIONAL_REPRESENTATION('',(#7042),#7046);
#7042 = LINE('',#7043,#7044);
#7043 = CARTESIAN_POINT('',(262.,9.));
#7044 = VECTOR('',#7045,1.);
#7045 = DIRECTION('',(0.,1.));
#7046 = ( GEOMETRIC_REPRESENTATION_CONTEXT(2) 
PARAMETRIC_REPRESENTATION_CONTEXT() REPRESENTATION_CONTEXT('2D SPACE',''
  ) );
#7047 = PCURVE('',#6897,#7048);
#7048 = DEFINITIONAL_REPRESENTATION('',(#7049),#7053);
#7049 = LINE('',#7050,#7051);
#7050 = CARTESIAN_POINT('',(0.,9.));
#7051 = VECTOR('',#7052,1.);
#7052 = DIRECTION('',(0.,1.));
#7053 = ( GEOMETRIC_REPRESENTATION_CONTEXT(2) 
PARAMETRIC_REPRESENTATION_CONTEXT() REPRESENTATION_CONTEXT('2D SPACE',''
  ) );
#7054 = ORIENTED_EDGE('',*,*,#6912,.F.);
#7055 = ADVANCED_FACE('',(#7056),#6843,.T.);
#7056 = FACE_BOUND('',#7057,.T.);
#7057 = EDGE_LOOP('',(#7058,#7079,#7080,#7081));
#7058 = ORIENTED_EDGE('',*,*,#7059,.F.);
#7059 = EDGE_CURVE('',#6828,#6966,#7060,.T.);
#7060 = SURFACE_CURVE('',#7061,(#7065,#7072),.PCURVE_S1.);
#7061 = LINE('',#7062,#7063);
#7062 = CARTESIAN_POINT('',(566.4,1.4433E+03,2.574E+03));
#7063 = VECTOR('',#7064,1.);
#7064 = DIRECTION('',(0.,0.,1.));
#7065 = PCURVE('',#6843,#7066);
#7066 = DEFINITIONAL_REPRESENTATION('',(#7067),#7071);
#7067 = LINE('',#7068,#7069);
#7068 = CARTESIAN_POINT('',(0.,9.));
#7069 = VECTOR('',#7070,1.);
#7070 = DIRECTION('',(0.,1.));
#7071 = ( GEOMETRIC_REPRESENTATION_CONTEXT(2) 
PARAMETRIC_REPRESENTATION_CONTEXT() REPRESENTATION_CONTEXT('2D SPACE',''
  ) );
#7072 = PCURVE('',#6871,#7073);
#7073 = DEFINITIONAL_REPRESENTATION('',(#7074),#7078);
#7074 = LINE('',#7075,#7076);
#7075 = CARTESIAN_POINT('',(262.,9.));
#7076 = VECTOR('',#7077,1.);
#7077 = DIRECTION('',(0.,1.));
#7078 = ( GEOMETRIC_REPRESENTATION_CONTEXT(2) 
PARAMETRIC_REPRESENTATION_CONTEXT() REPRESENTATION_CONTEXT('2D SPACE',''
  ) );
#7079 = ORIENTED_EDGE('',*,*,#6827,.T.);
#7080 = ORIENTED_EDGE('',*,*,#7012,.T.);
#7081 = ORIENTED_EDGE('',*,*,#6988,.F.);
#7082 = ADVANCED_FACE('',(#7083),#6871,.T.);
#7083 = FACE_BOUND('',#7084,.T.);
#7084 = EDGE_LOOP('',(#7085,#7106,#7107,#7108));
#7085 = ORIENTED_EDGE('',*,*,#7086,.F.);
#7086 = EDGE_CURVE('',#6856,#6943,#7087,.T.);
#7087 = SURFACE_CURVE('',#7088,(#7092,#7099),.PCURVE_S1.);
#7088 = LINE('',#7089,#7090);
#7089 = CARTESIAN_POINT('',(828.4,1.4433E+03,2.574E+03));
#7090 = VECTOR('',#7091,1.);
#7091 = DIRECTION('',(0.,0.,1.));
#7092 = PCURVE('',#6871,#7093);
#7093 = DEFINITIONAL_REPRESENTATION('',(#7094),#7098);
#7094 = LINE('',#7095,#7096);
#7095 = CARTESIAN_POINT('',(0.,9.));
#7096 = VECTOR('',#7097,1.);
#7097 = DIRECTION('',(0.,1.));
#7098 = ( GEOMETRIC_REPRESENTATION_CONTEXT(2) 
PARAMETRIC_REPRESENTATION_CONTEXT() REPRESENTATION_CONTEXT('2D SPACE',''
  ) );
#7099 = PCURVE('',#6897,#7100);
#7100 = DEFINITIONAL_REPRESENTATION('',(#7101),#7105);
#7101 = LINE('',#7102,#7103);
#7102 = CARTESIAN_POINT('',(189.,9.));
#7103 = VECTOR('',#7104,1.);
#7104 = DIRECTION('',(0.,1.));
#7105 = ( GEOMETRIC_REPRESENTATION_CONTEXT(2) 
PARAMETRIC_REPRESENTATION_CONTEXT() REPRESENTATION_CONTEXT('2D SPACE',''
  ) );
#7106 = ORIENTED_EDGE('',*,*,#6855,.T.);
#7107 = ORIENTED_EDGE('',*,*,#7059,.T.);
#7108 = ORIENTED_EDGE('',*,*,#6965,.F.);
#7109 = ADVANCED_FACE('',(#7110),#6897,.T.);
#7110 = FACE_BOUND('',#7111,.T.);
#7111 = EDGE_LOOP('',(#7112,#7113,#7114,#7115));
#7112 = ORIENTED_EDGE('',*,*,#7034,.F.);
#7113 = ORIENTED_EDGE('',*,*,#6883,.T.);
#7114 = ORIENTED_EDGE('',*,*,#7086,.T.);
#7115 = ORIENTED_EDGE('',*,*,#6942,.F.);
#7116 = ( GEOMETRIC_REPRESENTATION_CONTEXT(3) 
GLOBAL_UNCERTAINTY_ASSIGNED_CONTEXT((#7120)) 
GLOBAL_UNIT_ASSIGNED_CONTEXT((#7117,#7118,#7119)) REPRESENTATION_CONTEXT
('Context #1','3D Context with UNIT and UNCERTAINTY') );
#7117 = ( LENGTH_UNIT() NAMED_UNIT(*) SI_UNIT(.MILLI.,.METRE.) );
#7118 = ( NAMED_UNIT(*) PLANE_ANGLE_UNIT() SI_UNIT($,.RADIAN.) );
#7119 = ( NAMED_UNIT(*) SI_UNIT($,.STERADIAN.) SOLID_ANGLE_UNIT() );
#7120 = UNCERTAINTY_MEASURE_WITH_UNIT(LENGTH_MEASURE(1.E-07),#7117,
  'distance_accuracy_value','confusion accuracy');
#7121 = CONTEXT_DEPENDENT_SHAPE_REPRESENTATION(#7122,#7124);
#7122 = ( REPRESENTATION_RELATIONSHIP('','',#6785,#10) 
REPRESENTATION_RELATIONSHIP_WITH_TRANSFORMATION(#7123) 
SHAPE_REPRESENTATION_RELATIONSHIP() );
#7123 = ITEM_DEFINED_TRANSFORMATION('','',#11,#83);
#7124 = PRODUCT_DEFINITION_SHAPE('Placement','Placement of an item',
  #7125);
#7125 = NEXT_ASSEMBLY_USAGE_OCCURRENCE('269','','',#5,#6780,$);
#7126 = PRODUCT_RELATED_PRODUCT_CATEGORY('part',$,(#6782));
#7127 = SHAPE_DEFINITION_REPRESENTATION(#7128,#7134);
#7128 = PRODUCT_DEFINITION_SHAPE('','',#7129);
#7129 = PRODUCT_DEFINITION('design','',#7130,#7133);
#7130 = PRODUCT_DEFINITION_FORMATION('','',#7131);
#7131 = PRODUCT('Open CASCADE STEP translator 7.9 4.19',
  'Open CASCADE STEP translator 7.9 4.19','',(#7132));
#7132 = PRODUCT_CONTEXT('',#2,'mechanical');
#7133 = PRODUCT_DEFINITION_CONTEXT('part definition',#2,'design');
#7134 = ADVANCED_BREP_SHAPE_REPRESENTATION('',(#11,#7135),#7465);
#7135 = MANIFOLD_SOLID_BREP('',#7136);
#7136 = CLOSED_SHELL('',(#7137,#7257,#7357,#7404,#7431,#7458));
#7137 = ADVANCED_FACE('',(#7138),#7152,.F.);
#7138 = FACE_BOUND('',#7139,.T.);
#7139 = EDGE_LOOP('',(#7140,#7175,#7203,#7231));
#7140 = ORIENTED_EDGE('',*,*,#7141,.F.);
#7141 = EDGE_CURVE('',#7142,#7144,#7146,.T.);
#7142 = VERTEX_POINT('',#7143);
#7143 = CARTESIAN_POINT('',(627.4,1.4618E+03,3.586E+03));
#7144 = VERTEX_POINT('',#7145);
#7145 = CARTESIAN_POINT('',(627.4,1.4618E+03,1.395E+03));
#7146 = SURFACE_CURVE('',#7147,(#7151,#7163),.PCURVE_S1.);
#7147 = LINE('',#7148,#7149);
#7148 = CARTESIAN_POINT('',(627.4,1.4618E+03,2.4905E+03));
#7149 = VECTOR('',#7150,1.);
#7150 = DIRECTION('',(0.,0.,-1.));
#7151 = PCURVE('',#7152,#7157);
#7152 = PLANE('',#7153);
#7153 = AXIS2_PLACEMENT_3D('',#7154,#7155,#7156);
#7154 = CARTESIAN_POINT('',(627.4,1.4618E+03,1.395E+03));
#7155 = DIRECTION('',(1.110223024625E-16,1.,0.));
#7156 = DIRECTION('',(-1.,1.110223024625E-16,0.));
#7157 = DEFINITIONAL_REPRESENTATION('',(#7158),#7162);
#7158 = LINE('',#7159,#7160);
#7159 = CARTESIAN_POINT('',(0.,1.0955E+03));
#7160 = VECTOR('',#7161,1.);
#7161 = DIRECTION('',(0.,-1.));
#7162 = ( GEOMETRIC_REPRESENTATION_CONTEXT(2) 
PARAMETRIC_REPRESENTATION_CONTEXT() REPRESENTATION_CONTEXT('2D SPACE',''
  ) );
#7163 = PCURVE('',#7164,#7169);
#7164 = PLANE('',#7165);
#7165 = AXIS2_PLACEMENT_3D('',#7166,#7167,#7168);
#7166 = CARTESIAN_POINT('',(627.4,1.4618E+03,3.586E+03));
#7167 = DIRECTION('',(1.,-1.110223024625E-16,0.));
#7168 = DIRECTION('',(0.,0.,-1.));
#7169 = DEFINITIONAL_REPRESENTATION('',(#7170),#7174);
#7170 = LINE('',#7171,#7172);
#7171 = CARTESIAN_POINT('',(1.0955E+03,0.));
#7172 = VECTOR('',#7173,1.);
#7173 = DIRECTION('',(1.,0.));
#7174 = ( GEOMETRIC_REPRESENTATION_CONTEXT(2) 
PARAMETRIC_REPRESENTATION_CONTEXT() REPRESENTATION_CONTEXT('2D SPACE',''
  ) );
#7175 = ORIENTED_EDGE('',*,*,#7176,.F.);
#7176 = EDGE_CURVE('',#7177,#7142,#7179,.T.);
#7177 = VERTEX_POINT('',#7178);
#7178 = CARTESIAN_POINT('',(320.4,1.4618E+03,3.586E+03));
#7179 = SURFACE_CURVE('',#7180,(#7184,#7191),.PCURVE_S1.);
#7180 = LINE('',#7181,#7182);
#7181 = CARTESIAN_POINT('',(473.9,1.4618E+03,3.586E+03));
#7182 = VECTOR('',#7183,1.);
#7183 = DIRECTION('',(1.,-1.110223024625E-16,0.));
#7184 = PCURVE('',#7152,#7185);
#7185 = DEFINITIONAL_REPRESENTATION('',(#7186),#7190);
#7186 = LINE('',#7187,#7188);
#7187 = CARTESIAN_POINT('',(153.5,2.191E+03));
#7188 = VECTOR('',#7189,1.);
#7189 = DIRECTION('',(-1.,0.));
#7190 = ( GEOMETRIC_REPRESENTATION_CONTEXT(2) 
PARAMETRIC_REPRESENTATION_CONTEXT() REPRESENTATION_CONTEXT('2D SPACE',''
  ) );
#7191 = PCURVE('',#7192,#7197);
#7192 = PLANE('',#7193);
#7193 = AXIS2_PLACEMENT_3D('',#7194,#7195,#7196);
#7194 = CARTESIAN_POINT('',(320.4,1.4618E+03,3.586E+03));
#7195 = DIRECTION('',(0.,0.,1.));
#7196 = DIRECTION('',(1.,-1.110223024625E-16,0.));
#7197 = DEFINITIONAL_REPRESENTATION('',(#7198),#7202);
#7198 = LINE('',#7199,#7200);
#7199 = CARTESIAN_POINT('',(153.5,1.7041923428E-14));
#7200 = VECTOR('',#7201,1.);
#7201 = DIRECTION('',(1.,0.));
#7202 = ( GEOMETRIC_REPRESENTATION_CONTEXT(2) 
PARAMETRIC_REPRESENTATION_CONTEXT() REPRESENTATION_CONTEXT('2D SPACE',''
  ) );
#7203 = ORIENTED_EDGE('',*,*,#7204,.F.);
#7204 = EDGE_CURVE('',#7205,#7177,#7207,.T.);
#7205 = VERTEX_POINT('',#7206);
#7206 = CARTESIAN_POINT('',(320.4,1.4618E+03,1.395E+03));
#7207 = SURFACE_CURVE('',#7208,(#7212,#7219),.PCURVE_S1.);
#7208 = LINE('',#7209,#7210);
#7209 = CARTESIAN_POINT('',(320.4,1.4618E+03,2.4905E+03));
#7210 = VECTOR('',#7211,1.);
#7211 = DIRECTION('',(0.,0.,1.));
#7212 = PCURVE('',#7152,#7213);
#7213 = DEFINITIONAL_REPRESENTATION('',(#7214),#7218);
#7214 = LINE('',#7215,#7216);
#7215 = CARTESIAN_POINT('',(307.,1.0955E+03));
#7216 = VECTOR('',#7217,1.);
#7217 = DIRECTION('',(0.,1.));
#7218 = ( GEOMETRIC_REPRESENTATION_CONTEXT(2) 
PARAMETRIC_REPRESENTATION_CONTEXT() REPRESENTATION_CONTEXT('2D SPACE',''
  ) );
#7219 = PCURVE('',#7220,#7225);
#7220 = PLANE('',#7221);
#7221 = AXIS2_PLACEMENT_3D('',#7222,#7223,#7224);
#7222 = CARTESIAN_POINT('',(320.4,1.4618E+03,1.395E+03));
#7223 = DIRECTION('',(-1.,1.110223024625E-16,0.));
#7224 = DIRECTION('',(0.,0.,1.));
#7225 = DEFINITIONAL_REPRESENTATION('',(#7226),#7230);
#7226 = LINE('',#7227,#7228);
#7227 = CARTESIAN_POINT('',(1.0955E+03,0.));
#7228 = VECTOR('',#7229,1.);
#7229 = DIRECTION('',(1.,0.));
#7230 = ( GEOMETRIC_REPRESENTATION_CONTEXT(2) 
PARAMETRIC_REPRESENTATION_CONTEXT() REPRESENTATION_CONTEXT('2D SPACE',''
  ) );
#7231 = ORIENTED_EDGE('',*,*,#7232,.F.);
#7232 = EDGE_CURVE('',#7144,#7205,#7233,.T.);
#7233 = SURFACE_CURVE('',#7234,(#7238,#7245),.PCURVE_S1.);
#7234 = LINE('',#7235,#7236);
#7235 = CARTESIAN_POINT('',(473.9,1.4618E+03,1.395E+03));
#7236 = VECTOR('',#7237,1.);
#7237 = DIRECTION('',(-1.,1.110223024625E-16,0.));
#7238 = PCURVE('',#7152,#7239);
#7239 = DEFINITIONAL_REPRESENTATION('',(#7240),#7244);
#7240 = LINE('',#7241,#7242);
#7241 = CARTESIAN_POINT('',(153.5,-2.273736754432E-13));
#7242 = VECTOR('',#7243,1.);
#7243 = DIRECTION('',(1.,0.));
#7244 = ( GEOMETRIC_REPRESENTATION_CONTEXT(2) 
PARAMETRIC_REPRESENTATION_CONTEXT() REPRESENTATION_CONTEXT('2D SPACE',''
  ) );
#7245 = PCURVE('',#7246,#7251);
#7246 = PLANE('',#7247);
#7247 = AXIS2_PLACEMENT_3D('',#7248,#7249,#7250);
#7248 = CARTESIAN_POINT('',(627.4,1.4618E+03,1.395E+03));
#7249 = DIRECTION('',(0.,0.,-1.));
#7250 = DIRECTION('',(-1.,1.110223024625E-16,0.));
#7251 = DEFINITIONAL_REPRESENTATION('',(#7252),#7256);
#7252 = LINE('',#7253,#7254);
#7253 = CARTESIAN_POINT('',(153.5,-1.7041923428E-14));
#7254 = VECTOR('',#7255,1.);
#7255 = DIRECTION('',(1.,0.));
#7256 = ( GEOMETRIC_REPRESENTATION_CONTEXT(2) 
PARAMETRIC_REPRESENTATION_CONTEXT() REPRESENTATION_CONTEXT('2D SPACE',''
  ) );
#7257 = ADVANCED_FACE('',(#7258),#7272,.T.);
#7258 = FACE_BOUND('',#7259,.T.);
#7259 = EDGE_LOOP('',(#7260,#7290,#7313,#7336));
#7260 = ORIENTED_EDGE('',*,*,#7261,.T.);
#7261 = EDGE_CURVE('',#7262,#7264,#7266,.T.);
#7262 = VERTEX_POINT('',#7263);
#7263 = CARTESIAN_POINT('',(627.4,1.4798E+03,3.586E+03));
#7264 = VERTEX_POINT('',#7265);
#7265 = CARTESIAN_POINT('',(627.4,1.4798E+03,1.395E+03));
#7266 = SURFACE_CURVE('',#7267,(#7271,#7283),.PCURVE_S1.);
#7267 = LINE('',#7268,#7269);
#7268 = CARTESIAN_POINT('',(627.4,1.4798E+03,2.4905E+03));
#7269 = VECTOR('',#7270,1.);
#7270 = DIRECTION('',(0.,0.,-1.));
#7271 = PCURVE('',#7272,#7277);
#7272 = PLANE('',#7273);
#7273 = AXIS2_PLACEMENT_3D('',#7274,#7275,#7276);
#7274 = CARTESIAN_POINT('',(627.4,1.4798E+03,1.395E+03));
#7275 = DIRECTION('',(1.110223024625E-16,1.,0.));
#7276 = DIRECTION('',(-1.,1.110223024625E-16,0.));
#7277 = DEFINITIONAL_REPRESENTATION('',(#7278),#7282);
#7278 = LINE('',#7279,#7280);
#7279 = CARTESIAN_POINT('',(0.,1.0955E+03));
#7280 = VECTOR('',#7281,1.);
#7281 = DIRECTION('',(0.,-1.));
#7282 = ( GEOMETRIC_REPRESENTATION_CONTEXT(2) 
PARAMETRIC_REPRESENTATION_CONTEXT() REPRESENTATION_CONTEXT('2D SPACE',''
  ) );
#7283 = PCURVE('',#7164,#7284);
#7284 = DEFINITIONAL_REPRESENTATION('',(#7285),#7289);
#7285 = LINE('',#7286,#7287);
#7286 = CARTESIAN_POINT('',(1.0955E+03,18.));
#7287 = VECTOR('',#7288,1.);
#7288 = DIRECTION('',(1.,0.));
#7289 = ( GEOMETRIC_REPRESENTATION_CONTEXT(2) 
PARAMETRIC_REPRESENTATION_CONTEXT() REPRESENTATION_CONTEXT('2D SPACE',''
  ) );
#7290 = ORIENTED_EDGE('',*,*,#7291,.T.);
#7291 = EDGE_CURVE('',#7264,#7292,#7294,.T.);
#7292 = VERTEX_POINT('',#7293);
#7293 = CARTESIAN_POINT('',(320.4,1.4798E+03,1.395E+03));
#7294 = SURFACE_CURVE('',#7295,(#7299,#7306),.PCURVE_S1.);
#7295 = LINE('',#7296,#7297);
#7296 = CARTESIAN_POINT('',(473.9,1.4798E+03,1.395E+03));
#7297 = VECTOR('',#7298,1.);
#7298 = DIRECTION('',(-1.,1.110223024625E-16,0.));
#7299 = PCURVE('',#7272,#7300);
#7300 = DEFINITIONAL_REPRESENTATION('',(#7301),#7305);
#7301 = LINE('',#7302,#7303);
#7302 = CARTESIAN_POINT('',(153.5,-2.273736754432E-13));
#7303 = VECTOR('',#7304,1.);
#7304 = DIRECTION('',(1.,0.));
#7305 = ( GEOMETRIC_REPRESENTATION_CONTEXT(2) 
PARAMETRIC_REPRESENTATION_CONTEXT() REPRESENTATION_CONTEXT('2D SPACE',''
  ) );
#7306 = PCURVE('',#7246,#7307);
#7307 = DEFINITIONAL_REPRESENTATION('',(#7308),#7312);
#7308 = LINE('',#7309,#7310);
#7309 = CARTESIAN_POINT('',(153.5,18.));
#7310 = VECTOR('',#7311,1.);
#7311 = DIRECTION('',(1.,0.));
#7312 = ( GEOMETRIC_REPRESENTATION_CONTEXT(2) 
PARAMETRIC_REPRESENTATION_CONTEXT() REPRESENTATION_CONTEXT('2D SPACE',''
  ) );
#7313 = ORIENTED_EDGE('',*,*,#7314,.T.);
#7314 = EDGE_CURVE('',#7292,#7315,#7317,.T.);
#7315 = VERTEX_POINT('',#7316);
#7316 = CARTESIAN_POINT('',(320.4,1.4798E+03,3.586E+03));
#7317 = SURFACE_CURVE('',#7318,(#7322,#7329),.PCURVE_S1.);
#7318 = LINE('',#7319,#7320);
#7319 = CARTESIAN_POINT('',(320.4,1.4798E+03,2.4905E+03));
#7320 = VECTOR('',#7321,1.);
#7321 = DIRECTION('',(0.,0.,1.));
#7322 = PCURVE('',#7272,#7323);
#7323 = DEFINITIONAL_REPRESENTATION('',(#7324),#7328);
#7324 = LINE('',#7325,#7326);
#7325 = CARTESIAN_POINT('',(307.,1.0955E+03));
#7326 = VECTOR('',#7327,1.);
#7327 = DIRECTION('',(0.,1.));
#7328 = ( GEOMETRIC_REPRESENTATION_CONTEXT(2) 
PARAMETRIC_REPRESENTATION_CONTEXT() REPRESENTATION_CONTEXT('2D SPACE',''
  ) );
#7329 = PCURVE('',#7220,#7330);
#7330 = DEFINITIONAL_REPRESENTATION('',(#7331),#7335);
#7331 = LINE('',#7332,#7333);
#7332 = CARTESIAN_POINT('',(1.0955E+03,18.));
#7333 = VECTOR('',#7334,1.);
#7334 = DIRECTION('',(1.,0.));
#7335 = ( GEOMETRIC_REPRESENTATION_CONTEXT(2) 
PARAMETRIC_REPRESENTATION_CONTEXT() REPRESENTATION_CONTEXT('2D SPACE',''
  ) );
#7336 = ORIENTED_EDGE('',*,*,#7337,.T.);
#7337 = EDGE_CURVE('',#7315,#7262,#7338,.T.);
#7338 = SURFACE_CURVE('',#7339,(#7343,#7350),.PCURVE_S1.);
#7339 = LINE('',#7340,#7341);
#7340 = CARTESIAN_POINT('',(473.9,1.4798E+03,3.586E+03));
#7341 = VECTOR('',#7342,1.);
#7342 = DIRECTION('',(1.,-1.110223024625E-16,0.));
#7343 = PCURVE('',#7272,#7344);
#7344 = DEFINITIONAL_REPRESENTATION('',(#7345),#7349);
#7345 = LINE('',#7346,#7347);
#7346 = CARTESIAN_POINT('',(153.5,2.191E+03));
#7347 = VECTOR('',#7348,1.);
#7348 = DIRECTION('',(-1.,0.));
#7349 = ( GEOMETRIC_REPRESENTATION_CONTEXT(2) 
PARAMETRIC_REPRESENTATION_CONTEXT() REPRESENTATION_CONTEXT('2D SPACE',''
  ) );
#7350 = PCURVE('',#7192,#7351);
#7351 = DEFINITIONAL_REPRESENTATION('',(#7352),#7356);
#7352 = LINE('',#7353,#7354);
#7353 = CARTESIAN_POINT('',(153.5,18.));
#7354 = VECTOR('',#7355,1.);
#7355 = DIRECTION('',(1.,0.));
#7356 = ( GEOMETRIC_REPRESENTATION_CONTEXT(2) 
PARAMETRIC_REPRESENTATION_CONTEXT() REPRESENTATION_CONTEXT('2D SPACE',''
  ) );
#7357 = ADVANCED_FACE('',(#7358),#7164,.T.);
#7358 = FACE_BOUND('',#7359,.T.);
#7359 = EDGE_LOOP('',(#7360,#7381,#7382,#7403));
#7360 = ORIENTED_EDGE('',*,*,#7361,.F.);
#7361 = EDGE_CURVE('',#7142,#7262,#7362,.T.);
#7362 = SURFACE_CURVE('',#7363,(#7367,#7374),.PCURVE_S1.);
#7363 = LINE('',#7364,#7365);
#7364 = CARTESIAN_POINT('',(627.4,1.4708E+03,3.586E+03));
#7365 = VECTOR('',#7366,1.);
#7366 = DIRECTION('',(1.110223024625E-16,1.,0.));
#7367 = PCURVE('',#7164,#7368);
#7368 = DEFINITIONAL_REPRESENTATION('',(#7369),#7373);
#7369 = LINE('',#7370,#7371);
#7370 = CARTESIAN_POINT('',(0.,9.));
#7371 = VECTOR('',#7372,1.);
#7372 = DIRECTION('',(0.,1.));
#7373 = ( GEOMETRIC_REPRESENTATION_CONTEXT(2) 
PARAMETRIC_REPRESENTATION_CONTEXT() REPRESENTATION_CONTEXT('2D SPACE',''
  ) );
#7374 = PCURVE('',#7192,#7375);
#7375 = DEFINITIONAL_REPRESENTATION('',(#7376),#7380);
#7376 = LINE('',#7377,#7378);
#7377 = CARTESIAN_POINT('',(307.,9.));
#7378 = VECTOR('',#7379,1.);
#7379 = DIRECTION('',(0.,1.));
#7380 = ( GEOMETRIC_REPRESENTATION_CONTEXT(2) 
PARAMETRIC_REPRESENTATION_CONTEXT() REPRESENTATION_CONTEXT('2D SPACE',''
  ) );
#7381 = ORIENTED_EDGE('',*,*,#7141,.T.);
#7382 = ORIENTED_EDGE('',*,*,#7383,.T.);
#7383 = EDGE_CURVE('',#7144,#7264,#7384,.T.);
#7384 = SURFACE_CURVE('',#7385,(#7389,#7396),.PCURVE_S1.);
#7385 = LINE('',#7386,#7387);
#7386 = CARTESIAN_POINT('',(627.4,1.4708E+03,1.395E+03));
#7387 = VECTOR('',#7388,1.);
#7388 = DIRECTION('',(1.110223024625E-16,1.,0.));
#7389 = PCURVE('',#7164,#7390);
#7390 = DEFINITIONAL_REPRESENTATION('',(#7391),#7395);
#7391 = LINE('',#7392,#7393);
#7392 = CARTESIAN_POINT('',(2.191E+03,9.));
#7393 = VECTOR('',#7394,1.);
#7394 = DIRECTION('',(0.,1.));
#7395 = ( GEOMETRIC_REPRESENTATION_CONTEXT(2) 
PARAMETRIC_REPRESENTATION_CONTEXT() REPRESENTATION_CONTEXT('2D SPACE',''
  ) );
#7396 = PCURVE('',#7246,#7397);
#7397 = DEFINITIONAL_REPRESENTATION('',(#7398),#7402);
#7398 = LINE('',#7399,#7400);
#7399 = CARTESIAN_POINT('',(9.992007221626E-16,9.));
#7400 = VECTOR('',#7401,1.);
#7401 = DIRECTION('',(0.,1.));
#7402 = ( GEOMETRIC_REPRESENTATION_CONTEXT(2) 
PARAMETRIC_REPRESENTATION_CONTEXT() REPRESENTATION_CONTEXT('2D SPACE',''
  ) );
#7403 = ORIENTED_EDGE('',*,*,#7261,.F.);
#7404 = ADVANCED_FACE('',(#7405),#7192,.T.);
#7405 = FACE_BOUND('',#7406,.T.);
#7406 = EDGE_LOOP('',(#7407,#7428,#7429,#7430));
#7407 = ORIENTED_EDGE('',*,*,#7408,.F.);
#7408 = EDGE_CURVE('',#7177,#7315,#7409,.T.);
#7409 = SURFACE_CURVE('',#7410,(#7414,#7421),.PCURVE_S1.);
#7410 = LINE('',#7411,#7412);
#7411 = CARTESIAN_POINT('',(320.4,1.4708E+03,3.586E+03));
#7412 = VECTOR('',#7413,1.);
#7413 = DIRECTION('',(1.110223024625E-16,1.,0.));
#7414 = PCURVE('',#7192,#7415);
#7415 = DEFINITIONAL_REPRESENTATION('',(#7416),#7420);
#7416 = LINE('',#7417,#7418);
#7417 = CARTESIAN_POINT('',(-9.992007221626E-16,9.));
#7418 = VECTOR('',#7419,1.);
#7419 = DIRECTION('',(0.,1.));
#7420 = ( GEOMETRIC_REPRESENTATION_CONTEXT(2) 
PARAMETRIC_REPRESENTATION_CONTEXT() REPRESENTATION_CONTEXT('2D SPACE',''
  ) );
#7421 = PCURVE('',#7220,#7422);
#7422 = DEFINITIONAL_REPRESENTATION('',(#7423),#7427);
#7423 = LINE('',#7424,#7425);
#7424 = CARTESIAN_POINT('',(2.191E+03,9.));
#7425 = VECTOR('',#7426,1.);
#7426 = DIRECTION('',(0.,1.));
#7427 = ( GEOMETRIC_REPRESENTATION_CONTEXT(2) 
PARAMETRIC_REPRESENTATION_CONTEXT() REPRESENTATION_CONTEXT('2D SPACE',''
  ) );
#7428 = ORIENTED_EDGE('',*,*,#7176,.T.);
#7429 = ORIENTED_EDGE('',*,*,#7361,.T.);
#7430 = ORIENTED_EDGE('',*,*,#7337,.F.);
#7431 = ADVANCED_FACE('',(#7432),#7220,.T.);
#7432 = FACE_BOUND('',#7433,.T.);
#7433 = EDGE_LOOP('',(#7434,#7455,#7456,#7457));
#7434 = ORIENTED_EDGE('',*,*,#7435,.F.);
#7435 = EDGE_CURVE('',#7205,#7292,#7436,.T.);
#7436 = SURFACE_CURVE('',#7437,(#7441,#7448),.PCURVE_S1.);
#7437 = LINE('',#7438,#7439);
#7438 = CARTESIAN_POINT('',(320.4,1.4708E+03,1.395E+03));
#7439 = VECTOR('',#7440,1.);
#7440 = DIRECTION('',(1.110223024625E-16,1.,0.));
#7441 = PCURVE('',#7220,#7442);
#7442 = DEFINITIONAL_REPRESENTATION('',(#7443),#7447);
#7443 = LINE('',#7444,#7445);
#7444 = CARTESIAN_POINT('',(0.,9.));
#7445 = VECTOR('',#7446,1.);
#7446 = DIRECTION('',(0.,1.));
#7447 = ( GEOMETRIC_REPRESENTATION_CONTEXT(2) 
PARAMETRIC_REPRESENTATION_CONTEXT() REPRESENTATION_CONTEXT('2D SPACE',''
  ) );
#7448 = PCURVE('',#7246,#7449);
#7449 = DEFINITIONAL_REPRESENTATION('',(#7450),#7454);
#7450 = LINE('',#7451,#7452);
#7451 = CARTESIAN_POINT('',(307.,9.));
#7452 = VECTOR('',#7453,1.);
#7453 = DIRECTION('',(0.,1.));
#7454 = ( GEOMETRIC_REPRESENTATION_CONTEXT(2) 
PARAMETRIC_REPRESENTATION_CONTEXT() REPRESENTATION_CONTEXT('2D SPACE',''
  ) );
#7455 = ORIENTED_EDGE('',*,*,#7204,.T.);
#7456 = ORIENTED_EDGE('',*,*,#7408,.T.);
#7457 = ORIENTED_EDGE('',*,*,#7314,.F.);
#7458 = ADVANCED_FACE('',(#7459),#7246,.T.);
#7459 = FACE_BOUND('',#7460,.T.);
#7460 = EDGE_LOOP('',(#7461,#7462,#7463,#7464));
#7461 = ORIENTED_EDGE('',*,*,#7383,.F.);
#7462 = ORIENTED_EDGE('',*,*,#7232,.T.);
#7463 = ORIENTED_EDGE('',*,*,#7435,.T.);
#7464 = ORIENTED_EDGE('',*,*,#7291,.F.);
#7465 = ( GEOMETRIC_REPRESENTATION_CONTEXT(3) 
GLOBAL_UNCERTAINTY_ASSIGNED_CONTEXT((#7469)) 
GLOBAL_UNIT_ASSIGNED_CONTEXT((#7466,#7467,#7468)) REPRESENTATION_CONTEXT
('Context #1','3D Context with UNIT and UNCERTAINTY') );
#7466 = ( LENGTH_UNIT() NAMED_UNIT(*) SI_UNIT(.MILLI.,.METRE.) );
#7467 = ( NAMED_UNIT(*) PLANE_ANGLE_UNIT() SI_UNIT($,.RADIAN.) );
#7468 = ( NAMED_UNIT(*) SI_UNIT($,.STERADIAN.) SOLID_ANGLE_UNIT() );
#7469 = UNCERTAINTY_MEASURE_WITH_UNIT(LENGTH_MEASURE(1.E-07),#7466,
  'distance_accuracy_value','confusion accuracy');
#7470 = CONTEXT_DEPENDENT_SHAPE_REPRESENTATION(#7471,#7473);
#7471 = ( REPRESENTATION_RELATIONSHIP('','',#7134,#10) 
REPRESENTATION_RELATIONSHIP_WITH_TRANSFORMATION(#7472) 
SHAPE_REPRESENTATION_RELATIONSHIP() );
#7472 = ITEM_DEFINED_TRANSFORMATION('','',#11,#87);
#7473 = PRODUCT_DEFINITION_SHAPE('Placement','Placement of an item',
  #7474);
#7474 = NEXT_ASSEMBLY_USAGE_OCCURRENCE('270','','',#5,#7129,$);
#7475 = PRODUCT_RELATED_PRODUCT_CATEGORY('part',$,(#7131));
#7476 = SHAPE_DEFINITION_REPRESENTATION(#7477,#7483);
#7477 = PRODUCT_DEFINITION_SHAPE('','',#7478);
#7478 = PRODUCT_DEFINITION('design','',#7479,#7482);
#7479 = PRODUCT_DEFINITION_FORMATION('','',#7480);
#7480 = PRODUCT('Open CASCADE STEP translator 7.9 4.20',
  'Open CASCADE STEP translator 7.9 4.20','',(#7481));
#7481 = PRODUCT_CONTEXT('',#2,'mechanical');
#7482 = PRODUCT_DEFINITION_CONTEXT('part definition',#2,'design');
#7483 = ADVANCED_BREP_SHAPE_REPRESENTATION('',(#11,#7484),#7814);
#7484 = MANIFOLD_SOLID_BREP('',#7485);
#7485 = CLOSED_SHELL('',(#7486,#7606,#7682,#7731,#7780,#7807));
#7486 = ADVANCED_FACE('',(#7487),#7501,.T.);
#7487 = FACE_BOUND('',#7488,.T.);
#7488 = EDGE_LOOP('',(#7489,#7524,#7552,#7580));
#7489 = ORIENTED_EDGE('',*,*,#7490,.T.);
#7490 = EDGE_CURVE('',#7491,#7493,#7495,.T.);
#7491 = VERTEX_POINT('',#7492);
#7492 = CARTESIAN_POINT('',(627.4,3.1938E+03,1.395E+03));
#7493 = VERTEX_POINT('',#7494);
#7494 = CARTESIAN_POINT('',(320.4,3.1938E+03,1.395E+03));
#7495 = SURFACE_CURVE('',#7496,(#7500,#7512),.PCURVE_S1.);
#7496 = LINE('',#7497,#7498);
#7497 = CARTESIAN_POINT('',(473.9,3.1938E+03,1.395E+03));
#7498 = VECTOR('',#7499,1.);
#7499 = DIRECTION('',(-1.,1.110223024625E-16,0.));
#7500 = PCURVE('',#7501,#7506);
#7501 = PLANE('',#7502);
#7502 = AXIS2_PLACEMENT_3D('',#7503,#7504,#7505);
#7503 = CARTESIAN_POINT('',(627.4,3.1938E+03,1.395E+03));
#7504 = DIRECTION('',(1.110223024625E-16,1.,0.));
#7505 = DIRECTION('',(-1.,1.110223024625E-16,0.));
#7506 = DEFINITIONAL_REPRESENTATION('',(#7507),#7511);
#7507 = LINE('',#7508,#7509);
#7508 = CARTESIAN_POINT('',(153.5,-2.273736754432E-13));
#7509 = VECTOR('',#7510,1.);
#7510 = DIRECTION('',(1.,0.));
#7511 = ( GEOMETRIC_REPRESENTATION_CONTEXT(2) 
PARAMETRIC_REPRESENTATION_CONTEXT() REPRESENTATION_CONTEXT('2D SPACE',''
  ) );
#7512 = PCURVE('',#7513,#7518);
#7513 = PLANE('',#7514);
#7514 = AXIS2_PLACEMENT_3D('',#7515,#7516,#7517);
#7515 = CARTESIAN_POINT('',(627.4,3.1938E+03,1.395E+03));
#7516 = DIRECTION('',(0.,0.,1.));
#7517 = DIRECTION('',(-1.,1.110223024625E-16,0.));
#7518 = DEFINITIONAL_REPRESENTATION('',(#7519),#7523);
#7519 = LINE('',#7520,#7521);
#7520 = CARTESIAN_POINT('',(153.5,1.7041923428E-14));
#7521 = VECTOR('',#7522,1.);
#7522 = DIRECTION('',(1.,0.));
#7523 = ( GEOMETRIC_REPRESENTATION_CONTEXT(2) 
PARAMETRIC_REPRESENTATION_CONTEXT() REPRESENTATION_CONTEXT('2D SPACE',''
  ) );
#7524 = ORIENTED_EDGE('',*,*,#7525,.T.);
#7525 = EDGE_CURVE('',#7493,#7526,#7528,.T.);
#7526 = VERTEX_POINT('',#7527);
#7527 = CARTESIAN_POINT('',(320.4,3.1938E+03,3.586E+03));
#7528 = SURFACE_CURVE('',#7529,(#7533,#7540),.PCURVE_S1.);
#7529 = LINE('',#7530,#7531);
#7530 = CARTESIAN_POINT('',(320.4,3.1938E+03,2.4905E+03));
#7531 = VECTOR('',#7532,1.);
#7532 = DIRECTION('',(0.,0.,1.));
#7533 = PCURVE('',#7501,#7534);
#7534 = DEFINITIONAL_REPRESENTATION('',(#7535),#7539);
#7535 = LINE('',#7536,#7537);
#7536 = CARTESIAN_POINT('',(307.,1.0955E+03));
#7537 = VECTOR('',#7538,1.);
#7538 = DIRECTION('',(0.,1.));
#7539 = ( GEOMETRIC_REPRESENTATION_CONTEXT(2) 
PARAMETRIC_REPRESENTATION_CONTEXT() REPRESENTATION_CONTEXT('2D SPACE',''
  ) );
#7540 = PCURVE('',#7541,#7546);
#7541 = PLANE('',#7542);
#7542 = AXIS2_PLACEMENT_3D('',#7543,#7544,#7545);
#7543 = CARTESIAN_POINT('',(320.4,3.1938E+03,1.395E+03));
#7544 = DIRECTION('',(1.,-1.110223024625E-16,0.));
#7545 = DIRECTION('',(0.,0.,1.));
#7546 = DEFINITIONAL_REPRESENTATION('',(#7547),#7551);
#7547 = LINE('',#7548,#7549);
#7548 = CARTESIAN_POINT('',(1.0955E+03,0.));
#7549 = VECTOR('',#7550,1.);
#7550 = DIRECTION('',(1.,0.));
#7551 = ( GEOMETRIC_REPRESENTATION_CONTEXT(2) 
PARAMETRIC_REPRESENTATION_CONTEXT() REPRESENTATION_CONTEXT('2D SPACE',''
  ) );
#7552 = ORIENTED_EDGE('',*,*,#7553,.T.);
#7553 = EDGE_CURVE('',#7526,#7554,#7556,.T.);
#7554 = VERTEX_POINT('',#7555);
#7555 = CARTESIAN_POINT('',(627.4,3.1938E+03,3.586E+03));
#7556 = SURFACE_CURVE('',#7557,(#7561,#7568),.PCURVE_S1.);
#7557 = LINE('',#7558,#7559);
#7558 = CARTESIAN_POINT('',(473.9,3.1938E+03,3.586E+03));
#7559 = VECTOR('',#7560,1.);
#7560 = DIRECTION('',(1.,-1.110223024625E-16,0.));
#7561 = PCURVE('',#7501,#7562);
#7562 = DEFINITIONAL_REPRESENTATION('',(#7563),#7567);
#7563 = LINE('',#7564,#7565);
#7564 = CARTESIAN_POINT('',(153.5,2.191E+03));
#7565 = VECTOR('',#7566,1.);
#7566 = DIRECTION('',(-1.,0.));
#7567 = ( GEOMETRIC_REPRESENTATION_CONTEXT(2) 
PARAMETRIC_REPRESENTATION_CONTEXT() REPRESENTATION_CONTEXT('2D SPACE',''
  ) );
#7568 = PCURVE('',#7569,#7574);
#7569 = PLANE('',#7570);
#7570 = AXIS2_PLACEMENT_3D('',#7571,#7572,#7573);
#7571 = CARTESIAN_POINT('',(320.4,3.1938E+03,3.586E+03));
#7572 = DIRECTION('',(0.,0.,-1.));
#7573 = DIRECTION('',(1.,-1.110223024625E-16,0.));
#7574 = DEFINITIONAL_REPRESENTATION('',(#7575),#7579);
#7575 = LINE('',#7576,#7577);
#7576 = CARTESIAN_POINT('',(153.5,-1.7041923428E-14));
#7577 = VECTOR('',#7578,1.);
#7578 = DIRECTION('',(1.,0.));
#7579 = ( GEOMETRIC_REPRESENTATION_CONTEXT(2) 
PARAMETRIC_REPRESENTATION_CONTEXT() REPRESENTATION_CONTEXT('2D SPACE',''
  ) );
#7580 = ORIENTED_EDGE('',*,*,#7581,.T.);
#7581 = EDGE_CURVE('',#7554,#7491,#7582,.T.);
#7582 = SURFACE_CURVE('',#7583,(#7587,#7594),.PCURVE_S1.);
#7583 = LINE('',#7584,#7585);
#7584 = CARTESIAN_POINT('',(627.4,3.1938E+03,2.4905E+03));
#7585 = VECTOR('',#7586,1.);
#7586 = DIRECTION('',(0.,0.,-1.));
#7587 = PCURVE('',#7501,#7588);
#7588 = DEFINITIONAL_REPRESENTATION('',(#7589),#7593);
#7589 = LINE('',#7590,#7591);
#7590 = CARTESIAN_POINT('',(0.,1.0955E+03));
#7591 = VECTOR('',#7592,1.);
#7592 = DIRECTION('',(0.,-1.));
#7593 = ( GEOMETRIC_REPRESENTATION_CONTEXT(2) 
PARAMETRIC_REPRESENTATION_CONTEXT() REPRESENTATION_CONTEXT('2D SPACE',''
  ) );
#7594 = PCURVE('',#7595,#7600);
#7595 = PLANE('',#7596);
#7596 = AXIS2_PLACEMENT_3D('',#7597,#7598,#7599);
#7597 = CARTESIAN_POINT('',(627.4,3.1938E+03,3.586E+03));
#7598 = DIRECTION('',(-1.,1.110223024625E-16,0.));
#7599 = DIRECTION('',(0.,0.,-1.));
#7600 = DEFINITIONAL_REPRESENTATION('',(#7601),#7605);
#7601 = LINE('',#7602,#7603);
#7602 = CARTESIAN_POINT('',(1.0955E+03,-0.));
#7603 = VECTOR('',#7604,1.);
#7604 = DIRECTION('',(1.,-0.));
#7605 = ( GEOMETRIC_REPRESENTATION_CONTEXT(2) 
PARAMETRIC_REPRESENTATION_CONTEXT() REPRESENTATION_CONTEXT('2D SPACE',''
  ) );
#7606 = ADVANCED_FACE('',(#7607),#7513,.F.);
#7607 = FACE_BOUND('',#7608,.T.);
#7608 = EDGE_LOOP('',(#7609,#7639,#7660,#7661));
#7609 = ORIENTED_EDGE('',*,*,#7610,.T.);
#7610 = EDGE_CURVE('',#7611,#7613,#7615,.T.);
#7611 = VERTEX_POINT('',#7612);
#7612 = CARTESIAN_POINT('',(627.4,3.1758E+03,1.395E+03));
#7613 = VERTEX_POINT('',#7614);
#7614 = CARTESIAN_POINT('',(320.4,3.1758E+03,1.395E+03));
#7615 = SURFACE_CURVE('',#7616,(#7620,#7627),.PCURVE_S1.);
#7616 = LINE('',#7617,#7618);
#7617 = CARTESIAN_POINT('',(473.9,3.1758E+03,1.395E+03));
#7618 = VECTOR('',#7619,1.);
#7619 = DIRECTION('',(-1.,1.110223024625E-16,0.));
#7620 = PCURVE('',#7513,#7621);
#7621 = DEFINITIONAL_REPRESENTATION('',(#7622),#7626);
#7622 = LINE('',#7623,#7624);
#7623 = CARTESIAN_POINT('',(153.5,18.));
#7624 = VECTOR('',#7625,1.);
#7625 = DIRECTION('',(1.,0.));
#7626 = ( GEOMETRIC_REPRESENTATION_CONTEXT(2) 
PARAMETRIC_REPRESENTATION_CONTEXT() REPRESENTATION_CONTEXT('2D SPACE',''
  ) );
#7627 = PCURVE('',#7628,#7633);
#7628 = PLANE('',#7629);
#7629 = AXIS2_PLACEMENT_3D('',#7630,#7631,#7632);
#7630 = CARTESIAN_POINT('',(627.4,3.1758E+03,1.395E+03));
#7631 = DIRECTION('',(1.110223024625E-16,1.,0.));
#7632 = DIRECTION('',(-1.,1.110223024625E-16,0.));
#7633 = DEFINITIONAL_REPRESENTATION('',(#7634),#7638);
#7634 = LINE('',#7635,#7636);
#7635 = CARTESIAN_POINT('',(153.5,-2.273736754432E-13));
#7636 = VECTOR('',#7637,1.);
#7637 = DIRECTION('',(1.,0.));
#7638 = ( GEOMETRIC_REPRESENTATION_CONTEXT(2) 
PARAMETRIC_REPRESENTATION_CONTEXT() REPRESENTATION_CONTEXT('2D SPACE',''
  ) );
#7639 = ORIENTED_EDGE('',*,*,#7640,.F.);
#7640 = EDGE_CURVE('',#7493,#7613,#7641,.T.);
#7641 = SURFACE_CURVE('',#7642,(#7646,#7653),.PCURVE_S1.);
#7642 = LINE('',#7643,#7644);
#7643 = CARTESIAN_POINT('',(320.4,3.1848E+03,1.395E+03));
#7644 = VECTOR('',#7645,1.);
#7645 = DIRECTION('',(-1.110223024625E-16,-1.,0.));
#7646 = PCURVE('',#7513,#7647);
#7647 = DEFINITIONAL_REPRESENTATION('',(#7648),#7652);
#7648 = LINE('',#7649,#7650);
#7649 = CARTESIAN_POINT('',(307.,9.));
#7650 = VECTOR('',#7651,1.);
#7651 = DIRECTION('',(0.,1.));
#7652 = ( GEOMETRIC_REPRESENTATION_CONTEXT(2) 
PARAMETRIC_REPRESENTATION_CONTEXT() REPRESENTATION_CONTEXT('2D SPACE',''
  ) );
#7653 = PCURVE('',#7541,#7654);
#7654 = DEFINITIONAL_REPRESENTATION('',(#7655),#7659);
#7655 = LINE('',#7656,#7657);
#7656 = CARTESIAN_POINT('',(0.,9.));
#7657 = VECTOR('',#7658,1.);
#7658 = DIRECTION('',(0.,1.));
#7659 = ( GEOMETRIC_REPRESENTATION_CONTEXT(2) 
PARAMETRIC_REPRESENTATION_CONTEXT() REPRESENTATION_CONTEXT('2D SPACE',''
  ) );
#7660 = ORIENTED_EDGE('',*,*,#7490,.F.);
#7661 = ORIENTED_EDGE('',*,*,#7662,.T.);
#7662 = EDGE_CURVE('',#7491,#7611,#7663,.T.);
#7663 = SURFACE_CURVE('',#7664,(#7668,#7675),.PCURVE_S1.);
#7664 = LINE('',#7665,#7666);
#7665 = CARTESIAN_POINT('',(627.4,3.1848E+03,1.395E+03));
#7666 = VECTOR('',#7667,1.);
#7667 = DIRECTION('',(-1.110223024625E-16,-1.,0.));
#7668 = PCURVE('',#7513,#7669);
#7669 = DEFINITIONAL_REPRESENTATION('',(#7670),#7674);
#7670 = LINE('',#7671,#7672);
#7671 = CARTESIAN_POINT('',(-9.992007221626E-16,9.));
#7672 = VECTOR('',#7673,1.);
#7673 = DIRECTION('',(0.,1.));
#7674 = ( GEOMETRIC_REPRESENTATION_CONTEXT(2) 
PARAMETRIC_REPRESENTATION_CONTEXT() REPRESENTATION_CONTEXT('2D SPACE',''
  ) );
#7675 = PCURVE('',#7595,#7676);
#7676 = DEFINITIONAL_REPRESENTATION('',(#7677),#7681);
#7677 = LINE('',#7678,#7679);
#7678 = CARTESIAN_POINT('',(2.191E+03,9.));
#7679 = VECTOR('',#7680,1.);
#7680 = DIRECTION('',(-0.,1.));
#7681 = ( GEOMETRIC_REPRESENTATION_CONTEXT(2) 
PARAMETRIC_REPRESENTATION_CONTEXT() REPRESENTATION_CONTEXT('2D SPACE',''
  ) );
#7682 = ADVANCED_FACE('',(#7683),#7541,.F.);
#7683 = FACE_BOUND('',#7684,.T.);
#7684 = EDGE_LOOP('',(#7685,#7708,#7729,#7730));
#7685 = ORIENTED_EDGE('',*,*,#7686,.T.);
#7686 = EDGE_CURVE('',#7613,#7687,#7689,.T.);
#7687 = VERTEX_POINT('',#7688);
#7688 = CARTESIAN_POINT('',(320.4,3.1758E+03,3.586E+03));
#7689 = SURFACE_CURVE('',#7690,(#7694,#7701),.PCURVE_S1.);
#7690 = LINE('',#7691,#7692);
#7691 = CARTESIAN_POINT('',(320.4,3.1758E+03,2.4905E+03));
#7692 = VECTOR('',#7693,1.);
#7693 = DIRECTION('',(0.,0.,1.));
#7694 = PCURVE('',#7541,#7695);
#7695 = DEFINITIONAL_REPRESENTATION('',(#7696),#7700);
#7696 = LINE('',#7697,#7698);
#7697 = CARTESIAN_POINT('',(1.0955E+03,18.));
#7698 = VECTOR('',#7699,1.);
#7699 = DIRECTION('',(1.,0.));
#7700 = ( GEOMETRIC_REPRESENTATION_CONTEXT(2) 
PARAMETRIC_REPRESENTATION_CONTEXT() REPRESENTATION_CONTEXT('2D SPACE',''
  ) );
#7701 = PCURVE('',#7628,#7702);
#7702 = DEFINITIONAL_REPRESENTATION('',(#7703),#7707);
#7703 = LINE('',#7704,#7705);
#7704 = CARTESIAN_POINT('',(307.,1.0955E+03));
#7705 = VECTOR('',#7706,1.);
#7706 = DIRECTION('',(0.,1.));
#7707 = ( GEOMETRIC_REPRESENTATION_CONTEXT(2) 
PARAMETRIC_REPRESENTATION_CONTEXT() REPRESENTATION_CONTEXT('2D SPACE',''
  ) );
#7708 = ORIENTED_EDGE('',*,*,#7709,.F.);
#7709 = EDGE_CURVE('',#7526,#7687,#7710,.T.);
#7710 = SURFACE_CURVE('',#7711,(#7715,#7722),.PCURVE_S1.);
#7711 = LINE('',#7712,#7713);
#7712 = CARTESIAN_POINT('',(320.4,3.1848E+03,3.586E+03));
#7713 = VECTOR('',#7714,1.);
#7714 = DIRECTION('',(-1.110223024625E-16,-1.,0.));
#7715 = PCURVE('',#7541,#7716);
#7716 = DEFINITIONAL_REPRESENTATION('',(#7717),#7721);
#7717 = LINE('',#7718,#7719);
#7718 = CARTESIAN_POINT('',(2.191E+03,9.));
#7719 = VECTOR('',#7720,1.);
#7720 = DIRECTION('',(0.,1.));
#7721 = ( GEOMETRIC_REPRESENTATION_CONTEXT(2) 
PARAMETRIC_REPRESENTATION_CONTEXT() REPRESENTATION_CONTEXT('2D SPACE',''
  ) );
#7722 = PCURVE('',#7569,#7723);
#7723 = DEFINITIONAL_REPRESENTATION('',(#7724),#7728);
#7724 = LINE('',#7725,#7726);
#7725 = CARTESIAN_POINT('',(9.992007221626E-16,9.));
#7726 = VECTOR('',#7727,1.);
#7727 = DIRECTION('',(0.,1.));
#7728 = ( GEOMETRIC_REPRESENTATION_CONTEXT(2) 
PARAMETRIC_REPRESENTATION_CONTEXT() REPRESENTATION_CONTEXT('2D SPACE',''
  ) );
#7729 = ORIENTED_EDGE('',*,*,#7525,.F.);
#7730 = ORIENTED_EDGE('',*,*,#7640,.T.);
#7731 = ADVANCED_FACE('',(#7732),#7569,.F.);
#7732 = FACE_BOUND('',#7733,.T.);
#7733 = EDGE_LOOP('',(#7734,#7757,#7778,#7779));
#7734 = ORIENTED_EDGE('',*,*,#7735,.T.);
#7735 = EDGE_CURVE('',#7687,#7736,#7738,.T.);
#7736 = VERTEX_POINT('',#7737);
#7737 = CARTESIAN_POINT('',(627.4,3.1758E+03,3.586E+03));
#7738 = SURFACE_CURVE('',#7739,(#7743,#7750),.PCURVE_S1.);
#7739 = LINE('',#7740,#7741);
#7740 = CARTESIAN_POINT('',(473.9,3.1758E+03,3.586E+03));
#7741 = VECTOR('',#7742,1.);
#7742 = DIRECTION('',(1.,-1.110223024625E-16,0.));
#7743 = PCURVE('',#7569,#7744);
#7744 = DEFINITIONAL_REPRESENTATION('',(#7745),#7749);
#7745 = LINE('',#7746,#7747);
#7746 = CARTESIAN_POINT('',(153.5,18.));
#7747 = VECTOR('',#7748,1.);
#7748 = DIRECTION('',(1.,0.));
#7749 = ( GEOMETRIC_REPRESENTATION_CONTEXT(2) 
PARAMETRIC_REPRESENTATION_CONTEXT() REPRESENTATION_CONTEXT('2D SPACE',''
  ) );
#7750 = PCURVE('',#7628,#7751);
#7751 = DEFINITIONAL_REPRESENTATION('',(#7752),#7756);
#7752 = LINE('',#7753,#7754);
#7753 = CARTESIAN_POINT('',(153.5,2.191E+03));
#7754 = VECTOR('',#7755,1.);
#7755 = DIRECTION('',(-1.,0.));
#7756 = ( GEOMETRIC_REPRESENTATION_CONTEXT(2) 
PARAMETRIC_REPRESENTATION_CONTEXT() REPRESENTATION_CONTEXT('2D SPACE',''
  ) );
#7757 = ORIENTED_EDGE('',*,*,#7758,.F.);
#7758 = EDGE_CURVE('',#7554,#7736,#7759,.T.);
#7759 = SURFACE_CURVE('',#7760,(#7764,#7771),.PCURVE_S1.);
#7760 = LINE('',#7761,#7762);
#7761 = CARTESIAN_POINT('',(627.4,3.1848E+03,3.586E+03));
#7762 = VECTOR('',#7763,1.);
#7763 = DIRECTION('',(-1.110223024625E-16,-1.,0.));
#7764 = PCURVE('',#7569,#7765);
#7765 = DEFINITIONAL_REPRESENTATION('',(#7766),#7770);
#7766 = LINE('',#7767,#7768);
#7767 = CARTESIAN_POINT('',(307.,9.));
#7768 = VECTOR('',#7769,1.);
#7769 = DIRECTION('',(0.,1.));
#7770 = ( GEOMETRIC_REPRESENTATION_CONTEXT(2) 
PARAMETRIC_REPRESENTATION_CONTEXT() REPRESENTATION_CONTEXT('2D SPACE',''
  ) );
#7771 = PCURVE('',#7595,#7772);
#7772 = DEFINITIONAL_REPRESENTATION('',(#7773),#7777);
#7773 = LINE('',#7774,#7775);
#7774 = CARTESIAN_POINT('',(0.,9.));
#7775 = VECTOR('',#7776,1.);
#7776 = DIRECTION('',(-0.,1.));
#7777 = ( GEOMETRIC_REPRESENTATION_CONTEXT(2) 
PARAMETRIC_REPRESENTATION_CONTEXT() REPRESENTATION_CONTEXT('2D SPACE',''
  ) );
#7778 = ORIENTED_EDGE('',*,*,#7553,.F.);
#7779 = ORIENTED_EDGE('',*,*,#7709,.T.);
#7780 = ADVANCED_FACE('',(#7781),#7595,.F.);
#7781 = FACE_BOUND('',#7782,.T.);
#7782 = EDGE_LOOP('',(#7783,#7804,#7805,#7806));
#7783 = ORIENTED_EDGE('',*,*,#7784,.T.);
#7784 = EDGE_CURVE('',#7736,#7611,#7785,.T.);
#7785 = SURFACE_CURVE('',#7786,(#7790,#7797),.PCURVE_S1.);
#7786 = LINE('',#7787,#7788);
#7787 = CARTESIAN_POINT('',(627.4,3.1758E+03,2.4905E+03));
#7788 = VECTOR('',#7789,1.);
#7789 = DIRECTION('',(0.,0.,-1.));
#7790 = PCURVE('',#7595,#7791);
#7791 = DEFINITIONAL_REPRESENTATION('',(#7792),#7796);
#7792 = LINE('',#7793,#7794);
#7793 = CARTESIAN_POINT('',(1.0955E+03,18.));
#7794 = VECTOR('',#7795,1.);
#7795 = DIRECTION('',(1.,-0.));
#7796 = ( GEOMETRIC_REPRESENTATION_CONTEXT(2) 
PARAMETRIC_REPRESENTATION_CONTEXT() REPRESENTATION_CONTEXT('2D SPACE',''
  ) );
#7797 = PCURVE('',#7628,#7798);
#7798 = DEFINITIONAL_REPRESENTATION('',(#7799),#7803);
#7799 = LINE('',#7800,#7801);
#7800 = CARTESIAN_POINT('',(0.,1.0955E+03));
#7801 = VECTOR('',#7802,1.);
#7802 = DIRECTION('',(0.,-1.));
#7803 = ( GEOMETRIC_REPRESENTATION_CONTEXT(2) 
PARAMETRIC_REPRESENTATION_CONTEXT() REPRESENTATION_CONTEXT('2D SPACE',''
  ) );
#7804 = ORIENTED_EDGE('',*,*,#7662,.F.);
#7805 = ORIENTED_EDGE('',*,*,#7581,.F.);
#7806 = ORIENTED_EDGE('',*,*,#7758,.T.);
#7807 = ADVANCED_FACE('',(#7808),#7628,.F.);
#7808 = FACE_BOUND('',#7809,.T.);
#7809 = EDGE_LOOP('',(#7810,#7811,#7812,#7813));
#7810 = ORIENTED_EDGE('',*,*,#7735,.F.);
#7811 = ORIENTED_EDGE('',*,*,#7686,.F.);
#7812 = ORIENTED_EDGE('',*,*,#7610,.F.);
#7813 = ORIENTED_EDGE('',*,*,#7784,.F.);
#7814 = ( GEOMETRIC_REPRESENTATION_CONTEXT(3) 
GLOBAL_UNCERTAINTY_ASSIGNED_CONTEXT((#7818)) 
GLOBAL_UNIT_ASSIGNED_CONTEXT((#7815,#7816,#7817)) REPRESENTATION_CONTEXT
('Context #1','3D Context with UNIT and UNCERTAINTY') );
#7815 = ( LENGTH_UNIT() NAMED_UNIT(*) SI_UNIT(.MILLI.,.METRE.) );
#7816 = ( NAMED_UNIT(*) PLANE_ANGLE_UNIT() SI_UNIT($,.RADIAN.) );
#7817 = ( NAMED_UNIT(*) SI_UNIT($,.STERADIAN.) SOLID_ANGLE_UNIT() );
#7818 = UNCERTAINTY_MEASURE_WITH_UNIT(LENGTH_MEASURE(1.E-07),#7815,
  'distance_accuracy_value','confusion accuracy');
#7819 = CONTEXT_DEPENDENT_SHAPE_REPRESENTATION(#7820,#7822);
#7820 = ( REPRESENTATION_RELATIONSHIP('','',#7483,#10) 
REPRESENTATION_RELATIONSHIP_WITH_TRANSFORMATION(#7821) 
SHAPE_REPRESENTATION_RELATIONSHIP() );
#7821 = ITEM_DEFINED_TRANSFORMATION('','',#11,#91);
#7822 = PRODUCT_DEFINITION_SHAPE('Placement','Placement of an item',
  #7823);
#7823 = NEXT_ASSEMBLY_USAGE_OCCURRENCE('271','','',#5,#7478,$);
#7824 = PRODUCT_RELATED_PRODUCT_CATEGORY('part',$,(#7480));
#7825 = SHAPE_DEFINITION_REPRESENTATION(#7826,#7832);
#7826 = PRODUCT_DEFINITION_SHAPE('','',#7827);
#7827 = PRODUCT_DEFINITION('design','',#7828,#7831);
#7828 = PRODUCT_DEFINITION_FORMATION('','',#7829);
#7829 = PRODUCT('Open CASCADE STEP translator 7.9 4.21',
  'Open CASCADE STEP translator 7.9 4.21','',(#7830));
#7830 = PRODUCT_CONTEXT('',#2,'mechanical');
#7831 = PRODUCT_DEFINITION_CONTEXT('part definition',#2,'design');
#7832 = ADVANCED_BREP_SHAPE_REPRESENTATION('',(#11,#7833),#8163);
#7833 = MANIFOLD_SOLID_BREP('',#7834);
#7834 = CLOSED_SHELL('',(#7835,#7955,#8055,#8102,#8129,#8156));
#7835 = ADVANCED_FACE('',(#7836),#7850,.F.);
#7836 = FACE_BOUND('',#7837,.T.);
#7837 = EDGE_LOOP('',(#7838,#7873,#7901,#7929));
#7838 = ORIENTED_EDGE('',*,*,#7839,.F.);
#7839 = EDGE_CURVE('',#7840,#7842,#7844,.T.);
#7840 = VERTEX_POINT('',#7841);
#7841 = CARTESIAN_POINT('',(320.4,1.4798E+03,1.395E+03));
#7842 = VERTEX_POINT('',#7843);
#7843 = CARTESIAN_POINT('',(627.4,1.4798E+03,1.395E+03));
#7844 = SURFACE_CURVE('',#7845,(#7849,#7861),.PCURVE_S1.);
#7845 = LINE('',#7846,#7847);
#7846 = CARTESIAN_POINT('',(473.9,1.4798E+03,1.395E+03));
#7847 = VECTOR('',#7848,1.);
#7848 = DIRECTION('',(1.,-1.110223024625E-16,0.));
#7849 = PCURVE('',#7850,#7855);
#7850 = PLANE('',#7851);
#7851 = AXIS2_PLACEMENT_3D('',#7852,#7853,#7854);
#7852 = CARTESIAN_POINT('',(627.4,1.4618E+03,1.395E+03));
#7853 = DIRECTION('',(0.,0.,1.));
#7854 = DIRECTION('',(1.110223024625E-16,1.,0.));
#7855 = DEFINITIONAL_REPRESENTATION('',(#7856),#7860);
#7856 = LINE('',#7857,#7858);
#7857 = CARTESIAN_POINT('',(18.,153.5));
#7858 = VECTOR('',#7859,1.);
#7859 = DIRECTION('',(0.,-1.));
#7860 = ( GEOMETRIC_REPRESENTATION_CONTEXT(2) 
PARAMETRIC_REPRESENTATION_CONTEXT() REPRESENTATION_CONTEXT('2D SPACE',''
  ) );
#7861 = PCURVE('',#7862,#7867);
#7862 = PLANE('',#7863);
#7863 = AXIS2_PLACEMENT_3D('',#7864,#7865,#7866);
#7864 = CARTESIAN_POINT('',(320.4,1.4798E+03,1.395E+03));
#7865 = DIRECTION('',(-1.110223024625E-16,-1.,0.));
#7866 = DIRECTION('',(1.,-1.110223024625E-16,0.));
#7867 = DEFINITIONAL_REPRESENTATION('',(#7868),#7872);
#7868 = LINE('',#7869,#7870);
#7869 = CARTESIAN_POINT('',(153.5,0.));
#7870 = VECTOR('',#7871,1.);
#7871 = DIRECTION('',(1.,0.));
#7872 = ( GEOMETRIC_REPRESENTATION_CONTEXT(2) 
PARAMETRIC_REPRESENTATION_CONTEXT() REPRESENTATION_CONTEXT('2D SPACE',''
  ) );
#7873 = ORIENTED_EDGE('',*,*,#7874,.F.);
#7874 = EDGE_CURVE('',#7875,#7840,#7877,.T.);
#7875 = VERTEX_POINT('',#7876);
#7876 = CARTESIAN_POINT('',(320.4,3.1758E+03,1.395E+03));
#7877 = SURFACE_CURVE('',#7878,(#7882,#7889),.PCURVE_S1.);
#7878 = LINE('',#7879,#7880);
#7879 = CARTESIAN_POINT('',(320.4,2.3278E+03,1.395E+03));
#7880 = VECTOR('',#7881,1.);
#7881 = DIRECTION('',(-1.110223024625E-16,-1.,0.));
#7882 = PCURVE('',#7850,#7883);
#7883 = DEFINITIONAL_REPRESENTATION('',(#7884),#7888);
#7884 = LINE('',#7885,#7886);
#7885 = CARTESIAN_POINT('',(866.,307.));
#7886 = VECTOR('',#7887,1.);
#7887 = DIRECTION('',(-1.,0.));
#7888 = ( GEOMETRIC_REPRESENTATION_CONTEXT(2) 
PARAMETRIC_REPRESENTATION_CONTEXT() REPRESENTATION_CONTEXT('2D SPACE',''
  ) );
#7889 = PCURVE('',#7890,#7895);
#7890 = PLANE('',#7891);
#7891 = AXIS2_PLACEMENT_3D('',#7892,#7893,#7894);
#7892 = CARTESIAN_POINT('',(320.4,3.1758E+03,1.395E+03));
#7893 = DIRECTION('',(-1.,1.110223024625E-16,0.));
#7894 = DIRECTION('',(-1.110223024625E-16,-1.,0.));
#7895 = DEFINITIONAL_REPRESENTATION('',(#7896),#7900);
#7896 = LINE('',#7897,#7898);
#7897 = CARTESIAN_POINT('',(848.,0.));
#7898 = VECTOR('',#7899,1.);
#7899 = DIRECTION('',(1.,0.));
#7900 = ( GEOMETRIC_REPRESENTATION_CONTEXT(2) 
PARAMETRIC_REPRESENTATION_CONTEXT() REPRESENTATION_CONTEXT('2D SPACE',''
  ) );
#7901 = ORIENTED_EDGE('',*,*,#7902,.F.);
#7902 = EDGE_CURVE('',#7903,#7875,#7905,.T.);
#7903 = VERTEX_POINT('',#7904);
#7904 = CARTESIAN_POINT('',(627.4,3.1758E+03,1.395E+03));
#7905 = SURFACE_CURVE('',#7906,(#7910,#7917),.PCURVE_S1.);
#7906 = LINE('',#7907,#7908);
#7907 = CARTESIAN_POINT('',(473.9,3.1758E+03,1.395E+03));
#7908 = VECTOR('',#7909,1.);
#7909 = DIRECTION('',(-1.,1.110223024625E-16,0.));
#7910 = PCURVE('',#7850,#7911);
#7911 = DEFINITIONAL_REPRESENTATION('',(#7912),#7916);
#7912 = LINE('',#7913,#7914);
#7913 = CARTESIAN_POINT('',(1.714E+03,153.5));
#7914 = VECTOR('',#7915,1.);
#7915 = DIRECTION('',(0.,1.));
#7916 = ( GEOMETRIC_REPRESENTATION_CONTEXT(2) 
PARAMETRIC_REPRESENTATION_CONTEXT() REPRESENTATION_CONTEXT('2D SPACE',''
  ) );
#7917 = PCURVE('',#7918,#7923);
#7918 = PLANE('',#7919);
#7919 = AXIS2_PLACEMENT_3D('',#7920,#7921,#7922);
#7920 = CARTESIAN_POINT('',(627.4,3.1758E+03,1.395E+03));
#7921 = DIRECTION('',(1.110223024625E-16,1.,0.));
#7922 = DIRECTION('',(-1.,1.110223024625E-16,0.));
#7923 = DEFINITIONAL_REPRESENTATION('',(#7924),#7928);
#7924 = LINE('',#7925,#7926);
#7925 = CARTESIAN_POINT('',(153.5,0.));
#7926 = VECTOR('',#7927,1.);
#7927 = DIRECTION('',(1.,0.));
#7928 = ( GEOMETRIC_REPRESENTATION_CONTEXT(2) 
PARAMETRIC_REPRESENTATION_CONTEXT() REPRESENTATION_CONTEXT('2D SPACE',''
  ) );
#7929 = ORIENTED_EDGE('',*,*,#7930,.F.);
#7930 = EDGE_CURVE('',#7842,#7903,#7931,.T.);
#7931 = SURFACE_CURVE('',#7932,(#7936,#7943),.PCURVE_S1.);
#7932 = LINE('',#7933,#7934);
#7933 = CARTESIAN_POINT('',(627.4,2.3278E+03,1.395E+03));
#7934 = VECTOR('',#7935,1.);
#7935 = DIRECTION('',(1.110223024625E-16,1.,0.));
#7936 = PCURVE('',#7850,#7937);
#7937 = DEFINITIONAL_REPRESENTATION('',(#7938),#7942);
#7938 = LINE('',#7939,#7940);
#7939 = CARTESIAN_POINT('',(866.,-2.449151992323E-13));
#7940 = VECTOR('',#7941,1.);
#7941 = DIRECTION('',(1.,0.));
#7942 = ( GEOMETRIC_REPRESENTATION_CONTEXT(2) 
PARAMETRIC_REPRESENTATION_CONTEXT() REPRESENTATION_CONTEXT('2D SPACE',''
  ) );
#7943 = PCURVE('',#7944,#7949);
#7944 = PLANE('',#7945);
#7945 = AXIS2_PLACEMENT_3D('',#7946,#7947,#7948);
#7946 = CARTESIAN_POINT('',(627.4,1.4798E+03,1.395E+03));
#7947 = DIRECTION('',(1.,-1.110223024625E-16,0.));
#7948 = DIRECTION('',(1.110223024625E-16,1.,0.));
#7949 = DEFINITIONAL_REPRESENTATION('',(#7950),#7954);
#7950 = LINE('',#7951,#7952);
#7951 = CARTESIAN_POINT('',(848.,0.));
#7952 = VECTOR('',#7953,1.);
#7953 = DIRECTION('',(1.,0.));
#7954 = ( GEOMETRIC_REPRESENTATION_CONTEXT(2) 
PARAMETRIC_REPRESENTATION_CONTEXT() REPRESENTATION_CONTEXT('2D SPACE',''
  ) );
#7955 = ADVANCED_FACE('',(#7956),#7970,.T.);
#7956 = FACE_BOUND('',#7957,.T.);
#7957 = EDGE_LOOP('',(#7958,#7988,#8011,#8034));
#7958 = ORIENTED_EDGE('',*,*,#7959,.T.);
#7959 = EDGE_CURVE('',#7960,#7962,#7964,.T.);
#7960 = VERTEX_POINT('',#7961);
#7961 = CARTESIAN_POINT('',(320.4,1.4798E+03,1.413E+03));
#7962 = VERTEX_POINT('',#7963);
#7963 = CARTESIAN_POINT('',(627.4,1.4798E+03,1.413E+03));
#7964 = SURFACE_CURVE('',#7965,(#7969,#7981),.PCURVE_S1.);
#7965 = LINE('',#7966,#7967);
#7966 = CARTESIAN_POINT('',(473.9,1.4798E+03,1.413E+03));
#7967 = VECTOR('',#7968,1.);
#7968 = DIRECTION('',(1.,-1.110223024625E-16,0.));
#7969 = PCURVE('',#7970,#7975);
#7970 = PLANE('',#7971);
#7971 = AXIS2_PLACEMENT_3D('',#7972,#7973,#7974);
#7972 = CARTESIAN_POINT('',(627.4,1.4618E+03,1.413E+03));
#7973 = DIRECTION('',(0.,0.,1.));
#7974 = DIRECTION('',(1.110223024625E-16,1.,0.));
#7975 = DEFINITIONAL_REPRESENTATION('',(#7976),#7980);
#7976 = LINE('',#7977,#7978);
#7977 = CARTESIAN_POINT('',(18.,153.5));
#7978 = VECTOR('',#7979,1.);
#7979 = DIRECTION('',(0.,-1.));
#7980 = ( GEOMETRIC_REPRESENTATION_CONTEXT(2) 
PARAMETRIC_REPRESENTATION_CONTEXT() REPRESENTATION_CONTEXT('2D SPACE',''
  ) );
#7981 = PCURVE('',#7862,#7982);
#7982 = DEFINITIONAL_REPRESENTATION('',(#7983),#7987);
#7983 = LINE('',#7984,#7985);
#7984 = CARTESIAN_POINT('',(153.5,18.));
#7985 = VECTOR('',#7986,1.);
#7986 = DIRECTION('',(1.,0.));
#7987 = ( GEOMETRIC_REPRESENTATION_CONTEXT(2) 
PARAMETRIC_REPRESENTATION_CONTEXT() REPRESENTATION_CONTEXT('2D SPACE',''
  ) );
#7988 = ORIENTED_EDGE('',*,*,#7989,.T.);
#7989 = EDGE_CURVE('',#7962,#7990,#7992,.T.);
#7990 = VERTEX_POINT('',#7991);
#7991 = CARTESIAN_POINT('',(627.4,3.1758E+03,1.413E+03));
#7992 = SURFACE_CURVE('',#7993,(#7997,#8004),.PCURVE_S1.);
#7993 = LINE('',#7994,#7995);
#7994 = CARTESIAN_POINT('',(627.4,2.3278E+03,1.413E+03));
#7995 = VECTOR('',#7996,1.);
#7996 = DIRECTION('',(1.110223024625E-16,1.,0.));
#7997 = PCURVE('',#7970,#7998);
#7998 = DEFINITIONAL_REPRESENTATION('',(#7999),#8003);
#7999 = LINE('',#8000,#8001);
#8000 = CARTESIAN_POINT('',(866.,-2.449151992323E-13));
#8001 = VECTOR('',#8002,1.);
#8002 = DIRECTION('',(1.,0.));
#8003 = ( GEOMETRIC_REPRESENTATION_CONTEXT(2) 
PARAMETRIC_REPRESENTATION_CONTEXT() REPRESENTATION_CONTEXT('2D SPACE',''
  ) );
#8004 = PCURVE('',#7944,#8005);
#8005 = DEFINITIONAL_REPRESENTATION('',(#8006),#8010);
#8006 = LINE('',#8007,#8008);
#8007 = CARTESIAN_POINT('',(848.,18.));
#8008 = VECTOR('',#8009,1.);
#8009 = DIRECTION('',(1.,0.));
#8010 = ( GEOMETRIC_REPRESENTATION_CONTEXT(2) 
PARAMETRIC_REPRESENTATION_CONTEXT() REPRESENTATION_CONTEXT('2D SPACE',''
  ) );
#8011 = ORIENTED_EDGE('',*,*,#8012,.T.);
#8012 = EDGE_CURVE('',#7990,#8013,#8015,.T.);
#8013 = VERTEX_POINT('',#8014);
#8014 = CARTESIAN_POINT('',(320.4,3.1758E+03,1.413E+03));
#8015 = SURFACE_CURVE('',#8016,(#8020,#8027),.PCURVE_S1.);
#8016 = LINE('',#8017,#8018);
#8017 = CARTESIAN_POINT('',(473.9,3.1758E+03,1.413E+03));
#8018 = VECTOR('',#8019,1.);
#8019 = DIRECTION('',(-1.,1.110223024625E-16,0.));
#8020 = PCURVE('',#7970,#8021);
#8021 = DEFINITIONAL_REPRESENTATION('',(#8022),#8026);
#8022 = LINE('',#8023,#8024);
#8023 = CARTESIAN_POINT('',(1.714E+03,153.5));
#8024 = VECTOR('',#8025,1.);
#8025 = DIRECTION('',(0.,1.));
#8026 = ( GEOMETRIC_REPRESENTATION_CONTEXT(2) 
PARAMETRIC_REPRESENTATION_CONTEXT() REPRESENTATION_CONTEXT('2D SPACE',''
  ) );
#8027 = PCURVE('',#7918,#8028);
#8028 = DEFINITIONAL_REPRESENTATION('',(#8029),#8033);
#8029 = LINE('',#8030,#8031);
#8030 = CARTESIAN_POINT('',(153.5,18.));
#8031 = VECTOR('',#8032,1.);
#8032 = DIRECTION('',(1.,0.));
#8033 = ( GEOMETRIC_REPRESENTATION_CONTEXT(2) 
PARAMETRIC_REPRESENTATION_CONTEXT() REPRESENTATION_CONTEXT('2D SPACE',''
  ) );
#8034 = ORIENTED_EDGE('',*,*,#8035,.T.);
#8035 = EDGE_CURVE('',#8013,#7960,#8036,.T.);
#8036 = SURFACE_CURVE('',#8037,(#8041,#8048),.PCURVE_S1.);
#8037 = LINE('',#8038,#8039);
#8038 = CARTESIAN_POINT('',(320.4,2.3278E+03,1.413E+03));
#8039 = VECTOR('',#8040,1.);
#8040 = DIRECTION('',(-1.110223024625E-16,-1.,0.));
#8041 = PCURVE('',#7970,#8042);
#8042 = DEFINITIONAL_REPRESENTATION('',(#8043),#8047);
#8043 = LINE('',#8044,#8045);
#8044 = CARTESIAN_POINT('',(866.,307.));
#8045 = VECTOR('',#8046,1.);
#8046 = DIRECTION('',(-1.,0.));
#8047 = ( GEOMETRIC_REPRESENTATION_CONTEXT(2) 
PARAMETRIC_REPRESENTATION_CONTEXT() REPRESENTATION_CONTEXT('2D SPACE',''
  ) );
#8048 = PCURVE('',#7890,#8049);
#8049 = DEFINITIONAL_REPRESENTATION('',(#8050),#8054);
#8050 = LINE('',#8051,#8052);
#8051 = CARTESIAN_POINT('',(848.,18.));
#8052 = VECTOR('',#8053,1.);
#8053 = DIRECTION('',(1.,0.));
#8054 = ( GEOMETRIC_REPRESENTATION_CONTEXT(2) 
PARAMETRIC_REPRESENTATION_CONTEXT() REPRESENTATION_CONTEXT('2D SPACE',''
  ) );
#8055 = ADVANCED_FACE('',(#8056),#7862,.T.);
#8056 = FACE_BOUND('',#8057,.T.);
#8057 = EDGE_LOOP('',(#8058,#8079,#8080,#8101));
#8058 = ORIENTED_EDGE('',*,*,#8059,.F.);
#8059 = EDGE_CURVE('',#7840,#7960,#8060,.T.);
#8060 = SURFACE_CURVE('',#8061,(#8065,#8072),.PCURVE_S1.);
#8061 = LINE('',#8062,#8063);
#8062 = CARTESIAN_POINT('',(320.4,1.4798E+03,1.404E+03));
#8063 = VECTOR('',#8064,1.);
#8064 = DIRECTION('',(0.,0.,1.));
#8065 = PCURVE('',#7862,#8066);
#8066 = DEFINITIONAL_REPRESENTATION('',(#8067),#8071);
#8067 = LINE('',#8068,#8069);
#8068 = CARTESIAN_POINT('',(0.,9.));
#8069 = VECTOR('',#8070,1.);
#8070 = DIRECTION('',(0.,1.));
#8071 = ( GEOMETRIC_REPRESENTATION_CONTEXT(2) 
PARAMETRIC_REPRESENTATION_CONTEXT() REPRESENTATION_CONTEXT('2D SPACE',''
  ) );
#8072 = PCURVE('',#7890,#8073);
#8073 = DEFINITIONAL_REPRESENTATION('',(#8074),#8078);
#8074 = LINE('',#8075,#8076);
#8075 = CARTESIAN_POINT('',(1.696E+03,9.));
#8076 = VECTOR('',#8077,1.);
#8077 = DIRECTION('',(0.,1.));
#8078 = ( GEOMETRIC_REPRESENTATION_CONTEXT(2) 
PARAMETRIC_REPRESENTATION_CONTEXT() REPRESENTATION_CONTEXT('2D SPACE',''
  ) );
#8079 = ORIENTED_EDGE('',*,*,#7839,.T.);
#8080 = ORIENTED_EDGE('',*,*,#8081,.T.);
#8081 = EDGE_CURVE('',#7842,#7962,#8082,.T.);
#8082 = SURFACE_CURVE('',#8083,(#8087,#8094),.PCURVE_S1.);
#8083 = LINE('',#8084,#8085);
#8084 = CARTESIAN_POINT('',(627.4,1.4798E+03,1.404E+03));
#8085 = VECTOR('',#8086,1.);
#8086 = DIRECTION('',(0.,0.,1.));
#8087 = PCURVE('',#7862,#8088);
#8088 = DEFINITIONAL_REPRESENTATION('',(#8089),#8093);
#8089 = LINE('',#8090,#8091);
#8090 = CARTESIAN_POINT('',(307.,9.));
#8091 = VECTOR('',#8092,1.);
#8092 = DIRECTION('',(0.,1.));
#8093 = ( GEOMETRIC_REPRESENTATION_CONTEXT(2) 
PARAMETRIC_REPRESENTATION_CONTEXT() REPRESENTATION_CONTEXT('2D SPACE',''
  ) );
#8094 = PCURVE('',#7944,#8095);
#8095 = DEFINITIONAL_REPRESENTATION('',(#8096),#8100);
#8096 = LINE('',#8097,#8098);
#8097 = CARTESIAN_POINT('',(0.,9.));
#8098 = VECTOR('',#8099,1.);
#8099 = DIRECTION('',(0.,1.));
#8100 = ( GEOMETRIC_REPRESENTATION_CONTEXT(2) 
PARAMETRIC_REPRESENTATION_CONTEXT() REPRESENTATION_CONTEXT('2D SPACE',''
  ) );
#8101 = ORIENTED_EDGE('',*,*,#7959,.F.);
#8102 = ADVANCED_FACE('',(#8103),#7890,.T.);
#8103 = FACE_BOUND('',#8104,.T.);
#8104 = EDGE_LOOP('',(#8105,#8126,#8127,#8128));
#8105 = ORIENTED_EDGE('',*,*,#8106,.F.);
#8106 = EDGE_CURVE('',#7875,#8013,#8107,.T.);
#8107 = SURFACE_CURVE('',#8108,(#8112,#8119),.PCURVE_S1.);
#8108 = LINE('',#8109,#8110);
#8109 = CARTESIAN_POINT('',(320.4,3.1758E+03,1.404E+03));
#8110 = VECTOR('',#8111,1.);
#8111 = DIRECTION('',(0.,0.,1.));
#8112 = PCURVE('',#7890,#8113);
#8113 = DEFINITIONAL_REPRESENTATION('',(#8114),#8118);
#8114 = LINE('',#8115,#8116);
#8115 = CARTESIAN_POINT('',(0.,9.));
#8116 = VECTOR('',#8117,1.);
#8117 = DIRECTION('',(0.,1.));
#8118 = ( GEOMETRIC_REPRESENTATION_CONTEXT(2) 
PARAMETRIC_REPRESENTATION_CONTEXT() REPRESENTATION_CONTEXT('2D SPACE',''
  ) );
#8119 = PCURVE('',#7918,#8120);
#8120 = DEFINITIONAL_REPRESENTATION('',(#8121),#8125);
#8121 = LINE('',#8122,#8123);
#8122 = CARTESIAN_POINT('',(307.,9.));
#8123 = VECTOR('',#8124,1.);
#8124 = DIRECTION('',(0.,1.));
#8125 = ( GEOMETRIC_REPRESENTATION_CONTEXT(2) 
PARAMETRIC_REPRESENTATION_CONTEXT() REPRESENTATION_CONTEXT('2D SPACE',''
  ) );
#8126 = ORIENTED_EDGE('',*,*,#7874,.T.);
#8127 = ORIENTED_EDGE('',*,*,#8059,.T.);
#8128 = ORIENTED_EDGE('',*,*,#8035,.F.);
#8129 = ADVANCED_FACE('',(#8130),#7918,.T.);
#8130 = FACE_BOUND('',#8131,.T.);
#8131 = EDGE_LOOP('',(#8132,#8153,#8154,#8155));
#8132 = ORIENTED_EDGE('',*,*,#8133,.F.);
#8133 = EDGE_CURVE('',#7903,#7990,#8134,.T.);
#8134 = SURFACE_CURVE('',#8135,(#8139,#8146),.PCURVE_S1.);
#8135 = LINE('',#8136,#8137);
#8136 = CARTESIAN_POINT('',(627.4,3.1758E+03,1.404E+03));
#8137 = VECTOR('',#8138,1.);
#8138 = DIRECTION('',(0.,0.,1.));
#8139 = PCURVE('',#7918,#8140);
#8140 = DEFINITIONAL_REPRESENTATION('',(#8141),#8145);
#8141 = LINE('',#8142,#8143);
#8142 = CARTESIAN_POINT('',(0.,9.));
#8143 = VECTOR('',#8144,1.);
#8144 = DIRECTION('',(0.,1.));
#8145 = ( GEOMETRIC_REPRESENTATION_CONTEXT(2) 
PARAMETRIC_REPRESENTATION_CONTEXT() REPRESENTATION_CONTEXT('2D SPACE',''
  ) );
#8146 = PCURVE('',#7944,#8147);
#8147 = DEFINITIONAL_REPRESENTATION('',(#8148),#8152);
#8148 = LINE('',#8149,#8150);
#8149 = CARTESIAN_POINT('',(1.696E+03,9.));
#8150 = VECTOR('',#8151,1.);
#8151 = DIRECTION('',(0.,1.));
#8152 = ( GEOMETRIC_REPRESENTATION_CONTEXT(2) 
PARAMETRIC_REPRESENTATION_CONTEXT() REPRESENTATION_CONTEXT('2D SPACE',''
  ) );
#8153 = ORIENTED_EDGE('',*,*,#7902,.T.);
#8154 = ORIENTED_EDGE('',*,*,#8106,.T.);
#8155 = ORIENTED_EDGE('',*,*,#8012,.F.);
#8156 = ADVANCED_FACE('',(#8157),#7944,.T.);
#8157 = FACE_BOUND('',#8158,.T.);
#8158 = EDGE_LOOP('',(#8159,#8160,#8161,#8162));
#8159 = ORIENTED_EDGE('',*,*,#8081,.F.);
#8160 = ORIENTED_EDGE('',*,*,#7930,.T.);
#8161 = ORIENTED_EDGE('',*,*,#8133,.T.);
#8162 = ORIENTED_EDGE('',*,*,#7989,.F.);
#8163 = ( GEOMETRIC_REPRESENTATION_CONTEXT(3) 
GLOBAL_UNCERTAINTY_ASSIGNED_CONTEXT((#8167)) 
GLOBAL_UNIT_ASSIGNED_CONTEXT((#8164,#8165,#8166)) REPRESENTATION_CONTEXT
('Context #1','3D Context with UNIT and UNCERTAINTY') );
#8164 = ( LENGTH_UNIT() NAMED_UNIT(*) SI_UNIT(.MILLI.,.METRE.) );
#8165 = ( NAMED_UNIT(*) PLANE_ANGLE_UNIT() SI_UNIT($,.RADIAN.) );
#8166 = ( NAMED_UNIT(*) SI_UNIT($,.STERADIAN.) SOLID_ANGLE_UNIT() );
#8167 = UNCERTAINTY_MEASURE_WITH_UNIT(LENGTH_MEASURE(1.E-07),#8164,
  'distance_accuracy_value','confusion accuracy');
#8168 = CONTEXT_DEPENDENT_SHAPE_REPRESENTATION(#8169,#8171);
#8169 = ( REPRESENTATION_RELATIONSHIP('','',#7832,#10) 
REPRESENTATION_RELATIONSHIP_WITH_TRANSFORMATION(#8170) 
SHAPE_REPRESENTATION_RELATIONSHIP() );
#8170 = ITEM_DEFINED_TRANSFORMATION('','',#11,#95);
#8171 = PRODUCT_DEFINITION_SHAPE('Placement','Placement of an item',
  #8172);
#8172 = NEXT_ASSEMBLY_USAGE_OCCURRENCE('272','','',#5,#7827,$);
#8173 = PRODUCT_RELATED_PRODUCT_CATEGORY('part',$,(#7829));
#8174 = SHAPE_DEFINITION_REPRESENTATION(#8175,#8181);
#8175 = PRODUCT_DEFINITION_SHAPE('','',#8176);
#8176 = PRODUCT_DEFINITION('design','',#8177,#8180);
#8177 = PRODUCT_DEFINITION_FORMATION('','',#8178);
#8178 = PRODUCT('Open CASCADE STEP translator 7.9 4.22',
  'Open CASCADE STEP translator 7.9 4.22','',(#8179));
#8179 = PRODUCT_CONTEXT('',#2,'mechanical');
#8180 = PRODUCT_DEFINITION_CONTEXT('part definition',#2,'design');
#8181 = ADVANCED_BREP_SHAPE_REPRESENTATION('',(#11,#8182),#8512);
#8182 = MANIFOLD_SOLID_BREP('',#8183);
#8183 = CLOSED_SHELL('',(#8184,#8304,#8404,#8451,#8478,#8505));
#8184 = ADVANCED_FACE('',(#8185),#8199,.F.);
#8185 = FACE_BOUND('',#8186,.T.);
#8186 = EDGE_LOOP('',(#8187,#8222,#8250,#8278));
#8187 = ORIENTED_EDGE('',*,*,#8188,.F.);
#8188 = EDGE_CURVE('',#8189,#8191,#8193,.T.);
#8189 = VERTEX_POINT('',#8190);
#8190 = CARTESIAN_POINT('',(320.4,1.4798E+03,3.568E+03));
#8191 = VERTEX_POINT('',#8192);
#8192 = CARTESIAN_POINT('',(627.4,1.4798E+03,3.568E+03));
#8193 = SURFACE_CURVE('',#8194,(#8198,#8210),.PCURVE_S1.);
#8194 = LINE('',#8195,#8196);
#8195 = CARTESIAN_POINT('',(473.9,1.4798E+03,3.568E+03));
#8196 = VECTOR('',#8197,1.);
#8197 = DIRECTION('',(1.,-1.110223024625E-16,0.));
#8198 = PCURVE('',#8199,#8204);
#8199 = PLANE('',#8200);
#8200 = AXIS2_PLACEMENT_3D('',#8201,#8202,#8203);
#8201 = CARTESIAN_POINT('',(627.4,1.4618E+03,3.568E+03));
#8202 = DIRECTION('',(0.,0.,1.));
#8203 = DIRECTION('',(1.110223024625E-16,1.,0.));
#8204 = DEFINITIONAL_REPRESENTATION('',(#8205),#8209);
#8205 = LINE('',#8206,#8207);
#8206 = CARTESIAN_POINT('',(18.,153.5));
#8207 = VECTOR('',#8208,1.);
#8208 = DIRECTION('',(0.,-1.));
#8209 = ( GEOMETRIC_REPRESENTATION_CONTEXT(2) 
PARAMETRIC_REPRESENTATION_CONTEXT() REPRESENTATION_CONTEXT('2D SPACE',''
  ) );
#8210 = PCURVE('',#8211,#8216);
#8211 = PLANE('',#8212);
#8212 = AXIS2_PLACEMENT_3D('',#8213,#8214,#8215);
#8213 = CARTESIAN_POINT('',(320.4,1.4798E+03,3.568E+03));
#8214 = DIRECTION('',(-1.110223024625E-16,-1.,0.));
#8215 = DIRECTION('',(1.,-1.110223024625E-16,0.));
#8216 = DEFINITIONAL_REPRESENTATION('',(#8217),#8221);
#8217 = LINE('',#8218,#8219);
#8218 = CARTESIAN_POINT('',(153.5,0.));
#8219 = VECTOR('',#8220,1.);
#8220 = DIRECTION('',(1.,0.));
#8221 = ( GEOMETRIC_REPRESENTATION_CONTEXT(2) 
PARAMETRIC_REPRESENTATION_CONTEXT() REPRESENTATION_CONTEXT('2D SPACE',''
  ) );
#8222 = ORIENTED_EDGE('',*,*,#8223,.F.);
#8223 = EDGE_CURVE('',#8224,#8189,#8226,.T.);
#8224 = VERTEX_POINT('',#8225);
#8225 = CARTESIAN_POINT('',(320.4,3.1758E+03,3.568E+03));
#8226 = SURFACE_CURVE('',#8227,(#8231,#8238),.PCURVE_S1.);
#8227 = LINE('',#8228,#8229);
#8228 = CARTESIAN_POINT('',(320.4,2.3278E+03,3.568E+03));
#8229 = VECTOR('',#8230,1.);
#8230 = DIRECTION('',(-1.110223024625E-16,-1.,0.));
#8231 = PCURVE('',#8199,#8232);
#8232 = DEFINITIONAL_REPRESENTATION('',(#8233),#8237);
#8233 = LINE('',#8234,#8235);
#8234 = CARTESIAN_POINT('',(866.,307.));
#8235 = VECTOR('',#8236,1.);
#8236 = DIRECTION('',(-1.,0.));
#8237 = ( GEOMETRIC_REPRESENTATION_CONTEXT(2) 
PARAMETRIC_REPRESENTATION_CONTEXT() REPRESENTATION_CONTEXT('2D SPACE',''
  ) );
#8238 = PCURVE('',#8239,#8244);
#8239 = PLANE('',#8240);
#8240 = AXIS2_PLACEMENT_3D('',#8241,#8242,#8243);
#8241 = CARTESIAN_POINT('',(320.4,3.1758E+03,3.568E+03));
#8242 = DIRECTION('',(-1.,1.110223024625E-16,0.));
#8243 = DIRECTION('',(-1.110223024625E-16,-1.,0.));
#8244 = DEFINITIONAL_REPRESENTATION('',(#8245),#8249);
#8245 = LINE('',#8246,#8247);
#8246 = CARTESIAN_POINT('',(848.,0.));
#8247 = VECTOR('',#8248,1.);
#8248 = DIRECTION('',(1.,0.));
#8249 = ( GEOMETRIC_REPRESENTATION_CONTEXT(2) 
PARAMETRIC_REPRESENTATION_CONTEXT() REPRESENTATION_CONTEXT('2D SPACE',''
  ) );
#8250 = ORIENTED_EDGE('',*,*,#8251,.F.);
#8251 = EDGE_CURVE('',#8252,#8224,#8254,.T.);
#8252 = VERTEX_POINT('',#8253);
#8253 = CARTESIAN_POINT('',(627.4,3.1758E+03,3.568E+03));
#8254 = SURFACE_CURVE('',#8255,(#8259,#8266),.PCURVE_S1.);
#8255 = LINE('',#8256,#8257);
#8256 = CARTESIAN_POINT('',(473.9,3.1758E+03,3.568E+03));
#8257 = VECTOR('',#8258,1.);
#8258 = DIRECTION('',(-1.,1.110223024625E-16,0.));
#8259 = PCURVE('',#8199,#8260);
#8260 = DEFINITIONAL_REPRESENTATION('',(#8261),#8265);
#8261 = LINE('',#8262,#8263);
#8262 = CARTESIAN_POINT('',(1.714E+03,153.5));
#8263 = VECTOR('',#8264,1.);
#8264 = DIRECTION('',(0.,1.));
#8265 = ( GEOMETRIC_REPRESENTATION_CONTEXT(2) 
PARAMETRIC_REPRESENTATION_CONTEXT() REPRESENTATION_CONTEXT('2D SPACE',''
  ) );
#8266 = PCURVE('',#8267,#8272);
#8267 = PLANE('',#8268);
#8268 = AXIS2_PLACEMENT_3D('',#8269,#8270,#8271);
#8269 = CARTESIAN_POINT('',(627.4,3.1758E+03,3.568E+03));
#8270 = DIRECTION('',(1.110223024625E-16,1.,0.));
#8271 = DIRECTION('',(-1.,1.110223024625E-16,0.));
#8272 = DEFINITIONAL_REPRESENTATION('',(#8273),#8277);
#8273 = LINE('',#8274,#8275);
#8274 = CARTESIAN_POINT('',(153.5,0.));
#8275 = VECTOR('',#8276,1.);
#8276 = DIRECTION('',(1.,0.));
#8277 = ( GEOMETRIC_REPRESENTATION_CONTEXT(2) 
PARAMETRIC_REPRESENTATION_CONTEXT() REPRESENTATION_CONTEXT('2D SPACE',''
  ) );
#8278 = ORIENTED_EDGE('',*,*,#8279,.F.);
#8279 = EDGE_CURVE('',#8191,#8252,#8280,.T.);
#8280 = SURFACE_CURVE('',#8281,(#8285,#8292),.PCURVE_S1.);
#8281 = LINE('',#8282,#8283);
#8282 = CARTESIAN_POINT('',(627.4,2.3278E+03,3.568E+03));
#8283 = VECTOR('',#8284,1.);
#8284 = DIRECTION('',(1.110223024625E-16,1.,0.));
#8285 = PCURVE('',#8199,#8286);
#8286 = DEFINITIONAL_REPRESENTATION('',(#8287),#8291);
#8287 = LINE('',#8288,#8289);
#8288 = CARTESIAN_POINT('',(866.,-2.449151992323E-13));
#8289 = VECTOR('',#8290,1.);
#8290 = DIRECTION('',(1.,0.));
#8291 = ( GEOMETRIC_REPRESENTATION_CONTEXT(2) 
PARAMETRIC_REPRESENTATION_CONTEXT() REPRESENTATION_CONTEXT('2D SPACE',''
  ) );
#8292 = PCURVE('',#8293,#8298);
#8293 = PLANE('',#8294);
#8294 = AXIS2_PLACEMENT_3D('',#8295,#8296,#8297);
#8295 = CARTESIAN_POINT('',(627.4,1.4798E+03,3.568E+03));
#8296 = DIRECTION('',(1.,-1.110223024625E-16,0.));
#8297 = DIRECTION('',(1.110223024625E-16,1.,0.));
#8298 = DEFINITIONAL_REPRESENTATION('',(#8299),#8303);
#8299 = LINE('',#8300,#8301);
#8300 = CARTESIAN_POINT('',(848.,0.));
#8301 = VECTOR('',#8302,1.);
#8302 = DIRECTION('',(1.,0.));
#8303 = ( GEOMETRIC_REPRESENTATION_CONTEXT(2) 
PARAMETRIC_REPRESENTATION_CONTEXT() REPRESENTATION_CONTEXT('2D SPACE',''
  ) );
#8304 = ADVANCED_FACE('',(#8305),#8319,.T.);
#8305 = FACE_BOUND('',#8306,.T.);
#8306 = EDGE_LOOP('',(#8307,#8337,#8360,#8383));
#8307 = ORIENTED_EDGE('',*,*,#8308,.T.);
#8308 = EDGE_CURVE('',#8309,#8311,#8313,.T.);
#8309 = VERTEX_POINT('',#8310);
#8310 = CARTESIAN_POINT('',(320.4,1.4798E+03,3.586E+03));
#8311 = VERTEX_POINT('',#8312);
#8312 = CARTESIAN_POINT('',(627.4,1.4798E+03,3.586E+03));
#8313 = SURFACE_CURVE('',#8314,(#8318,#8330),.PCURVE_S1.);
#8314 = LINE('',#8315,#8316);
#8315 = CARTESIAN_POINT('',(473.9,1.4798E+03,3.586E+03));
#8316 = VECTOR('',#8317,1.);
#8317 = DIRECTION('',(1.,-1.110223024625E-16,0.));
#8318 = PCURVE('',#8319,#8324);
#8319 = PLANE('',#8320);
#8320 = AXIS2_PLACEMENT_3D('',#8321,#8322,#8323);
#8321 = CARTESIAN_POINT('',(627.4,1.4618E+03,3.586E+03));
#8322 = DIRECTION('',(0.,0.,1.));
#8323 = DIRECTION('',(1.110223024625E-16,1.,0.));
#8324 = DEFINITIONAL_REPRESENTATION('',(#8325),#8329);
#8325 = LINE('',#8326,#8327);
#8326 = CARTESIAN_POINT('',(18.,153.5));
#8327 = VECTOR('',#8328,1.);
#8328 = DIRECTION('',(0.,-1.));
#8329 = ( GEOMETRIC_REPRESENTATION_CONTEXT(2) 
PARAMETRIC_REPRESENTATION_CONTEXT() REPRESENTATION_CONTEXT('2D SPACE',''
  ) );
#8330 = PCURVE('',#8211,#8331);
#8331 = DEFINITIONAL_REPRESENTATION('',(#8332),#8336);
#8332 = LINE('',#8333,#8334);
#8333 = CARTESIAN_POINT('',(153.5,18.));
#8334 = VECTOR('',#8335,1.);
#8335 = DIRECTION('',(1.,0.));
#8336 = ( GEOMETRIC_REPRESENTATION_CONTEXT(2) 
PARAMETRIC_REPRESENTATION_CONTEXT() REPRESENTATION_CONTEXT('2D SPACE',''
  ) );
#8337 = ORIENTED_EDGE('',*,*,#8338,.T.);
#8338 = EDGE_CURVE('',#8311,#8339,#8341,.T.);
#8339 = VERTEX_POINT('',#8340);
#8340 = CARTESIAN_POINT('',(627.4,3.1758E+03,3.586E+03));
#8341 = SURFACE_CURVE('',#8342,(#8346,#8353),.PCURVE_S1.);
#8342 = LINE('',#8343,#8344);
#8343 = CARTESIAN_POINT('',(627.4,2.3278E+03,3.586E+03));
#8344 = VECTOR('',#8345,1.);
#8345 = DIRECTION('',(1.110223024625E-16,1.,0.));
#8346 = PCURVE('',#8319,#8347);
#8347 = DEFINITIONAL_REPRESENTATION('',(#8348),#8352);
#8348 = LINE('',#8349,#8350);
#8349 = CARTESIAN_POINT('',(866.,-2.449151992323E-13));
#8350 = VECTOR('',#8351,1.);
#8351 = DIRECTION('',(1.,0.));
#8352 = ( GEOMETRIC_REPRESENTATION_CONTEXT(2) 
PARAMETRIC_REPRESENTATION_CONTEXT() REPRESENTATION_CONTEXT('2D SPACE',''
  ) );
#8353 = PCURVE('',#8293,#8354);
#8354 = DEFINITIONAL_REPRESENTATION('',(#8355),#8359);
#8355 = LINE('',#8356,#8357);
#8356 = CARTESIAN_POINT('',(848.,18.));
#8357 = VECTOR('',#8358,1.);
#8358 = DIRECTION('',(1.,0.));
#8359 = ( GEOMETRIC_REPRESENTATION_CONTEXT(2) 
PARAMETRIC_REPRESENTATION_CONTEXT() REPRESENTATION_CONTEXT('2D SPACE',''
  ) );
#8360 = ORIENTED_EDGE('',*,*,#8361,.T.);
#8361 = EDGE_CURVE('',#8339,#8362,#8364,.T.);
#8362 = VERTEX_POINT('',#8363);
#8363 = CARTESIAN_POINT('',(320.4,3.1758E+03,3.586E+03));
#8364 = SURFACE_CURVE('',#8365,(#8369,#8376),.PCURVE_S1.);
#8365 = LINE('',#8366,#8367);
#8366 = CARTESIAN_POINT('',(473.9,3.1758E+03,3.586E+03));
#8367 = VECTOR('',#8368,1.);
#8368 = DIRECTION('',(-1.,1.110223024625E-16,0.));
#8369 = PCURVE('',#8319,#8370);
#8370 = DEFINITIONAL_REPRESENTATION('',(#8371),#8375);
#8371 = LINE('',#8372,#8373);
#8372 = CARTESIAN_POINT('',(1.714E+03,153.5));
#8373 = VECTOR('',#8374,1.);
#8374 = DIRECTION('',(0.,1.));
#8375 = ( GEOMETRIC_REPRESENTATION_CONTEXT(2) 
PARAMETRIC_REPRESENTATION_CONTEXT() REPRESENTATION_CONTEXT('2D SPACE',''
  ) );
#8376 = PCURVE('',#8267,#8377);
#8377 = DEFINITIONAL_REPRESENTATION('',(#8378),#8382);
#8378 = LINE('',#8379,#8380);
#8379 = CARTESIAN_POINT('',(153.5,18.));
#8380 = VECTOR('',#8381,1.);
#8381 = DIRECTION('',(1.,0.));
#8382 = ( GEOMETRIC_REPRESENTATION_CONTEXT(2) 
PARAMETRIC_REPRESENTATION_CONTEXT() REPRESENTATION_CONTEXT('2D SPACE',''
  ) );
#8383 = ORIENTED_EDGE('',*,*,#8384,.T.);
#8384 = EDGE_CURVE('',#8362,#8309,#8385,.T.);
#8385 = SURFACE_CURVE('',#8386,(#8390,#8397),.PCURVE_S1.);
#8386 = LINE('',#8387,#8388);
#8387 = CARTESIAN_POINT('',(320.4,2.3278E+03,3.586E+03));
#8388 = VECTOR('',#8389,1.);
#8389 = DIRECTION('',(-1.110223024625E-16,-1.,0.));
#8390 = PCURVE('',#8319,#8391);
#8391 = DEFINITIONAL_REPRESENTATION('',(#8392),#8396);
#8392 = LINE('',#8393,#8394);
#8393 = CARTESIAN_POINT('',(866.,307.));
#8394 = VECTOR('',#8395,1.);
#8395 = DIRECTION('',(-1.,0.));
#8396 = ( GEOMETRIC_REPRESENTATION_CONTEXT(2) 
PARAMETRIC_REPRESENTATION_CONTEXT() REPRESENTATION_CONTEXT('2D SPACE',''
  ) );
#8397 = PCURVE('',#8239,#8398);
#8398 = DEFINITIONAL_REPRESENTATION('',(#8399),#8403);
#8399 = LINE('',#8400,#8401);
#8400 = CARTESIAN_POINT('',(848.,18.));
#8401 = VECTOR('',#8402,1.);
#8402 = DIRECTION('',(1.,0.));
#8403 = ( GEOMETRIC_REPRESENTATION_CONTEXT(2) 
PARAMETRIC_REPRESENTATION_CONTEXT() REPRESENTATION_CONTEXT('2D SPACE',''
  ) );
#8404 = ADVANCED_FACE('',(#8405),#8211,.T.);
#8405 = FACE_BOUND('',#8406,.T.);
#8406 = EDGE_LOOP('',(#8407,#8428,#8429,#8450));
#8407 = ORIENTED_EDGE('',*,*,#8408,.F.);
#8408 = EDGE_CURVE('',#8189,#8309,#8409,.T.);
#8409 = SURFACE_CURVE('',#8410,(#8414,#8421),.PCURVE_S1.);
#8410 = LINE('',#8411,#8412);
#8411 = CARTESIAN_POINT('',(320.4,1.4798E+03,3.577E+03));
#8412 = VECTOR('',#8413,1.);
#8413 = DIRECTION('',(0.,0.,1.));
#8414 = PCURVE('',#8211,#8415);
#8415 = DEFINITIONAL_REPRESENTATION('',(#8416),#8420);
#8416 = LINE('',#8417,#8418);
#8417 = CARTESIAN_POINT('',(0.,9.));
#8418 = VECTOR('',#8419,1.);
#8419 = DIRECTION('',(0.,1.));
#8420 = ( GEOMETRIC_REPRESENTATION_CONTEXT(2) 
PARAMETRIC_REPRESENTATION_CONTEXT() REPRESENTATION_CONTEXT('2D SPACE',''
  ) );
#8421 = PCURVE('',#8239,#8422);
#8422 = DEFINITIONAL_REPRESENTATION('',(#8423),#8427);
#8423 = LINE('',#8424,#8425);
#8424 = CARTESIAN_POINT('',(1.696E+03,9.));
#8425 = VECTOR('',#8426,1.);
#8426 = DIRECTION('',(0.,1.));
#8427 = ( GEOMETRIC_REPRESENTATION_CONTEXT(2) 
PARAMETRIC_REPRESENTATION_CONTEXT() REPRESENTATION_CONTEXT('2D SPACE',''
  ) );
#8428 = ORIENTED_EDGE('',*,*,#8188,.T.);
#8429 = ORIENTED_EDGE('',*,*,#8430,.T.);
#8430 = EDGE_CURVE('',#8191,#8311,#8431,.T.);
#8431 = SURFACE_CURVE('',#8432,(#8436,#8443),.PCURVE_S1.);
#8432 = LINE('',#8433,#8434);
#8433 = CARTESIAN_POINT('',(627.4,1.4798E+03,3.577E+03));
#8434 = VECTOR('',#8435,1.);
#8435 = DIRECTION('',(0.,0.,1.));
#8436 = PCURVE('',#8211,#8437);
#8437 = DEFINITIONAL_REPRESENTATION('',(#8438),#8442);
#8438 = LINE('',#8439,#8440);
#8439 = CARTESIAN_POINT('',(307.,9.));
#8440 = VECTOR('',#8441,1.);
#8441 = DIRECTION('',(0.,1.));
#8442 = ( GEOMETRIC_REPRESENTATION_CONTEXT(2) 
PARAMETRIC_REPRESENTATION_CONTEXT() REPRESENTATION_CONTEXT('2D SPACE',''
  ) );
#8443 = PCURVE('',#8293,#8444);
#8444 = DEFINITIONAL_REPRESENTATION('',(#8445),#8449);
#8445 = LINE('',#8446,#8447);
#8446 = CARTESIAN_POINT('',(0.,9.));
#8447 = VECTOR('',#8448,1.);
#8448 = DIRECTION('',(0.,1.));
#8449 = ( GEOMETRIC_REPRESENTATION_CONTEXT(2) 
PARAMETRIC_REPRESENTATION_CONTEXT() REPRESENTATION_CONTEXT('2D SPACE',''
  ) );
#8450 = ORIENTED_EDGE('',*,*,#8308,.F.);
#8451 = ADVANCED_FACE('',(#8452),#8239,.T.);
#8452 = FACE_BOUND('',#8453,.T.);
#8453 = EDGE_LOOP('',(#8454,#8475,#8476,#8477));
#8454 = ORIENTED_EDGE('',*,*,#8455,.F.);
#8455 = EDGE_CURVE('',#8224,#8362,#8456,.T.);
#8456 = SURFACE_CURVE('',#8457,(#8461,#8468),.PCURVE_S1.);
#8457 = LINE('',#8458,#8459);
#8458 = CARTESIAN_POINT('',(320.4,3.1758E+03,3.577E+03));
#8459 = VECTOR('',#8460,1.);
#8460 = DIRECTION('',(0.,0.,1.));
#8461 = PCURVE('',#8239,#8462);
#8462 = DEFINITIONAL_REPRESENTATION('',(#8463),#8467);
#8463 = LINE('',#8464,#8465);
#8464 = CARTESIAN_POINT('',(0.,9.));
#8465 = VECTOR('',#8466,1.);
#8466 = DIRECTION('',(0.,1.));
#8467 = ( GEOMETRIC_REPRESENTATION_CONTEXT(2) 
PARAMETRIC_REPRESENTATION_CONTEXT() REPRESENTATION_CONTEXT('2D SPACE',''
  ) );
#8468 = PCURVE('',#8267,#8469);
#8469 = DEFINITIONAL_REPRESENTATION('',(#8470),#8474);
#8470 = LINE('',#8471,#8472);
#8471 = CARTESIAN_POINT('',(307.,9.));
#8472 = VECTOR('',#8473,1.);
#8473 = DIRECTION('',(0.,1.));
#8474 = ( GEOMETRIC_REPRESENTATION_CONTEXT(2) 
PARAMETRIC_REPRESENTATION_CONTEXT() REPRESENTATION_CONTEXT('2D SPACE',''
  ) );
#8475 = ORIENTED_EDGE('',*,*,#8223,.T.);
#8476 = ORIENTED_EDGE('',*,*,#8408,.T.);
#8477 = ORIENTED_EDGE('',*,*,#8384,.F.);
#8478 = ADVANCED_FACE('',(#8479),#8267,.T.);
#8479 = FACE_BOUND('',#8480,.T.);
#8480 = EDGE_LOOP('',(#8481,#8502,#8503,#8504));
#8481 = ORIENTED_EDGE('',*,*,#8482,.F.);
#8482 = EDGE_CURVE('',#8252,#8339,#8483,.T.);
#8483 = SURFACE_CURVE('',#8484,(#8488,#8495),.PCURVE_S1.);
#8484 = LINE('',#8485,#8486);
#8485 = CARTESIAN_POINT('',(627.4,3.1758E+03,3.577E+03));
#8486 = VECTOR('',#8487,1.);
#8487 = DIRECTION('',(0.,0.,1.));
#8488 = PCURVE('',#8267,#8489);
#8489 = DEFINITIONAL_REPRESENTATION('',(#8490),#8494);
#8490 = LINE('',#8491,#8492);
#8491 = CARTESIAN_POINT('',(0.,9.));
#8492 = VECTOR('',#8493,1.);
#8493 = DIRECTION('',(0.,1.));
#8494 = ( GEOMETRIC_REPRESENTATION_CONTEXT(2) 
PARAMETRIC_REPRESENTATION_CONTEXT() REPRESENTATION_CONTEXT('2D SPACE',''
  ) );
#8495 = PCURVE('',#8293,#8496);
#8496 = DEFINITIONAL_REPRESENTATION('',(#8497),#8501);
#8497 = LINE('',#8498,#8499);
#8498 = CARTESIAN_POINT('',(1.696E+03,9.));
#8499 = VECTOR('',#8500,1.);
#8500 = DIRECTION('',(0.,1.));
#8501 = ( GEOMETRIC_REPRESENTATION_CONTEXT(2) 
PARAMETRIC_REPRESENTATION_CONTEXT() REPRESENTATION_CONTEXT('2D SPACE',''
  ) );
#8502 = ORIENTED_EDGE('',*,*,#8251,.T.);
#8503 = ORIENTED_EDGE('',*,*,#8455,.T.);
#8504 = ORIENTED_EDGE('',*,*,#8361,.F.);
#8505 = ADVANCED_FACE('',(#8506),#8293,.T.);
#8506 = FACE_BOUND('',#8507,.T.);
#8507 = EDGE_LOOP('',(#8508,#8509,#8510,#8511));
#8508 = ORIENTED_EDGE('',*,*,#8430,.F.);
#8509 = ORIENTED_EDGE('',*,*,#8279,.T.);
#8510 = ORIENTED_EDGE('',*,*,#8482,.T.);
#8511 = ORIENTED_EDGE('',*,*,#8338,.F.);
#8512 = ( GEOMETRIC_REPRESENTATION_CONTEXT(3) 
GLOBAL_UNCERTAINTY_ASSIGNED_CONTEXT((#8516)) 
GLOBAL_UNIT_ASSIGNED_CONTEXT((#8513,#8514,#8515)) REPRESENTATION_CONTEXT
('Context #1','3D Context with UNIT and UNCERTAINTY') );
#8513 = ( LENGTH_UNIT() NAMED_UNIT(*) SI_UNIT(.MILLI.,.METRE.) );
#8514 = ( NAMED_UNIT(*) PLANE_ANGLE_UNIT() SI_UNIT($,.RADIAN.) );
#8515 = ( NAMED_UNIT(*) SI_UNIT($,.STERADIAN.) SOLID_ANGLE_UNIT() );
#8516 = UNCERTAINTY_MEASURE_WITH_UNIT(LENGTH_MEASURE(1.E-07),#8513,
  'distance_accuracy_value','confusion accuracy');
#8517 = CONTEXT_DEPENDENT_SHAPE_REPRESENTATION(#8518,#8520);
#8518 = ( REPRESENTATION_RELATIONSHIP('','',#8181,#10) 
REPRESENTATION_RELATIONSHIP_WITH_TRANSFORMATION(#8519) 
SHAPE_REPRESENTATION_RELATIONSHIP() );
#8519 = ITEM_DEFINED_TRANSFORMATION('','',#11,#99);
#8520 = PRODUCT_DEFINITION_SHAPE('Placement','Placement of an item',
  #8521);
#8521 = NEXT_ASSEMBLY_USAGE_OCCURRENCE('273','','',#5,#8176,$);
#8522 = PRODUCT_RELATED_PRODUCT_CATEGORY('part',$,(#8178));
#8523 = SHAPE_DEFINITION_REPRESENTATION(#8524,#8530);
#8524 = PRODUCT_DEFINITION_SHAPE('','',#8525);
#8525 = PRODUCT_DEFINITION('design','',#8526,#8529);
#8526 = PRODUCT_DEFINITION_FORMATION('','',#8527);
#8527 = PRODUCT('Open CASCADE STEP translator 7.9 4.23',
  'Open CASCADE STEP translator 7.9 4.23','',(#8528));
#8528 = PRODUCT_CONTEXT('',#2,'mechanical');
#8529 = PRODUCT_DEFINITION_CONTEXT('part definition',#2,'design');
#8530 = ADVANCED_BREP_SHAPE_REPRESENTATION('',(#11,#8531),#8861);
#8531 = MANIFOLD_SOLID_BREP('',#8532);
#8532 = CLOSED_SHELL('',(#8533,#8653,#8753,#8800,#8827,#8854));
#8533 = ADVANCED_FACE('',(#8534),#8548,.F.);
#8534 = FACE_BOUND('',#8535,.T.);
#8535 = EDGE_LOOP('',(#8536,#8571,#8599,#8627));
#8536 = ORIENTED_EDGE('',*,*,#8537,.T.);
#8537 = EDGE_CURVE('',#8538,#8540,#8542,.T.);
#8538 = VERTEX_POINT('',#8539);
#8539 = CARTESIAN_POINT('',(630.4,1.4838E+03,1.417E+03));
#8540 = VERTEX_POINT('',#8541);
#8541 = CARTESIAN_POINT('',(630.4,3.1718E+03,1.417E+03));
#8542 = SURFACE_CURVE('',#8543,(#8547,#8559),.PCURVE_S1.);
#8543 = LINE('',#8544,#8545);
#8544 = CARTESIAN_POINT('',(630.4,2.3278E+03,1.417E+03));
#8545 = VECTOR('',#8546,1.);
#8546 = DIRECTION('',(1.110223024625E-16,1.,0.));
#8547 = PCURVE('',#8548,#8553);
#8548 = PLANE('',#8549);
#8549 = AXIS2_PLACEMENT_3D('',#8550,#8551,#8552);
#8550 = CARTESIAN_POINT('',(630.4,1.4618E+03,1.395E+03));
#8551 = DIRECTION('',(-1.,1.110223024625E-16,0.));
#8552 = DIRECTION('',(0.,0.,1.));
#8553 = DEFINITIONAL_REPRESENTATION('',(#8554),#8558);
#8554 = LINE('',#8555,#8556);
#8555 = CARTESIAN_POINT('',(22.,866.));
#8556 = VECTOR('',#8557,1.);
#8557 = DIRECTION('',(0.,1.));
#8558 = ( GEOMETRIC_REPRESENTATION_CONTEXT(2) 
PARAMETRIC_REPRESENTATION_CONTEXT() REPRESENTATION_CONTEXT('2D SPACE',''
  ) );
#8559 = PCURVE('',#8560,#8565);
#8560 = PLANE('',#8561);
#8561 = AXIS2_PLACEMENT_3D('',#8562,#8563,#8564);
#8562 = CARTESIAN_POINT('',(630.4,1.4838E+03,1.417E+03));
#8563 = DIRECTION('',(0.,0.,1.));
#8564 = DIRECTION('',(1.110223024625E-16,1.,0.));
#8565 = DEFINITIONAL_REPRESENTATION('',(#8566),#8570);
#8566 = LINE('',#8567,#8568);
#8567 = CARTESIAN_POINT('',(844.,-1.998401444325E-14));
#8568 = VECTOR('',#8569,1.);
#8569 = DIRECTION('',(1.,0.));
#8570 = ( GEOMETRIC_REPRESENTATION_CONTEXT(2) 
PARAMETRIC_REPRESENTATION_CONTEXT() REPRESENTATION_CONTEXT('2D SPACE',''
  ) );
#8571 = ORIENTED_EDGE('',*,*,#8572,.F.);
#8572 = EDGE_CURVE('',#8573,#8540,#8575,.T.);
#8573 = VERTEX_POINT('',#8574);
#8574 = CARTESIAN_POINT('',(630.4,3.1718E+03,3.564E+03));
#8575 = SURFACE_CURVE('',#8576,(#8580,#8587),.PCURVE_S1.);
#8576 = LINE('',#8577,#8578);
#8577 = CARTESIAN_POINT('',(630.4,3.1718E+03,2.4905E+03));
#8578 = VECTOR('',#8579,1.);
#8579 = DIRECTION('',(0.,0.,-1.));
#8580 = PCURVE('',#8548,#8581);
#8581 = DEFINITIONAL_REPRESENTATION('',(#8582),#8586);
#8582 = LINE('',#8583,#8584);
#8583 = CARTESIAN_POINT('',(1.0955E+03,1.71E+03));
#8584 = VECTOR('',#8585,1.);
#8585 = DIRECTION('',(-1.,0.));
#8586 = ( GEOMETRIC_REPRESENTATION_CONTEXT(2) 
PARAMETRIC_REPRESENTATION_CONTEXT() REPRESENTATION_CONTEXT('2D SPACE',''
  ) );
#8587 = PCURVE('',#8588,#8593);
#8588 = PLANE('',#8589);
#8589 = AXIS2_PLACEMENT_3D('',#8590,#8591,#8592);
#8590 = CARTESIAN_POINT('',(630.4,3.1718E+03,3.564E+03));
#8591 = DIRECTION('',(1.110223024625E-16,1.,0.));
#8592 = DIRECTION('',(0.,0.,-1.));
#8593 = DEFINITIONAL_REPRESENTATION('',(#8594),#8598);
#8594 = LINE('',#8595,#8596);
#8595 = CARTESIAN_POINT('',(1.0735E+03,0.));
#8596 = VECTOR('',#8597,1.);
#8597 = DIRECTION('',(1.,0.));
#8598 = ( GEOMETRIC_REPRESENTATION_CONTEXT(2) 
PARAMETRIC_REPRESENTATION_CONTEXT() REPRESENTATION_CONTEXT('2D SPACE',''
  ) );
#8599 = ORIENTED_EDGE('',*,*,#8600,.F.);
#8600 = EDGE_CURVE('',#8601,#8573,#8603,.T.);
#8601 = VERTEX_POINT('',#8602);
#8602 = CARTESIAN_POINT('',(630.4,1.4838E+03,3.564E+03));
#8603 = SURFACE_CURVE('',#8604,(#8608,#8615),.PCURVE_S1.);
#8604 = LINE('',#8605,#8606);
#8605 = CARTESIAN_POINT('',(630.4,2.3278E+03,3.564E+03));
#8606 = VECTOR('',#8607,1.);
#8607 = DIRECTION('',(1.110223024625E-16,1.,0.));
#8608 = PCURVE('',#8548,#8609);
#8609 = DEFINITIONAL_REPRESENTATION('',(#8610),#8614);
#8610 = LINE('',#8611,#8612);
#8611 = CARTESIAN_POINT('',(2.169E+03,866.));
#8612 = VECTOR('',#8613,1.);
#8613 = DIRECTION('',(0.,1.));
#8614 = ( GEOMETRIC_REPRESENTATION_CONTEXT(2) 
PARAMETRIC_REPRESENTATION_CONTEXT() REPRESENTATION_CONTEXT('2D SPACE',''
  ) );
#8615 = PCURVE('',#8616,#8621);
#8616 = PLANE('',#8617);
#8617 = AXIS2_PLACEMENT_3D('',#8618,#8619,#8620);
#8618 = CARTESIAN_POINT('',(630.4,1.4838E+03,3.564E+03));
#8619 = DIRECTION('',(0.,0.,1.));
#8620 = DIRECTION('',(1.110223024625E-16,1.,0.));
#8621 = DEFINITIONAL_REPRESENTATION('',(#8622),#8626);
#8622 = LINE('',#8623,#8624);
#8623 = CARTESIAN_POINT('',(844.,-1.998401444325E-14));
#8624 = VECTOR('',#8625,1.);
#8625 = DIRECTION('',(1.,0.));
#8626 = ( GEOMETRIC_REPRESENTATION_CONTEXT(2) 
PARAMETRIC_REPRESENTATION_CONTEXT() REPRESENTATION_CONTEXT('2D SPACE',''
  ) );
#8627 = ORIENTED_EDGE('',*,*,#8628,.T.);
#8628 = EDGE_CURVE('',#8601,#8538,#8629,.T.);
#8629 = SURFACE_CURVE('',#8630,(#8634,#8641),.PCURVE_S1.);
#8630 = LINE('',#8631,#8632);
#8631 = CARTESIAN_POINT('',(630.4,1.4838E+03,2.4905E+03));
#8632 = VECTOR('',#8633,1.);
#8633 = DIRECTION('',(0.,0.,-1.));
#8634 = PCURVE('',#8548,#8635);
#8635 = DEFINITIONAL_REPRESENTATION('',(#8636),#8640);
#8636 = LINE('',#8637,#8638);
#8637 = CARTESIAN_POINT('',(1.0955E+03,22.));
#8638 = VECTOR('',#8639,1.);
#8639 = DIRECTION('',(-1.,0.));
#8640 = ( GEOMETRIC_REPRESENTATION_CONTEXT(2) 
PARAMETRIC_REPRESENTATION_CONTEXT() REPRESENTATION_CONTEXT('2D SPACE',''
  ) );
#8641 = PCURVE('',#8642,#8647);
#8642 = PLANE('',#8643);
#8643 = AXIS2_PLACEMENT_3D('',#8644,#8645,#8646);
#8644 = CARTESIAN_POINT('',(630.4,1.4838E+03,3.564E+03));
#8645 = DIRECTION('',(1.110223024625E-16,1.,0.));
#8646 = DIRECTION('',(0.,0.,-1.));
#8647 = DEFINITIONAL_REPRESENTATION('',(#8648),#8652);
#8648 = LINE('',#8649,#8650);
#8649 = CARTESIAN_POINT('',(1.0735E+03,0.));
#8650 = VECTOR('',#8651,1.);
#8651 = DIRECTION('',(1.,0.));
#8652 = ( GEOMETRIC_REPRESENTATION_CONTEXT(2) 
PARAMETRIC_REPRESENTATION_CONTEXT() REPRESENTATION_CONTEXT('2D SPACE',''
  ) );
#8653 = ADVANCED_FACE('',(#8654),#8668,.T.);
#8654 = FACE_BOUND('',#8655,.T.);
#8655 = EDGE_LOOP('',(#8656,#8686,#8709,#8732));
#8656 = ORIENTED_EDGE('',*,*,#8657,.F.);
#8657 = EDGE_CURVE('',#8658,#8660,#8662,.T.);
#8658 = VERTEX_POINT('',#8659);
#8659 = CARTESIAN_POINT('',(612.4,1.4838E+03,1.417E+03));
#8660 = VERTEX_POINT('',#8661);
#8661 = CARTESIAN_POINT('',(612.4,3.1718E+03,1.417E+03));
#8662 = SURFACE_CURVE('',#8663,(#8667,#8679),.PCURVE_S1.);
#8663 = LINE('',#8664,#8665);
#8664 = CARTESIAN_POINT('',(612.4,2.3278E+03,1.417E+03));
#8665 = VECTOR('',#8666,1.);
#8666 = DIRECTION('',(1.110223024625E-16,1.,0.));
#8667 = PCURVE('',#8668,#8673);
#8668 = PLANE('',#8669);
#8669 = AXIS2_PLACEMENT_3D('',#8670,#8671,#8672);
#8670 = CARTESIAN_POINT('',(612.4,1.4618E+03,1.395E+03));
#8671 = DIRECTION('',(-1.,1.110223024625E-16,0.));
#8672 = DIRECTION('',(0.,0.,1.));
#8673 = DEFINITIONAL_REPRESENTATION('',(#8674),#8678);
#8674 = LINE('',#8675,#8676);
#8675 = CARTESIAN_POINT('',(22.,866.));
#8676 = VECTOR('',#8677,1.);
#8677 = DIRECTION('',(0.,1.));
#8678 = ( GEOMETRIC_REPRESENTATION_CONTEXT(2) 
PARAMETRIC_REPRESENTATION_CONTEXT() REPRESENTATION_CONTEXT('2D SPACE',''
  ) );
#8679 = PCURVE('',#8560,#8680);
#8680 = DEFINITIONAL_REPRESENTATION('',(#8681),#8685);
#8681 = LINE('',#8682,#8683);
#8682 = CARTESIAN_POINT('',(844.,18.));
#8683 = VECTOR('',#8684,1.);
#8684 = DIRECTION('',(1.,0.));
#8685 = ( GEOMETRIC_REPRESENTATION_CONTEXT(2) 
PARAMETRIC_REPRESENTATION_CONTEXT() REPRESENTATION_CONTEXT('2D SPACE',''
  ) );
#8686 = ORIENTED_EDGE('',*,*,#8687,.F.);
#8687 = EDGE_CURVE('',#8688,#8658,#8690,.T.);
#8688 = VERTEX_POINT('',#8689);
#8689 = CARTESIAN_POINT('',(612.4,1.4838E+03,3.564E+03));
#8690 = SURFACE_CURVE('',#8691,(#8695,#8702),.PCURVE_S1.);
#8691 = LINE('',#8692,#8693);
#8692 = CARTESIAN_POINT('',(612.4,1.4838E+03,2.4905E+03));
#8693 = VECTOR('',#8694,1.);
#8694 = DIRECTION('',(0.,0.,-1.));
#8695 = PCURVE('',#8668,#8696);
#8696 = DEFINITIONAL_REPRESENTATION('',(#8697),#8701);
#8697 = LINE('',#8698,#8699);
#8698 = CARTESIAN_POINT('',(1.0955E+03,22.));
#8699 = VECTOR('',#8700,1.);
#8700 = DIRECTION('',(-1.,0.));
#8701 = ( GEOMETRIC_REPRESENTATION_CONTEXT(2) 
PARAMETRIC_REPRESENTATION_CONTEXT() REPRESENTATION_CONTEXT('2D SPACE',''
  ) );
#8702 = PCURVE('',#8642,#8703);
#8703 = DEFINITIONAL_REPRESENTATION('',(#8704),#8708);
#8704 = LINE('',#8705,#8706);
#8705 = CARTESIAN_POINT('',(1.0735E+03,18.));
#8706 = VECTOR('',#8707,1.);
#8707 = DIRECTION('',(1.,0.));
#8708 = ( GEOMETRIC_REPRESENTATION_CONTEXT(2) 
PARAMETRIC_REPRESENTATION_CONTEXT() REPRESENTATION_CONTEXT('2D SPACE',''
  ) );
#8709 = ORIENTED_EDGE('',*,*,#8710,.T.);
#8710 = EDGE_CURVE('',#8688,#8711,#8713,.T.);
#8711 = VERTEX_POINT('',#8712);
#8712 = CARTESIAN_POINT('',(612.4,3.1718E+03,3.564E+03));
#8713 = SURFACE_CURVE('',#8714,(#8718,#8725),.PCURVE_S1.);
#8714 = LINE('',#8715,#8716);
#8715 = CARTESIAN_POINT('',(612.4,2.3278E+03,3.564E+03));
#8716 = VECTOR('',#8717,1.);
#8717 = DIRECTION('',(1.110223024625E-16,1.,0.));
#8718 = PCURVE('',#8668,#8719);
#8719 = DEFINITIONAL_REPRESENTATION('',(#8720),#8724);
#8720 = LINE('',#8721,#8722);
#8721 = CARTESIAN_POINT('',(2.169E+03,866.));
#8722 = VECTOR('',#8723,1.);
#8723 = DIRECTION('',(0.,1.));
#8724 = ( GEOMETRIC_REPRESENTATION_CONTEXT(2) 
PARAMETRIC_REPRESENTATION_CONTEXT() REPRESENTATION_CONTEXT('2D SPACE',''
  ) );
#8725 = PCURVE('',#8616,#8726);
#8726 = DEFINITIONAL_REPRESENTATION('',(#8727),#8731);
#8727 = LINE('',#8728,#8729);
#8728 = CARTESIAN_POINT('',(844.,18.));
#8729 = VECTOR('',#8730,1.);
#8730 = DIRECTION('',(1.,0.));
#8731 = ( GEOMETRIC_REPRESENTATION_CONTEXT(2) 
PARAMETRIC_REPRESENTATION_CONTEXT() REPRESENTATION_CONTEXT('2D SPACE',''
  ) );
#8732 = ORIENTED_EDGE('',*,*,#8733,.T.);
#8733 = EDGE_CURVE('',#8711,#8660,#8734,.T.);
#8734 = SURFACE_CURVE('',#8735,(#8739,#8746),.PCURVE_S1.);
#8735 = LINE('',#8736,#8737);
#8736 = CARTESIAN_POINT('',(612.4,3.1718E+03,2.4905E+03));
#8737 = VECTOR('',#8738,1.);
#8738 = DIRECTION('',(0.,0.,-1.));
#8739 = PCURVE('',#8668,#8740);
#8740 = DEFINITIONAL_REPRESENTATION('',(#8741),#8745);
#8741 = LINE('',#8742,#8743);
#8742 = CARTESIAN_POINT('',(1.0955E+03,1.71E+03));
#8743 = VECTOR('',#8744,1.);
#8744 = DIRECTION('',(-1.,0.));
#8745 = ( GEOMETRIC_REPRESENTATION_CONTEXT(2) 
PARAMETRIC_REPRESENTATION_CONTEXT() REPRESENTATION_CONTEXT('2D SPACE',''
  ) );
#8746 = PCURVE('',#8588,#8747);
#8747 = DEFINITIONAL_REPRESENTATION('',(#8748),#8752);
#8748 = LINE('',#8749,#8750);
#8749 = CARTESIAN_POINT('',(1.0735E+03,18.));
#8750 = VECTOR('',#8751,1.);
#8751 = DIRECTION('',(1.,0.));
#8752 = ( GEOMETRIC_REPRESENTATION_CONTEXT(2) 
PARAMETRIC_REPRESENTATION_CONTEXT() REPRESENTATION_CONTEXT('2D SPACE',''
  ) );
#8753 = ADVANCED_FACE('',(#8754),#8560,.F.);
#8754 = FACE_BOUND('',#8755,.T.);
#8755 = EDGE_LOOP('',(#8756,#8757,#8778,#8779));
#8756 = ORIENTED_EDGE('',*,*,#8657,.T.);
#8757 = ORIENTED_EDGE('',*,*,#8758,.F.);
#8758 = EDGE_CURVE('',#8540,#8660,#8759,.T.);
#8759 = SURFACE_CURVE('',#8760,(#8764,#8771),.PCURVE_S1.);
#8760 = LINE('',#8761,#8762);
#8761 = CARTESIAN_POINT('',(621.4,3.1718E+03,1.417E+03));
#8762 = VECTOR('',#8763,1.);
#8763 = DIRECTION('',(-1.,1.110223024625E-16,0.));
#8764 = PCURVE('',#8560,#8765);
#8765 = DEFINITIONAL_REPRESENTATION('',(#8766),#8770);
#8766 = LINE('',#8767,#8768);
#8767 = CARTESIAN_POINT('',(1.688E+03,9.));
#8768 = VECTOR('',#8769,1.);
#8769 = DIRECTION('',(0.,1.));
#8770 = ( GEOMETRIC_REPRESENTATION_CONTEXT(2) 
PARAMETRIC_REPRESENTATION_CONTEXT() REPRESENTATION_CONTEXT('2D SPACE',''
  ) );
#8771 = PCURVE('',#8588,#8772);
#8772 = DEFINITIONAL_REPRESENTATION('',(#8773),#8777);
#8773 = LINE('',#8774,#8775);
#8774 = CARTESIAN_POINT('',(2.147E+03,9.));
#8775 = VECTOR('',#8776,1.);
#8776 = DIRECTION('',(0.,1.));
#8777 = ( GEOMETRIC_REPRESENTATION_CONTEXT(2) 
PARAMETRIC_REPRESENTATION_CONTEXT() REPRESENTATION_CONTEXT('2D SPACE',''
  ) );
#8778 = ORIENTED_EDGE('',*,*,#8537,.F.);
#8779 = ORIENTED_EDGE('',*,*,#8780,.T.);
#8780 = EDGE_CURVE('',#8538,#8658,#8781,.T.);
#8781 = SURFACE_CURVE('',#8782,(#8786,#8793),.PCURVE_S1.);
#8782 = LINE('',#8783,#8784);
#8783 = CARTESIAN_POINT('',(621.4,1.4838E+03,1.417E+03));
#8784 = VECTOR('',#8785,1.);
#8785 = DIRECTION('',(-1.,1.110223024625E-16,0.));
#8786 = PCURVE('',#8560,#8787);
#8787 = DEFINITIONAL_REPRESENTATION('',(#8788),#8792);
#8788 = LINE('',#8789,#8790);
#8789 = CARTESIAN_POINT('',(-9.992007221626E-16,9.));
#8790 = VECTOR('',#8791,1.);
#8791 = DIRECTION('',(0.,1.));
#8792 = ( GEOMETRIC_REPRESENTATION_CONTEXT(2) 
PARAMETRIC_REPRESENTATION_CONTEXT() REPRESENTATION_CONTEXT('2D SPACE',''
  ) );
#8793 = PCURVE('',#8642,#8794);
#8794 = DEFINITIONAL_REPRESENTATION('',(#8795),#8799);
#8795 = LINE('',#8796,#8797);
#8796 = CARTESIAN_POINT('',(2.147E+03,9.));
#8797 = VECTOR('',#8798,1.);
#8798 = DIRECTION('',(0.,1.));
#8799 = ( GEOMETRIC_REPRESENTATION_CONTEXT(2) 
PARAMETRIC_REPRESENTATION_CONTEXT() REPRESENTATION_CONTEXT('2D SPACE',''
  ) );
#8800 = ADVANCED_FACE('',(#8801),#8588,.T.);
#8801 = FACE_BOUND('',#8802,.T.);
#8802 = EDGE_LOOP('',(#8803,#8824,#8825,#8826));
#8803 = ORIENTED_EDGE('',*,*,#8804,.F.);
#8804 = EDGE_CURVE('',#8573,#8711,#8805,.T.);
#8805 = SURFACE_CURVE('',#8806,(#8810,#8817),.PCURVE_S1.);
#8806 = LINE('',#8807,#8808);
#8807 = CARTESIAN_POINT('',(621.4,3.1718E+03,3.564E+03));
#8808 = VECTOR('',#8809,1.);
#8809 = DIRECTION('',(-1.,1.110223024625E-16,0.));
#8810 = PCURVE('',#8588,#8811);
#8811 = DEFINITIONAL_REPRESENTATION('',(#8812),#8816);
#8812 = LINE('',#8813,#8814);
#8813 = CARTESIAN_POINT('',(0.,9.));
#8814 = VECTOR('',#8815,1.);
#8815 = DIRECTION('',(0.,1.));
#8816 = ( GEOMETRIC_REPRESENTATION_CONTEXT(2) 
PARAMETRIC_REPRESENTATION_CONTEXT() REPRESENTATION_CONTEXT('2D SPACE',''
  ) );
#8817 = PCURVE('',#8616,#8818);
#8818 = DEFINITIONAL_REPRESENTATION('',(#8819),#8823);
#8819 = LINE('',#8820,#8821);
#8820 = CARTESIAN_POINT('',(1.688E+03,9.));
#8821 = VECTOR('',#8822,1.);
#8822 = DIRECTION('',(0.,1.));
#8823 = ( GEOMETRIC_REPRESENTATION_CONTEXT(2) 
PARAMETRIC_REPRESENTATION_CONTEXT() REPRESENTATION_CONTEXT('2D SPACE',''
  ) );
#8824 = ORIENTED_EDGE('',*,*,#8572,.T.);
#8825 = ORIENTED_EDGE('',*,*,#8758,.T.);
#8826 = ORIENTED_EDGE('',*,*,#8733,.F.);
#8827 = ADVANCED_FACE('',(#8828),#8616,.T.);
#8828 = FACE_BOUND('',#8829,.T.);
#8829 = EDGE_LOOP('',(#8830,#8851,#8852,#8853));
#8830 = ORIENTED_EDGE('',*,*,#8831,.F.);
#8831 = EDGE_CURVE('',#8601,#8688,#8832,.T.);
#8832 = SURFACE_CURVE('',#8833,(#8837,#8844),.PCURVE_S1.);
#8833 = LINE('',#8834,#8835);
#8834 = CARTESIAN_POINT('',(621.4,1.4838E+03,3.564E+03));
#8835 = VECTOR('',#8836,1.);
#8836 = DIRECTION('',(-1.,1.110223024625E-16,0.));
#8837 = PCURVE('',#8616,#8838);
#8838 = DEFINITIONAL_REPRESENTATION('',(#8839),#8843);
#8839 = LINE('',#8840,#8841);
#8840 = CARTESIAN_POINT('',(-9.992007221626E-16,9.));
#8841 = VECTOR('',#8842,1.);
#8842 = DIRECTION('',(0.,1.));
#8843 = ( GEOMETRIC_REPRESENTATION_CONTEXT(2) 
PARAMETRIC_REPRESENTATION_CONTEXT() REPRESENTATION_CONTEXT('2D SPACE',''
  ) );
#8844 = PCURVE('',#8642,#8845);
#8845 = DEFINITIONAL_REPRESENTATION('',(#8846),#8850);
#8846 = LINE('',#8847,#8848);
#8847 = CARTESIAN_POINT('',(0.,9.));
#8848 = VECTOR('',#8849,1.);
#8849 = DIRECTION('',(0.,1.));
#8850 = ( GEOMETRIC_REPRESENTATION_CONTEXT(2) 
PARAMETRIC_REPRESENTATION_CONTEXT() REPRESENTATION_CONTEXT('2D SPACE',''
  ) );
#8851 = ORIENTED_EDGE('',*,*,#8600,.T.);
#8852 = ORIENTED_EDGE('',*,*,#8804,.T.);
#8853 = ORIENTED_EDGE('',*,*,#8710,.F.);
#8854 = ADVANCED_FACE('',(#8855),#8642,.F.);
#8855 = FACE_BOUND('',#8856,.T.);
#8856 = EDGE_LOOP('',(#8857,#8858,#8859,#8860));
#8857 = ORIENTED_EDGE('',*,*,#8687,.T.);
#8858 = ORIENTED_EDGE('',*,*,#8780,.F.);
#8859 = ORIENTED_EDGE('',*,*,#8628,.F.);
#8860 = ORIENTED_EDGE('',*,*,#8831,.T.);
#8861 = ( GEOMETRIC_REPRESENTATION_CONTEXT(3) 
GLOBAL_UNCERTAINTY_ASSIGNED_CONTEXT((#8865)) 
GLOBAL_UNIT_ASSIGNED_CONTEXT((#8862,#8863,#8864)) REPRESENTATION_CONTEXT
('Context #1','3D Context with UNIT and UNCERTAINTY') );
#8862 = ( LENGTH_UNIT() NAMED_UNIT(*) SI_UNIT(.MILLI.,.METRE.) );
#8863 = ( NAMED_UNIT(*) PLANE_ANGLE_UNIT() SI_UNIT($,.RADIAN.) );
#8864 = ( NAMED_UNIT(*) SI_UNIT($,.STERADIAN.) SOLID_ANGLE_UNIT() );
#8865 = UNCERTAINTY_MEASURE_WITH_UNIT(LENGTH_MEASURE(1.E-07),#8862,
  'distance_accuracy_value','confusion accuracy');
#8866 = CONTEXT_DEPENDENT_SHAPE_REPRESENTATION(#8867,#8869);
#8867 = ( REPRESENTATION_RELATIONSHIP('','',#8530,#10) 
REPRESENTATION_RELATIONSHIP_WITH_TRANSFORMATION(#8868) 
SHAPE_REPRESENTATION_RELATIONSHIP() );
#8868 = ITEM_DEFINED_TRANSFORMATION('','',#11,#103);
#8869 = PRODUCT_DEFINITION_SHAPE('Placement','Placement of an item',
  #8870);
#8870 = NEXT_ASSEMBLY_USAGE_OCCURRENCE('274','','',#5,#8525,$);
#8871 = PRODUCT_RELATED_PRODUCT_CATEGORY('part',$,(#8527));
#8872 = SHAPE_DEFINITION_REPRESENTATION(#8873,#8879);
#8873 = PRODUCT_DEFINITION_SHAPE('','',#8874);
#8874 = PRODUCT_DEFINITION('design','',#8875,#8878);
#8875 = PRODUCT_DEFINITION_FORMATION('','',#8876);
#8876 = PRODUCT('Open CASCADE STEP translator 7.9 4.24',
  'Open CASCADE STEP translator 7.9 4.24','',(#8877));
#8877 = PRODUCT_CONTEXT('',#2,'mechanical');
#8878 = PRODUCT_DEFINITION_CONTEXT('part definition',#2,'design');
#8879 = ADVANCED_BREP_SHAPE_REPRESENTATION('',(#11,#8880),#9210);
#8880 = MANIFOLD_SOLID_BREP('',#8881);
#8881 = CLOSED_SHELL('',(#8882,#9002,#9102,#9149,#9176,#9203));
#8882 = ADVANCED_FACE('',(#8883),#8897,.F.);
#8883 = FACE_BOUND('',#8884,.T.);
#8884 = EDGE_LOOP('',(#8885,#8920,#8948,#8976));
#8885 = ORIENTED_EDGE('',*,*,#8886,.T.);
#8886 = EDGE_CURVE('',#8887,#8889,#8891,.T.);
#8887 = VERTEX_POINT('',#8888);
#8888 = CARTESIAN_POINT('',(340.4,1.4798E+03,1.413E+03));
#8889 = VERTEX_POINT('',#8890);
#8890 = CARTESIAN_POINT('',(340.4,3.1758E+03,1.413E+03));
#8891 = SURFACE_CURVE('',#8892,(#8896,#8908),.PCURVE_S1.);
#8892 = LINE('',#8893,#8894);
#8893 = CARTESIAN_POINT('',(340.4,2.3278E+03,1.413E+03));
#8894 = VECTOR('',#8895,1.);
#8895 = DIRECTION('',(1.110223024625E-16,1.,0.));
#8896 = PCURVE('',#8897,#8902);
#8897 = PLANE('',#8898);
#8898 = AXIS2_PLACEMENT_3D('',#8899,#8900,#8901);
#8899 = CARTESIAN_POINT('',(340.4,1.4618E+03,1.395E+03));
#8900 = DIRECTION('',(-1.,1.110223024625E-16,0.));
#8901 = DIRECTION('',(0.,0.,1.));
#8902 = DEFINITIONAL_REPRESENTATION('',(#8903),#8907);
#8903 = LINE('',#8904,#8905);
#8904 = CARTESIAN_POINT('',(18.,866.));
#8905 = VECTOR('',#8906,1.);
#8906 = DIRECTION('',(0.,1.));
#8907 = ( GEOMETRIC_REPRESENTATION_CONTEXT(2) 
PARAMETRIC_REPRESENTATION_CONTEXT() REPRESENTATION_CONTEXT('2D SPACE',''
  ) );
#8908 = PCURVE('',#8909,#8914);
#8909 = PLANE('',#8910);
#8910 = AXIS2_PLACEMENT_3D('',#8911,#8912,#8913);
#8911 = CARTESIAN_POINT('',(340.4,1.4798E+03,1.413E+03));
#8912 = DIRECTION('',(0.,0.,1.));
#8913 = DIRECTION('',(1.110223024625E-16,1.,0.));
#8914 = DEFINITIONAL_REPRESENTATION('',(#8915),#8919);
#8915 = LINE('',#8916,#8917);
#8916 = CARTESIAN_POINT('',(848.,-1.95399252334E-14));
#8917 = VECTOR('',#8918,1.);
#8918 = DIRECTION('',(1.,0.));
#8919 = ( GEOMETRIC_REPRESENTATION_CONTEXT(2) 
PARAMETRIC_REPRESENTATION_CONTEXT() REPRESENTATION_CONTEXT('2D SPACE',''
  ) );
#8920 = ORIENTED_EDGE('',*,*,#8921,.F.);
#8921 = EDGE_CURVE('',#8922,#8889,#8924,.T.);
#8922 = VERTEX_POINT('',#8923);
#8923 = CARTESIAN_POINT('',(340.4,3.1758E+03,3.568E+03));
#8924 = SURFACE_CURVE('',#8925,(#8929,#8936),.PCURVE_S1.);
#8925 = LINE('',#8926,#8927);
#8926 = CARTESIAN_POINT('',(340.4,3.1758E+03,2.4905E+03));
#8927 = VECTOR('',#8928,1.);
#8928 = DIRECTION('',(0.,0.,-1.));
#8929 = PCURVE('',#8897,#8930);
#8930 = DEFINITIONAL_REPRESENTATION('',(#8931),#8935);
#8931 = LINE('',#8932,#8933);
#8932 = CARTESIAN_POINT('',(1.0955E+03,1.714E+03));
#8933 = VECTOR('',#8934,1.);
#8934 = DIRECTION('',(-1.,0.));
#8935 = ( GEOMETRIC_REPRESENTATION_CONTEXT(2) 
PARAMETRIC_REPRESENTATION_CONTEXT() REPRESENTATION_CONTEXT('2D SPACE',''
  ) );
#8936 = PCURVE('',#8937,#8942);
#8937 = PLANE('',#8938);
#8938 = AXIS2_PLACEMENT_3D('',#8939,#8940,#8941);
#8939 = CARTESIAN_POINT('',(340.4,3.1758E+03,3.568E+03));
#8940 = DIRECTION('',(1.110223024625E-16,1.,0.));
#8941 = DIRECTION('',(0.,0.,-1.));
#8942 = DEFINITIONAL_REPRESENTATION('',(#8943),#8947);
#8943 = LINE('',#8944,#8945);
#8944 = CARTESIAN_POINT('',(1.0775E+03,0.));
#8945 = VECTOR('',#8946,1.);
#8946 = DIRECTION('',(1.,0.));
#8947 = ( GEOMETRIC_REPRESENTATION_CONTEXT(2) 
PARAMETRIC_REPRESENTATION_CONTEXT() REPRESENTATION_CONTEXT('2D SPACE',''
  ) );
#8948 = ORIENTED_EDGE('',*,*,#8949,.F.);
#8949 = EDGE_CURVE('',#8950,#8922,#8952,.T.);
#8950 = VERTEX_POINT('',#8951);
#8951 = CARTESIAN_POINT('',(340.4,1.4798E+03,3.568E+03));
#8952 = SURFACE_CURVE('',#8953,(#8957,#8964),.PCURVE_S1.);
#8953 = LINE('',#8954,#8955);
#8954 = CARTESIAN_POINT('',(340.4,2.3278E+03,3.568E+03));
#8955 = VECTOR('',#8956,1.);
#8956 = DIRECTION('',(1.110223024625E-16,1.,0.));
#8957 = PCURVE('',#8897,#8958);
#8958 = DEFINITIONAL_REPRESENTATION('',(#8959),#8963);
#8959 = LINE('',#8960,#8961);
#8960 = CARTESIAN_POINT('',(2.173E+03,866.));
#8961 = VECTOR('',#8962,1.);
#8962 = DIRECTION('',(0.,1.));
#8963 = ( GEOMETRIC_REPRESENTATION_CONTEXT(2) 
PARAMETRIC_REPRESENTATION_CONTEXT() REPRESENTATION_CONTEXT('2D SPACE',''
  ) );
#8964 = PCURVE('',#8965,#8970);
#8965 = PLANE('',#8966);
#8966 = AXIS2_PLACEMENT_3D('',#8967,#8968,#8969);
#8967 = CARTESIAN_POINT('',(340.4,1.4798E+03,3.568E+03));
#8968 = DIRECTION('',(0.,0.,1.));
#8969 = DIRECTION('',(1.110223024625E-16,1.,0.));
#8970 = DEFINITIONAL_REPRESENTATION('',(#8971),#8975);
#8971 = LINE('',#8972,#8973);
#8972 = CARTESIAN_POINT('',(848.,-1.95399252334E-14));
#8973 = VECTOR('',#8974,1.);
#8974 = DIRECTION('',(1.,0.));
#8975 = ( GEOMETRIC_REPRESENTATION_CONTEXT(2) 
PARAMETRIC_REPRESENTATION_CONTEXT() REPRESENTATION_CONTEXT('2D SPACE',''
  ) );
#8976 = ORIENTED_EDGE('',*,*,#8977,.T.);
#8977 = EDGE_CURVE('',#8950,#8887,#8978,.T.);
#8978 = SURFACE_CURVE('',#8979,(#8983,#8990),.PCURVE_S1.);
#8979 = LINE('',#8980,#8981);
#8980 = CARTESIAN_POINT('',(340.4,1.4798E+03,2.4905E+03));
#8981 = VECTOR('',#8982,1.);
#8982 = DIRECTION('',(0.,0.,-1.));
#8983 = PCURVE('',#8897,#8984);
#8984 = DEFINITIONAL_REPRESENTATION('',(#8985),#8989);
#8985 = LINE('',#8986,#8987);
#8986 = CARTESIAN_POINT('',(1.0955E+03,18.));
#8987 = VECTOR('',#8988,1.);
#8988 = DIRECTION('',(-1.,0.));
#8989 = ( GEOMETRIC_REPRESENTATION_CONTEXT(2) 
PARAMETRIC_REPRESENTATION_CONTEXT() REPRESENTATION_CONTEXT('2D SPACE',''
  ) );
#8990 = PCURVE('',#8991,#8996);
#8991 = PLANE('',#8992);
#8992 = AXIS2_PLACEMENT_3D('',#8993,#8994,#8995);
#8993 = CARTESIAN_POINT('',(340.4,1.4798E+03,3.568E+03));
#8994 = DIRECTION('',(1.110223024625E-16,1.,0.));
#8995 = DIRECTION('',(0.,0.,-1.));
#8996 = DEFINITIONAL_REPRESENTATION('',(#8997),#9001);
#8997 = LINE('',#8998,#8999);
#8998 = CARTESIAN_POINT('',(1.0775E+03,0.));
#8999 = VECTOR('',#9000,1.);
#9000 = DIRECTION('',(1.,0.));
#9001 = ( GEOMETRIC_REPRESENTATION_CONTEXT(2) 
PARAMETRIC_REPRESENTATION_CONTEXT() REPRESENTATION_CONTEXT('2D SPACE',''
  ) );
#9002 = ADVANCED_FACE('',(#9003),#9017,.T.);
#9003 = FACE_BOUND('',#9004,.T.);
#9004 = EDGE_LOOP('',(#9005,#9035,#9058,#9081));
#9005 = ORIENTED_EDGE('',*,*,#9006,.F.);
#9006 = EDGE_CURVE('',#9007,#9009,#9011,.T.);
#9007 = VERTEX_POINT('',#9008);
#9008 = CARTESIAN_POINT('',(322.4,1.4798E+03,1.413E+03));
#9009 = VERTEX_POINT('',#9010);
#9010 = CARTESIAN_POINT('',(322.4,3.1758E+03,1.413E+03));
#9011 = SURFACE_CURVE('',#9012,(#9016,#9028),.PCURVE_S1.);
#9012 = LINE('',#9013,#9014);
#9013 = CARTESIAN_POINT('',(322.4,2.3278E+03,1.413E+03));
#9014 = VECTOR('',#9015,1.);
#9015 = DIRECTION('',(1.110223024625E-16,1.,0.));
#9016 = PCURVE('',#9017,#9022);
#9017 = PLANE('',#9018);
#9018 = AXIS2_PLACEMENT_3D('',#9019,#9020,#9021);
#9019 = CARTESIAN_POINT('',(322.4,1.4618E+03,1.395E+03));
#9020 = DIRECTION('',(-1.,1.110223024625E-16,0.));
#9021 = DIRECTION('',(0.,0.,1.));
#9022 = DEFINITIONAL_REPRESENTATION('',(#9023),#9027);
#9023 = LINE('',#9024,#9025);
#9024 = CARTESIAN_POINT('',(18.,866.));
#9025 = VECTOR('',#9026,1.);
#9026 = DIRECTION('',(0.,1.));
#9027 = ( GEOMETRIC_REPRESENTATION_CONTEXT(2) 
PARAMETRIC_REPRESENTATION_CONTEXT() REPRESENTATION_CONTEXT('2D SPACE',''
  ) );
#9028 = PCURVE('',#8909,#9029);
#9029 = DEFINITIONAL_REPRESENTATION('',(#9030),#9034);
#9030 = LINE('',#9031,#9032);
#9031 = CARTESIAN_POINT('',(848.,18.));
#9032 = VECTOR('',#9033,1.);
#9033 = DIRECTION('',(1.,0.));
#9034 = ( GEOMETRIC_REPRESENTATION_CONTEXT(2) 
PARAMETRIC_REPRESENTATION_CONTEXT() REPRESENTATION_CONTEXT('2D SPACE',''
  ) );
#9035 = ORIENTED_EDGE('',*,*,#9036,.F.);
#9036 = EDGE_CURVE('',#9037,#9007,#9039,.T.);
#9037 = VERTEX_POINT('',#9038);
#9038 = CARTESIAN_POINT('',(322.4,1.4798E+03,3.568E+03));
#9039 = SURFACE_CURVE('',#9040,(#9044,#9051),.PCURVE_S1.);
#9040 = LINE('',#9041,#9042);
#9041 = CARTESIAN_POINT('',(322.4,1.4798E+03,2.4905E+03));
#9042 = VECTOR('',#9043,1.);
#9043 = DIRECTION('',(0.,0.,-1.));
#9044 = PCURVE('',#9017,#9045);
#9045 = DEFINITIONAL_REPRESENTATION('',(#9046),#9050);
#9046 = LINE('',#9047,#9048);
#9047 = CARTESIAN_POINT('',(1.0955E+03,18.));
#9048 = VECTOR('',#9049,1.);
#9049 = DIRECTION('',(-1.,0.));
#9050 = ( GEOMETRIC_REPRESENTATION_CONTEXT(2) 
PARAMETRIC_REPRESENTATION_CONTEXT() REPRESENTATION_CONTEXT('2D SPACE',''
  ) );
#9051 = PCURVE('',#8991,#9052);
#9052 = DEFINITIONAL_REPRESENTATION('',(#9053),#9057);
#9053 = LINE('',#9054,#9055);
#9054 = CARTESIAN_POINT('',(1.0775E+03,18.));
#9055 = VECTOR('',#9056,1.);
#9056 = DIRECTION('',(1.,0.));
#9057 = ( GEOMETRIC_REPRESENTATION_CONTEXT(2) 
PARAMETRIC_REPRESENTATION_CONTEXT() REPRESENTATION_CONTEXT('2D SPACE',''
  ) );
#9058 = ORIENTED_EDGE('',*,*,#9059,.T.);
#9059 = EDGE_CURVE('',#9037,#9060,#9062,.T.);
#9060 = VERTEX_POINT('',#9061);
#9061 = CARTESIAN_POINT('',(322.4,3.1758E+03,3.568E+03));
#9062 = SURFACE_CURVE('',#9063,(#9067,#9074),.PCURVE_S1.);
#9063 = LINE('',#9064,#9065);
#9064 = CARTESIAN_POINT('',(322.4,2.3278E+03,3.568E+03));
#9065 = VECTOR('',#9066,1.);
#9066 = DIRECTION('',(1.110223024625E-16,1.,0.));
#9067 = PCURVE('',#9017,#9068);
#9068 = DEFINITIONAL_REPRESENTATION('',(#9069),#9073);
#9069 = LINE('',#9070,#9071);
#9070 = CARTESIAN_POINT('',(2.173E+03,866.));
#9071 = VECTOR('',#9072,1.);
#9072 = DIRECTION('',(0.,1.));
#9073 = ( GEOMETRIC_REPRESENTATION_CONTEXT(2) 
PARAMETRIC_REPRESENTATION_CONTEXT() REPRESENTATION_CONTEXT('2D SPACE',''
  ) );
#9074 = PCURVE('',#8965,#9075);
#9075 = DEFINITIONAL_REPRESENTATION('',(#9076),#9080);
#9076 = LINE('',#9077,#9078);
#9077 = CARTESIAN_POINT('',(848.,18.));
#9078 = VECTOR('',#9079,1.);
#9079 = DIRECTION('',(1.,0.));
#9080 = ( GEOMETRIC_REPRESENTATION_CONTEXT(2) 
PARAMETRIC_REPRESENTATION_CONTEXT() REPRESENTATION_CONTEXT('2D SPACE',''
  ) );
#9081 = ORIENTED_EDGE('',*,*,#9082,.T.);
#9082 = EDGE_CURVE('',#9060,#9009,#9083,.T.);
#9083 = SURFACE_CURVE('',#9084,(#9088,#9095),.PCURVE_S1.);
#9084 = LINE('',#9085,#9086);
#9085 = CARTESIAN_POINT('',(322.4,3.1758E+03,2.4905E+03));
#9086 = VECTOR('',#9087,1.);
#9087 = DIRECTION('',(0.,0.,-1.));
#9088 = PCURVE('',#9017,#9089);
#9089 = DEFINITIONAL_REPRESENTATION('',(#9090),#9094);
#9090 = LINE('',#9091,#9092);
#9091 = CARTESIAN_POINT('',(1.0955E+03,1.714E+03));
#9092 = VECTOR('',#9093,1.);
#9093 = DIRECTION('',(-1.,0.));
#9094 = ( GEOMETRIC_REPRESENTATION_CONTEXT(2) 
PARAMETRIC_REPRESENTATION_CONTEXT() REPRESENTATION_CONTEXT('2D SPACE',''
  ) );
#9095 = PCURVE('',#8937,#9096);
#9096 = DEFINITIONAL_REPRESENTATION('',(#9097),#9101);
#9097 = LINE('',#9098,#9099);
#9098 = CARTESIAN_POINT('',(1.0775E+03,18.));
#9099 = VECTOR('',#9100,1.);
#9100 = DIRECTION('',(1.,0.));
#9101 = ( GEOMETRIC_REPRESENTATION_CONTEXT(2) 
PARAMETRIC_REPRESENTATION_CONTEXT() REPRESENTATION_CONTEXT('2D SPACE',''
  ) );
#9102 = ADVANCED_FACE('',(#9103),#8909,.F.);
#9103 = FACE_BOUND('',#9104,.T.);
#9104 = EDGE_LOOP('',(#9105,#9106,#9127,#9128));
#9105 = ORIENTED_EDGE('',*,*,#9006,.T.);
#9106 = ORIENTED_EDGE('',*,*,#9107,.F.);
#9107 = EDGE_CURVE('',#8889,#9009,#9108,.T.);
#9108 = SURFACE_CURVE('',#9109,(#9113,#9120),.PCURVE_S1.);
#9109 = LINE('',#9110,#9111);
#9110 = CARTESIAN_POINT('',(331.4,3.1758E+03,1.413E+03));
#9111 = VECTOR('',#9112,1.);
#9112 = DIRECTION('',(-1.,1.110223024625E-16,0.));
#9113 = PCURVE('',#8909,#9114);
#9114 = DEFINITIONAL_REPRESENTATION('',(#9115),#9119);
#9115 = LINE('',#9116,#9117);
#9116 = CARTESIAN_POINT('',(1.696E+03,9.));
#9117 = VECTOR('',#9118,1.);
#9118 = DIRECTION('',(0.,1.));
#9119 = ( GEOMETRIC_REPRESENTATION_CONTEXT(2) 
PARAMETRIC_REPRESENTATION_CONTEXT() REPRESENTATION_CONTEXT('2D SPACE',''
  ) );
#9120 = PCURVE('',#8937,#9121);
#9121 = DEFINITIONAL_REPRESENTATION('',(#9122),#9126);
#9122 = LINE('',#9123,#9124);
#9123 = CARTESIAN_POINT('',(2.155E+03,9.));
#9124 = VECTOR('',#9125,1.);
#9125 = DIRECTION('',(0.,1.));
#9126 = ( GEOMETRIC_REPRESENTATION_CONTEXT(2) 
PARAMETRIC_REPRESENTATION_CONTEXT() REPRESENTATION_CONTEXT('2D SPACE',''
  ) );
#9127 = ORIENTED_EDGE('',*,*,#8886,.F.);
#9128 = ORIENTED_EDGE('',*,*,#9129,.T.);
#9129 = EDGE_CURVE('',#8887,#9007,#9130,.T.);
#9130 = SURFACE_CURVE('',#9131,(#9135,#9142),.PCURVE_S1.);
#9131 = LINE('',#9132,#9133);
#9132 = CARTESIAN_POINT('',(331.4,1.4798E+03,1.413E+03));
#9133 = VECTOR('',#9134,1.);
#9134 = DIRECTION('',(-1.,1.110223024625E-16,0.));
#9135 = PCURVE('',#8909,#9136);
#9136 = DEFINITIONAL_REPRESENTATION('',(#9137),#9141);
#9137 = LINE('',#9138,#9139);
#9138 = CARTESIAN_POINT('',(-9.992007221626E-16,9.));
#9139 = VECTOR('',#9140,1.);
#9140 = DIRECTION('',(0.,1.));
#9141 = ( GEOMETRIC_REPRESENTATION_CONTEXT(2) 
PARAMETRIC_REPRESENTATION_CONTEXT() REPRESENTATION_CONTEXT('2D SPACE',''
  ) );
#9142 = PCURVE('',#8991,#9143);
#9143 = DEFINITIONAL_REPRESENTATION('',(#9144),#9148);
#9144 = LINE('',#9145,#9146);
#9145 = CARTESIAN_POINT('',(2.155E+03,9.));
#9146 = VECTOR('',#9147,1.);
#9147 = DIRECTION('',(0.,1.));
#9148 = ( GEOMETRIC_REPRESENTATION_CONTEXT(2) 
PARAMETRIC_REPRESENTATION_CONTEXT() REPRESENTATION_CONTEXT('2D SPACE',''
  ) );
#9149 = ADVANCED_FACE('',(#9150),#8937,.T.);
#9150 = FACE_BOUND('',#9151,.T.);
#9151 = EDGE_LOOP('',(#9152,#9173,#9174,#9175));
#9152 = ORIENTED_EDGE('',*,*,#9153,.F.);
#9153 = EDGE_CURVE('',#8922,#9060,#9154,.T.);
#9154 = SURFACE_CURVE('',#9155,(#9159,#9166),.PCURVE_S1.);
#9155 = LINE('',#9156,#9157);
#9156 = CARTESIAN_POINT('',(331.4,3.1758E+03,3.568E+03));
#9157 = VECTOR('',#9158,1.);
#9158 = DIRECTION('',(-1.,1.110223024625E-16,0.));
#9159 = PCURVE('',#8937,#9160);
#9160 = DEFINITIONAL_REPRESENTATION('',(#9161),#9165);
#9161 = LINE('',#9162,#9163);
#9162 = CARTESIAN_POINT('',(0.,9.));
#9163 = VECTOR('',#9164,1.);
#9164 = DIRECTION('',(0.,1.));
#9165 = ( GEOMETRIC_REPRESENTATION_CONTEXT(2) 
PARAMETRIC_REPRESENTATION_CONTEXT() REPRESENTATION_CONTEXT('2D SPACE',''
  ) );
#9166 = PCURVE('',#8965,#9167);
#9167 = DEFINITIONAL_REPRESENTATION('',(#9168),#9172);
#9168 = LINE('',#9169,#9170);
#9169 = CARTESIAN_POINT('',(1.696E+03,9.));
#9170 = VECTOR('',#9171,1.);
#9171 = DIRECTION('',(0.,1.));
#9172 = ( GEOMETRIC_REPRESENTATION_CONTEXT(2) 
PARAMETRIC_REPRESENTATION_CONTEXT() REPRESENTATION_CONTEXT('2D SPACE',''
  ) );
#9173 = ORIENTED_EDGE('',*,*,#8921,.T.);
#9174 = ORIENTED_EDGE('',*,*,#9107,.T.);
#9175 = ORIENTED_EDGE('',*,*,#9082,.F.);
#9176 = ADVANCED_FACE('',(#9177),#8965,.T.);
#9177 = FACE_BOUND('',#9178,.T.);
#9178 = EDGE_LOOP('',(#9179,#9200,#9201,#9202));
#9179 = ORIENTED_EDGE('',*,*,#9180,.F.);
#9180 = EDGE_CURVE('',#8950,#9037,#9181,.T.);
#9181 = SURFACE_CURVE('',#9182,(#9186,#9193),.PCURVE_S1.);
#9182 = LINE('',#9183,#9184);
#9183 = CARTESIAN_POINT('',(331.4,1.4798E+03,3.568E+03));
#9184 = VECTOR('',#9185,1.);
#9185 = DIRECTION('',(-1.,1.110223024625E-16,0.));
#9186 = PCURVE('',#8965,#9187);
#9187 = DEFINITIONAL_REPRESENTATION('',(#9188),#9192);
#9188 = LINE('',#9189,#9190);
#9189 = CARTESIAN_POINT('',(-9.992007221626E-16,9.));
#9190 = VECTOR('',#9191,1.);
#9191 = DIRECTION('',(0.,1.));
#9192 = ( GEOMETRIC_REPRESENTATION_CONTEXT(2) 
PARAMETRIC_REPRESENTATION_CONTEXT() REPRESENTATION_CONTEXT('2D SPACE',''
  ) );
#9193 = PCURVE('',#8991,#9194);
#9194 = DEFINITIONAL_REPRESENTATION('',(#9195),#9199);
#9195 = LINE('',#9196,#9197);
#9196 = CARTESIAN_POINT('',(0.,9.));
#9197 = VECTOR('',#9198,1.);
#9198 = DIRECTION('',(0.,1.));
#9199 = ( GEOMETRIC_REPRESENTATION_CONTEXT(2) 
PARAMETRIC_REPRESENTATION_CONTEXT() REPRESENTATION_CONTEXT('2D SPACE',''
  ) );
#9200 = ORIENTED_EDGE('',*,*,#8949,.T.);
#9201 = ORIENTED_EDGE('',*,*,#9153,.T.);
#9202 = ORIENTED_EDGE('',*,*,#9059,.F.);
#9203 = ADVANCED_FACE('',(#9204),#8991,.F.);
#9204 = FACE_BOUND('',#9205,.T.);
#9205 = EDGE_LOOP('',(#9206,#9207,#9208,#9209));
#9206 = ORIENTED_EDGE('',*,*,#9036,.T.);
#9207 = ORIENTED_EDGE('',*,*,#9129,.F.);
#9208 = ORIENTED_EDGE('',*,*,#8977,.F.);
#9209 = ORIENTED_EDGE('',*,*,#9180,.T.);
#9210 = ( GEOMETRIC_REPRESENTATION_CONTEXT(3) 
GLOBAL_UNCERTAINTY_ASSIGNED_CONTEXT((#9214)) 
GLOBAL_UNIT_ASSIGNED_CONTEXT((#9211,#9212,#9213)) REPRESENTATION_CONTEXT
('Context #1','3D Context with UNIT and UNCERTAINTY') );
#9211 = ( LENGTH_UNIT() NAMED_UNIT(*) SI_UNIT(.MILLI.,.METRE.) );
#9212 = ( NAMED_UNIT(*) PLANE_ANGLE_UNIT() SI_UNIT($,.RADIAN.) );
#9213 = ( NAMED_UNIT(*) SI_UNIT($,.STERADIAN.) SOLID_ANGLE_UNIT() );
#9214 = UNCERTAINTY_MEASURE_WITH_UNIT(LENGTH_MEASURE(1.E-07),#9211,
  'distance_accuracy_value','confusion accuracy');
#9215 = CONTEXT_DEPENDENT_SHAPE_REPRESENTATION(#9216,#9218);
#9216 = ( REPRESENTATION_RELATIONSHIP('','',#8879,#10) 
REPRESENTATION_RELATIONSHIP_WITH_TRANSFORMATION(#9217) 
SHAPE_REPRESENTATION_RELATIONSHIP() );
#9217 = ITEM_DEFINED_TRANSFORMATION('','',#11,#107);
#9218 = PRODUCT_DEFINITION_SHAPE('Placement','Placement of an item',
  #9219);
#9219 = NEXT_ASSEMBLY_USAGE_OCCURRENCE('275','','',#5,#8874,$);
#9220 = PRODUCT_RELATED_PRODUCT_CATEGORY('part',$,(#8876));
#9221 = SHAPE_DEFINITION_REPRESENTATION(#9222,#9228);
#9222 = PRODUCT_DEFINITION_SHAPE('','',#9223);
#9223 = PRODUCT_DEFINITION('design','',#9224,#9227);
#9224 = PRODUCT_DEFINITION_FORMATION('','',#9225);
#9225 = PRODUCT('Open CASCADE STEP translator 7.9 4.25',
  'Open CASCADE STEP translator 7.9 4.25','',(#9226));
#9226 = PRODUCT_CONTEXT('',#2,'mechanical');
#9227 = PRODUCT_DEFINITION_CONTEXT('part definition',#2,'design');
#9228 = ADVANCED_BREP_SHAPE_REPRESENTATION('',(#11,#9229),#9559);
#9229 = MANIFOLD_SOLID_BREP('',#9230);
#9230 = CLOSED_SHELL('',(#9231,#9351,#9451,#9498,#9525,#9552));
#9231 = ADVANCED_FACE('',(#9232),#9246,.F.);
#9232 = FACE_BOUND('',#9233,.T.);
#9233 = EDGE_LOOP('',(#9234,#9269,#9297,#9325));
#9234 = ORIENTED_EDGE('',*,*,#9235,.F.);
#9235 = EDGE_CURVE('',#9236,#9238,#9240,.T.);
#9236 = VERTEX_POINT('',#9237);
#9237 = CARTESIAN_POINT('',(-1.1046E+03,3.1938E+03,3.586E+03));
#9238 = VERTEX_POINT('',#9239);
#9239 = CARTESIAN_POINT('',(-1.1046E+03,3.1938E+03,1.395E+03));
#9240 = SURFACE_CURVE('',#9241,(#9245,#9257),.PCURVE_S1.);
#9241 = LINE('',#9242,#9243);
#9242 = CARTESIAN_POINT('',(-1.1046E+03,3.1938E+03,2.4905E+03));
#9243 = VECTOR('',#9244,1.);
#9244 = DIRECTION('',(0.,0.,-1.));
#9245 = PCURVE('',#9246,#9251);
#9246 = PLANE('',#9247);
#9247 = AXIS2_PLACEMENT_3D('',#9248,#9249,#9250);
#9248 = CARTESIAN_POINT('',(-1.1046E+03,3.1938E+03,1.395E+03));
#9249 = DIRECTION('',(1.110223024625E-16,1.,0.));
#9250 = DIRECTION('',(-1.,1.110223024625E-16,0.));
#9251 = DEFINITIONAL_REPRESENTATION('',(#9252),#9256);
#9252 = LINE('',#9253,#9254);
#9253 = CARTESIAN_POINT('',(0.,1.0955E+03));
#9254 = VECTOR('',#9255,1.);
#9255 = DIRECTION('',(0.,-1.));
#9256 = ( GEOMETRIC_REPRESENTATION_CONTEXT(2) 
PARAMETRIC_REPRESENTATION_CONTEXT() REPRESENTATION_CONTEXT('2D SPACE',''
  ) );
#9257 = PCURVE('',#9258,#9263);
#9258 = PLANE('',#9259);
#9259 = AXIS2_PLACEMENT_3D('',#9260,#9261,#9262);
#9260 = CARTESIAN_POINT('',(-1.1046E+03,3.1938E+03,3.586E+03));
#9261 = DIRECTION('',(1.,-1.110223024625E-16,0.));
#9262 = DIRECTION('',(0.,0.,-1.));
#9263 = DEFINITIONAL_REPRESENTATION('',(#9264),#9268);
#9264 = LINE('',#9265,#9266);
#9265 = CARTESIAN_POINT('',(1.0955E+03,0.));
#9266 = VECTOR('',#9267,1.);
#9267 = DIRECTION('',(1.,0.));
#9268 = ( GEOMETRIC_REPRESENTATION_CONTEXT(2) 
PARAMETRIC_REPRESENTATION_CONTEXT() REPRESENTATION_CONTEXT('2D SPACE',''
  ) );
#9269 = ORIENTED_EDGE('',*,*,#9270,.F.);
#9270 = EDGE_CURVE('',#9271,#9236,#9273,.T.);
#9271 = VERTEX_POINT('',#9272);
#9272 = CARTESIAN_POINT('',(-1.4116E+03,3.1938E+03,3.586E+03));
#9273 = SURFACE_CURVE('',#9274,(#9278,#9285),.PCURVE_S1.);
#9274 = LINE('',#9275,#9276);
#9275 = CARTESIAN_POINT('',(-1.2581E+03,3.1938E+03,3.586E+03));
#9276 = VECTOR('',#9277,1.);
#9277 = DIRECTION('',(1.,-1.110223024625E-16,0.));
#9278 = PCURVE('',#9246,#9279);
#9279 = DEFINITIONAL_REPRESENTATION('',(#9280),#9284);
#9280 = LINE('',#9281,#9282);
#9281 = CARTESIAN_POINT('',(153.5,2.191E+03));
#9282 = VECTOR('',#9283,1.);
#9283 = DIRECTION('',(-1.,0.));
#9284 = ( GEOMETRIC_REPRESENTATION_CONTEXT(2) 
PARAMETRIC_REPRESENTATION_CONTEXT() REPRESENTATION_CONTEXT('2D SPACE',''
  ) );
#9285 = PCURVE('',#9286,#9291);
#9286 = PLANE('',#9287);
#9287 = AXIS2_PLACEMENT_3D('',#9288,#9289,#9290);
#9288 = CARTESIAN_POINT('',(-1.4116E+03,3.1938E+03,3.586E+03));
#9289 = DIRECTION('',(0.,0.,1.));
#9290 = DIRECTION('',(1.,-1.110223024625E-16,0.));
#9291 = DEFINITIONAL_REPRESENTATION('',(#9292),#9296);
#9292 = LINE('',#9293,#9294);
#9293 = CARTESIAN_POINT('',(153.5,1.7041923428E-14));
#9294 = VECTOR('',#9295,1.);
#9295 = DIRECTION('',(1.,0.));
#9296 = ( GEOMETRIC_REPRESENTATION_CONTEXT(2) 
PARAMETRIC_REPRESENTATION_CONTEXT() REPRESENTATION_CONTEXT('2D SPACE',''
  ) );
#9297 = ORIENTED_EDGE('',*,*,#9298,.F.);
#9298 = EDGE_CURVE('',#9299,#9271,#9301,.T.);
#9299 = VERTEX_POINT('',#9300);
#9300 = CARTESIAN_POINT('',(-1.4116E+03,3.1938E+03,1.395E+03));
#9301 = SURFACE_CURVE('',#9302,(#9306,#9313),.PCURVE_S1.);
#9302 = LINE('',#9303,#9304);
#9303 = CARTESIAN_POINT('',(-1.4116E+03,3.1938E+03,2.4905E+03));
#9304 = VECTOR('',#9305,1.);
#9305 = DIRECTION('',(0.,0.,1.));
#9306 = PCURVE('',#9246,#9307);
#9307 = DEFINITIONAL_REPRESENTATION('',(#9308),#9312);
#9308 = LINE('',#9309,#9310);
#9309 = CARTESIAN_POINT('',(307.,1.0955E+03));
#9310 = VECTOR('',#9311,1.);
#9311 = DIRECTION('',(0.,1.));
#9312 = ( GEOMETRIC_REPRESENTATION_CONTEXT(2) 
PARAMETRIC_REPRESENTATION_CONTEXT() REPRESENTATION_CONTEXT('2D SPACE',''
  ) );
#9313 = PCURVE('',#9314,#9319);
#9314 = PLANE('',#9315);
#9315 = AXIS2_PLACEMENT_3D('',#9316,#9317,#9318);
#9316 = CARTESIAN_POINT('',(-1.4116E+03,3.1938E+03,1.395E+03));
#9317 = DIRECTION('',(-1.,1.110223024625E-16,0.));
#9318 = DIRECTION('',(0.,0.,1.));
#9319 = DEFINITIONAL_REPRESENTATION('',(#9320),#9324);
#9320 = LINE('',#9321,#9322);
#9321 = CARTESIAN_POINT('',(1.0955E+03,0.));
#9322 = VECTOR('',#9323,1.);
#9323 = DIRECTION('',(1.,0.));
#9324 = ( GEOMETRIC_REPRESENTATION_CONTEXT(2) 
PARAMETRIC_REPRESENTATION_CONTEXT() REPRESENTATION_CONTEXT('2D SPACE',''
  ) );
#9325 = ORIENTED_EDGE('',*,*,#9326,.F.);
#9326 = EDGE_CURVE('',#9238,#9299,#9327,.T.);
#9327 = SURFACE_CURVE('',#9328,(#9332,#9339),.PCURVE_S1.);
#9328 = LINE('',#9329,#9330);
#9329 = CARTESIAN_POINT('',(-1.2581E+03,3.1938E+03,1.395E+03));
#9330 = VECTOR('',#9331,1.);
#9331 = DIRECTION('',(-1.,1.110223024625E-16,0.));
#9332 = PCURVE('',#9246,#9333);
#9333 = DEFINITIONAL_REPRESENTATION('',(#9334),#9338);
#9334 = LINE('',#9335,#9336);
#9335 = CARTESIAN_POINT('',(153.5,-2.273736754432E-13));
#9336 = VECTOR('',#9337,1.);
#9337 = DIRECTION('',(1.,0.));
#9338 = ( GEOMETRIC_REPRESENTATION_CONTEXT(2) 
PARAMETRIC_REPRESENTATION_CONTEXT() REPRESENTATION_CONTEXT('2D SPACE',''
  ) );
#9339 = PCURVE('',#9340,#9345);
#9340 = PLANE('',#9341);
#9341 = AXIS2_PLACEMENT_3D('',#9342,#9343,#9344);
#9342 = CARTESIAN_POINT('',(-1.1046E+03,3.1938E+03,1.395E+03));
#9343 = DIRECTION('',(0.,0.,-1.));
#9344 = DIRECTION('',(-1.,1.110223024625E-16,0.));
#9345 = DEFINITIONAL_REPRESENTATION('',(#9346),#9350);
#9346 = LINE('',#9347,#9348);
#9347 = CARTESIAN_POINT('',(153.5,-1.7041923428E-14));
#9348 = VECTOR('',#9349,1.);
#9349 = DIRECTION('',(1.,0.));
#9350 = ( GEOMETRIC_REPRESENTATION_CONTEXT(2) 
PARAMETRIC_REPRESENTATION_CONTEXT() REPRESENTATION_CONTEXT('2D SPACE',''
  ) );
#9351 = ADVANCED_FACE('',(#9352),#9366,.T.);
#9352 = FACE_BOUND('',#9353,.T.);
#9353 = EDGE_LOOP('',(#9354,#9384,#9407,#9430));
#9354 = ORIENTED_EDGE('',*,*,#9355,.T.);
#9355 = EDGE_CURVE('',#9356,#9358,#9360,.T.);
#9356 = VERTEX_POINT('',#9357);
#9357 = CARTESIAN_POINT('',(-1.1046E+03,3.2118E+03,3.586E+03));
#9358 = VERTEX_POINT('',#9359);
#9359 = CARTESIAN_POINT('',(-1.1046E+03,3.2118E+03,1.395E+03));
#9360 = SURFACE_CURVE('',#9361,(#9365,#9377),.PCURVE_S1.);
#9361 = LINE('',#9362,#9363);
#9362 = CARTESIAN_POINT('',(-1.1046E+03,3.2118E+03,2.4905E+03));
#9363 = VECTOR('',#9364,1.);
#9364 = DIRECTION('',(0.,0.,-1.));
#9365 = PCURVE('',#9366,#9371);
#9366 = PLANE('',#9367);
#9367 = AXIS2_PLACEMENT_3D('',#9368,#9369,#9370);
#9368 = CARTESIAN_POINT('',(-1.1046E+03,3.2118E+03,1.395E+03));
#9369 = DIRECTION('',(1.110223024625E-16,1.,0.));
#9370 = DIRECTION('',(-1.,1.110223024625E-16,0.));
#9371 = DEFINITIONAL_REPRESENTATION('',(#9372),#9376);
#9372 = LINE('',#9373,#9374);
#9373 = CARTESIAN_POINT('',(0.,1.0955E+03));
#9374 = VECTOR('',#9375,1.);
#9375 = DIRECTION('',(0.,-1.));
#9376 = ( GEOMETRIC_REPRESENTATION_CONTEXT(2) 
PARAMETRIC_REPRESENTATION_CONTEXT() REPRESENTATION_CONTEXT('2D SPACE',''
  ) );
#9377 = PCURVE('',#9258,#9378);
#9378 = DEFINITIONAL_REPRESENTATION('',(#9379),#9383);
#9379 = LINE('',#9380,#9381);
#9380 = CARTESIAN_POINT('',(1.0955E+03,18.));
#9381 = VECTOR('',#9382,1.);
#9382 = DIRECTION('',(1.,0.));
#9383 = ( GEOMETRIC_REPRESENTATION_CONTEXT(2) 
PARAMETRIC_REPRESENTATION_CONTEXT() REPRESENTATION_CONTEXT('2D SPACE',''
  ) );
#9384 = ORIENTED_EDGE('',*,*,#9385,.T.);
#9385 = EDGE_CURVE('',#9358,#9386,#9388,.T.);
#9386 = VERTEX_POINT('',#9387);
#9387 = CARTESIAN_POINT('',(-1.4116E+03,3.2118E+03,1.395E+03));
#9388 = SURFACE_CURVE('',#9389,(#9393,#9400),.PCURVE_S1.);
#9389 = LINE('',#9390,#9391);
#9390 = CARTESIAN_POINT('',(-1.2581E+03,3.2118E+03,1.395E+03));
#9391 = VECTOR('',#9392,1.);
#9392 = DIRECTION('',(-1.,1.110223024625E-16,0.));
#9393 = PCURVE('',#9366,#9394);
#9394 = DEFINITIONAL_REPRESENTATION('',(#9395),#9399);
#9395 = LINE('',#9396,#9397);
#9396 = CARTESIAN_POINT('',(153.5,-2.273736754432E-13));
#9397 = VECTOR('',#9398,1.);
#9398 = DIRECTION('',(1.,0.));
#9399 = ( GEOMETRIC_REPRESENTATION_CONTEXT(2) 
PARAMETRIC_REPRESENTATION_CONTEXT() REPRESENTATION_CONTEXT('2D SPACE',''
  ) );
#9400 = PCURVE('',#9340,#9401);
#9401 = DEFINITIONAL_REPRESENTATION('',(#9402),#9406);
#9402 = LINE('',#9403,#9404);
#9403 = CARTESIAN_POINT('',(153.5,18.));
#9404 = VECTOR('',#9405,1.);
#9405 = DIRECTION('',(1.,0.));
#9406 = ( GEOMETRIC_REPRESENTATION_CONTEXT(2) 
PARAMETRIC_REPRESENTATION_CONTEXT() REPRESENTATION_CONTEXT('2D SPACE',''
  ) );
#9407 = ORIENTED_EDGE('',*,*,#9408,.T.);
#9408 = EDGE_CURVE('',#9386,#9409,#9411,.T.);
#9409 = VERTEX_POINT('',#9410);
#9410 = CARTESIAN_POINT('',(-1.4116E+03,3.2118E+03,3.586E+03));
#9411 = SURFACE_CURVE('',#9412,(#9416,#9423),.PCURVE_S1.);
#9412 = LINE('',#9413,#9414);
#9413 = CARTESIAN_POINT('',(-1.4116E+03,3.2118E+03,2.4905E+03));
#9414 = VECTOR('',#9415,1.);
#9415 = DIRECTION('',(0.,0.,1.));
#9416 = PCURVE('',#9366,#9417);
#9417 = DEFINITIONAL_REPRESENTATION('',(#9418),#9422);
#9418 = LINE('',#9419,#9420);
#9419 = CARTESIAN_POINT('',(307.,1.0955E+03));
#9420 = VECTOR('',#9421,1.);
#9421 = DIRECTION('',(0.,1.));
#9422 = ( GEOMETRIC_REPRESENTATION_CONTEXT(2) 
PARAMETRIC_REPRESENTATION_CONTEXT() REPRESENTATION_CONTEXT('2D SPACE',''
  ) );
#9423 = PCURVE('',#9314,#9424);
#9424 = DEFINITIONAL_REPRESENTATION('',(#9425),#9429);
#9425 = LINE('',#9426,#9427);
#9426 = CARTESIAN_POINT('',(1.0955E+03,18.));
#9427 = VECTOR('',#9428,1.);
#9428 = DIRECTION('',(1.,0.));
#9429 = ( GEOMETRIC_REPRESENTATION_CONTEXT(2) 
PARAMETRIC_REPRESENTATION_CONTEXT() REPRESENTATION_CONTEXT('2D SPACE',''
  ) );
#9430 = ORIENTED_EDGE('',*,*,#9431,.T.);
#9431 = EDGE_CURVE('',#9409,#9356,#9432,.T.);
#9432 = SURFACE_CURVE('',#9433,(#9437,#9444),.PCURVE_S1.);
#9433 = LINE('',#9434,#9435);
#9434 = CARTESIAN_POINT('',(-1.2581E+03,3.2118E+03,3.586E+03));
#9435 = VECTOR('',#9436,1.);
#9436 = DIRECTION('',(1.,-1.110223024625E-16,0.));
#9437 = PCURVE('',#9366,#9438);
#9438 = DEFINITIONAL_REPRESENTATION('',(#9439),#9443);
#9439 = LINE('',#9440,#9441);
#9440 = CARTESIAN_POINT('',(153.5,2.191E+03));
#9441 = VECTOR('',#9442,1.);
#9442 = DIRECTION('',(-1.,0.));
#9443 = ( GEOMETRIC_REPRESENTATION_CONTEXT(2) 
PARAMETRIC_REPRESENTATION_CONTEXT() REPRESENTATION_CONTEXT('2D SPACE',''
  ) );
#9444 = PCURVE('',#9286,#9445);
#9445 = DEFINITIONAL_REPRESENTATION('',(#9446),#9450);
#9446 = LINE('',#9447,#9448);
#9447 = CARTESIAN_POINT('',(153.5,18.));
#9448 = VECTOR('',#9449,1.);
#9449 = DIRECTION('',(1.,0.));
#9450 = ( GEOMETRIC_REPRESENTATION_CONTEXT(2) 
PARAMETRIC_REPRESENTATION_CONTEXT() REPRESENTATION_CONTEXT('2D SPACE',''
  ) );
#9451 = ADVANCED_FACE('',(#9452),#9258,.T.);
#9452 = FACE_BOUND('',#9453,.T.);
#9453 = EDGE_LOOP('',(#9454,#9475,#9476,#9497));
#9454 = ORIENTED_EDGE('',*,*,#9455,.F.);
#9455 = EDGE_CURVE('',#9236,#9356,#9456,.T.);
#9456 = SURFACE_CURVE('',#9457,(#9461,#9468),.PCURVE_S1.);
#9457 = LINE('',#9458,#9459);
#9458 = CARTESIAN_POINT('',(-1.1046E+03,3.2028E+03,3.586E+03));
#9459 = VECTOR('',#9460,1.);
#9460 = DIRECTION('',(1.110223024625E-16,1.,0.));
#9461 = PCURVE('',#9258,#9462);
#9462 = DEFINITIONAL_REPRESENTATION('',(#9463),#9467);
#9463 = LINE('',#9464,#9465);
#9464 = CARTESIAN_POINT('',(0.,9.));
#9465 = VECTOR('',#9466,1.);
#9466 = DIRECTION('',(0.,1.));
#9467 = ( GEOMETRIC_REPRESENTATION_CONTEXT(2) 
PARAMETRIC_REPRESENTATION_CONTEXT() REPRESENTATION_CONTEXT('2D SPACE',''
  ) );
#9468 = PCURVE('',#9286,#9469);
#9469 = DEFINITIONAL_REPRESENTATION('',(#9470),#9474);
#9470 = LINE('',#9471,#9472);
#9471 = CARTESIAN_POINT('',(307.,9.));
#9472 = VECTOR('',#9473,1.);
#9473 = DIRECTION('',(0.,1.));
#9474 = ( GEOMETRIC_REPRESENTATION_CONTEXT(2) 
PARAMETRIC_REPRESENTATION_CONTEXT() REPRESENTATION_CONTEXT('2D SPACE',''
  ) );
#9475 = ORIENTED_EDGE('',*,*,#9235,.T.);
#9476 = ORIENTED_EDGE('',*,*,#9477,.T.);
#9477 = EDGE_CURVE('',#9238,#9358,#9478,.T.);
#9478 = SURFACE_CURVE('',#9479,(#9483,#9490),.PCURVE_S1.);
#9479 = LINE('',#9480,#9481);
#9480 = CARTESIAN_POINT('',(-1.1046E+03,3.2028E+03,1.395E+03));
#9481 = VECTOR('',#9482,1.);
#9482 = DIRECTION('',(1.110223024625E-16,1.,0.));
#9483 = PCURVE('',#9258,#9484);
#9484 = DEFINITIONAL_REPRESENTATION('',(#9485),#9489);
#9485 = LINE('',#9486,#9487);
#9486 = CARTESIAN_POINT('',(2.191E+03,9.));
#9487 = VECTOR('',#9488,1.);
#9488 = DIRECTION('',(0.,1.));
#9489 = ( GEOMETRIC_REPRESENTATION_CONTEXT(2) 
PARAMETRIC_REPRESENTATION_CONTEXT() REPRESENTATION_CONTEXT('2D SPACE',''
  ) );
#9490 = PCURVE('',#9340,#9491);
#9491 = DEFINITIONAL_REPRESENTATION('',(#9492),#9496);
#9492 = LINE('',#9493,#9494);
#9493 = CARTESIAN_POINT('',(9.992007221626E-16,9.));
#9494 = VECTOR('',#9495,1.);
#9495 = DIRECTION('',(0.,1.));
#9496 = ( GEOMETRIC_REPRESENTATION_CONTEXT(2) 
PARAMETRIC_REPRESENTATION_CONTEXT() REPRESENTATION_CONTEXT('2D SPACE',''
  ) );
#9497 = ORIENTED_EDGE('',*,*,#9355,.F.);
#9498 = ADVANCED_FACE('',(#9499),#9286,.T.);
#9499 = FACE_BOUND('',#9500,.T.);
#9500 = EDGE_LOOP('',(#9501,#9522,#9523,#9524));
#9501 = ORIENTED_EDGE('',*,*,#9502,.F.);
#9502 = EDGE_CURVE('',#9271,#9409,#9503,.T.);
#9503 = SURFACE_CURVE('',#9504,(#9508,#9515),.PCURVE_S1.);
#9504 = LINE('',#9505,#9506);
#9505 = CARTESIAN_POINT('',(-1.4116E+03,3.2028E+03,3.586E+03));
#9506 = VECTOR('',#9507,1.);
#9507 = DIRECTION('',(1.110223024625E-16,1.,0.));
#9508 = PCURVE('',#9286,#9509);
#9509 = DEFINITIONAL_REPRESENTATION('',(#9510),#9514);
#9510 = LINE('',#9511,#9512);
#9511 = CARTESIAN_POINT('',(-9.992007221626E-16,9.));
#9512 = VECTOR('',#9513,1.);
#9513 = DIRECTION('',(0.,1.));
#9514 = ( GEOMETRIC_REPRESENTATION_CONTEXT(2) 
PARAMETRIC_REPRESENTATION_CONTEXT() REPRESENTATION_CONTEXT('2D SPACE',''
  ) );
#9515 = PCURVE('',#9314,#9516);
#9516 = DEFINITIONAL_REPRESENTATION('',(#9517),#9521);
#9517 = LINE('',#9518,#9519);
#9518 = CARTESIAN_POINT('',(2.191E+03,9.));
#9519 = VECTOR('',#9520,1.);
#9520 = DIRECTION('',(0.,1.));
#9521 = ( GEOMETRIC_REPRESENTATION_CONTEXT(2) 
PARAMETRIC_REPRESENTATION_CONTEXT() REPRESENTATION_CONTEXT('2D SPACE',''
  ) );
#9522 = ORIENTED_EDGE('',*,*,#9270,.T.);
#9523 = ORIENTED_EDGE('',*,*,#9455,.T.);
#9524 = ORIENTED_EDGE('',*,*,#9431,.F.);
#9525 = ADVANCED_FACE('',(#9526),#9314,.T.);
#9526 = FACE_BOUND('',#9527,.T.);
#9527 = EDGE_LOOP('',(#9528,#9549,#9550,#9551));
#9528 = ORIENTED_EDGE('',*,*,#9529,.F.);
#9529 = EDGE_CURVE('',#9299,#9386,#9530,.T.);
#9530 = SURFACE_CURVE('',#9531,(#9535,#9542),.PCURVE_S1.);
#9531 = LINE('',#9532,#9533);
#9532 = CARTESIAN_POINT('',(-1.4116E+03,3.2028E+03,1.395E+03));
#9533 = VECTOR('',#9534,1.);
#9534 = DIRECTION('',(1.110223024625E-16,1.,0.));
#9535 = PCURVE('',#9314,#9536);
#9536 = DEFINITIONAL_REPRESENTATION('',(#9537),#9541);
#9537 = LINE('',#9538,#9539);
#9538 = CARTESIAN_POINT('',(0.,9.));
#9539 = VECTOR('',#9540,1.);
#9540 = DIRECTION('',(0.,1.));
#9541 = ( GEOMETRIC_REPRESENTATION_CONTEXT(2) 
PARAMETRIC_REPRESENTATION_CONTEXT() REPRESENTATION_CONTEXT('2D SPACE',''
  ) );
#9542 = PCURVE('',#9340,#9543);
#9543 = DEFINITIONAL_REPRESENTATION('',(#9544),#9548);
#9544 = LINE('',#9545,#9546);
#9545 = CARTESIAN_POINT('',(307.,9.));
#9546 = VECTOR('',#9547,1.);
#9547 = DIRECTION('',(0.,1.));
#9548 = ( GEOMETRIC_REPRESENTATION_CONTEXT(2) 
PARAMETRIC_REPRESENTATION_CONTEXT() REPRESENTATION_CONTEXT('2D SPACE',''
  ) );
#9549 = ORIENTED_EDGE('',*,*,#9298,.T.);
#9550 = ORIENTED_EDGE('',*,*,#9502,.T.);
#9551 = ORIENTED_EDGE('',*,*,#9408,.F.);
#9552 = ADVANCED_FACE('',(#9553),#9340,.T.);
#9553 = FACE_BOUND('',#9554,.T.);
#9554 = EDGE_LOOP('',(#9555,#9556,#9557,#9558));
#9555 = ORIENTED_EDGE('',*,*,#9477,.F.);
#9556 = ORIENTED_EDGE('',*,*,#9326,.T.);
#9557 = ORIENTED_EDGE('',*,*,#9529,.T.);
#9558 = ORIENTED_EDGE('',*,*,#9385,.F.);
#9559 = ( GEOMETRIC_REPRESENTATION_CONTEXT(3) 
GLOBAL_UNCERTAINTY_ASSIGNED_CONTEXT((#9563)) 
GLOBAL_UNIT_ASSIGNED_CONTEXT((#9560,#9561,#9562)) REPRESENTATION_CONTEXT
('Context #1','3D Context with UNIT and UNCERTAINTY') );
#9560 = ( LENGTH_UNIT() NAMED_UNIT(*) SI_UNIT(.MILLI.,.METRE.) );
#9561 = ( NAMED_UNIT(*) PLANE_ANGLE_UNIT() SI_UNIT($,.RADIAN.) );
#9562 = ( NAMED_UNIT(*) SI_UNIT($,.STERADIAN.) SOLID_ANGLE_UNIT() );
#9563 = UNCERTAINTY_MEASURE_WITH_UNIT(LENGTH_MEASURE(1.E-07),#9560,
  'distance_accuracy_value','confusion accuracy');
#9564 = CONTEXT_DEPENDENT_SHAPE_REPRESENTATION(#9565,#9567);
#9565 = ( REPRESENTATION_RELATIONSHIP('','',#9228,#10) 
REPRESENTATION_RELATIONSHIP_WITH_TRANSFORMATION(#9566) 
SHAPE_REPRESENTATION_RELATIONSHIP() );
#9566 = ITEM_DEFINED_TRANSFORMATION('','',#11,#111);
#9567 = PRODUCT_DEFINITION_SHAPE('Placement','Placement of an item',
  #9568);
#9568 = NEXT_ASSEMBLY_USAGE_OCCURRENCE('276','','',#5,#9223,$);
#9569 = PRODUCT_RELATED_PRODUCT_CATEGORY('part',$,(#9225));
#9570 = SHAPE_DEFINITION_REPRESENTATION(#9571,#9577);
#9571 = PRODUCT_DEFINITION_SHAPE('','',#9572);
#9572 = PRODUCT_DEFINITION('design','',#9573,#9576);
#9573 = PRODUCT_DEFINITION_FORMATION('','',#9574);
#9574 = PRODUCT('Open CASCADE STEP translator 7.9 4.26',
  'Open CASCADE STEP translator 7.9 4.26','',(#9575));
#9575 = PRODUCT_CONTEXT('',#2,'mechanical');
#9576 = PRODUCT_DEFINITION_CONTEXT('part definition',#2,'design');
#9577 = ADVANCED_BREP_SHAPE_REPRESENTATION('',(#11,#9578),#9908);
#9578 = MANIFOLD_SOLID_BREP('',#9579);
#9579 = CLOSED_SHELL('',(#9580,#9700,#9776,#9825,#9874,#9901));
#9580 = ADVANCED_FACE('',(#9581),#9595,.T.);
#9581 = FACE_BOUND('',#9582,.T.);
#9582 = EDGE_LOOP('',(#9583,#9618,#9646,#9674));
#9583 = ORIENTED_EDGE('',*,*,#9584,.T.);
#9584 = EDGE_CURVE('',#9585,#9587,#9589,.T.);
#9585 = VERTEX_POINT('',#9586);
#9586 = CARTESIAN_POINT('',(-1.1046E+03,3.5798E+03,1.395E+03));
#9587 = VERTEX_POINT('',#9588);
#9588 = CARTESIAN_POINT('',(-1.4116E+03,3.5798E+03,1.395E+03));
#9589 = SURFACE_CURVE('',#9590,(#9594,#9606),.PCURVE_S1.);
#9590 = LINE('',#9591,#9592);
#9591 = CARTESIAN_POINT('',(-1.2581E+03,3.5798E+03,1.395E+03));
#9592 = VECTOR('',#9593,1.);
#9593 = DIRECTION('',(-1.,1.110223024625E-16,0.));
#9594 = PCURVE('',#9595,#9600);
#9595 = PLANE('',#9596);
#9596 = AXIS2_PLACEMENT_3D('',#9597,#9598,#9599);
#9597 = CARTESIAN_POINT('',(-1.1046E+03,3.5798E+03,1.395E+03));
#9598 = DIRECTION('',(1.110223024625E-16,1.,0.));
#9599 = DIRECTION('',(-1.,1.110223024625E-16,0.));
#9600 = DEFINITIONAL_REPRESENTATION('',(#9601),#9605);
#9601 = LINE('',#9602,#9603);
#9602 = CARTESIAN_POINT('',(153.5,-2.273736754432E-13));
#9603 = VECTOR('',#9604,1.);
#9604 = DIRECTION('',(1.,0.));
#9605 = ( GEOMETRIC_REPRESENTATION_CONTEXT(2) 
PARAMETRIC_REPRESENTATION_CONTEXT() REPRESENTATION_CONTEXT('2D SPACE',''
  ) );
#9606 = PCURVE('',#9607,#9612);
#9607 = PLANE('',#9608);
#9608 = AXIS2_PLACEMENT_3D('',#9609,#9610,#9611);
#9609 = CARTESIAN_POINT('',(-1.1046E+03,3.5798E+03,1.395E+03));
#9610 = DIRECTION('',(0.,0.,1.));
#9611 = DIRECTION('',(-1.,1.110223024625E-16,0.));
#9612 = DEFINITIONAL_REPRESENTATION('',(#9613),#9617);
#9613 = LINE('',#9614,#9615);
#9614 = CARTESIAN_POINT('',(153.5,1.7041923428E-14));
#9615 = VECTOR('',#9616,1.);
#9616 = DIRECTION('',(1.,0.));
#9617 = ( GEOMETRIC_REPRESENTATION_CONTEXT(2) 
PARAMETRIC_REPRESENTATION_CONTEXT() REPRESENTATION_CONTEXT('2D SPACE',''
  ) );
#9618 = ORIENTED_EDGE('',*,*,#9619,.T.);
#9619 = EDGE_CURVE('',#9587,#9620,#9622,.T.);
#9620 = VERTEX_POINT('',#9621);
#9621 = CARTESIAN_POINT('',(-1.4116E+03,3.5798E+03,3.586E+03));
#9622 = SURFACE_CURVE('',#9623,(#9627,#9634),.PCURVE_S1.);
#9623 = LINE('',#9624,#9625);
#9624 = CARTESIAN_POINT('',(-1.4116E+03,3.5798E+03,2.4905E+03));
#9625 = VECTOR('',#9626,1.);
#9626 = DIRECTION('',(0.,0.,1.));
#9627 = PCURVE('',#9595,#9628);
#9628 = DEFINITIONAL_REPRESENTATION('',(#9629),#9633);
#9629 = LINE('',#9630,#9631);
#9630 = CARTESIAN_POINT('',(307.,1.0955E+03));
#9631 = VECTOR('',#9632,1.);
#9632 = DIRECTION('',(0.,1.));
#9633 = ( GEOMETRIC_REPRESENTATION_CONTEXT(2) 
PARAMETRIC_REPRESENTATION_CONTEXT() REPRESENTATION_CONTEXT('2D SPACE',''
  ) );
#9634 = PCURVE('',#9635,#9640);
#9635 = PLANE('',#9636);
#9636 = AXIS2_PLACEMENT_3D('',#9637,#9638,#9639);
#9637 = CARTESIAN_POINT('',(-1.4116E+03,3.5798E+03,1.395E+03));
#9638 = DIRECTION('',(1.,-1.110223024625E-16,0.));
#9639 = DIRECTION('',(0.,0.,1.));
#9640 = DEFINITIONAL_REPRESENTATION('',(#9641),#9645);
#9641 = LINE('',#9642,#9643);
#9642 = CARTESIAN_POINT('',(1.0955E+03,0.));
#9643 = VECTOR('',#9644,1.);
#9644 = DIRECTION('',(1.,0.));
#9645 = ( GEOMETRIC_REPRESENTATION_CONTEXT(2) 
PARAMETRIC_REPRESENTATION_CONTEXT() REPRESENTATION_CONTEXT('2D SPACE',''
  ) );
#9646 = ORIENTED_EDGE('',*,*,#9647,.T.);
#9647 = EDGE_CURVE('',#9620,#9648,#9650,.T.);
#9648 = VERTEX_POINT('',#9649);
#9649 = CARTESIAN_POINT('',(-1.1046E+03,3.5798E+03,3.586E+03));
#9650 = SURFACE_CURVE('',#9651,(#9655,#9662),.PCURVE_S1.);
#9651 = LINE('',#9652,#9653);
#9652 = CARTESIAN_POINT('',(-1.2581E+03,3.5798E+03,3.586E+03));
#9653 = VECTOR('',#9654,1.);
#9654 = DIRECTION('',(1.,-1.110223024625E-16,0.));
#9655 = PCURVE('',#9595,#9656);
#9656 = DEFINITIONAL_REPRESENTATION('',(#9657),#9661);
#9657 = LINE('',#9658,#9659);
#9658 = CARTESIAN_POINT('',(153.5,2.191E+03));
#9659 = VECTOR('',#9660,1.);
#9660 = DIRECTION('',(-1.,0.));
#9661 = ( GEOMETRIC_REPRESENTATION_CONTEXT(2) 
PARAMETRIC_REPRESENTATION_CONTEXT() REPRESENTATION_CONTEXT('2D SPACE',''
  ) );
#9662 = PCURVE('',#9663,#9668);
#9663 = PLANE('',#9664);
#9664 = AXIS2_PLACEMENT_3D('',#9665,#9666,#9667);
#9665 = CARTESIAN_POINT('',(-1.4116E+03,3.5798E+03,3.586E+03));
#9666 = DIRECTION('',(0.,0.,-1.));
#9667 = DIRECTION('',(1.,-1.110223024625E-16,0.));
#9668 = DEFINITIONAL_REPRESENTATION('',(#9669),#9673);
#9669 = LINE('',#9670,#9671);
#9670 = CARTESIAN_POINT('',(153.5,-1.7041923428E-14));
#9671 = VECTOR('',#9672,1.);
#9672 = DIRECTION('',(1.,0.));
#9673 = ( GEOMETRIC_REPRESENTATION_CONTEXT(2) 
PARAMETRIC_REPRESENTATION_CONTEXT() REPRESENTATION_CONTEXT('2D SPACE',''
  ) );
#9674 = ORIENTED_EDGE('',*,*,#9675,.T.);
#9675 = EDGE_CURVE('',#9648,#9585,#9676,.T.);
#9676 = SURFACE_CURVE('',#9677,(#9681,#9688),.PCURVE_S1.);
#9677 = LINE('',#9678,#9679);
#9678 = CARTESIAN_POINT('',(-1.1046E+03,3.5798E+03,2.4905E+03));
#9679 = VECTOR('',#9680,1.);
#9680 = DIRECTION('',(0.,0.,-1.));
#9681 = PCURVE('',#9595,#9682);
#9682 = DEFINITIONAL_REPRESENTATION('',(#9683),#9687);
#9683 = LINE('',#9684,#9685);
#9684 = CARTESIAN_POINT('',(0.,1.0955E+03));
#9685 = VECTOR('',#9686,1.);
#9686 = DIRECTION('',(0.,-1.));
#9687 = ( GEOMETRIC_REPRESENTATION_CONTEXT(2) 
PARAMETRIC_REPRESENTATION_CONTEXT() REPRESENTATION_CONTEXT('2D SPACE',''
  ) );
#9688 = PCURVE('',#9689,#9694);
#9689 = PLANE('',#9690);
#9690 = AXIS2_PLACEMENT_3D('',#9691,#9692,#9693);
#9691 = CARTESIAN_POINT('',(-1.1046E+03,3.5798E+03,3.586E+03));
#9692 = DIRECTION('',(-1.,1.110223024625E-16,0.));
#9693 = DIRECTION('',(0.,0.,-1.));
#9694 = DEFINITIONAL_REPRESENTATION('',(#9695),#9699);
#9695 = LINE('',#9696,#9697);
#9696 = CARTESIAN_POINT('',(1.0955E+03,-0.));
#9697 = VECTOR('',#9698,1.);
#9698 = DIRECTION('',(1.,-0.));
#9699 = ( GEOMETRIC_REPRESENTATION_CONTEXT(2) 
PARAMETRIC_REPRESENTATION_CONTEXT() REPRESENTATION_CONTEXT('2D SPACE',''
  ) );
#9700 = ADVANCED_FACE('',(#9701),#9607,.F.);
#9701 = FACE_BOUND('',#9702,.T.);
#9702 = EDGE_LOOP('',(#9703,#9733,#9754,#9755));
#9703 = ORIENTED_EDGE('',*,*,#9704,.T.);
#9704 = EDGE_CURVE('',#9705,#9707,#9709,.T.);
#9705 = VERTEX_POINT('',#9706);
#9706 = CARTESIAN_POINT('',(-1.1046E+03,3.5618E+03,1.395E+03));
#9707 = VERTEX_POINT('',#9708);
#9708 = CARTESIAN_POINT('',(-1.4116E+03,3.5618E+03,1.395E+03));
#9709 = SURFACE_CURVE('',#9710,(#9714,#9721),.PCURVE_S1.);
#9710 = LINE('',#9711,#9712);
#9711 = CARTESIAN_POINT('',(-1.2581E+03,3.5618E+03,1.395E+03));
#9712 = VECTOR('',#9713,1.);
#9713 = DIRECTION('',(-1.,1.110223024625E-16,0.));
#9714 = PCURVE('',#9607,#9715);
#9715 = DEFINITIONAL_REPRESENTATION('',(#9716),#9720);
#9716 = LINE('',#9717,#9718);
#9717 = CARTESIAN_POINT('',(153.5,18.));
#9718 = VECTOR('',#9719,1.);
#9719 = DIRECTION('',(1.,0.));
#9720 = ( GEOMETRIC_REPRESENTATION_CONTEXT(2) 
PARAMETRIC_REPRESENTATION_CONTEXT() REPRESENTATION_CONTEXT('2D SPACE',''
  ) );
#9721 = PCURVE('',#9722,#9727);
#9722 = PLANE('',#9723);
#9723 = AXIS2_PLACEMENT_3D('',#9724,#9725,#9726);
#9724 = CARTESIAN_POINT('',(-1.1046E+03,3.5618E+03,1.395E+03));
#9725 = DIRECTION('',(1.110223024625E-16,1.,0.));
#9726 = DIRECTION('',(-1.,1.110223024625E-16,0.));
#9727 = DEFINITIONAL_REPRESENTATION('',(#9728),#9732);
#9728 = LINE('',#9729,#9730);
#9729 = CARTESIAN_POINT('',(153.5,-2.273736754432E-13));
#9730 = VECTOR('',#9731,1.);
#9731 = DIRECTION('',(1.,0.));
#9732 = ( GEOMETRIC_REPRESENTATION_CONTEXT(2) 
PARAMETRIC_REPRESENTATION_CONTEXT() REPRESENTATION_CONTEXT('2D SPACE',''
  ) );
#9733 = ORIENTED_EDGE('',*,*,#9734,.F.);
#9734 = EDGE_CURVE('',#9587,#9707,#9735,.T.);
#9735 = SURFACE_CURVE('',#9736,(#9740,#9747),.PCURVE_S1.);
#9736 = LINE('',#9737,#9738);
#9737 = CARTESIAN_POINT('',(-1.4116E+03,3.5708E+03,1.395E+03));
#9738 = VECTOR('',#9739,1.);
#9739 = DIRECTION('',(-1.110223024625E-16,-1.,0.));
#9740 = PCURVE('',#9607,#9741);
#9741 = DEFINITIONAL_REPRESENTATION('',(#9742),#9746);
#9742 = LINE('',#9743,#9744);
#9743 = CARTESIAN_POINT('',(307.,9.));
#9744 = VECTOR('',#9745,1.);
#9745 = DIRECTION('',(0.,1.));
#9746 = ( GEOMETRIC_REPRESENTATION_CONTEXT(2) 
PARAMETRIC_REPRESENTATION_CONTEXT() REPRESENTATION_CONTEXT('2D SPACE',''
  ) );
#9747 = PCURVE('',#9635,#9748);
#9748 = DEFINITIONAL_REPRESENTATION('',(#9749),#9753);
#9749 = LINE('',#9750,#9751);
#9750 = CARTESIAN_POINT('',(0.,9.));
#9751 = VECTOR('',#9752,1.);
#9752 = DIRECTION('',(0.,1.));
#9753 = ( GEOMETRIC_REPRESENTATION_CONTEXT(2) 
PARAMETRIC_REPRESENTATION_CONTEXT() REPRESENTATION_CONTEXT('2D SPACE',''
  ) );
#9754 = ORIENTED_EDGE('',*,*,#9584,.F.);
#9755 = ORIENTED_EDGE('',*,*,#9756,.T.);
#9756 = EDGE_CURVE('',#9585,#9705,#9757,.T.);
#9757 = SURFACE_CURVE('',#9758,(#9762,#9769),.PCURVE_S1.);
#9758 = LINE('',#9759,#9760);
#9759 = CARTESIAN_POINT('',(-1.1046E+03,3.5708E+03,1.395E+03));
#9760 = VECTOR('',#9761,1.);
#9761 = DIRECTION('',(-1.110223024625E-16,-1.,0.));
#9762 = PCURVE('',#9607,#9763);
#9763 = DEFINITIONAL_REPRESENTATION('',(#9764),#9768);
#9764 = LINE('',#9765,#9766);
#9765 = CARTESIAN_POINT('',(-9.992007221626E-16,9.));
#9766 = VECTOR('',#9767,1.);
#9767 = DIRECTION('',(0.,1.));
#9768 = ( GEOMETRIC_REPRESENTATION_CONTEXT(2) 
PARAMETRIC_REPRESENTATION_CONTEXT() REPRESENTATION_CONTEXT('2D SPACE',''
  ) );
#9769 = PCURVE('',#9689,#9770);
#9770 = DEFINITIONAL_REPRESENTATION('',(#9771),#9775);
#9771 = LINE('',#9772,#9773);
#9772 = CARTESIAN_POINT('',(2.191E+03,9.));
#9773 = VECTOR('',#9774,1.);
#9774 = DIRECTION('',(-0.,1.));
#9775 = ( GEOMETRIC_REPRESENTATION_CONTEXT(2) 
PARAMETRIC_REPRESENTATION_CONTEXT() REPRESENTATION_CONTEXT('2D SPACE',''
  ) );
#9776 = ADVANCED_FACE('',(#9777),#9635,.F.);
#9777 = FACE_BOUND('',#9778,.T.);
#9778 = EDGE_LOOP('',(#9779,#9802,#9823,#9824));
#9779 = ORIENTED_EDGE('',*,*,#9780,.T.);
#9780 = EDGE_CURVE('',#9707,#9781,#9783,.T.);
#9781 = VERTEX_POINT('',#9782);
#9782 = CARTESIAN_POINT('',(-1.4116E+03,3.5618E+03,3.586E+03));
#9783 = SURFACE_CURVE('',#9784,(#9788,#9795),.PCURVE_S1.);
#9784 = LINE('',#9785,#9786);
#9785 = CARTESIAN_POINT('',(-1.4116E+03,3.5618E+03,2.4905E+03));
#9786 = VECTOR('',#9787,1.);
#9787 = DIRECTION('',(0.,0.,1.));
#9788 = PCURVE('',#9635,#9789);
#9789 = DEFINITIONAL_REPRESENTATION('',(#9790),#9794);
#9790 = LINE('',#9791,#9792);
#9791 = CARTESIAN_POINT('',(1.0955E+03,18.));
#9792 = VECTOR('',#9793,1.);
#9793 = DIRECTION('',(1.,0.));
#9794 = ( GEOMETRIC_REPRESENTATION_CONTEXT(2) 
PARAMETRIC_REPRESENTATION_CONTEXT() REPRESENTATION_CONTEXT('2D SPACE',''
  ) );
#9795 = PCURVE('',#9722,#9796);
#9796 = DEFINITIONAL_REPRESENTATION('',(#9797),#9801);
#9797 = LINE('',#9798,#9799);
#9798 = CARTESIAN_POINT('',(307.,1.0955E+03));
#9799 = VECTOR('',#9800,1.);
#9800 = DIRECTION('',(0.,1.));
#9801 = ( GEOMETRIC_REPRESENTATION_CONTEXT(2) 
PARAMETRIC_REPRESENTATION_CONTEXT() REPRESENTATION_CONTEXT('2D SPACE',''
  ) );
#9802 = ORIENTED_EDGE('',*,*,#9803,.F.);
#9803 = EDGE_CURVE('',#9620,#9781,#9804,.T.);
#9804 = SURFACE_CURVE('',#9805,(#9809,#9816),.PCURVE_S1.);
#9805 = LINE('',#9806,#9807);
#9806 = CARTESIAN_POINT('',(-1.4116E+03,3.5708E+03,3.586E+03));
#9807 = VECTOR('',#9808,1.);
#9808 = DIRECTION('',(-1.110223024625E-16,-1.,0.));
#9809 = PCURVE('',#9635,#9810);
#9810 = DEFINITIONAL_REPRESENTATION('',(#9811),#9815);
#9811 = LINE('',#9812,#9813);
#9812 = CARTESIAN_POINT('',(2.191E+03,9.));
#9813 = VECTOR('',#9814,1.);
#9814 = DIRECTION('',(0.,1.));
#9815 = ( GEOMETRIC_REPRESENTATION_CONTEXT(2) 
PARAMETRIC_REPRESENTATION_CONTEXT() REPRESENTATION_CONTEXT('2D SPACE',''
  ) );
#9816 = PCURVE('',#9663,#9817);
#9817 = DEFINITIONAL_REPRESENTATION('',(#9818),#9822);
#9818 = LINE('',#9819,#9820);
#9819 = CARTESIAN_POINT('',(9.992007221626E-16,9.));
#9820 = VECTOR('',#9821,1.);
#9821 = DIRECTION('',(0.,1.));
#9822 = ( GEOMETRIC_REPRESENTATION_CONTEXT(2) 
PARAMETRIC_REPRESENTATION_CONTEXT() REPRESENTATION_CONTEXT('2D SPACE',''
  ) );
#9823 = ORIENTED_EDGE('',*,*,#9619,.F.);
#9824 = ORIENTED_EDGE('',*,*,#9734,.T.);
#9825 = ADVANCED_FACE('',(#9826),#9663,.F.);
#9826 = FACE_BOUND('',#9827,.T.);
#9827 = EDGE_LOOP('',(#9828,#9851,#9872,#9873));
#9828 = ORIENTED_EDGE('',*,*,#9829,.T.);
#9829 = EDGE_CURVE('',#9781,#9830,#9832,.T.);
#9830 = VERTEX_POINT('',#9831);
#9831 = CARTESIAN_POINT('',(-1.1046E+03,3.5618E+03,3.586E+03));
#9832 = SURFACE_CURVE('',#9833,(#9837,#9844),.PCURVE_S1.);
#9833 = LINE('',#9834,#9835);
#9834 = CARTESIAN_POINT('',(-1.2581E+03,3.5618E+03,3.586E+03));
#9835 = VECTOR('',#9836,1.);
#9836 = DIRECTION('',(1.,-1.110223024625E-16,0.));
#9837 = PCURVE('',#9663,#9838);
#9838 = DEFINITIONAL_REPRESENTATION('',(#9839),#9843);
#9839 = LINE('',#9840,#9841);
#9840 = CARTESIAN_POINT('',(153.5,18.));
#9841 = VECTOR('',#9842,1.);
#9842 = DIRECTION('',(1.,0.));
#9843 = ( GEOMETRIC_REPRESENTATION_CONTEXT(2) 
PARAMETRIC_REPRESENTATION_CONTEXT() REPRESENTATION_CONTEXT('2D SPACE',''
  ) );
#9844 = PCURVE('',#9722,#9845);
#9845 = DEFINITIONAL_REPRESENTATION('',(#9846),#9850);
#9846 = LINE('',#9847,#9848);
#9847 = CARTESIAN_POINT('',(153.5,2.191E+03));
#9848 = VECTOR('',#9849,1.);
#9849 = DIRECTION('',(-1.,0.));
#9850 = ( GEOMETRIC_REPRESENTATION_CONTEXT(2) 
PARAMETRIC_REPRESENTATION_CONTEXT() REPRESENTATION_CONTEXT('2D SPACE',''
  ) );
#9851 = ORIENTED_EDGE('',*,*,#9852,.F.);
#9852 = EDGE_CURVE('',#9648,#9830,#9853,.T.);
#9853 = SURFACE_CURVE('',#9854,(#9858,#9865),.PCURVE_S1.);
#9854 = LINE('',#9855,#9856);
#9855 = CARTESIAN_POINT('',(-1.1046E+03,3.5708E+03,3.586E+03));
#9856 = VECTOR('',#9857,1.);
#9857 = DIRECTION('',(-1.110223024625E-16,-1.,0.));
#9858 = PCURVE('',#9663,#9859);
#9859 = DEFINITIONAL_REPRESENTATION('',(#9860),#9864);
#9860 = LINE('',#9861,#9862);
#9861 = CARTESIAN_POINT('',(307.,9.));
#9862 = VECTOR('',#9863,1.);
#9863 = DIRECTION('',(0.,1.));
#9864 = ( GEOMETRIC_REPRESENTATION_CONTEXT(2) 
PARAMETRIC_REPRESENTATION_CONTEXT() REPRESENTATION_CONTEXT('2D SPACE',''
  ) );
#9865 = PCURVE('',#9689,#9866);
#9866 = DEFINITIONAL_REPRESENTATION('',(#9867),#9871);
#9867 = LINE('',#9868,#9869);
#9868 = CARTESIAN_POINT('',(0.,9.));
#9869 = VECTOR('',#9870,1.);
#9870 = DIRECTION('',(-0.,1.));
#9871 = ( GEOMETRIC_REPRESENTATION_CONTEXT(2) 
PARAMETRIC_REPRESENTATION_CONTEXT() REPRESENTATION_CONTEXT('2D SPACE',''
  ) );
#9872 = ORIENTED_EDGE('',*,*,#9647,.F.);
#9873 = ORIENTED_EDGE('',*,*,#9803,.T.);
#9874 = ADVANCED_FACE('',(#9875),#9689,.F.);
#9875 = FACE_BOUND('',#9876,.T.);
#9876 = EDGE_LOOP('',(#9877,#9898,#9899,#9900));
#9877 = ORIENTED_EDGE('',*,*,#9878,.T.);
#9878 = EDGE_CURVE('',#9830,#9705,#9879,.T.);
#9879 = SURFACE_CURVE('',#9880,(#9884,#9891),.PCURVE_S1.);
#9880 = LINE('',#9881,#9882);
#9881 = CARTESIAN_POINT('',(-1.1046E+03,3.5618E+03,2.4905E+03));
#9882 = VECTOR('',#9883,1.);
#9883 = DIRECTION('',(0.,0.,-1.));
#9884 = PCURVE('',#9689,#9885);
#9885 = DEFINITIONAL_REPRESENTATION('',(#9886),#9890);
#9886 = LINE('',#9887,#9888);
#9887 = CARTESIAN_POINT('',(1.0955E+03,18.));
#9888 = VECTOR('',#9889,1.);
#9889 = DIRECTION('',(1.,-0.));
#9890 = ( GEOMETRIC_REPRESENTATION_CONTEXT(2) 
PARAMETRIC_REPRESENTATION_CONTEXT() REPRESENTATION_CONTEXT('2D SPACE',''
  ) );
#9891 = PCURVE('',#9722,#9892);
#9892 = DEFINITIONAL_REPRESENTATION('',(#9893),#9897);
#9893 = LINE('',#9894,#9895);
#9894 = CARTESIAN_POINT('',(0.,1.0955E+03));
#9895 = VECTOR('',#9896,1.);
#9896 = DIRECTION('',(0.,-1.));
#9897 = ( GEOMETRIC_REPRESENTATION_CONTEXT(2) 
PARAMETRIC_REPRESENTATION_CONTEXT() REPRESENTATION_CONTEXT('2D SPACE',''
  ) );
#9898 = ORIENTED_EDGE('',*,*,#9756,.F.);
#9899 = ORIENTED_EDGE('',*,*,#9675,.F.);
#9900 = ORIENTED_EDGE('',*,*,#9852,.T.);
#9901 = ADVANCED_FACE('',(#9902),#9722,.F.);
#9902 = FACE_BOUND('',#9903,.T.);
#9903 = EDGE_LOOP('',(#9904,#9905,#9906,#9907));
#9904 = ORIENTED_EDGE('',*,*,#9829,.F.);
#9905 = ORIENTED_EDGE('',*,*,#9780,.F.);
#9906 = ORIENTED_EDGE('',*,*,#9704,.F.);
#9907 = ORIENTED_EDGE('',*,*,#9878,.F.);
#9908 = ( GEOMETRIC_REPRESENTATION_CONTEXT(3) 
GLOBAL_UNCERTAINTY_ASSIGNED_CONTEXT((#9912)) 
GLOBAL_UNIT_ASSIGNED_CONTEXT((#9909,#9910,#9911)) REPRESENTATION_CONTEXT
('Context #1','3D Context with UNIT and UNCERTAINTY') );
#9909 = ( LENGTH_UNIT() NAMED_UNIT(*) SI_UNIT(.MILLI.,.METRE.) );
#9910 = ( NAMED_UNIT(*) PLANE_ANGLE_UNIT() SI_UNIT($,.RADIAN.) );
#9911 = ( NAMED_UNIT(*) SI_UNIT($,.STERADIAN.) SOLID_ANGLE_UNIT() );
#9912 = UNCERTAINTY_MEASURE_WITH_UNIT(LENGTH_MEASURE(1.E-07),#9909,
  'distance_accuracy_value','confusion accuracy');
#9913 = CONTEXT_DEPENDENT_SHAPE_REPRESENTATION(#9914,#9916);
#9914 = ( REPRESENTATION_RELATIONSHIP('','',#9577,#10) 
REPRESENTATION_RELATIONSHIP_WITH_TRANSFORMATION(#9915) 
SHAPE_REPRESENTATION_RELATIONSHIP() );
#9915 = ITEM_DEFINED_TRANSFORMATION('','',#11,#115);
#9916 = PRODUCT_DEFINITION_SHAPE('Placement','Placement of an item',
  #9917);
#9917 = NEXT_ASSEMBLY_USAGE_OCCURRENCE('277','','',#5,#9572,$);
#9918 = PRODUCT_RELATED_PRODUCT_CATEGORY('part',$,(#9574));
#9919 = SHAPE_DEFINITION_REPRESENTATION(#9920,#9926);
#9920 = PRODUCT_DEFINITION_SHAPE('','',#9921);
#9921 = PRODUCT_DEFINITION('design','',#9922,#9925);
#9922 = PRODUCT_DEFINITION_FORMATION('','',#9923);
#9923 = PRODUCT('Open CASCADE STEP translator 7.9 4.27',
  'Open CASCADE STEP translator 7.9 4.27','',(#9924));
#9924 = PRODUCT_CONTEXT('',#2,'mechanical');
#9925 = PRODUCT_DEFINITION_CONTEXT('part definition',#2,'design');
#9926 = ADVANCED_BREP_SHAPE_REPRESENTATION('',(#11,#9927),#10257);
#9927 = MANIFOLD_SOLID_BREP('',#9928);
#9928 = CLOSED_SHELL('',(#9929,#10049,#10149,#10196,#10223,#10250));
#9929 = ADVANCED_FACE('',(#9930),#9944,.F.);
#9930 = FACE_BOUND('',#9931,.T.);
#9931 = EDGE_LOOP('',(#9932,#9967,#9995,#10023));
#9932 = ORIENTED_EDGE('',*,*,#9933,.F.);
#9933 = EDGE_CURVE('',#9934,#9936,#9938,.T.);
#9934 = VERTEX_POINT('',#9935);
#9935 = CARTESIAN_POINT('',(-1.3916E+03,3.2118E+03,1.395E+03));
#9936 = VERTEX_POINT('',#9937);
#9937 = CARTESIAN_POINT('',(-1.1196E+03,3.2118E+03,1.395E+03));
#9938 = SURFACE_CURVE('',#9939,(#9943,#9955),.PCURVE_S1.);
#9939 = LINE('',#9940,#9941);
#9940 = CARTESIAN_POINT('',(-1.2556E+03,3.2118E+03,1.395E+03));
#9941 = VECTOR('',#9942,1.);
#9942 = DIRECTION('',(1.,-1.110223024625E-16,0.));
#9943 = PCURVE('',#9944,#9949);
#9944 = PLANE('',#9945);
#9945 = AXIS2_PLACEMENT_3D('',#9946,#9947,#9948);
#9946 = CARTESIAN_POINT('',(-1.1046E+03,3.1938E+03,1.395E+03));
#9947 = DIRECTION('',(0.,0.,1.));
#9948 = DIRECTION('',(1.110223024625E-16,1.,0.));
#9949 = DEFINITIONAL_REPRESENTATION('',(#9950),#9954);
#9950 = LINE('',#9951,#9952);
#9951 = CARTESIAN_POINT('',(18.,151.));
#9952 = VECTOR('',#9953,1.);
#9953 = DIRECTION('',(0.,-1.));
#9954 = ( GEOMETRIC_REPRESENTATION_CONTEXT(2) 
PARAMETRIC_REPRESENTATION_CONTEXT() REPRESENTATION_CONTEXT('2D SPACE',''
  ) );
#9955 = PCURVE('',#9956,#9961);
#9956 = PLANE('',#9957);
#9957 = AXIS2_PLACEMENT_3D('',#9958,#9959,#9960);
#9958 = CARTESIAN_POINT('',(-1.3916E+03,3.2118E+03,1.395E+03));
#9959 = DIRECTION('',(-1.110223024625E-16,-1.,0.));
#9960 = DIRECTION('',(1.,-1.110223024625E-16,0.));
#9961 = DEFINITIONAL_REPRESENTATION('',(#9962),#9966);
#9962 = LINE('',#9963,#9964);
#9963 = CARTESIAN_POINT('',(136.,0.));
#9964 = VECTOR('',#9965,1.);
#9965 = DIRECTION('',(1.,0.));
#9966 = ( GEOMETRIC_REPRESENTATION_CONTEXT(2) 
PARAMETRIC_REPRESENTATION_CONTEXT() REPRESENTATION_CONTEXT('2D SPACE',''
  ) );
#9967 = ORIENTED_EDGE('',*,*,#9968,.F.);
#9968 = EDGE_CURVE('',#9969,#9934,#9971,.T.);
#9969 = VERTEX_POINT('',#9970);
#9970 = CARTESIAN_POINT('',(-1.3916E+03,3.5618E+03,1.395E+03));
#9971 = SURFACE_CURVE('',#9972,(#9976,#9983),.PCURVE_S1.);
#9972 = LINE('',#9973,#9974);
#9973 = CARTESIAN_POINT('',(-1.3916E+03,3.3868E+03,1.395E+03));
#9974 = VECTOR('',#9975,1.);
#9975 = DIRECTION('',(-1.110223024625E-16,-1.,0.));
#9976 = PCURVE('',#9944,#9977);
#9977 = DEFINITIONAL_REPRESENTATION('',(#9978),#9982);
#9978 = LINE('',#9979,#9980);
#9979 = CARTESIAN_POINT('',(193.,287.));
#9980 = VECTOR('',#9981,1.);
#9981 = DIRECTION('',(-1.,0.));
#9982 = ( GEOMETRIC_REPRESENTATION_CONTEXT(2) 
PARAMETRIC_REPRESENTATION_CONTEXT() REPRESENTATION_CONTEXT('2D SPACE',''
  ) );
#9983 = PCURVE('',#9984,#9989);
#9984 = PLANE('',#9985);
#9985 = AXIS2_PLACEMENT_3D('',#9986,#9987,#9988);
#9986 = CARTESIAN_POINT('',(-1.3916E+03,3.5618E+03,1.395E+03));
#9987 = DIRECTION('',(-1.,1.110223024625E-16,0.));
#9988 = DIRECTION('',(-1.110223024625E-16,-1.,0.));
#9989 = DEFINITIONAL_REPRESENTATION('',(#9990),#9994);
#9990 = LINE('',#9991,#9992);
#9991 = CARTESIAN_POINT('',(175.,0.));
#9992 = VECTOR('',#9993,1.);
#9993 = DIRECTION('',(1.,0.));
#9994 = ( GEOMETRIC_REPRESENTATION_CONTEXT(2) 
PARAMETRIC_REPRESENTATION_CONTEXT() REPRESENTATION_CONTEXT('2D SPACE',''
  ) );
#9995 = ORIENTED_EDGE('',*,*,#9996,.F.);
#9996 = EDGE_CURVE('',#9997,#9969,#9999,.T.);
#9997 = VERTEX_POINT('',#9998);
#9998 = CARTESIAN_POINT('',(-1.1196E+03,3.5618E+03,1.395E+03));
#9999 = SURFACE_CURVE('',#10000,(#10004,#10011),.PCURVE_S1.);
#10000 = LINE('',#10001,#10002);
#10001 = CARTESIAN_POINT('',(-1.2556E+03,3.5618E+03,1.395E+03));
#10002 = VECTOR('',#10003,1.);
#10003 = DIRECTION('',(-1.,1.110223024625E-16,0.));
#10004 = PCURVE('',#9944,#10005);
#10005 = DEFINITIONAL_REPRESENTATION('',(#10006),#10010);
#10006 = LINE('',#10007,#10008);
#10007 = CARTESIAN_POINT('',(368.,151.));
#10008 = VECTOR('',#10009,1.);
#10009 = DIRECTION('',(0.,1.));
#10010 = ( GEOMETRIC_REPRESENTATION_CONTEXT(2) 
PARAMETRIC_REPRESENTATION_CONTEXT() REPRESENTATION_CONTEXT('2D SPACE',''
  ) );
#10011 = PCURVE('',#10012,#10017);
#10012 = PLANE('',#10013);
#10013 = AXIS2_PLACEMENT_3D('',#10014,#10015,#10016);
#10014 = CARTESIAN_POINT('',(-1.1196E+03,3.5618E+03,1.395E+03));
#10015 = DIRECTION('',(1.110223024625E-16,1.,0.));
#10016 = DIRECTION('',(-1.,1.110223024625E-16,0.));
#10017 = DEFINITIONAL_REPRESENTATION('',(#10018),#10022);
#10018 = LINE('',#10019,#10020);
#10019 = CARTESIAN_POINT('',(136.,0.));
#10020 = VECTOR('',#10021,1.);
#10021 = DIRECTION('',(1.,0.));
#10022 = ( GEOMETRIC_REPRESENTATION_CONTEXT(2) 
PARAMETRIC_REPRESENTATION_CONTEXT() REPRESENTATION_CONTEXT('2D SPACE',''
  ) );
#10023 = ORIENTED_EDGE('',*,*,#10024,.F.);
#10024 = EDGE_CURVE('',#9936,#9997,#10025,.T.);
#10025 = SURFACE_CURVE('',#10026,(#10030,#10037),.PCURVE_S1.);
#10026 = LINE('',#10027,#10028);
#10027 = CARTESIAN_POINT('',(-1.1196E+03,3.3868E+03,1.395E+03));
#10028 = VECTOR('',#10029,1.);
#10029 = DIRECTION('',(1.110223024625E-16,1.,0.));
#10030 = PCURVE('',#9944,#10031);
#10031 = DEFINITIONAL_REPRESENTATION('',(#10032),#10036);
#10032 = LINE('',#10033,#10034);
#10033 = CARTESIAN_POINT('',(193.,15.));
#10034 = VECTOR('',#10035,1.);
#10035 = DIRECTION('',(1.,0.));
#10036 = ( GEOMETRIC_REPRESENTATION_CONTEXT(2) 
PARAMETRIC_REPRESENTATION_CONTEXT() REPRESENTATION_CONTEXT('2D SPACE',''
  ) );
#10037 = PCURVE('',#10038,#10043);
#10038 = PLANE('',#10039);
#10039 = AXIS2_PLACEMENT_3D('',#10040,#10041,#10042);
#10040 = CARTESIAN_POINT('',(-1.1196E+03,3.2118E+03,1.395E+03));
#10041 = DIRECTION('',(1.,-1.110223024625E-16,0.));
#10042 = DIRECTION('',(1.110223024625E-16,1.,0.));
#10043 = DEFINITIONAL_REPRESENTATION('',(#10044),#10048);
#10044 = LINE('',#10045,#10046);
#10045 = CARTESIAN_POINT('',(175.,0.));
#10046 = VECTOR('',#10047,1.);
#10047 = DIRECTION('',(1.,0.));
#10048 = ( GEOMETRIC_REPRESENTATION_CONTEXT(2) 
PARAMETRIC_REPRESENTATION_CONTEXT() REPRESENTATION_CONTEXT('2D SPACE',''
  ) );
#10049 = ADVANCED_FACE('',(#10050),#10064,.T.);
#10050 = FACE_BOUND('',#10051,.T.);
#10051 = EDGE_LOOP('',(#10052,#10082,#10105,#10128));
#10052 = ORIENTED_EDGE('',*,*,#10053,.T.);
#10053 = EDGE_CURVE('',#10054,#10056,#10058,.T.);
#10054 = VERTEX_POINT('',#10055);
#10055 = CARTESIAN_POINT('',(-1.3916E+03,3.2118E+03,1.413E+03));
#10056 = VERTEX_POINT('',#10057);
#10057 = CARTESIAN_POINT('',(-1.1196E+03,3.2118E+03,1.413E+03));
#10058 = SURFACE_CURVE('',#10059,(#10063,#10075),.PCURVE_S1.);
#10059 = LINE('',#10060,#10061);
#10060 = CARTESIAN_POINT('',(-1.2556E+03,3.2118E+03,1.413E+03));
#10061 = VECTOR('',#10062,1.);
#10062 = DIRECTION('',(1.,-1.110223024625E-16,0.));
#10063 = PCURVE('',#10064,#10069);
#10064 = PLANE('',#10065);
#10065 = AXIS2_PLACEMENT_3D('',#10066,#10067,#10068);
#10066 = CARTESIAN_POINT('',(-1.1046E+03,3.1938E+03,1.413E+03));
#10067 = DIRECTION('',(0.,0.,1.));
#10068 = DIRECTION('',(1.110223024625E-16,1.,0.));
#10069 = DEFINITIONAL_REPRESENTATION('',(#10070),#10074);
#10070 = LINE('',#10071,#10072);
#10071 = CARTESIAN_POINT('',(18.,151.));
#10072 = VECTOR('',#10073,1.);
#10073 = DIRECTION('',(0.,-1.));
#10074 = ( GEOMETRIC_REPRESENTATION_CONTEXT(2) 
PARAMETRIC_REPRESENTATION_CONTEXT() REPRESENTATION_CONTEXT('2D SPACE',''
  ) );
#10075 = PCURVE('',#9956,#10076);
#10076 = DEFINITIONAL_REPRESENTATION('',(#10077),#10081);
#10077 = LINE('',#10078,#10079);
#10078 = CARTESIAN_POINT('',(136.,18.));
#10079 = VECTOR('',#10080,1.);
#10080 = DIRECTION('',(1.,0.));
#10081 = ( GEOMETRIC_REPRESENTATION_CONTEXT(2) 
PARAMETRIC_REPRESENTATION_CONTEXT() REPRESENTATION_CONTEXT('2D SPACE',''
  ) );
#10082 = ORIENTED_EDGE('',*,*,#10083,.T.);
#10083 = EDGE_CURVE('',#10056,#10084,#10086,.T.);
#10084 = VERTEX_POINT('',#10085);
#10085 = CARTESIAN_POINT('',(-1.1196E+03,3.5618E+03,1.413E+03));
#10086 = SURFACE_CURVE('',#10087,(#10091,#10098),.PCURVE_S1.);
#10087 = LINE('',#10088,#10089);
#10088 = CARTESIAN_POINT('',(-1.1196E+03,3.3868E+03,1.413E+03));
#10089 = VECTOR('',#10090,1.);
#10090 = DIRECTION('',(1.110223024625E-16,1.,0.));
#10091 = PCURVE('',#10064,#10092);
#10092 = DEFINITIONAL_REPRESENTATION('',(#10093),#10097);
#10093 = LINE('',#10094,#10095);
#10094 = CARTESIAN_POINT('',(193.,15.));
#10095 = VECTOR('',#10096,1.);
#10096 = DIRECTION('',(1.,0.));
#10097 = ( GEOMETRIC_REPRESENTATION_CONTEXT(2) 
PARAMETRIC_REPRESENTATION_CONTEXT() REPRESENTATION_CONTEXT('2D SPACE',''
  ) );
#10098 = PCURVE('',#10038,#10099);
#10099 = DEFINITIONAL_REPRESENTATION('',(#10100),#10104);
#10100 = LINE('',#10101,#10102);
#10101 = CARTESIAN_POINT('',(175.,18.));
#10102 = VECTOR('',#10103,1.);
#10103 = DIRECTION('',(1.,0.));
#10104 = ( GEOMETRIC_REPRESENTATION_CONTEXT(2) 
PARAMETRIC_REPRESENTATION_CONTEXT() REPRESENTATION_CONTEXT('2D SPACE',''
  ) );
#10105 = ORIENTED_EDGE('',*,*,#10106,.T.);
#10106 = EDGE_CURVE('',#10084,#10107,#10109,.T.);
#10107 = VERTEX_POINT('',#10108);
#10108 = CARTESIAN_POINT('',(-1.3916E+03,3.5618E+03,1.413E+03));
#10109 = SURFACE_CURVE('',#10110,(#10114,#10121),.PCURVE_S1.);
#10110 = LINE('',#10111,#10112);
#10111 = CARTESIAN_POINT('',(-1.2556E+03,3.5618E+03,1.413E+03));
#10112 = VECTOR('',#10113,1.);
#10113 = DIRECTION('',(-1.,1.110223024625E-16,0.));
#10114 = PCURVE('',#10064,#10115);
#10115 = DEFINITIONAL_REPRESENTATION('',(#10116),#10120);
#10116 = LINE('',#10117,#10118);
#10117 = CARTESIAN_POINT('',(368.,151.));
#10118 = VECTOR('',#10119,1.);
#10119 = DIRECTION('',(0.,1.));
#10120 = ( GEOMETRIC_REPRESENTATION_CONTEXT(2) 
PARAMETRIC_REPRESENTATION_CONTEXT() REPRESENTATION_CONTEXT('2D SPACE',''
  ) );
#10121 = PCURVE('',#10012,#10122);
#10122 = DEFINITIONAL_REPRESENTATION('',(#10123),#10127);
#10123 = LINE('',#10124,#10125);
#10124 = CARTESIAN_POINT('',(136.,18.));
#10125 = VECTOR('',#10126,1.);
#10126 = DIRECTION('',(1.,0.));
#10127 = ( GEOMETRIC_REPRESENTATION_CONTEXT(2) 
PARAMETRIC_REPRESENTATION_CONTEXT() REPRESENTATION_CONTEXT('2D SPACE',''
  ) );
#10128 = ORIENTED_EDGE('',*,*,#10129,.T.);
#10129 = EDGE_CURVE('',#10107,#10054,#10130,.T.);
#10130 = SURFACE_CURVE('',#10131,(#10135,#10142),.PCURVE_S1.);
#10131 = LINE('',#10132,#10133);
#10132 = CARTESIAN_POINT('',(-1.3916E+03,3.3868E+03,1.413E+03));
#10133 = VECTOR('',#10134,1.);
#10134 = DIRECTION('',(-1.110223024625E-16,-1.,0.));
#10135 = PCURVE('',#10064,#10136);
#10136 = DEFINITIONAL_REPRESENTATION('',(#10137),#10141);
#10137 = LINE('',#10138,#10139);
#10138 = CARTESIAN_POINT('',(193.,287.));
#10139 = VECTOR('',#10140,1.);
#10140 = DIRECTION('',(-1.,0.));
#10141 = ( GEOMETRIC_REPRESENTATION_CONTEXT(2) 
PARAMETRIC_REPRESENTATION_CONTEXT() REPRESENTATION_CONTEXT('2D SPACE',''
  ) );
#10142 = PCURVE('',#9984,#10143);
#10143 = DEFINITIONAL_REPRESENTATION('',(#10144),#10148);
#10144 = LINE('',#10145,#10146);
#10145 = CARTESIAN_POINT('',(175.,18.));
#10146 = VECTOR('',#10147,1.);
#10147 = DIRECTION('',(1.,0.));
#10148 = ( GEOMETRIC_REPRESENTATION_CONTEXT(2) 
PARAMETRIC_REPRESENTATION_CONTEXT() REPRESENTATION_CONTEXT('2D SPACE',''
  ) );
#10149 = ADVANCED_FACE('',(#10150),#9956,.T.);
#10150 = FACE_BOUND('',#10151,.T.);
#10151 = EDGE_LOOP('',(#10152,#10173,#10174,#10195));
#10152 = ORIENTED_EDGE('',*,*,#10153,.F.);
#10153 = EDGE_CURVE('',#9934,#10054,#10154,.T.);
#10154 = SURFACE_CURVE('',#10155,(#10159,#10166),.PCURVE_S1.);
#10155 = LINE('',#10156,#10157);
#10156 = CARTESIAN_POINT('',(-1.3916E+03,3.2118E+03,1.404E+03));
#10157 = VECTOR('',#10158,1.);
#10158 = DIRECTION('',(0.,0.,1.));
#10159 = PCURVE('',#9956,#10160);
#10160 = DEFINITIONAL_REPRESENTATION('',(#10161),#10165);
#10161 = LINE('',#10162,#10163);
#10162 = CARTESIAN_POINT('',(0.,9.));
#10163 = VECTOR('',#10164,1.);
#10164 = DIRECTION('',(0.,1.));
#10165 = ( GEOMETRIC_REPRESENTATION_CONTEXT(2) 
PARAMETRIC_REPRESENTATION_CONTEXT() REPRESENTATION_CONTEXT('2D SPACE',''
  ) );
#10166 = PCURVE('',#9984,#10167);
#10167 = DEFINITIONAL_REPRESENTATION('',(#10168),#10172);
#10168 = LINE('',#10169,#10170);
#10169 = CARTESIAN_POINT('',(350.,9.));
#10170 = VECTOR('',#10171,1.);
#10171 = DIRECTION('',(0.,1.));
#10172 = ( GEOMETRIC_REPRESENTATION_CONTEXT(2) 
PARAMETRIC_REPRESENTATION_CONTEXT() REPRESENTATION_CONTEXT('2D SPACE',''
  ) );
#10173 = ORIENTED_EDGE('',*,*,#9933,.T.);
#10174 = ORIENTED_EDGE('',*,*,#10175,.T.);
#10175 = EDGE_CURVE('',#9936,#10056,#10176,.T.);
#10176 = SURFACE_CURVE('',#10177,(#10181,#10188),.PCURVE_S1.);
#10177 = LINE('',#10178,#10179);
#10178 = CARTESIAN_POINT('',(-1.1196E+03,3.2118E+03,1.404E+03));
#10179 = VECTOR('',#10180,1.);
#10180 = DIRECTION('',(0.,0.,1.));
#10181 = PCURVE('',#9956,#10182);
#10182 = DEFINITIONAL_REPRESENTATION('',(#10183),#10187);
#10183 = LINE('',#10184,#10185);
#10184 = CARTESIAN_POINT('',(272.,9.));
#10185 = VECTOR('',#10186,1.);
#10186 = DIRECTION('',(0.,1.));
#10187 = ( GEOMETRIC_REPRESENTATION_CONTEXT(2) 
PARAMETRIC_REPRESENTATION_CONTEXT() REPRESENTATION_CONTEXT('2D SPACE',''
  ) );
#10188 = PCURVE('',#10038,#10189);
#10189 = DEFINITIONAL_REPRESENTATION('',(#10190),#10194);
#10190 = LINE('',#10191,#10192);
#10191 = CARTESIAN_POINT('',(0.,9.));
#10192 = VECTOR('',#10193,1.);
#10193 = DIRECTION('',(0.,1.));
#10194 = ( GEOMETRIC_REPRESENTATION_CONTEXT(2) 
PARAMETRIC_REPRESENTATION_CONTEXT() REPRESENTATION_CONTEXT('2D SPACE',''
  ) );
#10195 = ORIENTED_EDGE('',*,*,#10053,.F.);
#10196 = ADVANCED_FACE('',(#10197),#9984,.T.);
#10197 = FACE_BOUND('',#10198,.T.);
#10198 = EDGE_LOOP('',(#10199,#10220,#10221,#10222));
#10199 = ORIENTED_EDGE('',*,*,#10200,.F.);
#10200 = EDGE_CURVE('',#9969,#10107,#10201,.T.);
#10201 = SURFACE_CURVE('',#10202,(#10206,#10213),.PCURVE_S1.);
#10202 = LINE('',#10203,#10204);
#10203 = CARTESIAN_POINT('',(-1.3916E+03,3.5618E+03,1.404E+03));
#10204 = VECTOR('',#10205,1.);
#10205 = DIRECTION('',(0.,0.,1.));
#10206 = PCURVE('',#9984,#10207);
#10207 = DEFINITIONAL_REPRESENTATION('',(#10208),#10212);
#10208 = LINE('',#10209,#10210);
#10209 = CARTESIAN_POINT('',(0.,9.));
#10210 = VECTOR('',#10211,1.);
#10211 = DIRECTION('',(0.,1.));
#10212 = ( GEOMETRIC_REPRESENTATION_CONTEXT(2) 
PARAMETRIC_REPRESENTATION_CONTEXT() REPRESENTATION_CONTEXT('2D SPACE',''
  ) );
#10213 = PCURVE('',#10012,#10214);
#10214 = DEFINITIONAL_REPRESENTATION('',(#10215),#10219);
#10215 = LINE('',#10216,#10217);
#10216 = CARTESIAN_POINT('',(272.,9.));
#10217 = VECTOR('',#10218,1.);
#10218 = DIRECTION('',(0.,1.));
#10219 = ( GEOMETRIC_REPRESENTATION_CONTEXT(2) 
PARAMETRIC_REPRESENTATION_CONTEXT() REPRESENTATION_CONTEXT('2D SPACE',''
  ) );
#10220 = ORIENTED_EDGE('',*,*,#9968,.T.);
#10221 = ORIENTED_EDGE('',*,*,#10153,.T.);
#10222 = ORIENTED_EDGE('',*,*,#10129,.F.);
#10223 = ADVANCED_FACE('',(#10224),#10012,.T.);
#10224 = FACE_BOUND('',#10225,.T.);
#10225 = EDGE_LOOP('',(#10226,#10247,#10248,#10249));
#10226 = ORIENTED_EDGE('',*,*,#10227,.F.);
#10227 = EDGE_CURVE('',#9997,#10084,#10228,.T.);
#10228 = SURFACE_CURVE('',#10229,(#10233,#10240),.PCURVE_S1.);
#10229 = LINE('',#10230,#10231);
#10230 = CARTESIAN_POINT('',(-1.1196E+03,3.5618E+03,1.404E+03));
#10231 = VECTOR('',#10232,1.);
#10232 = DIRECTION('',(0.,0.,1.));
#10233 = PCURVE('',#10012,#10234);
#10234 = DEFINITIONAL_REPRESENTATION('',(#10235),#10239);
#10235 = LINE('',#10236,#10237);
#10236 = CARTESIAN_POINT('',(0.,9.));
#10237 = VECTOR('',#10238,1.);
#10238 = DIRECTION('',(0.,1.));
#10239 = ( GEOMETRIC_REPRESENTATION_CONTEXT(2) 
PARAMETRIC_REPRESENTATION_CONTEXT() REPRESENTATION_CONTEXT('2D SPACE',''
  ) );
#10240 = PCURVE('',#10038,#10241);
#10241 = DEFINITIONAL_REPRESENTATION('',(#10242),#10246);
#10242 = LINE('',#10243,#10244);
#10243 = CARTESIAN_POINT('',(350.,9.));
#10244 = VECTOR('',#10245,1.);
#10245 = DIRECTION('',(0.,1.));
#10246 = ( GEOMETRIC_REPRESENTATION_CONTEXT(2) 
PARAMETRIC_REPRESENTATION_CONTEXT() REPRESENTATION_CONTEXT('2D SPACE',''
  ) );
#10247 = ORIENTED_EDGE('',*,*,#9996,.T.);
#10248 = ORIENTED_EDGE('',*,*,#10200,.T.);
#10249 = ORIENTED_EDGE('',*,*,#10106,.F.);
#10250 = ADVANCED_FACE('',(#10251),#10038,.T.);
#10251 = FACE_BOUND('',#10252,.T.);
#10252 = EDGE_LOOP('',(#10253,#10254,#10255,#10256));
#10253 = ORIENTED_EDGE('',*,*,#10175,.F.);
#10254 = ORIENTED_EDGE('',*,*,#10024,.T.);
#10255 = ORIENTED_EDGE('',*,*,#10227,.T.);
#10256 = ORIENTED_EDGE('',*,*,#10083,.F.);
#10257 = ( GEOMETRIC_REPRESENTATION_CONTEXT(3) 
GLOBAL_UNCERTAINTY_ASSIGNED_CONTEXT((#10261)) 
GLOBAL_UNIT_ASSIGNED_CONTEXT((#10258,#10259,#10260)) 
REPRESENTATION_CONTEXT('Context #1',
  '3D Context with UNIT and UNCERTAINTY') );
#10258 = ( LENGTH_UNIT() NAMED_UNIT(*) SI_UNIT(.MILLI.,.METRE.) );
#10259 = ( NAMED_UNIT(*) PLANE_ANGLE_UNIT() SI_UNIT($,.RADIAN.) );
#10260 = ( NAMED_UNIT(*) SI_UNIT($,.STERADIAN.) SOLID_ANGLE_UNIT() );
#10261 = UNCERTAINTY_MEASURE_WITH_UNIT(LENGTH_MEASURE(1.E-07),#10258,
  'distance_accuracy_value','confusion accuracy');
#10262 = CONTEXT_DEPENDENT_SHAPE_REPRESENTATION(#10263,#10265);
#10263 = ( REPRESENTATION_RELATIONSHIP('','',#9926,#10) 
REPRESENTATION_RELATIONSHIP_WITH_TRANSFORMATION(#10264) 
SHAPE_REPRESENTATION_RELATIONSHIP() );
#10264 = ITEM_DEFINED_TRANSFORMATION('','',#11,#119);
#10265 = PRODUCT_DEFINITION_SHAPE('Placement','Placement of an item',
  #10266);
#10266 = NEXT_ASSEMBLY_USAGE_OCCURRENCE('278','','',#5,#9921,$);
#10267 = PRODUCT_RELATED_PRODUCT_CATEGORY('part',$,(#9923));
#10268 = SHAPE_DEFINITION_REPRESENTATION(#10269,#10275);
#10269 = PRODUCT_DEFINITION_SHAPE('','',#10270);
#10270 = PRODUCT_DEFINITION('design','',#10271,#10274);
#10271 = PRODUCT_DEFINITION_FORMATION('','',#10272);
#10272 = PRODUCT('Open CASCADE STEP translator 7.9 4.28',
  'Open CASCADE STEP translator 7.9 4.28','',(#10273));
#10273 = PRODUCT_CONTEXT('',#2,'mechanical');
#10274 = PRODUCT_DEFINITION_CONTEXT('part definition',#2,'design');
#10275 = ADVANCED_BREP_SHAPE_REPRESENTATION('',(#11,#10276),#10606);
#10276 = MANIFOLD_SOLID_BREP('',#10277);
#10277 = CLOSED_SHELL('',(#10278,#10398,#10498,#10545,#10572,#10599));
#10278 = ADVANCED_FACE('',(#10279),#10293,.F.);
#10279 = FACE_BOUND('',#10280,.T.);
#10280 = EDGE_LOOP('',(#10281,#10316,#10344,#10372));
#10281 = ORIENTED_EDGE('',*,*,#10282,.F.);
#10282 = EDGE_CURVE('',#10283,#10285,#10287,.T.);
#10283 = VERTEX_POINT('',#10284);
#10284 = CARTESIAN_POINT('',(-1.3916E+03,3.2118E+03,1.584E+03));
#10285 = VERTEX_POINT('',#10286);
#10286 = CARTESIAN_POINT('',(-1.1196E+03,3.2118E+03,1.584E+03));
#10287 = SURFACE_CURVE('',#10288,(#10292,#10304),.PCURVE_S1.);
#10288 = LINE('',#10289,#10290);
#10289 = CARTESIAN_POINT('',(-1.2556E+03,3.2118E+03,1.584E+03));
#10290 = VECTOR('',#10291,1.);
#10291 = DIRECTION('',(1.,-1.110223024625E-16,0.));
#10292 = PCURVE('',#10293,#10298);
#10293 = PLANE('',#10294);
#10294 = AXIS2_PLACEMENT_3D('',#10295,#10296,#10297);
#10295 = CARTESIAN_POINT('',(-1.1046E+03,3.1938E+03,1.584E+03));
#10296 = DIRECTION('',(0.,0.,1.));
#10297 = DIRECTION('',(1.110223024625E-16,1.,0.));
#10298 = DEFINITIONAL_REPRESENTATION('',(#10299),#10303);
#10299 = LINE('',#10300,#10301);
#10300 = CARTESIAN_POINT('',(18.,151.));
#10301 = VECTOR('',#10302,1.);
#10302 = DIRECTION('',(0.,-1.));
#10303 = ( GEOMETRIC_REPRESENTATION_CONTEXT(2) 
PARAMETRIC_REPRESENTATION_CONTEXT() REPRESENTATION_CONTEXT('2D SPACE',''
  ) );
#10304 = PCURVE('',#10305,#10310);
#10305 = PLANE('',#10306);
#10306 = AXIS2_PLACEMENT_3D('',#10307,#10308,#10309);
#10307 = CARTESIAN_POINT('',(-1.3916E+03,3.2118E+03,1.584E+03));
#10308 = DIRECTION('',(-1.110223024625E-16,-1.,0.));
#10309 = DIRECTION('',(1.,-1.110223024625E-16,0.));
#10310 = DEFINITIONAL_REPRESENTATION('',(#10311),#10315);
#10311 = LINE('',#10312,#10313);
#10312 = CARTESIAN_POINT('',(136.,0.));
#10313 = VECTOR('',#10314,1.);
#10314 = DIRECTION('',(1.,0.));
#10315 = ( GEOMETRIC_REPRESENTATION_CONTEXT(2) 
PARAMETRIC_REPRESENTATION_CONTEXT() REPRESENTATION_CONTEXT('2D SPACE',''
  ) );
#10316 = ORIENTED_EDGE('',*,*,#10317,.F.);
#10317 = EDGE_CURVE('',#10318,#10283,#10320,.T.);
#10318 = VERTEX_POINT('',#10319);
#10319 = CARTESIAN_POINT('',(-1.3916E+03,3.5618E+03,1.584E+03));
#10320 = SURFACE_CURVE('',#10321,(#10325,#10332),.PCURVE_S1.);
#10321 = LINE('',#10322,#10323);
#10322 = CARTESIAN_POINT('',(-1.3916E+03,3.3868E+03,1.584E+03));
#10323 = VECTOR('',#10324,1.);
#10324 = DIRECTION('',(-1.110223024625E-16,-1.,0.));
#10325 = PCURVE('',#10293,#10326);
#10326 = DEFINITIONAL_REPRESENTATION('',(#10327),#10331);
#10327 = LINE('',#10328,#10329);
#10328 = CARTESIAN_POINT('',(193.,287.));
#10329 = VECTOR('',#10330,1.);
#10330 = DIRECTION('',(-1.,0.));
#10331 = ( GEOMETRIC_REPRESENTATION_CONTEXT(2) 
PARAMETRIC_REPRESENTATION_CONTEXT() REPRESENTATION_CONTEXT('2D SPACE',''
  ) );
#10332 = PCURVE('',#10333,#10338);
#10333 = PLANE('',#10334);
#10334 = AXIS2_PLACEMENT_3D('',#10335,#10336,#10337);
#10335 = CARTESIAN_POINT('',(-1.3916E+03,3.5618E+03,1.584E+03));
#10336 = DIRECTION('',(-1.,1.110223024625E-16,0.));
#10337 = DIRECTION('',(-1.110223024625E-16,-1.,0.));
#10338 = DEFINITIONAL_REPRESENTATION('',(#10339),#10343);
#10339 = LINE('',#10340,#10341);
#10340 = CARTESIAN_POINT('',(175.,0.));
#10341 = VECTOR('',#10342,1.);
#10342 = DIRECTION('',(1.,0.));
#10343 = ( GEOMETRIC_REPRESENTATION_CONTEXT(2) 
PARAMETRIC_REPRESENTATION_CONTEXT() REPRESENTATION_CONTEXT('2D SPACE',''
  ) );
#10344 = ORIENTED_EDGE('',*,*,#10345,.F.);
#10345 = EDGE_CURVE('',#10346,#10318,#10348,.T.);
#10346 = VERTEX_POINT('',#10347);
#10347 = CARTESIAN_POINT('',(-1.1196E+03,3.5618E+03,1.584E+03));
#10348 = SURFACE_CURVE('',#10349,(#10353,#10360),.PCURVE_S1.);
#10349 = LINE('',#10350,#10351);
#10350 = CARTESIAN_POINT('',(-1.2556E+03,3.5618E+03,1.584E+03));
#10351 = VECTOR('',#10352,1.);
#10352 = DIRECTION('',(-1.,1.110223024625E-16,0.));
#10353 = PCURVE('',#10293,#10354);
#10354 = DEFINITIONAL_REPRESENTATION('',(#10355),#10359);
#10355 = LINE('',#10356,#10357);
#10356 = CARTESIAN_POINT('',(368.,151.));
#10357 = VECTOR('',#10358,1.);
#10358 = DIRECTION('',(0.,1.));
#10359 = ( GEOMETRIC_REPRESENTATION_CONTEXT(2) 
PARAMETRIC_REPRESENTATION_CONTEXT() REPRESENTATION_CONTEXT('2D SPACE',''
  ) );
#10360 = PCURVE('',#10361,#10366);
#10361 = PLANE('',#10362);
#10362 = AXIS2_PLACEMENT_3D('',#10363,#10364,#10365);
#10363 = CARTESIAN_POINT('',(-1.1196E+03,3.5618E+03,1.584E+03));
#10364 = DIRECTION('',(1.110223024625E-16,1.,0.));
#10365 = DIRECTION('',(-1.,1.110223024625E-16,0.));
#10366 = DEFINITIONAL_REPRESENTATION('',(#10367),#10371);
#10367 = LINE('',#10368,#10369);
#10368 = CARTESIAN_POINT('',(136.,0.));
#10369 = VECTOR('',#10370,1.);
#10370 = DIRECTION('',(1.,0.));
#10371 = ( GEOMETRIC_REPRESENTATION_CONTEXT(2) 
PARAMETRIC_REPRESENTATION_CONTEXT() REPRESENTATION_CONTEXT('2D SPACE',''
  ) );
#10372 = ORIENTED_EDGE('',*,*,#10373,.F.);
#10373 = EDGE_CURVE('',#10285,#10346,#10374,.T.);
#10374 = SURFACE_CURVE('',#10375,(#10379,#10386),.PCURVE_S1.);
#10375 = LINE('',#10376,#10377);
#10376 = CARTESIAN_POINT('',(-1.1196E+03,3.3868E+03,1.584E+03));
#10377 = VECTOR('',#10378,1.);
#10378 = DIRECTION('',(1.110223024625E-16,1.,0.));
#10379 = PCURVE('',#10293,#10380);
#10380 = DEFINITIONAL_REPRESENTATION('',(#10381),#10385);
#10381 = LINE('',#10382,#10383);
#10382 = CARTESIAN_POINT('',(193.,15.));
#10383 = VECTOR('',#10384,1.);
#10384 = DIRECTION('',(1.,0.));
#10385 = ( GEOMETRIC_REPRESENTATION_CONTEXT(2) 
PARAMETRIC_REPRESENTATION_CONTEXT() REPRESENTATION_CONTEXT('2D SPACE',''
  ) );
#10386 = PCURVE('',#10387,#10392);
#10387 = PLANE('',#10388);
#10388 = AXIS2_PLACEMENT_3D('',#10389,#10390,#10391);
#10389 = CARTESIAN_POINT('',(-1.1196E+03,3.2118E+03,1.584E+03));
#10390 = DIRECTION('',(1.,-1.110223024625E-16,0.));
#10391 = DIRECTION('',(1.110223024625E-16,1.,0.));
#10392 = DEFINITIONAL_REPRESENTATION('',(#10393),#10397);
#10393 = LINE('',#10394,#10395);
#10394 = CARTESIAN_POINT('',(175.,0.));
#10395 = VECTOR('',#10396,1.);
#10396 = DIRECTION('',(1.,0.));
#10397 = ( GEOMETRIC_REPRESENTATION_CONTEXT(2) 
PARAMETRIC_REPRESENTATION_CONTEXT() REPRESENTATION_CONTEXT('2D SPACE',''
  ) );
#10398 = ADVANCED_FACE('',(#10399),#10413,.T.);
#10399 = FACE_BOUND('',#10400,.T.);
#10400 = EDGE_LOOP('',(#10401,#10431,#10454,#10477));
#10401 = ORIENTED_EDGE('',*,*,#10402,.T.);
#10402 = EDGE_CURVE('',#10403,#10405,#10407,.T.);
#10403 = VERTEX_POINT('',#10404);
#10404 = CARTESIAN_POINT('',(-1.3916E+03,3.2118E+03,1.602E+03));
#10405 = VERTEX_POINT('',#10406);
#10406 = CARTESIAN_POINT('',(-1.1196E+03,3.2118E+03,1.602E+03));
#10407 = SURFACE_CURVE('',#10408,(#10412,#10424),.PCURVE_S1.);
#10408 = LINE('',#10409,#10410);
#10409 = CARTESIAN_POINT('',(-1.2556E+03,3.2118E+03,1.602E+03));
#10410 = VECTOR('',#10411,1.);
#10411 = DIRECTION('',(1.,-1.110223024625E-16,0.));
#10412 = PCURVE('',#10413,#10418);
#10413 = PLANE('',#10414);
#10414 = AXIS2_PLACEMENT_3D('',#10415,#10416,#10417);
#10415 = CARTESIAN_POINT('',(-1.1046E+03,3.1938E+03,1.602E+03));
#10416 = DIRECTION('',(0.,0.,1.));
#10417 = DIRECTION('',(1.110223024625E-16,1.,0.));
#10418 = DEFINITIONAL_REPRESENTATION('',(#10419),#10423);
#10419 = LINE('',#10420,#10421);
#10420 = CARTESIAN_POINT('',(18.,151.));
#10421 = VECTOR('',#10422,1.);
#10422 = DIRECTION('',(0.,-1.));
#10423 = ( GEOMETRIC_REPRESENTATION_CONTEXT(2) 
PARAMETRIC_REPRESENTATION_CONTEXT() REPRESENTATION_CONTEXT('2D SPACE',''
  ) );
#10424 = PCURVE('',#10305,#10425);
#10425 = DEFINITIONAL_REPRESENTATION('',(#10426),#10430);
#10426 = LINE('',#10427,#10428);
#10427 = CARTESIAN_POINT('',(136.,18.));
#10428 = VECTOR('',#10429,1.);
#10429 = DIRECTION('',(1.,0.));
#10430 = ( GEOMETRIC_REPRESENTATION_CONTEXT(2) 
PARAMETRIC_REPRESENTATION_CONTEXT() REPRESENTATION_CONTEXT('2D SPACE',''
  ) );
#10431 = ORIENTED_EDGE('',*,*,#10432,.T.);
#10432 = EDGE_CURVE('',#10405,#10433,#10435,.T.);
#10433 = VERTEX_POINT('',#10434);
#10434 = CARTESIAN_POINT('',(-1.1196E+03,3.5618E+03,1.602E+03));
#10435 = SURFACE_CURVE('',#10436,(#10440,#10447),.PCURVE_S1.);
#10436 = LINE('',#10437,#10438);
#10437 = CARTESIAN_POINT('',(-1.1196E+03,3.3868E+03,1.602E+03));
#10438 = VECTOR('',#10439,1.);
#10439 = DIRECTION('',(1.110223024625E-16,1.,0.));
#10440 = PCURVE('',#10413,#10441);
#10441 = DEFINITIONAL_REPRESENTATION('',(#10442),#10446);
#10442 = LINE('',#10443,#10444);
#10443 = CARTESIAN_POINT('',(193.,15.));
#10444 = VECTOR('',#10445,1.);
#10445 = DIRECTION('',(1.,0.));
#10446 = ( GEOMETRIC_REPRESENTATION_CONTEXT(2) 
PARAMETRIC_REPRESENTATION_CONTEXT() REPRESENTATION_CONTEXT('2D SPACE',''
  ) );
#10447 = PCURVE('',#10387,#10448);
#10448 = DEFINITIONAL_REPRESENTATION('',(#10449),#10453);
#10449 = LINE('',#10450,#10451);
#10450 = CARTESIAN_POINT('',(175.,18.));
#10451 = VECTOR('',#10452,1.);
#10452 = DIRECTION('',(1.,0.));
#10453 = ( GEOMETRIC_REPRESENTATION_CONTEXT(2) 
PARAMETRIC_REPRESENTATION_CONTEXT() REPRESENTATION_CONTEXT('2D SPACE',''
  ) );
#10454 = ORIENTED_EDGE('',*,*,#10455,.T.);
#10455 = EDGE_CURVE('',#10433,#10456,#10458,.T.);
#10456 = VERTEX_POINT('',#10457);
#10457 = CARTESIAN_POINT('',(-1.3916E+03,3.5618E+03,1.602E+03));
#10458 = SURFACE_CURVE('',#10459,(#10463,#10470),.PCURVE_S1.);
#10459 = LINE('',#10460,#10461);
#10460 = CARTESIAN_POINT('',(-1.2556E+03,3.5618E+03,1.602E+03));
#10461 = VECTOR('',#10462,1.);
#10462 = DIRECTION('',(-1.,1.110223024625E-16,0.));
#10463 = PCURVE('',#10413,#10464);
#10464 = DEFINITIONAL_REPRESENTATION('',(#10465),#10469);
#10465 = LINE('',#10466,#10467);
#10466 = CARTESIAN_POINT('',(368.,151.));
#10467 = VECTOR('',#10468,1.);
#10468 = DIRECTION('',(0.,1.));
#10469 = ( GEOMETRIC_REPRESENTATION_CONTEXT(2) 
PARAMETRIC_REPRESENTATION_CONTEXT() REPRESENTATION_CONTEXT('2D SPACE',''
  ) );
#10470 = PCURVE('',#10361,#10471);
#10471 = DEFINITIONAL_REPRESENTATION('',(#10472),#10476);
#10472 = LINE('',#10473,#10474);
#10473 = CARTESIAN_POINT('',(136.,18.));
#10474 = VECTOR('',#10475,1.);
#10475 = DIRECTION('',(1.,0.));
#10476 = ( GEOMETRIC_REPRESENTATION_CONTEXT(2) 
PARAMETRIC_REPRESENTATION_CONTEXT() REPRESENTATION_CONTEXT('2D SPACE',''
  ) );
#10477 = ORIENTED_EDGE('',*,*,#10478,.T.);
#10478 = EDGE_CURVE('',#10456,#10403,#10479,.T.);
#10479 = SURFACE_CURVE('',#10480,(#10484,#10491),.PCURVE_S1.);
#10480 = LINE('',#10481,#10482);
#10481 = CARTESIAN_POINT('',(-1.3916E+03,3.3868E+03,1.602E+03));
#10482 = VECTOR('',#10483,1.);
#10483 = DIRECTION('',(-1.110223024625E-16,-1.,0.));
#10484 = PCURVE('',#10413,#10485);
#10485 = DEFINITIONAL_REPRESENTATION('',(#10486),#10490);
#10486 = LINE('',#10487,#10488);
#10487 = CARTESIAN_POINT('',(193.,287.));
#10488 = VECTOR('',#10489,1.);
#10489 = DIRECTION('',(-1.,0.));
#10490 = ( GEOMETRIC_REPRESENTATION_CONTEXT(2) 
PARAMETRIC_REPRESENTATION_CONTEXT() REPRESENTATION_CONTEXT('2D SPACE',''
  ) );
#10491 = PCURVE('',#10333,#10492);
#10492 = DEFINITIONAL_REPRESENTATION('',(#10493),#10497);
#10493 = LINE('',#10494,#10495);
#10494 = CARTESIAN_POINT('',(175.,18.));
#10495 = VECTOR('',#10496,1.);
#10496 = DIRECTION('',(1.,0.));
#10497 = ( GEOMETRIC_REPRESENTATION_CONTEXT(2) 
PARAMETRIC_REPRESENTATION_CONTEXT() REPRESENTATION_CONTEXT('2D SPACE',''
  ) );
#10498 = ADVANCED_FACE('',(#10499),#10305,.T.);
#10499 = FACE_BOUND('',#10500,.T.);
#10500 = EDGE_LOOP('',(#10501,#10522,#10523,#10544));
#10501 = ORIENTED_EDGE('',*,*,#10502,.F.);
#10502 = EDGE_CURVE('',#10283,#10403,#10503,.T.);
#10503 = SURFACE_CURVE('',#10504,(#10508,#10515),.PCURVE_S1.);
#10504 = LINE('',#10505,#10506);
#10505 = CARTESIAN_POINT('',(-1.3916E+03,3.2118E+03,1.593E+03));
#10506 = VECTOR('',#10507,1.);
#10507 = DIRECTION('',(0.,0.,1.));
#10508 = PCURVE('',#10305,#10509);
#10509 = DEFINITIONAL_REPRESENTATION('',(#10510),#10514);
#10510 = LINE('',#10511,#10512);
#10511 = CARTESIAN_POINT('',(0.,9.));
#10512 = VECTOR('',#10513,1.);
#10513 = DIRECTION('',(0.,1.));
#10514 = ( GEOMETRIC_REPRESENTATION_CONTEXT(2) 
PARAMETRIC_REPRESENTATION_CONTEXT() REPRESENTATION_CONTEXT('2D SPACE',''
  ) );
#10515 = PCURVE('',#10333,#10516);
#10516 = DEFINITIONAL_REPRESENTATION('',(#10517),#10521);
#10517 = LINE('',#10518,#10519);
#10518 = CARTESIAN_POINT('',(350.,9.));
#10519 = VECTOR('',#10520,1.);
#10520 = DIRECTION('',(0.,1.));
#10521 = ( GEOMETRIC_REPRESENTATION_CONTEXT(2) 
PARAMETRIC_REPRESENTATION_CONTEXT() REPRESENTATION_CONTEXT('2D SPACE',''
  ) );
#10522 = ORIENTED_EDGE('',*,*,#10282,.T.);
#10523 = ORIENTED_EDGE('',*,*,#10524,.T.);
#10524 = EDGE_CURVE('',#10285,#10405,#10525,.T.);
#10525 = SURFACE_CURVE('',#10526,(#10530,#10537),.PCURVE_S1.);
#10526 = LINE('',#10527,#10528);
#10527 = CARTESIAN_POINT('',(-1.1196E+03,3.2118E+03,1.593E+03));
#10528 = VECTOR('',#10529,1.);
#10529 = DIRECTION('',(0.,0.,1.));
#10530 = PCURVE('',#10305,#10531);
#10531 = DEFINITIONAL_REPRESENTATION('',(#10532),#10536);
#10532 = LINE('',#10533,#10534);
#10533 = CARTESIAN_POINT('',(272.,9.));
#10534 = VECTOR('',#10535,1.);
#10535 = DIRECTION('',(0.,1.));
#10536 = ( GEOMETRIC_REPRESENTATION_CONTEXT(2) 
PARAMETRIC_REPRESENTATION_CONTEXT() REPRESENTATION_CONTEXT('2D SPACE',''
  ) );
#10537 = PCURVE('',#10387,#10538);
#10538 = DEFINITIONAL_REPRESENTATION('',(#10539),#10543);
#10539 = LINE('',#10540,#10541);
#10540 = CARTESIAN_POINT('',(0.,9.));
#10541 = VECTOR('',#10542,1.);
#10542 = DIRECTION('',(0.,1.));
#10543 = ( GEOMETRIC_REPRESENTATION_CONTEXT(2) 
PARAMETRIC_REPRESENTATION_CONTEXT() REPRESENTATION_CONTEXT('2D SPACE',''
  ) );
#10544 = ORIENTED_EDGE('',*,*,#10402,.F.);
#10545 = ADVANCED_FACE('',(#10546),#10333,.T.);
#10546 = FACE_BOUND('',#10547,.T.);
#10547 = EDGE_LOOP('',(#10548,#10569,#10570,#10571));
#10548 = ORIENTED_EDGE('',*,*,#10549,.F.);
#10549 = EDGE_CURVE('',#10318,#10456,#10550,.T.);
#10550 = SURFACE_CURVE('',#10551,(#10555,#10562),.PCURVE_S1.);
#10551 = LINE('',#10552,#10553);
#10552 = CARTESIAN_POINT('',(-1.3916E+03,3.5618E+03,1.593E+03));
#10553 = VECTOR('',#10554,1.);
#10554 = DIRECTION('',(0.,0.,1.));
#10555 = PCURVE('',#10333,#10556);
#10556 = DEFINITIONAL_REPRESENTATION('',(#10557),#10561);
#10557 = LINE('',#10558,#10559);
#10558 = CARTESIAN_POINT('',(0.,9.));
#10559 = VECTOR('',#10560,1.);
#10560 = DIRECTION('',(0.,1.));
#10561 = ( GEOMETRIC_REPRESENTATION_CONTEXT(2) 
PARAMETRIC_REPRESENTATION_CONTEXT() REPRESENTATION_CONTEXT('2D SPACE',''
  ) );
#10562 = PCURVE('',#10361,#10563);
#10563 = DEFINITIONAL_REPRESENTATION('',(#10564),#10568);
#10564 = LINE('',#10565,#10566);
#10565 = CARTESIAN_POINT('',(272.,9.));
#10566 = VECTOR('',#10567,1.);
#10567 = DIRECTION('',(0.,1.));
#10568 = ( GEOMETRIC_REPRESENTATION_CONTEXT(2) 
PARAMETRIC_REPRESENTATION_CONTEXT() REPRESENTATION_CONTEXT('2D SPACE',''
  ) );
#10569 = ORIENTED_EDGE('',*,*,#10317,.T.);
#10570 = ORIENTED_EDGE('',*,*,#10502,.T.);
#10571 = ORIENTED_EDGE('',*,*,#10478,.F.);
#10572 = ADVANCED_FACE('',(#10573),#10361,.T.);
#10573 = FACE_BOUND('',#10574,.T.);
#10574 = EDGE_LOOP('',(#10575,#10596,#10597,#10598));
#10575 = ORIENTED_EDGE('',*,*,#10576,.F.);
#10576 = EDGE_CURVE('',#10346,#10433,#10577,.T.);
#10577 = SURFACE_CURVE('',#10578,(#10582,#10589),.PCURVE_S1.);
#10578 = LINE('',#10579,#10580);
#10579 = CARTESIAN_POINT('',(-1.1196E+03,3.5618E+03,1.593E+03));
#10580 = VECTOR('',#10581,1.);
#10581 = DIRECTION('',(0.,0.,1.));
#10582 = PCURVE('',#10361,#10583);
#10583 = DEFINITIONAL_REPRESENTATION('',(#10584),#10588);
#10584 = LINE('',#10585,#10586);
#10585 = CARTESIAN_POINT('',(0.,9.));
#10586 = VECTOR('',#10587,1.);
#10587 = DIRECTION('',(0.,1.));
#10588 = ( GEOMETRIC_REPRESENTATION_CONTEXT(2) 
PARAMETRIC_REPRESENTATION_CONTEXT() REPRESENTATION_CONTEXT('2D SPACE',''
  ) );
#10589 = PCURVE('',#10387,#10590);
#10590 = DEFINITIONAL_REPRESENTATION('',(#10591),#10595);
#10591 = LINE('',#10592,#10593);
#10592 = CARTESIAN_POINT('',(350.,9.));
#10593 = VECTOR('',#10594,1.);
#10594 = DIRECTION('',(0.,1.));
#10595 = ( GEOMETRIC_REPRESENTATION_CONTEXT(2) 
PARAMETRIC_REPRESENTATION_CONTEXT() REPRESENTATION_CONTEXT('2D SPACE',''
  ) );
#10596 = ORIENTED_EDGE('',*,*,#10345,.T.);
#10597 = ORIENTED_EDGE('',*,*,#10549,.T.);
#10598 = ORIENTED_EDGE('',*,*,#10455,.F.);
#10599 = ADVANCED_FACE('',(#10600),#10387,.T.);
#10600 = FACE_BOUND('',#10601,.T.);
#10601 = EDGE_LOOP('',(#10602,#10603,#10604,#10605));
#10602 = ORIENTED_EDGE('',*,*,#10524,.F.);
#10603 = ORIENTED_EDGE('',*,*,#10373,.T.);
#10604 = ORIENTED_EDGE('',*,*,#10576,.T.);
#10605 = ORIENTED_EDGE('',*,*,#10432,.F.);
#10606 = ( GEOMETRIC_REPRESENTATION_CONTEXT(3) 
GLOBAL_UNCERTAINTY_ASSIGNED_CONTEXT((#10610)) 
GLOBAL_UNIT_ASSIGNED_CONTEXT((#10607,#10608,#10609)) 
REPRESENTATION_CONTEXT('Context #1',
  '3D Context with UNIT and UNCERTAINTY') );
#10607 = ( LENGTH_UNIT() NAMED_UNIT(*) SI_UNIT(.MILLI.,.METRE.) );
#10608 = ( NAMED_UNIT(*) PLANE_ANGLE_UNIT() SI_UNIT($,.RADIAN.) );
#10609 = ( NAMED_UNIT(*) SI_UNIT($,.STERADIAN.) SOLID_ANGLE_UNIT() );
#10610 = UNCERTAINTY_MEASURE_WITH_UNIT(LENGTH_MEASURE(1.E-07),#10607,
  'distance_accuracy_value','confusion accuracy');
#10611 = CONTEXT_DEPENDENT_SHAPE_REPRESENTATION(#10612,#10614);
#10612 = ( REPRESENTATION_RELATIONSHIP('','',#10275,#10) 
REPRESENTATION_RELATIONSHIP_WITH_TRANSFORMATION(#10613) 
SHAPE_REPRESENTATION_RELATIONSHIP() );
#10613 = ITEM_DEFINED_TRANSFORMATION('','',#11,#123);
#10614 = PRODUCT_DEFINITION_SHAPE('Placement','Placement of an item',
  #10615);
#10615 = NEXT_ASSEMBLY_USAGE_OCCURRENCE('279','','',#5,#10270,$);
#10616 = PRODUCT_RELATED_PRODUCT_CATEGORY('part',$,(#10272));
#10617 = SHAPE_DEFINITION_REPRESENTATION(#10618,#10624);
#10618 = PRODUCT_DEFINITION_SHAPE('','',#10619);
#10619 = PRODUCT_DEFINITION('design','',#10620,#10623);
#10620 = PRODUCT_DEFINITION_FORMATION('','',#10621);
#10621 = PRODUCT('Open CASCADE STEP translator 7.9 4.29',
  'Open CASCADE STEP translator 7.9 4.29','',(#10622));
#10622 = PRODUCT_CONTEXT('',#2,'mechanical');
#10623 = PRODUCT_DEFINITION_CONTEXT('part definition',#2,'design');
#10624 = ADVANCED_BREP_SHAPE_REPRESENTATION('',(#11,#10625),#10955);
#10625 = MANIFOLD_SOLID_BREP('',#10626);
#10626 = CLOSED_SHELL('',(#10627,#10747,#10847,#10894,#10921,#10948));
#10627 = ADVANCED_FACE('',(#10628),#10642,.F.);
#10628 = FACE_BOUND('',#10629,.T.);
#10629 = EDGE_LOOP('',(#10630,#10665,#10693,#10721));
#10630 = ORIENTED_EDGE('',*,*,#10631,.F.);
#10631 = EDGE_CURVE('',#10632,#10634,#10636,.T.);
#10632 = VERTEX_POINT('',#10633);
#10633 = CARTESIAN_POINT('',(-1.3916E+03,3.2118E+03,1.907E+03));
#10634 = VERTEX_POINT('',#10635);
#10635 = CARTESIAN_POINT('',(-1.1196E+03,3.2118E+03,1.907E+03));
#10636 = SURFACE_CURVE('',#10637,(#10641,#10653),.PCURVE_S1.);
#10637 = LINE('',#10638,#10639);
#10638 = CARTESIAN_POINT('',(-1.2556E+03,3.2118E+03,1.907E+03));
#10639 = VECTOR('',#10640,1.);
#10640 = DIRECTION('',(1.,-1.110223024625E-16,0.));
#10641 = PCURVE('',#10642,#10647);
#10642 = PLANE('',#10643);
#10643 = AXIS2_PLACEMENT_3D('',#10644,#10645,#10646);
#10644 = CARTESIAN_POINT('',(-1.1046E+03,3.1938E+03,1.907E+03));
#10645 = DIRECTION('',(0.,0.,1.));
#10646 = DIRECTION('',(1.110223024625E-16,1.,0.));
#10647 = DEFINITIONAL_REPRESENTATION('',(#10648),#10652);
#10648 = LINE('',#10649,#10650);
#10649 = CARTESIAN_POINT('',(18.,151.));
#10650 = VECTOR('',#10651,1.);
#10651 = DIRECTION('',(0.,-1.));
#10652 = ( GEOMETRIC_REPRESENTATION_CONTEXT(2) 
PARAMETRIC_REPRESENTATION_CONTEXT() REPRESENTATION_CONTEXT('2D SPACE',''
  ) );
#10653 = PCURVE('',#10654,#10659);
#10654 = PLANE('',#10655);
#10655 = AXIS2_PLACEMENT_3D('',#10656,#10657,#10658);
#10656 = CARTESIAN_POINT('',(-1.3916E+03,3.2118E+03,1.907E+03));
#10657 = DIRECTION('',(-1.110223024625E-16,-1.,0.));
#10658 = DIRECTION('',(1.,-1.110223024625E-16,0.));
#10659 = DEFINITIONAL_REPRESENTATION('',(#10660),#10664);
#10660 = LINE('',#10661,#10662);
#10661 = CARTESIAN_POINT('',(136.,0.));
#10662 = VECTOR('',#10663,1.);
#10663 = DIRECTION('',(1.,0.));
#10664 = ( GEOMETRIC_REPRESENTATION_CONTEXT(2) 
PARAMETRIC_REPRESENTATION_CONTEXT() REPRESENTATION_CONTEXT('2D SPACE',''
  ) );
#10665 = ORIENTED_EDGE('',*,*,#10666,.F.);
#10666 = EDGE_CURVE('',#10667,#10632,#10669,.T.);
#10667 = VERTEX_POINT('',#10668);
#10668 = CARTESIAN_POINT('',(-1.3916E+03,3.5618E+03,1.907E+03));
#10669 = SURFACE_CURVE('',#10670,(#10674,#10681),.PCURVE_S1.);
#10670 = LINE('',#10671,#10672);
#10671 = CARTESIAN_POINT('',(-1.3916E+03,3.3868E+03,1.907E+03));
#10672 = VECTOR('',#10673,1.);
#10673 = DIRECTION('',(-1.110223024625E-16,-1.,0.));
#10674 = PCURVE('',#10642,#10675);
#10675 = DEFINITIONAL_REPRESENTATION('',(#10676),#10680);
#10676 = LINE('',#10677,#10678);
#10677 = CARTESIAN_POINT('',(193.,287.));
#10678 = VECTOR('',#10679,1.);
#10679 = DIRECTION('',(-1.,0.));
#10680 = ( GEOMETRIC_REPRESENTATION_CONTEXT(2) 
PARAMETRIC_REPRESENTATION_CONTEXT() REPRESENTATION_CONTEXT('2D SPACE',''
  ) );
#10681 = PCURVE('',#10682,#10687);
#10682 = PLANE('',#10683);
#10683 = AXIS2_PLACEMENT_3D('',#10684,#10685,#10686);
#10684 = CARTESIAN_POINT('',(-1.3916E+03,3.5618E+03,1.907E+03));
#10685 = DIRECTION('',(-1.,1.110223024625E-16,0.));
#10686 = DIRECTION('',(-1.110223024625E-16,-1.,0.));
#10687 = DEFINITIONAL_REPRESENTATION('',(#10688),#10692);
#10688 = LINE('',#10689,#10690);
#10689 = CARTESIAN_POINT('',(175.,0.));
#10690 = VECTOR('',#10691,1.);
#10691 = DIRECTION('',(1.,0.));
#10692 = ( GEOMETRIC_REPRESENTATION_CONTEXT(2) 
PARAMETRIC_REPRESENTATION_CONTEXT() REPRESENTATION_CONTEXT('2D SPACE',''
  ) );
#10693 = ORIENTED_EDGE('',*,*,#10694,.F.);
#10694 = EDGE_CURVE('',#10695,#10667,#10697,.T.);
#10695 = VERTEX_POINT('',#10696);
#10696 = CARTESIAN_POINT('',(-1.1196E+03,3.5618E+03,1.907E+03));
#10697 = SURFACE_CURVE('',#10698,(#10702,#10709),.PCURVE_S1.);
#10698 = LINE('',#10699,#10700);
#10699 = CARTESIAN_POINT('',(-1.2556E+03,3.5618E+03,1.907E+03));
#10700 = VECTOR('',#10701,1.);
#10701 = DIRECTION('',(-1.,1.110223024625E-16,0.));
#10702 = PCURVE('',#10642,#10703);
#10703 = DEFINITIONAL_REPRESENTATION('',(#10704),#10708);
#10704 = LINE('',#10705,#10706);
#10705 = CARTESIAN_POINT('',(368.,151.));
#10706 = VECTOR('',#10707,1.);
#10707 = DIRECTION('',(0.,1.));
#10708 = ( GEOMETRIC_REPRESENTATION_CONTEXT(2) 
PARAMETRIC_REPRESENTATION_CONTEXT() REPRESENTATION_CONTEXT('2D SPACE',''
  ) );
#10709 = PCURVE('',#10710,#10715);
#10710 = PLANE('',#10711);
#10711 = AXIS2_PLACEMENT_3D('',#10712,#10713,#10714);
#10712 = CARTESIAN_POINT('',(-1.1196E+03,3.5618E+03,1.907E+03));
#10713 = DIRECTION('',(1.110223024625E-16,1.,0.));
#10714 = DIRECTION('',(-1.,1.110223024625E-16,0.));
#10715 = DEFINITIONAL_REPRESENTATION('',(#10716),#10720);
#10716 = LINE('',#10717,#10718);
#10717 = CARTESIAN_POINT('',(136.,0.));
#10718 = VECTOR('',#10719,1.);
#10719 = DIRECTION('',(1.,0.));
#10720 = ( GEOMETRIC_REPRESENTATION_CONTEXT(2) 
PARAMETRIC_REPRESENTATION_CONTEXT() REPRESENTATION_CONTEXT('2D SPACE',''
  ) );
#10721 = ORIENTED_EDGE('',*,*,#10722,.F.);
#10722 = EDGE_CURVE('',#10634,#10695,#10723,.T.);
#10723 = SURFACE_CURVE('',#10724,(#10728,#10735),.PCURVE_S1.);
#10724 = LINE('',#10725,#10726);
#10725 = CARTESIAN_POINT('',(-1.1196E+03,3.3868E+03,1.907E+03));
#10726 = VECTOR('',#10727,1.);
#10727 = DIRECTION('',(1.110223024625E-16,1.,0.));
#10728 = PCURVE('',#10642,#10729);
#10729 = DEFINITIONAL_REPRESENTATION('',(#10730),#10734);
#10730 = LINE('',#10731,#10732);
#10731 = CARTESIAN_POINT('',(193.,15.));
#10732 = VECTOR('',#10733,1.);
#10733 = DIRECTION('',(1.,0.));
#10734 = ( GEOMETRIC_REPRESENTATION_CONTEXT(2) 
PARAMETRIC_REPRESENTATION_CONTEXT() REPRESENTATION_CONTEXT('2D SPACE',''
  ) );
#10735 = PCURVE('',#10736,#10741);
#10736 = PLANE('',#10737);
#10737 = AXIS2_PLACEMENT_3D('',#10738,#10739,#10740);
#10738 = CARTESIAN_POINT('',(-1.1196E+03,3.2118E+03,1.907E+03));
#10739 = DIRECTION('',(1.,-1.110223024625E-16,0.));
#10740 = DIRECTION('',(1.110223024625E-16,1.,0.));
#10741 = DEFINITIONAL_REPRESENTATION('',(#10742),#10746);
#10742 = LINE('',#10743,#10744);
#10743 = CARTESIAN_POINT('',(175.,0.));
#10744 = VECTOR('',#10745,1.);
#10745 = DIRECTION('',(1.,0.));
#10746 = ( GEOMETRIC_REPRESENTATION_CONTEXT(2) 
PARAMETRIC_REPRESENTATION_CONTEXT() REPRESENTATION_CONTEXT('2D SPACE',''
  ) );
#10747 = ADVANCED_FACE('',(#10748),#10762,.T.);
#10748 = FACE_BOUND('',#10749,.T.);
#10749 = EDGE_LOOP('',(#10750,#10780,#10803,#10826));
#10750 = ORIENTED_EDGE('',*,*,#10751,.T.);
#10751 = EDGE_CURVE('',#10752,#10754,#10756,.T.);
#10752 = VERTEX_POINT('',#10753);
#10753 = CARTESIAN_POINT('',(-1.3916E+03,3.2118E+03,1.937E+03));
#10754 = VERTEX_POINT('',#10755);
#10755 = CARTESIAN_POINT('',(-1.1196E+03,3.2118E+03,1.937E+03));
#10756 = SURFACE_CURVE('',#10757,(#10761,#10773),.PCURVE_S1.);
#10757 = LINE('',#10758,#10759);
#10758 = CARTESIAN_POINT('',(-1.2556E+03,3.2118E+03,1.937E+03));
#10759 = VECTOR('',#10760,1.);
#10760 = DIRECTION('',(1.,-1.110223024625E-16,0.));
#10761 = PCURVE('',#10762,#10767);
#10762 = PLANE('',#10763);
#10763 = AXIS2_PLACEMENT_3D('',#10764,#10765,#10766);
#10764 = CARTESIAN_POINT('',(-1.1046E+03,3.1938E+03,1.937E+03));
#10765 = DIRECTION('',(0.,0.,1.));
#10766 = DIRECTION('',(1.110223024625E-16,1.,0.));
#10767 = DEFINITIONAL_REPRESENTATION('',(#10768),#10772);
#10768 = LINE('',#10769,#10770);
#10769 = CARTESIAN_POINT('',(18.,151.));
#10770 = VECTOR('',#10771,1.);
#10771 = DIRECTION('',(0.,-1.));
#10772 = ( GEOMETRIC_REPRESENTATION_CONTEXT(2) 
PARAMETRIC_REPRESENTATION_CONTEXT() REPRESENTATION_CONTEXT('2D SPACE',''
  ) );
#10773 = PCURVE('',#10654,#10774);
#10774 = DEFINITIONAL_REPRESENTATION('',(#10775),#10779);
#10775 = LINE('',#10776,#10777);
#10776 = CARTESIAN_POINT('',(136.,30.));
#10777 = VECTOR('',#10778,1.);
#10778 = DIRECTION('',(1.,0.));
#10779 = ( GEOMETRIC_REPRESENTATION_CONTEXT(2) 
PARAMETRIC_REPRESENTATION_CONTEXT() REPRESENTATION_CONTEXT('2D SPACE',''
  ) );
#10780 = ORIENTED_EDGE('',*,*,#10781,.T.);
#10781 = EDGE_CURVE('',#10754,#10782,#10784,.T.);
#10782 = VERTEX_POINT('',#10783);
#10783 = CARTESIAN_POINT('',(-1.1196E+03,3.5618E+03,1.937E+03));
#10784 = SURFACE_CURVE('',#10785,(#10789,#10796),.PCURVE_S1.);
#10785 = LINE('',#10786,#10787);
#10786 = CARTESIAN_POINT('',(-1.1196E+03,3.3868E+03,1.937E+03));
#10787 = VECTOR('',#10788,1.);
#10788 = DIRECTION('',(1.110223024625E-16,1.,0.));
#10789 = PCURVE('',#10762,#10790);
#10790 = DEFINITIONAL_REPRESENTATION('',(#10791),#10795);
#10791 = LINE('',#10792,#10793);
#10792 = CARTESIAN_POINT('',(193.,15.));
#10793 = VECTOR('',#10794,1.);
#10794 = DIRECTION('',(1.,0.));
#10795 = ( GEOMETRIC_REPRESENTATION_CONTEXT(2) 
PARAMETRIC_REPRESENTATION_CONTEXT() REPRESENTATION_CONTEXT('2D SPACE',''
  ) );
#10796 = PCURVE('',#10736,#10797);
#10797 = DEFINITIONAL_REPRESENTATION('',(#10798),#10802);
#10798 = LINE('',#10799,#10800);
#10799 = CARTESIAN_POINT('',(175.,30.));
#10800 = VECTOR('',#10801,1.);
#10801 = DIRECTION('',(1.,0.));
#10802 = ( GEOMETRIC_REPRESENTATION_CONTEXT(2) 
PARAMETRIC_REPRESENTATION_CONTEXT() REPRESENTATION_CONTEXT('2D SPACE',''
  ) );
#10803 = ORIENTED_EDGE('',*,*,#10804,.T.);
#10804 = EDGE_CURVE('',#10782,#10805,#10807,.T.);
#10805 = VERTEX_POINT('',#10806);
#10806 = CARTESIAN_POINT('',(-1.3916E+03,3.5618E+03,1.937E+03));
#10807 = SURFACE_CURVE('',#10808,(#10812,#10819),.PCURVE_S1.);
#10808 = LINE('',#10809,#10810);
#10809 = CARTESIAN_POINT('',(-1.2556E+03,3.5618E+03,1.937E+03));
#10810 = VECTOR('',#10811,1.);
#10811 = DIRECTION('',(-1.,1.110223024625E-16,0.));
#10812 = PCURVE('',#10762,#10813);
#10813 = DEFINITIONAL_REPRESENTATION('',(#10814),#10818);
#10814 = LINE('',#10815,#10816);
#10815 = CARTESIAN_POINT('',(368.,151.));
#10816 = VECTOR('',#10817,1.);
#10817 = DIRECTION('',(0.,1.));
#10818 = ( GEOMETRIC_REPRESENTATION_CONTEXT(2) 
PARAMETRIC_REPRESENTATION_CONTEXT() REPRESENTATION_CONTEXT('2D SPACE',''
  ) );
#10819 = PCURVE('',#10710,#10820);
#10820 = DEFINITIONAL_REPRESENTATION('',(#10821),#10825);
#10821 = LINE('',#10822,#10823);
#10822 = CARTESIAN_POINT('',(136.,30.));
#10823 = VECTOR('',#10824,1.);
#10824 = DIRECTION('',(1.,0.));
#10825 = ( GEOMETRIC_REPRESENTATION_CONTEXT(2) 
PARAMETRIC_REPRESENTATION_CONTEXT() REPRESENTATION_CONTEXT('2D SPACE',''
  ) );
#10826 = ORIENTED_EDGE('',*,*,#10827,.T.);
#10827 = EDGE_CURVE('',#10805,#10752,#10828,.T.);
#10828 = SURFACE_CURVE('',#10829,(#10833,#10840),.PCURVE_S1.);
#10829 = LINE('',#10830,#10831);
#10830 = CARTESIAN_POINT('',(-1.3916E+03,3.3868E+03,1.937E+03));
#10831 = VECTOR('',#10832,1.);
#10832 = DIRECTION('',(-1.110223024625E-16,-1.,0.));
#10833 = PCURVE('',#10762,#10834);
#10834 = DEFINITIONAL_REPRESENTATION('',(#10835),#10839);
#10835 = LINE('',#10836,#10837);
#10836 = CARTESIAN_POINT('',(193.,287.));
#10837 = VECTOR('',#10838,1.);
#10838 = DIRECTION('',(-1.,0.));
#10839 = ( GEOMETRIC_REPRESENTATION_CONTEXT(2) 
PARAMETRIC_REPRESENTATION_CONTEXT() REPRESENTATION_CONTEXT('2D SPACE',''
  ) );
#10840 = PCURVE('',#10682,#10841);
#10841 = DEFINITIONAL_REPRESENTATION('',(#10842),#10846);
#10842 = LINE('',#10843,#10844);
#10843 = CARTESIAN_POINT('',(175.,30.));
#10844 = VECTOR('',#10845,1.);
#10845 = DIRECTION('',(1.,0.));
#10846 = ( GEOMETRIC_REPRESENTATION_CONTEXT(2) 
PARAMETRIC_REPRESENTATION_CONTEXT() REPRESENTATION_CONTEXT('2D SPACE',''
  ) );
#10847 = ADVANCED_FACE('',(#10848),#10654,.T.);
#10848 = FACE_BOUND('',#10849,.T.);
#10849 = EDGE_LOOP('',(#10850,#10871,#10872,#10893));
#10850 = ORIENTED_EDGE('',*,*,#10851,.F.);
#10851 = EDGE_CURVE('',#10632,#10752,#10852,.T.);
#10852 = SURFACE_CURVE('',#10853,(#10857,#10864),.PCURVE_S1.);
#10853 = LINE('',#10854,#10855);
#10854 = CARTESIAN_POINT('',(-1.3916E+03,3.2118E+03,1.922E+03));
#10855 = VECTOR('',#10856,1.);
#10856 = DIRECTION('',(0.,0.,1.));
#10857 = PCURVE('',#10654,#10858);
#10858 = DEFINITIONAL_REPRESENTATION('',(#10859),#10863);
#10859 = LINE('',#10860,#10861);
#10860 = CARTESIAN_POINT('',(0.,15.));
#10861 = VECTOR('',#10862,1.);
#10862 = DIRECTION('',(0.,1.));
#10863 = ( GEOMETRIC_REPRESENTATION_CONTEXT(2) 
PARAMETRIC_REPRESENTATION_CONTEXT() REPRESENTATION_CONTEXT('2D SPACE',''
  ) );
#10864 = PCURVE('',#10682,#10865);
#10865 = DEFINITIONAL_REPRESENTATION('',(#10866),#10870);
#10866 = LINE('',#10867,#10868);
#10867 = CARTESIAN_POINT('',(350.,15.));
#10868 = VECTOR('',#10869,1.);
#10869 = DIRECTION('',(0.,1.));
#10870 = ( GEOMETRIC_REPRESENTATION_CONTEXT(2) 
PARAMETRIC_REPRESENTATION_CONTEXT() REPRESENTATION_CONTEXT('2D SPACE',''
  ) );
#10871 = ORIENTED_EDGE('',*,*,#10631,.T.);
#10872 = ORIENTED_EDGE('',*,*,#10873,.T.);
#10873 = EDGE_CURVE('',#10634,#10754,#10874,.T.);
#10874 = SURFACE_CURVE('',#10875,(#10879,#10886),.PCURVE_S1.);
#10875 = LINE('',#10876,#10877);
#10876 = CARTESIAN_POINT('',(-1.1196E+03,3.2118E+03,1.922E+03));
#10877 = VECTOR('',#10878,1.);
#10878 = DIRECTION('',(0.,0.,1.));
#10879 = PCURVE('',#10654,#10880);
#10880 = DEFINITIONAL_REPRESENTATION('',(#10881),#10885);
#10881 = LINE('',#10882,#10883);
#10882 = CARTESIAN_POINT('',(272.,15.));
#10883 = VECTOR('',#10884,1.);
#10884 = DIRECTION('',(0.,1.));
#10885 = ( GEOMETRIC_REPRESENTATION_CONTEXT(2) 
PARAMETRIC_REPRESENTATION_CONTEXT() REPRESENTATION_CONTEXT('2D SPACE',''
  ) );
#10886 = PCURVE('',#10736,#10887);
#10887 = DEFINITIONAL_REPRESENTATION('',(#10888),#10892);
#10888 = LINE('',#10889,#10890);
#10889 = CARTESIAN_POINT('',(0.,15.));
#10890 = VECTOR('',#10891,1.);
#10891 = DIRECTION('',(0.,1.));
#10892 = ( GEOMETRIC_REPRESENTATION_CONTEXT(2) 
PARAMETRIC_REPRESENTATION_CONTEXT() REPRESENTATION_CONTEXT('2D SPACE',''
  ) );
#10893 = ORIENTED_EDGE('',*,*,#10751,.F.);
#10894 = ADVANCED_FACE('',(#10895),#10682,.T.);
#10895 = FACE_BOUND('',#10896,.T.);
#10896 = EDGE_LOOP('',(#10897,#10918,#10919,#10920));
#10897 = ORIENTED_EDGE('',*,*,#10898,.F.);
#10898 = EDGE_CURVE('',#10667,#10805,#10899,.T.);
#10899 = SURFACE_CURVE('',#10900,(#10904,#10911),.PCURVE_S1.);
#10900 = LINE('',#10901,#10902);
#10901 = CARTESIAN_POINT('',(-1.3916E+03,3.5618E+03,1.922E+03));
#10902 = VECTOR('',#10903,1.);
#10903 = DIRECTION('',(0.,0.,1.));
#10904 = PCURVE('',#10682,#10905);
#10905 = DEFINITIONAL_REPRESENTATION('',(#10906),#10910);
#10906 = LINE('',#10907,#10908);
#10907 = CARTESIAN_POINT('',(0.,15.));
#10908 = VECTOR('',#10909,1.);
#10909 = DIRECTION('',(0.,1.));
#10910 = ( GEOMETRIC_REPRESENTATION_CONTEXT(2) 
PARAMETRIC_REPRESENTATION_CONTEXT() REPRESENTATION_CONTEXT('2D SPACE',''
  ) );
#10911 = PCURVE('',#10710,#10912);
#10912 = DEFINITIONAL_REPRESENTATION('',(#10913),#10917);
#10913 = LINE('',#10914,#10915);
#10914 = CARTESIAN_POINT('',(272.,15.));
#10915 = VECTOR('',#10916,1.);
#10916 = DIRECTION('',(0.,1.));
#10917 = ( GEOMETRIC_REPRESENTATION_CONTEXT(2) 
PARAMETRIC_REPRESENTATION_CONTEXT() REPRESENTATION_CONTEXT('2D SPACE',''
  ) );
#10918 = ORIENTED_EDGE('',*,*,#10666,.T.);
#10919 = ORIENTED_EDGE('',*,*,#10851,.T.);
#10920 = ORIENTED_EDGE('',*,*,#10827,.F.);
#10921 = ADVANCED_FACE('',(#10922),#10710,.T.);
#10922 = FACE_BOUND('',#10923,.T.);
#10923 = EDGE_LOOP('',(#10924,#10945,#10946,#10947));
#10924 = ORIENTED_EDGE('',*,*,#10925,.F.);
#10925 = EDGE_CURVE('',#10695,#10782,#10926,.T.);
#10926 = SURFACE_CURVE('',#10927,(#10931,#10938),.PCURVE_S1.);
#10927 = LINE('',#10928,#10929);
#10928 = CARTESIAN_POINT('',(-1.1196E+03,3.5618E+03,1.922E+03));
#10929 = VECTOR('',#10930,1.);
#10930 = DIRECTION('',(0.,0.,1.));
#10931 = PCURVE('',#10710,#10932);
#10932 = DEFINITIONAL_REPRESENTATION('',(#10933),#10937);
#10933 = LINE('',#10934,#10935);
#10934 = CARTESIAN_POINT('',(0.,15.));
#10935 = VECTOR('',#10936,1.);
#10936 = DIRECTION('',(0.,1.));
#10937 = ( GEOMETRIC_REPRESENTATION_CONTEXT(2) 
PARAMETRIC_REPRESENTATION_CONTEXT() REPRESENTATION_CONTEXT('2D SPACE',''
  ) );
#10938 = PCURVE('',#10736,#10939);
#10939 = DEFINITIONAL_REPRESENTATION('',(#10940),#10944);
#10940 = LINE('',#10941,#10942);
#10941 = CARTESIAN_POINT('',(350.,15.));
#10942 = VECTOR('',#10943,1.);
#10943 = DIRECTION('',(0.,1.));
#10944 = ( GEOMETRIC_REPRESENTATION_CONTEXT(2) 
PARAMETRIC_REPRESENTATION_CONTEXT() REPRESENTATION_CONTEXT('2D SPACE',''
  ) );
#10945 = ORIENTED_EDGE('',*,*,#10694,.T.);
#10946 = ORIENTED_EDGE('',*,*,#10898,.T.);
#10947 = ORIENTED_EDGE('',*,*,#10804,.F.);
#10948 = ADVANCED_FACE('',(#10949),#10736,.T.);
#10949 = FACE_BOUND('',#10950,.T.);
#10950 = EDGE_LOOP('',(#10951,#10952,#10953,#10954));
#10951 = ORIENTED_EDGE('',*,*,#10873,.F.);
#10952 = ORIENTED_EDGE('',*,*,#10722,.T.);
#10953 = ORIENTED_EDGE('',*,*,#10925,.T.);
#10954 = ORIENTED_EDGE('',*,*,#10781,.F.);
#10955 = ( GEOMETRIC_REPRESENTATION_CONTEXT(3) 
GLOBAL_UNCERTAINTY_ASSIGNED_CONTEXT((#10959)) 
GLOBAL_UNIT_ASSIGNED_CONTEXT((#10956,#10957,#10958)) 
REPRESENTATION_CONTEXT('Context #1',
  '3D Context with UNIT and UNCERTAINTY') );
#10956 = ( LENGTH_UNIT() NAMED_UNIT(*) SI_UNIT(.MILLI.,.METRE.) );
#10957 = ( NAMED_UNIT(*) PLANE_ANGLE_UNIT() SI_UNIT($,.RADIAN.) );
#10958 = ( NAMED_UNIT(*) SI_UNIT($,.STERADIAN.) SOLID_ANGLE_UNIT() );
#10959 = UNCERTAINTY_MEASURE_WITH_UNIT(LENGTH_MEASURE(1.E-07),#10956,
  'distance_accuracy_value','confusion accuracy');
#10960 = CONTEXT_DEPENDENT_SHAPE_REPRESENTATION(#10961,#10963);
#10961 = ( REPRESENTATION_RELATIONSHIP('','',#10624,#10) 
REPRESENTATION_RELATIONSHIP_WITH_TRANSFORMATION(#10962) 
SHAPE_REPRESENTATION_RELATIONSHIP() );
#10962 = ITEM_DEFINED_TRANSFORMATION('','',#11,#127);
#10963 = PRODUCT_DEFINITION_SHAPE('Placement','Placement of an item',
  #10964);
#10964 = NEXT_ASSEMBLY_USAGE_OCCURRENCE('280','','',#5,#10619,$);
#10965 = PRODUCT_RELATED_PRODUCT_CATEGORY('part',$,(#10621));
#10966 = SHAPE_DEFINITION_REPRESENTATION(#10967,#10973);
#10967 = PRODUCT_DEFINITION_SHAPE('','',#10968);
#10968 = PRODUCT_DEFINITION('design','',#10969,#10972);
#10969 = PRODUCT_DEFINITION_FORMATION('','',#10970);
#10970 = PRODUCT('Open CASCADE STEP translator 7.9 4.30',
  'Open CASCADE STEP translator 7.9 4.30','',(#10971));
#10971 = PRODUCT_CONTEXT('',#2,'mechanical');
#10972 = PRODUCT_DEFINITION_CONTEXT('part definition',#2,'design');
#10973 = ADVANCED_BREP_SHAPE_REPRESENTATION('',(#11,#10974),#11304);
#10974 = MANIFOLD_SOLID_BREP('',#10975);
#10975 = CLOSED_SHELL('',(#10976,#11096,#11196,#11243,#11270,#11297));
#10976 = ADVANCED_FACE('',(#10977),#10991,.F.);
#10977 = FACE_BOUND('',#10978,.T.);
#10978 = EDGE_LOOP('',(#10979,#11014,#11042,#11070));
#10979 = ORIENTED_EDGE('',*,*,#10980,.F.);
#10980 = EDGE_CURVE('',#10981,#10983,#10985,.T.);
#10981 = VERTEX_POINT('',#10982);
#10982 = CARTESIAN_POINT('',(-1.3916E+03,3.2118E+03,2.247E+03));
#10983 = VERTEX_POINT('',#10984);
#10984 = CARTESIAN_POINT('',(-1.1196E+03,3.2118E+03,2.247E+03));
#10985 = SURFACE_CURVE('',#10986,(#10990,#11002),.PCURVE_S1.);
#10986 = LINE('',#10987,#10988);
#10987 = CARTESIAN_POINT('',(-1.2556E+03,3.2118E+03,2.247E+03));
#10988 = VECTOR('',#10989,1.);
#10989 = DIRECTION('',(1.,-1.110223024625E-16,0.));
#10990 = PCURVE('',#10991,#10996);
#10991 = PLANE('',#10992);
#10992 = AXIS2_PLACEMENT_3D('',#10993,#10994,#10995);
#10993 = CARTESIAN_POINT('',(-1.1046E+03,3.1938E+03,2.247E+03));
#10994 = DIRECTION('',(0.,0.,1.));
#10995 = DIRECTION('',(1.110223024625E-16,1.,0.));
#10996 = DEFINITIONAL_REPRESENTATION('',(#10997),#11001);
#10997 = LINE('',#10998,#10999);
#10998 = CARTESIAN_POINT('',(18.,151.));
#10999 = VECTOR('',#11000,1.);
#11000 = DIRECTION('',(0.,-1.));
#11001 = ( GEOMETRIC_REPRESENTATION_CONTEXT(2) 
PARAMETRIC_REPRESENTATION_CONTEXT() REPRESENTATION_CONTEXT('2D SPACE',''
  ) );
#11002 = PCURVE('',#11003,#11008);
#11003 = PLANE('',#11004);
#11004 = AXIS2_PLACEMENT_3D('',#11005,#11006,#11007);
#11005 = CARTESIAN_POINT('',(-1.3916E+03,3.2118E+03,2.247E+03));
#11006 = DIRECTION('',(-1.110223024625E-16,-1.,0.));
#11007 = DIRECTION('',(1.,-1.110223024625E-16,0.));
#11008 = DEFINITIONAL_REPRESENTATION('',(#11009),#11013);
#11009 = LINE('',#11010,#11011);
#11010 = CARTESIAN_POINT('',(136.,0.));
#11011 = VECTOR('',#11012,1.);
#11012 = DIRECTION('',(1.,0.));
#11013 = ( GEOMETRIC_REPRESENTATION_CONTEXT(2) 
PARAMETRIC_REPRESENTATION_CONTEXT() REPRESENTATION_CONTEXT('2D SPACE',''
  ) );
#11014 = ORIENTED_EDGE('',*,*,#11015,.F.);
#11015 = EDGE_CURVE('',#11016,#10981,#11018,.T.);
#11016 = VERTEX_POINT('',#11017);
#11017 = CARTESIAN_POINT('',(-1.3916E+03,3.5618E+03,2.247E+03));
#11018 = SURFACE_CURVE('',#11019,(#11023,#11030),.PCURVE_S1.);
#11019 = LINE('',#11020,#11021);
#11020 = CARTESIAN_POINT('',(-1.3916E+03,3.3868E+03,2.247E+03));
#11021 = VECTOR('',#11022,1.);
#11022 = DIRECTION('',(-1.110223024625E-16,-1.,0.));
#11023 = PCURVE('',#10991,#11024);
#11024 = DEFINITIONAL_REPRESENTATION('',(#11025),#11029);
#11025 = LINE('',#11026,#11027);
#11026 = CARTESIAN_POINT('',(193.,287.));
#11027 = VECTOR('',#11028,1.);
#11028 = DIRECTION('',(-1.,0.));
#11029 = ( GEOMETRIC_REPRESENTATION_CONTEXT(2) 
PARAMETRIC_REPRESENTATION_CONTEXT() REPRESENTATION_CONTEXT('2D SPACE',''
  ) );
#11030 = PCURVE('',#11031,#11036);
#11031 = PLANE('',#11032);
#11032 = AXIS2_PLACEMENT_3D('',#11033,#11034,#11035);
#11033 = CARTESIAN_POINT('',(-1.3916E+03,3.5618E+03,2.247E+03));
#11034 = DIRECTION('',(-1.,1.110223024625E-16,0.));
#11035 = DIRECTION('',(-1.110223024625E-16,-1.,0.));
#11036 = DEFINITIONAL_REPRESENTATION('',(#11037),#11041);
#11037 = LINE('',#11038,#11039);
#11038 = CARTESIAN_POINT('',(175.,0.));
#11039 = VECTOR('',#11040,1.);
#11040 = DIRECTION('',(1.,0.));
#11041 = ( GEOMETRIC_REPRESENTATION_CONTEXT(2) 
PARAMETRIC_REPRESENTATION_CONTEXT() REPRESENTATION_CONTEXT('2D SPACE',''
  ) );
#11042 = ORIENTED_EDGE('',*,*,#11043,.F.);
#11043 = EDGE_CURVE('',#11044,#11016,#11046,.T.);
#11044 = VERTEX_POINT('',#11045);
#11045 = CARTESIAN_POINT('',(-1.1196E+03,3.5618E+03,2.247E+03));
#11046 = SURFACE_CURVE('',#11047,(#11051,#11058),.PCURVE_S1.);
#11047 = LINE('',#11048,#11049);
#11048 = CARTESIAN_POINT('',(-1.2556E+03,3.5618E+03,2.247E+03));
#11049 = VECTOR('',#11050,1.);
#11050 = DIRECTION('',(-1.,1.110223024625E-16,0.));
#11051 = PCURVE('',#10991,#11052);
#11052 = DEFINITIONAL_REPRESENTATION('',(#11053),#11057);
#11053 = LINE('',#11054,#11055);
#11054 = CARTESIAN_POINT('',(368.,151.));
#11055 = VECTOR('',#11056,1.);
#11056 = DIRECTION('',(0.,1.));
#11057 = ( GEOMETRIC_REPRESENTATION_CONTEXT(2) 
PARAMETRIC_REPRESENTATION_CONTEXT() REPRESENTATION_CONTEXT('2D SPACE',''
  ) );
#11058 = PCURVE('',#11059,#11064);
#11059 = PLANE('',#11060);
#11060 = AXIS2_PLACEMENT_3D('',#11061,#11062,#11063);
#11061 = CARTESIAN_POINT('',(-1.1196E+03,3.5618E+03,2.247E+03));
#11062 = DIRECTION('',(1.110223024625E-16,1.,0.));
#11063 = DIRECTION('',(-1.,1.110223024625E-16,0.));
#11064 = DEFINITIONAL_REPRESENTATION('',(#11065),#11069);
#11065 = LINE('',#11066,#11067);
#11066 = CARTESIAN_POINT('',(136.,0.));
#11067 = VECTOR('',#11068,1.);
#11068 = DIRECTION('',(1.,0.));
#11069 = ( GEOMETRIC_REPRESENTATION_CONTEXT(2) 
PARAMETRIC_REPRESENTATION_CONTEXT() REPRESENTATION_CONTEXT('2D SPACE',''
  ) );
#11070 = ORIENTED_EDGE('',*,*,#11071,.F.);
#11071 = EDGE_CURVE('',#10983,#11044,#11072,.T.);
#11072 = SURFACE_CURVE('',#11073,(#11077,#11084),.PCURVE_S1.);
#11073 = LINE('',#11074,#11075);
#11074 = CARTESIAN_POINT('',(-1.1196E+03,3.3868E+03,2.247E+03));
#11075 = VECTOR('',#11076,1.);
#11076 = DIRECTION('',(1.110223024625E-16,1.,0.));
#11077 = PCURVE('',#10991,#11078);
#11078 = DEFINITIONAL_REPRESENTATION('',(#11079),#11083);
#11079 = LINE('',#11080,#11081);
#11080 = CARTESIAN_POINT('',(193.,15.));
#11081 = VECTOR('',#11082,1.);
#11082 = DIRECTION('',(1.,0.));
#11083 = ( GEOMETRIC_REPRESENTATION_CONTEXT(2) 
PARAMETRIC_REPRESENTATION_CONTEXT() REPRESENTATION_CONTEXT('2D SPACE',''
  ) );
#11084 = PCURVE('',#11085,#11090);
#11085 = PLANE('',#11086);
#11086 = AXIS2_PLACEMENT_3D('',#11087,#11088,#11089);
#11087 = CARTESIAN_POINT('',(-1.1196E+03,3.2118E+03,2.247E+03));
#11088 = DIRECTION('',(1.,-1.110223024625E-16,0.));
#11089 = DIRECTION('',(1.110223024625E-16,1.,0.));
#11090 = DEFINITIONAL_REPRESENTATION('',(#11091),#11095);
#11091 = LINE('',#11092,#11093);
#11092 = CARTESIAN_POINT('',(175.,0.));
#11093 = VECTOR('',#11094,1.);
#11094 = DIRECTION('',(1.,0.));
#11095 = ( GEOMETRIC_REPRESENTATION_CONTEXT(2) 
PARAMETRIC_REPRESENTATION_CONTEXT() REPRESENTATION_CONTEXT('2D SPACE',''
  ) );
#11096 = ADVANCED_FACE('',(#11097),#11111,.T.);
#11097 = FACE_BOUND('',#11098,.T.);
#11098 = EDGE_LOOP('',(#11099,#11129,#11152,#11175));
#11099 = ORIENTED_EDGE('',*,*,#11100,.T.);
#11100 = EDGE_CURVE('',#11101,#11103,#11105,.T.);
#11101 = VERTEX_POINT('',#11102);
#11102 = CARTESIAN_POINT('',(-1.3916E+03,3.2118E+03,2.265E+03));
#11103 = VERTEX_POINT('',#11104);
#11104 = CARTESIAN_POINT('',(-1.1196E+03,3.2118E+03,2.265E+03));
#11105 = SURFACE_CURVE('',#11106,(#11110,#11122),.PCURVE_S1.);
#11106 = LINE('',#11107,#11108);
#11107 = CARTESIAN_POINT('',(-1.2556E+03,3.2118E+03,2.265E+03));
#11108 = VECTOR('',#11109,1.);
#11109 = DIRECTION('',(1.,-1.110223024625E-16,0.));
#11110 = PCURVE('',#11111,#11116);
#11111 = PLANE('',#11112);
#11112 = AXIS2_PLACEMENT_3D('',#11113,#11114,#11115);
#11113 = CARTESIAN_POINT('',(-1.1046E+03,3.1938E+03,2.265E+03));
#11114 = DIRECTION('',(0.,0.,1.));
#11115 = DIRECTION('',(1.110223024625E-16,1.,0.));
#11116 = DEFINITIONAL_REPRESENTATION('',(#11117),#11121);
#11117 = LINE('',#11118,#11119);
#11118 = CARTESIAN_POINT('',(18.,151.));
#11119 = VECTOR('',#11120,1.);
#11120 = DIRECTION('',(0.,-1.));
#11121 = ( GEOMETRIC_REPRESENTATION_CONTEXT(2) 
PARAMETRIC_REPRESENTATION_CONTEXT() REPRESENTATION_CONTEXT('2D SPACE',''
  ) );
#11122 = PCURVE('',#11003,#11123);
#11123 = DEFINITIONAL_REPRESENTATION('',(#11124),#11128);
#11124 = LINE('',#11125,#11126);
#11125 = CARTESIAN_POINT('',(136.,18.));
#11126 = VECTOR('',#11127,1.);
#11127 = DIRECTION('',(1.,0.));
#11128 = ( GEOMETRIC_REPRESENTATION_CONTEXT(2) 
PARAMETRIC_REPRESENTATION_CONTEXT() REPRESENTATION_CONTEXT('2D SPACE',''
  ) );
#11129 = ORIENTED_EDGE('',*,*,#11130,.T.);
#11130 = EDGE_CURVE('',#11103,#11131,#11133,.T.);
#11131 = VERTEX_POINT('',#11132);
#11132 = CARTESIAN_POINT('',(-1.1196E+03,3.5618E+03,2.265E+03));
#11133 = SURFACE_CURVE('',#11134,(#11138,#11145),.PCURVE_S1.);
#11134 = LINE('',#11135,#11136);
#11135 = CARTESIAN_POINT('',(-1.1196E+03,3.3868E+03,2.265E+03));
#11136 = VECTOR('',#11137,1.);
#11137 = DIRECTION('',(1.110223024625E-16,1.,0.));
#11138 = PCURVE('',#11111,#11139);
#11139 = DEFINITIONAL_REPRESENTATION('',(#11140),#11144);
#11140 = LINE('',#11141,#11142);
#11141 = CARTESIAN_POINT('',(193.,15.));
#11142 = VECTOR('',#11143,1.);
#11143 = DIRECTION('',(1.,0.));
#11144 = ( GEOMETRIC_REPRESENTATION_CONTEXT(2) 
PARAMETRIC_REPRESENTATION_CONTEXT() REPRESENTATION_CONTEXT('2D SPACE',''
  ) );
#11145 = PCURVE('',#11085,#11146);
#11146 = DEFINITIONAL_REPRESENTATION('',(#11147),#11151);
#11147 = LINE('',#11148,#11149);
#11148 = CARTESIAN_POINT('',(175.,18.));
#11149 = VECTOR('',#11150,1.);
#11150 = DIRECTION('',(1.,0.));
#11151 = ( GEOMETRIC_REPRESENTATION_CONTEXT(2) 
PARAMETRIC_REPRESENTATION_CONTEXT() REPRESENTATION_CONTEXT('2D SPACE',''
  ) );
#11152 = ORIENTED_EDGE('',*,*,#11153,.T.);
#11153 = EDGE_CURVE('',#11131,#11154,#11156,.T.);
#11154 = VERTEX_POINT('',#11155);
#11155 = CARTESIAN_POINT('',(-1.3916E+03,3.5618E+03,2.265E+03));
#11156 = SURFACE_CURVE('',#11157,(#11161,#11168),.PCURVE_S1.);
#11157 = LINE('',#11158,#11159);
#11158 = CARTESIAN_POINT('',(-1.2556E+03,3.5618E+03,2.265E+03));
#11159 = VECTOR('',#11160,1.);
#11160 = DIRECTION('',(-1.,1.110223024625E-16,0.));
#11161 = PCURVE('',#11111,#11162);
#11162 = DEFINITIONAL_REPRESENTATION('',(#11163),#11167);
#11163 = LINE('',#11164,#11165);
#11164 = CARTESIAN_POINT('',(368.,151.));
#11165 = VECTOR('',#11166,1.);
#11166 = DIRECTION('',(0.,1.));
#11167 = ( GEOMETRIC_REPRESENTATION_CONTEXT(2) 
PARAMETRIC_REPRESENTATION_CONTEXT() REPRESENTATION_CONTEXT('2D SPACE',''
  ) );
#11168 = PCURVE('',#11059,#11169);
#11169 = DEFINITIONAL_REPRESENTATION('',(#11170),#11174);
#11170 = LINE('',#11171,#11172);
#11171 = CARTESIAN_POINT('',(136.,18.));
#11172 = VECTOR('',#11173,1.);
#11173 = DIRECTION('',(1.,0.));
#11174 = ( GEOMETRIC_REPRESENTATION_CONTEXT(2) 
PARAMETRIC_REPRESENTATION_CONTEXT() REPRESENTATION_CONTEXT('2D SPACE',''
  ) );
#11175 = ORIENTED_EDGE('',*,*,#11176,.T.);
#11176 = EDGE_CURVE('',#11154,#11101,#11177,.T.);
#11177 = SURFACE_CURVE('',#11178,(#11182,#11189),.PCURVE_S1.);
#11178 = LINE('',#11179,#11180);
#11179 = CARTESIAN_POINT('',(-1.3916E+03,3.3868E+03,2.265E+03));
#11180 = VECTOR('',#11181,1.);
#11181 = DIRECTION('',(-1.110223024625E-16,-1.,0.));
#11182 = PCURVE('',#11111,#11183);
#11183 = DEFINITIONAL_REPRESENTATION('',(#11184),#11188);
#11184 = LINE('',#11185,#11186);
#11185 = CARTESIAN_POINT('',(193.,287.));
#11186 = VECTOR('',#11187,1.);
#11187 = DIRECTION('',(-1.,0.));
#11188 = ( GEOMETRIC_REPRESENTATION_CONTEXT(2) 
PARAMETRIC_REPRESENTATION_CONTEXT() REPRESENTATION_CONTEXT('2D SPACE',''
  ) );
#11189 = PCURVE('',#11031,#11190);
#11190 = DEFINITIONAL_REPRESENTATION('',(#11191),#11195);
#11191 = LINE('',#11192,#11193);
#11192 = CARTESIAN_POINT('',(175.,18.));
#11193 = VECTOR('',#11194,1.);
#11194 = DIRECTION('',(1.,0.));
#11195 = ( GEOMETRIC_REPRESENTATION_CONTEXT(2) 
PARAMETRIC_REPRESENTATION_CONTEXT() REPRESENTATION_CONTEXT('2D SPACE',''
  ) );
#11196 = ADVANCED_FACE('',(#11197),#11003,.T.);
#11197 = FACE_BOUND('',#11198,.T.);
#11198 = EDGE_LOOP('',(#11199,#11220,#11221,#11242));
#11199 = ORIENTED_EDGE('',*,*,#11200,.F.);
#11200 = EDGE_CURVE('',#10981,#11101,#11201,.T.);
#11201 = SURFACE_CURVE('',#11202,(#11206,#11213),.PCURVE_S1.);
#11202 = LINE('',#11203,#11204);
#11203 = CARTESIAN_POINT('',(-1.3916E+03,3.2118E+03,2.256E+03));
#11204 = VECTOR('',#11205,1.);
#11205 = DIRECTION('',(0.,0.,1.));
#11206 = PCURVE('',#11003,#11207);
#11207 = DEFINITIONAL_REPRESENTATION('',(#11208),#11212);
#11208 = LINE('',#11209,#11210);
#11209 = CARTESIAN_POINT('',(0.,9.));
#11210 = VECTOR('',#11211,1.);
#11211 = DIRECTION('',(0.,1.));
#11212 = ( GEOMETRIC_REPRESENTATION_CONTEXT(2) 
PARAMETRIC_REPRESENTATION_CONTEXT() REPRESENTATION_CONTEXT('2D SPACE',''
  ) );
#11213 = PCURVE('',#11031,#11214);
#11214 = DEFINITIONAL_REPRESENTATION('',(#11215),#11219);
#11215 = LINE('',#11216,#11217);
#11216 = CARTESIAN_POINT('',(350.,9.));
#11217 = VECTOR('',#11218,1.);
#11218 = DIRECTION('',(0.,1.));
#11219 = ( GEOMETRIC_REPRESENTATION_CONTEXT(2) 
PARAMETRIC_REPRESENTATION_CONTEXT() REPRESENTATION_CONTEXT('2D SPACE',''
  ) );
#11220 = ORIENTED_EDGE('',*,*,#10980,.T.);
#11221 = ORIENTED_EDGE('',*,*,#11222,.T.);
#11222 = EDGE_CURVE('',#10983,#11103,#11223,.T.);
#11223 = SURFACE_CURVE('',#11224,(#11228,#11235),.PCURVE_S1.);
#11224 = LINE('',#11225,#11226);
#11225 = CARTESIAN_POINT('',(-1.1196E+03,3.2118E+03,2.256E+03));
#11226 = VECTOR('',#11227,1.);
#11227 = DIRECTION('',(0.,0.,1.));
#11228 = PCURVE('',#11003,#11229);
#11229 = DEFINITIONAL_REPRESENTATION('',(#11230),#11234);
#11230 = LINE('',#11231,#11232);
#11231 = CARTESIAN_POINT('',(272.,9.));
#11232 = VECTOR('',#11233,1.);
#11233 = DIRECTION('',(0.,1.));
#11234 = ( GEOMETRIC_REPRESENTATION_CONTEXT(2) 
PARAMETRIC_REPRESENTATION_CONTEXT() REPRESENTATION_CONTEXT('2D SPACE',''
  ) );
#11235 = PCURVE('',#11085,#11236);
#11236 = DEFINITIONAL_REPRESENTATION('',(#11237),#11241);
#11237 = LINE('',#11238,#11239);
#11238 = CARTESIAN_POINT('',(0.,9.));
#11239 = VECTOR('',#11240,1.);
#11240 = DIRECTION('',(0.,1.));
#11241 = ( GEOMETRIC_REPRESENTATION_CONTEXT(2) 
PARAMETRIC_REPRESENTATION_CONTEXT() REPRESENTATION_CONTEXT('2D SPACE',''
  ) );
#11242 = ORIENTED_EDGE('',*,*,#11100,.F.);
#11243 = ADVANCED_FACE('',(#11244),#11031,.T.);
#11244 = FACE_BOUND('',#11245,.T.);
#11245 = EDGE_LOOP('',(#11246,#11267,#11268,#11269));
#11246 = ORIENTED_EDGE('',*,*,#11247,.F.);
#11247 = EDGE_CURVE('',#11016,#11154,#11248,.T.);
#11248 = SURFACE_CURVE('',#11249,(#11253,#11260),.PCURVE_S1.);
#11249 = LINE('',#11250,#11251);
#11250 = CARTESIAN_POINT('',(-1.3916E+03,3.5618E+03,2.256E+03));
#11251 = VECTOR('',#11252,1.);
#11252 = DIRECTION('',(0.,0.,1.));
#11253 = PCURVE('',#11031,#11254);
#11254 = DEFINITIONAL_REPRESENTATION('',(#11255),#11259);
#11255 = LINE('',#11256,#11257);
#11256 = CARTESIAN_POINT('',(0.,9.));
#11257 = VECTOR('',#11258,1.);
#11258 = DIRECTION('',(0.,1.));
#11259 = ( GEOMETRIC_REPRESENTATION_CONTEXT(2) 
PARAMETRIC_REPRESENTATION_CONTEXT() REPRESENTATION_CONTEXT('2D SPACE',''
  ) );
#11260 = PCURVE('',#11059,#11261);
#11261 = DEFINITIONAL_REPRESENTATION('',(#11262),#11266);
#11262 = LINE('',#11263,#11264);
#11263 = CARTESIAN_POINT('',(272.,9.));
#11264 = VECTOR('',#11265,1.);
#11265 = DIRECTION('',(0.,1.));
#11266 = ( GEOMETRIC_REPRESENTATION_CONTEXT(2) 
PARAMETRIC_REPRESENTATION_CONTEXT() REPRESENTATION_CONTEXT('2D SPACE',''
  ) );
#11267 = ORIENTED_EDGE('',*,*,#11015,.T.);
#11268 = ORIENTED_EDGE('',*,*,#11200,.T.);
#11269 = ORIENTED_EDGE('',*,*,#11176,.F.);
#11270 = ADVANCED_FACE('',(#11271),#11059,.T.);
#11271 = FACE_BOUND('',#11272,.T.);
#11272 = EDGE_LOOP('',(#11273,#11294,#11295,#11296));
#11273 = ORIENTED_EDGE('',*,*,#11274,.F.);
#11274 = EDGE_CURVE('',#11044,#11131,#11275,.T.);
#11275 = SURFACE_CURVE('',#11276,(#11280,#11287),.PCURVE_S1.);
#11276 = LINE('',#11277,#11278);
#11277 = CARTESIAN_POINT('',(-1.1196E+03,3.5618E+03,2.256E+03));
#11278 = VECTOR('',#11279,1.);
#11279 = DIRECTION('',(0.,0.,1.));
#11280 = PCURVE('',#11059,#11281);
#11281 = DEFINITIONAL_REPRESENTATION('',(#11282),#11286);
#11282 = LINE('',#11283,#11284);
#11283 = CARTESIAN_POINT('',(0.,9.));
#11284 = VECTOR('',#11285,1.);
#11285 = DIRECTION('',(0.,1.));
#11286 = ( GEOMETRIC_REPRESENTATION_CONTEXT(2) 
PARAMETRIC_REPRESENTATION_CONTEXT() REPRESENTATION_CONTEXT('2D SPACE',''
  ) );
#11287 = PCURVE('',#11085,#11288);
#11288 = DEFINITIONAL_REPRESENTATION('',(#11289),#11293);
#11289 = LINE('',#11290,#11291);
#11290 = CARTESIAN_POINT('',(350.,9.));
#11291 = VECTOR('',#11292,1.);
#11292 = DIRECTION('',(0.,1.));
#11293 = ( GEOMETRIC_REPRESENTATION_CONTEXT(2) 
PARAMETRIC_REPRESENTATION_CONTEXT() REPRESENTATION_CONTEXT('2D SPACE',''
  ) );
#11294 = ORIENTED_EDGE('',*,*,#11043,.T.);
#11295 = ORIENTED_EDGE('',*,*,#11247,.T.);
#11296 = ORIENTED_EDGE('',*,*,#11153,.F.);
#11297 = ADVANCED_FACE('',(#11298),#11085,.T.);
#11298 = FACE_BOUND('',#11299,.T.);
#11299 = EDGE_LOOP('',(#11300,#11301,#11302,#11303));
#11300 = ORIENTED_EDGE('',*,*,#11222,.F.);
#11301 = ORIENTED_EDGE('',*,*,#11071,.T.);
#11302 = ORIENTED_EDGE('',*,*,#11274,.T.);
#11303 = ORIENTED_EDGE('',*,*,#11130,.F.);
#11304 = ( GEOMETRIC_REPRESENTATION_CONTEXT(3) 
GLOBAL_UNCERTAINTY_ASSIGNED_CONTEXT((#11308)) 
GLOBAL_UNIT_ASSIGNED_CONTEXT((#11305,#11306,#11307)) 
REPRESENTATION_CONTEXT('Context #1',
  '3D Context with UNIT and UNCERTAINTY') );
#11305 = ( LENGTH_UNIT() NAMED_UNIT(*) SI_UNIT(.MILLI.,.METRE.) );
#11306 = ( NAMED_UNIT(*) PLANE_ANGLE_UNIT() SI_UNIT($,.RADIAN.) );
#11307 = ( NAMED_UNIT(*) SI_UNIT($,.STERADIAN.) SOLID_ANGLE_UNIT() );
#11308 = UNCERTAINTY_MEASURE_WITH_UNIT(LENGTH_MEASURE(1.E-07),#11305,
  'distance_accuracy_value','confusion accuracy');
#11309 = CONTEXT_DEPENDENT_SHAPE_REPRESENTATION(#11310,#11312);
#11310 = ( REPRESENTATION_RELATIONSHIP('','',#10973,#10) 
REPRESENTATION_RELATIONSHIP_WITH_TRANSFORMATION(#11311) 
SHAPE_REPRESENTATION_RELATIONSHIP() );
#11311 = ITEM_DEFINED_TRANSFORMATION('','',#11,#131);
#11312 = PRODUCT_DEFINITION_SHAPE('Placement','Placement of an item',
  #11313);
#11313 = NEXT_ASSEMBLY_USAGE_OCCURRENCE('281','','',#5,#10968,$);
#11314 = PRODUCT_RELATED_PRODUCT_CATEGORY('part',$,(#10970));
#11315 = SHAPE_DEFINITION_REPRESENTATION(#11316,#11322);
#11316 = PRODUCT_DEFINITION_SHAPE('','',#11317);
#11317 = PRODUCT_DEFINITION('design','',#11318,#11321);
#11318 = PRODUCT_DEFINITION_FORMATION('','',#11319);
#11319 = PRODUCT('Open CASCADE STEP translator 7.9 4.31',
  'Open CASCADE STEP translator 7.9 4.31','',(#11320));
#11320 = PRODUCT_CONTEXT('',#2,'mechanical');
#11321 = PRODUCT_DEFINITION_CONTEXT('part definition',#2,'design');
#11322 = ADVANCED_BREP_SHAPE_REPRESENTATION('',(#11,#11323),#11653);
#11323 = MANIFOLD_SOLID_BREP('',#11324);
#11324 = CLOSED_SHELL('',(#11325,#11445,#11545,#11592,#11619,#11646));
#11325 = ADVANCED_FACE('',(#11326),#11340,.F.);
#11326 = FACE_BOUND('',#11327,.T.);
#11327 = EDGE_LOOP('',(#11328,#11363,#11391,#11419));
#11328 = ORIENTED_EDGE('',*,*,#11329,.F.);
#11329 = EDGE_CURVE('',#11330,#11332,#11334,.T.);
#11330 = VERTEX_POINT('',#11331);
#11331 = CARTESIAN_POINT('',(-1.4116E+03,3.2118E+03,3.568E+03));
#11332 = VERTEX_POINT('',#11333);
#11333 = CARTESIAN_POINT('',(-1.1046E+03,3.2118E+03,3.568E+03));
#11334 = SURFACE_CURVE('',#11335,(#11339,#11351),.PCURVE_S1.);
#11335 = LINE('',#11336,#11337);
#11336 = CARTESIAN_POINT('',(-1.2581E+03,3.2118E+03,3.568E+03));
#11337 = VECTOR('',#11338,1.);
#11338 = DIRECTION('',(1.,-1.110223024625E-16,0.));
#11339 = PCURVE('',#11340,#11345);
#11340 = PLANE('',#11341);
#11341 = AXIS2_PLACEMENT_3D('',#11342,#11343,#11344);
#11342 = CARTESIAN_POINT('',(-1.1046E+03,3.1938E+03,3.568E+03));
#11343 = DIRECTION('',(0.,0.,1.));
#11344 = DIRECTION('',(1.110223024625E-16,1.,0.));
#11345 = DEFINITIONAL_REPRESENTATION('',(#11346),#11350);
#11346 = LINE('',#11347,#11348);
#11347 = CARTESIAN_POINT('',(18.,153.5));
#11348 = VECTOR('',#11349,1.);
#11349 = DIRECTION('',(0.,-1.));
#11350 = ( GEOMETRIC_REPRESENTATION_CONTEXT(2) 
PARAMETRIC_REPRESENTATION_CONTEXT() REPRESENTATION_CONTEXT('2D SPACE',''
  ) );
#11351 = PCURVE('',#11352,#11357);
#11352 = PLANE('',#11353);
#11353 = AXIS2_PLACEMENT_3D('',#11354,#11355,#11356);
#11354 = CARTESIAN_POINT('',(-1.4116E+03,3.2118E+03,3.568E+03));
#11355 = DIRECTION('',(-1.110223024625E-16,-1.,0.));
#11356 = DIRECTION('',(1.,-1.110223024625E-16,0.));
#11357 = DEFINITIONAL_REPRESENTATION('',(#11358),#11362);
#11358 = LINE('',#11359,#11360);
#11359 = CARTESIAN_POINT('',(153.5,0.));
#11360 = VECTOR('',#11361,1.);
#11361 = DIRECTION('',(1.,0.));
#11362 = ( GEOMETRIC_REPRESENTATION_CONTEXT(2) 
PARAMETRIC_REPRESENTATION_CONTEXT() REPRESENTATION_CONTEXT('2D SPACE',''
  ) );
#11363 = ORIENTED_EDGE('',*,*,#11364,.F.);
#11364 = EDGE_CURVE('',#11365,#11330,#11367,.T.);
#11365 = VERTEX_POINT('',#11366);
#11366 = CARTESIAN_POINT('',(-1.4116E+03,3.5618E+03,3.568E+03));
#11367 = SURFACE_CURVE('',#11368,(#11372,#11379),.PCURVE_S1.);
#11368 = LINE('',#11369,#11370);
#11369 = CARTESIAN_POINT('',(-1.4116E+03,3.3868E+03,3.568E+03));
#11370 = VECTOR('',#11371,1.);
#11371 = DIRECTION('',(-1.110223024625E-16,-1.,0.));
#11372 = PCURVE('',#11340,#11373);
#11373 = DEFINITIONAL_REPRESENTATION('',(#11374),#11378);
#11374 = LINE('',#11375,#11376);
#11375 = CARTESIAN_POINT('',(193.,307.));
#11376 = VECTOR('',#11377,1.);
#11377 = DIRECTION('',(-1.,0.));
#11378 = ( GEOMETRIC_REPRESENTATION_CONTEXT(2) 
PARAMETRIC_REPRESENTATION_CONTEXT() REPRESENTATION_CONTEXT('2D SPACE',''
  ) );
#11379 = PCURVE('',#11380,#11385);
#11380 = PLANE('',#11381);
#11381 = AXIS2_PLACEMENT_3D('',#11382,#11383,#11384);
#11382 = CARTESIAN_POINT('',(-1.4116E+03,3.5618E+03,3.568E+03));
#11383 = DIRECTION('',(-1.,1.110223024625E-16,0.));
#11384 = DIRECTION('',(-1.110223024625E-16,-1.,0.));
#11385 = DEFINITIONAL_REPRESENTATION('',(#11386),#11390);
#11386 = LINE('',#11387,#11388);
#11387 = CARTESIAN_POINT('',(175.,0.));
#11388 = VECTOR('',#11389,1.);
#11389 = DIRECTION('',(1.,0.));
#11390 = ( GEOMETRIC_REPRESENTATION_CONTEXT(2) 
PARAMETRIC_REPRESENTATION_CONTEXT() REPRESENTATION_CONTEXT('2D SPACE',''
  ) );
#11391 = ORIENTED_EDGE('',*,*,#11392,.F.);
#11392 = EDGE_CURVE('',#11393,#11365,#11395,.T.);
#11393 = VERTEX_POINT('',#11394);
#11394 = CARTESIAN_POINT('',(-1.1046E+03,3.5618E+03,3.568E+03));
#11395 = SURFACE_CURVE('',#11396,(#11400,#11407),.PCURVE_S1.);
#11396 = LINE('',#11397,#11398);
#11397 = CARTESIAN_POINT('',(-1.2581E+03,3.5618E+03,3.568E+03));
#11398 = VECTOR('',#11399,1.);
#11399 = DIRECTION('',(-1.,1.110223024625E-16,0.));
#11400 = PCURVE('',#11340,#11401);
#11401 = DEFINITIONAL_REPRESENTATION('',(#11402),#11406);
#11402 = LINE('',#11403,#11404);
#11403 = CARTESIAN_POINT('',(368.,153.5));
#11404 = VECTOR('',#11405,1.);
#11405 = DIRECTION('',(0.,1.));
#11406 = ( GEOMETRIC_REPRESENTATION_CONTEXT(2) 
PARAMETRIC_REPRESENTATION_CONTEXT() REPRESENTATION_CONTEXT('2D SPACE',''
  ) );
#11407 = PCURVE('',#11408,#11413);
#11408 = PLANE('',#11409);
#11409 = AXIS2_PLACEMENT_3D('',#11410,#11411,#11412);
#11410 = CARTESIAN_POINT('',(-1.1046E+03,3.5618E+03,3.568E+03));
#11411 = DIRECTION('',(1.110223024625E-16,1.,0.));
#11412 = DIRECTION('',(-1.,1.110223024625E-16,0.));
#11413 = DEFINITIONAL_REPRESENTATION('',(#11414),#11418);
#11414 = LINE('',#11415,#11416);
#11415 = CARTESIAN_POINT('',(153.5,0.));
#11416 = VECTOR('',#11417,1.);
#11417 = DIRECTION('',(1.,0.));
#11418 = ( GEOMETRIC_REPRESENTATION_CONTEXT(2) 
PARAMETRIC_REPRESENTATION_CONTEXT() REPRESENTATION_CONTEXT('2D SPACE',''
  ) );
#11419 = ORIENTED_EDGE('',*,*,#11420,.F.);
#11420 = EDGE_CURVE('',#11332,#11393,#11421,.T.);
#11421 = SURFACE_CURVE('',#11422,(#11426,#11433),.PCURVE_S1.);
#11422 = LINE('',#11423,#11424);
#11423 = CARTESIAN_POINT('',(-1.1046E+03,3.3868E+03,3.568E+03));
#11424 = VECTOR('',#11425,1.);
#11425 = DIRECTION('',(1.110223024625E-16,1.,0.));
#11426 = PCURVE('',#11340,#11427);
#11427 = DEFINITIONAL_REPRESENTATION('',(#11428),#11432);
#11428 = LINE('',#11429,#11430);
#11429 = CARTESIAN_POINT('',(193.,-2.05946371068E-13));
#11430 = VECTOR('',#11431,1.);
#11431 = DIRECTION('',(1.,0.));
#11432 = ( GEOMETRIC_REPRESENTATION_CONTEXT(2) 
PARAMETRIC_REPRESENTATION_CONTEXT() REPRESENTATION_CONTEXT('2D SPACE',''
  ) );
#11433 = PCURVE('',#11434,#11439);
#11434 = PLANE('',#11435);
#11435 = AXIS2_PLACEMENT_3D('',#11436,#11437,#11438);
#11436 = CARTESIAN_POINT('',(-1.1046E+03,3.2118E+03,3.568E+03));
#11437 = DIRECTION('',(1.,-1.110223024625E-16,0.));
#11438 = DIRECTION('',(1.110223024625E-16,1.,0.));
#11439 = DEFINITIONAL_REPRESENTATION('',(#11440),#11444);
#11440 = LINE('',#11441,#11442);
#11441 = CARTESIAN_POINT('',(175.,0.));
#11442 = VECTOR('',#11443,1.);
#11443 = DIRECTION('',(1.,0.));
#11444 = ( GEOMETRIC_REPRESENTATION_CONTEXT(2) 
PARAMETRIC_REPRESENTATION_CONTEXT() REPRESENTATION_CONTEXT('2D SPACE',''
  ) );
#11445 = ADVANCED_FACE('',(#11446),#11460,.T.);
#11446 = FACE_BOUND('',#11447,.T.);
#11447 = EDGE_LOOP('',(#11448,#11478,#11501,#11524));
#11448 = ORIENTED_EDGE('',*,*,#11449,.T.);
#11449 = EDGE_CURVE('',#11450,#11452,#11454,.T.);
#11450 = VERTEX_POINT('',#11451);
#11451 = CARTESIAN_POINT('',(-1.4116E+03,3.2118E+03,3.586E+03));
#11452 = VERTEX_POINT('',#11453);
#11453 = CARTESIAN_POINT('',(-1.1046E+03,3.2118E+03,3.586E+03));
#11454 = SURFACE_CURVE('',#11455,(#11459,#11471),.PCURVE_S1.);
#11455 = LINE('',#11456,#11457);
#11456 = CARTESIAN_POINT('',(-1.2581E+03,3.2118E+03,3.586E+03));
#11457 = VECTOR('',#11458,1.);
#11458 = DIRECTION('',(1.,-1.110223024625E-16,0.));
#11459 = PCURVE('',#11460,#11465);
#11460 = PLANE('',#11461);
#11461 = AXIS2_PLACEMENT_3D('',#11462,#11463,#11464);
#11462 = CARTESIAN_POINT('',(-1.1046E+03,3.1938E+03,3.586E+03));
#11463 = DIRECTION('',(0.,0.,1.));
#11464 = DIRECTION('',(1.110223024625E-16,1.,0.));
#11465 = DEFINITIONAL_REPRESENTATION('',(#11466),#11470);
#11466 = LINE('',#11467,#11468);
#11467 = CARTESIAN_POINT('',(18.,153.5));
#11468 = VECTOR('',#11469,1.);
#11469 = DIRECTION('',(0.,-1.));
#11470 = ( GEOMETRIC_REPRESENTATION_CONTEXT(2) 
PARAMETRIC_REPRESENTATION_CONTEXT() REPRESENTATION_CONTEXT('2D SPACE',''
  ) );
#11471 = PCURVE('',#11352,#11472);
#11472 = DEFINITIONAL_REPRESENTATION('',(#11473),#11477);
#11473 = LINE('',#11474,#11475);
#11474 = CARTESIAN_POINT('',(153.5,18.));
#11475 = VECTOR('',#11476,1.);
#11476 = DIRECTION('',(1.,0.));
#11477 = ( GEOMETRIC_REPRESENTATION_CONTEXT(2) 
PARAMETRIC_REPRESENTATION_CONTEXT() REPRESENTATION_CONTEXT('2D SPACE',''
  ) );
#11478 = ORIENTED_EDGE('',*,*,#11479,.T.);
#11479 = EDGE_CURVE('',#11452,#11480,#11482,.T.);
#11480 = VERTEX_POINT('',#11481);
#11481 = CARTESIAN_POINT('',(-1.1046E+03,3.5618E+03,3.586E+03));
#11482 = SURFACE_CURVE('',#11483,(#11487,#11494),.PCURVE_S1.);
#11483 = LINE('',#11484,#11485);
#11484 = CARTESIAN_POINT('',(-1.1046E+03,3.3868E+03,3.586E+03));
#11485 = VECTOR('',#11486,1.);
#11486 = DIRECTION('',(1.110223024625E-16,1.,0.));
#11487 = PCURVE('',#11460,#11488);
#11488 = DEFINITIONAL_REPRESENTATION('',(#11489),#11493);
#11489 = LINE('',#11490,#11491);
#11490 = CARTESIAN_POINT('',(193.,-2.05946371068E-13));
#11491 = VECTOR('',#11492,1.);
#11492 = DIRECTION('',(1.,0.));
#11493 = ( GEOMETRIC_REPRESENTATION_CONTEXT(2) 
PARAMETRIC_REPRESENTATION_CONTEXT() REPRESENTATION_CONTEXT('2D SPACE',''
  ) );
#11494 = PCURVE('',#11434,#11495);
#11495 = DEFINITIONAL_REPRESENTATION('',(#11496),#11500);
#11496 = LINE('',#11497,#11498);
#11497 = CARTESIAN_POINT('',(175.,18.));
#11498 = VECTOR('',#11499,1.);
#11499 = DIRECTION('',(1.,0.));
#11500 = ( GEOMETRIC_REPRESENTATION_CONTEXT(2) 
PARAMETRIC_REPRESENTATION_CONTEXT() REPRESENTATION_CONTEXT('2D SPACE',''
  ) );
#11501 = ORIENTED_EDGE('',*,*,#11502,.T.);
#11502 = EDGE_CURVE('',#11480,#11503,#11505,.T.);
#11503 = VERTEX_POINT('',#11504);
#11504 = CARTESIAN_POINT('',(-1.4116E+03,3.5618E+03,3.586E+03));
#11505 = SURFACE_CURVE('',#11506,(#11510,#11517),.PCURVE_S1.);
#11506 = LINE('',#11507,#11508);
#11507 = CARTESIAN_POINT('',(-1.2581E+03,3.5618E+03,3.586E+03));
#11508 = VECTOR('',#11509,1.);
#11509 = DIRECTION('',(-1.,1.110223024625E-16,0.));
#11510 = PCURVE('',#11460,#11511);
#11511 = DEFINITIONAL_REPRESENTATION('',(#11512),#11516);
#11512 = LINE('',#11513,#11514);
#11513 = CARTESIAN_POINT('',(368.,153.5));
#11514 = VECTOR('',#11515,1.);
#11515 = DIRECTION('',(0.,1.));
#11516 = ( GEOMETRIC_REPRESENTATION_CONTEXT(2) 
PARAMETRIC_REPRESENTATION_CONTEXT() REPRESENTATION_CONTEXT('2D SPACE',''
  ) );
#11517 = PCURVE('',#11408,#11518);
#11518 = DEFINITIONAL_REPRESENTATION('',(#11519),#11523);
#11519 = LINE('',#11520,#11521);
#11520 = CARTESIAN_POINT('',(153.5,18.));
#11521 = VECTOR('',#11522,1.);
#11522 = DIRECTION('',(1.,0.));
#11523 = ( GEOMETRIC_REPRESENTATION_CONTEXT(2) 
PARAMETRIC_REPRESENTATION_CONTEXT() REPRESENTATION_CONTEXT('2D SPACE',''
  ) );
#11524 = ORIENTED_EDGE('',*,*,#11525,.T.);
#11525 = EDGE_CURVE('',#11503,#11450,#11526,.T.);
#11526 = SURFACE_CURVE('',#11527,(#11531,#11538),.PCURVE_S1.);
#11527 = LINE('',#11528,#11529);
#11528 = CARTESIAN_POINT('',(-1.4116E+03,3.3868E+03,3.586E+03));
#11529 = VECTOR('',#11530,1.);
#11530 = DIRECTION('',(-1.110223024625E-16,-1.,0.));
#11531 = PCURVE('',#11460,#11532);
#11532 = DEFINITIONAL_REPRESENTATION('',(#11533),#11537);
#11533 = LINE('',#11534,#11535);
#11534 = CARTESIAN_POINT('',(193.,307.));
#11535 = VECTOR('',#11536,1.);
#11536 = DIRECTION('',(-1.,0.));
#11537 = ( GEOMETRIC_REPRESENTATION_CONTEXT(2) 
PARAMETRIC_REPRESENTATION_CONTEXT() REPRESENTATION_CONTEXT('2D SPACE',''
  ) );
#11538 = PCURVE('',#11380,#11539);
#11539 = DEFINITIONAL_REPRESENTATION('',(#11540),#11544);
#11540 = LINE('',#11541,#11542);
#11541 = CARTESIAN_POINT('',(175.,18.));
#11542 = VECTOR('',#11543,1.);
#11543 = DIRECTION('',(1.,0.));
#11544 = ( GEOMETRIC_REPRESENTATION_CONTEXT(2) 
PARAMETRIC_REPRESENTATION_CONTEXT() REPRESENTATION_CONTEXT('2D SPACE',''
  ) );
#11545 = ADVANCED_FACE('',(#11546),#11352,.T.);
#11546 = FACE_BOUND('',#11547,.T.);
#11547 = EDGE_LOOP('',(#11548,#11569,#11570,#11591));
#11548 = ORIENTED_EDGE('',*,*,#11549,.F.);
#11549 = EDGE_CURVE('',#11330,#11450,#11550,.T.);
#11550 = SURFACE_CURVE('',#11551,(#11555,#11562),.PCURVE_S1.);
#11551 = LINE('',#11552,#11553);
#11552 = CARTESIAN_POINT('',(-1.4116E+03,3.2118E+03,3.577E+03));
#11553 = VECTOR('',#11554,1.);
#11554 = DIRECTION('',(0.,0.,1.));
#11555 = PCURVE('',#11352,#11556);
#11556 = DEFINITIONAL_REPRESENTATION('',(#11557),#11561);
#11557 = LINE('',#11558,#11559);
#11558 = CARTESIAN_POINT('',(0.,9.));
#11559 = VECTOR('',#11560,1.);
#11560 = DIRECTION('',(0.,1.));
#11561 = ( GEOMETRIC_REPRESENTATION_CONTEXT(2) 
PARAMETRIC_REPRESENTATION_CONTEXT() REPRESENTATION_CONTEXT('2D SPACE',''
  ) );
#11562 = PCURVE('',#11380,#11563);
#11563 = DEFINITIONAL_REPRESENTATION('',(#11564),#11568);
#11564 = LINE('',#11565,#11566);
#11565 = CARTESIAN_POINT('',(350.,9.));
#11566 = VECTOR('',#11567,1.);
#11567 = DIRECTION('',(0.,1.));
#11568 = ( GEOMETRIC_REPRESENTATION_CONTEXT(2) 
PARAMETRIC_REPRESENTATION_CONTEXT() REPRESENTATION_CONTEXT('2D SPACE',''
  ) );
#11569 = ORIENTED_EDGE('',*,*,#11329,.T.);
#11570 = ORIENTED_EDGE('',*,*,#11571,.T.);
#11571 = EDGE_CURVE('',#11332,#11452,#11572,.T.);
#11572 = SURFACE_CURVE('',#11573,(#11577,#11584),.PCURVE_S1.);
#11573 = LINE('',#11574,#11575);
#11574 = CARTESIAN_POINT('',(-1.1046E+03,3.2118E+03,3.577E+03));
#11575 = VECTOR('',#11576,1.);
#11576 = DIRECTION('',(0.,0.,1.));
#11577 = PCURVE('',#11352,#11578);
#11578 = DEFINITIONAL_REPRESENTATION('',(#11579),#11583);
#11579 = LINE('',#11580,#11581);
#11580 = CARTESIAN_POINT('',(307.,9.));
#11581 = VECTOR('',#11582,1.);
#11582 = DIRECTION('',(0.,1.));
#11583 = ( GEOMETRIC_REPRESENTATION_CONTEXT(2) 
PARAMETRIC_REPRESENTATION_CONTEXT() REPRESENTATION_CONTEXT('2D SPACE',''
  ) );
#11584 = PCURVE('',#11434,#11585);
#11585 = DEFINITIONAL_REPRESENTATION('',(#11586),#11590);
#11586 = LINE('',#11587,#11588);
#11587 = CARTESIAN_POINT('',(0.,9.));
#11588 = VECTOR('',#11589,1.);
#11589 = DIRECTION('',(0.,1.));
#11590 = ( GEOMETRIC_REPRESENTATION_CONTEXT(2) 
PARAMETRIC_REPRESENTATION_CONTEXT() REPRESENTATION_CONTEXT('2D SPACE',''
  ) );
#11591 = ORIENTED_EDGE('',*,*,#11449,.F.);
#11592 = ADVANCED_FACE('',(#11593),#11380,.T.);
#11593 = FACE_BOUND('',#11594,.T.);
#11594 = EDGE_LOOP('',(#11595,#11616,#11617,#11618));
#11595 = ORIENTED_EDGE('',*,*,#11596,.F.);
#11596 = EDGE_CURVE('',#11365,#11503,#11597,.T.);
#11597 = SURFACE_CURVE('',#11598,(#11602,#11609),.PCURVE_S1.);
#11598 = LINE('',#11599,#11600);
#11599 = CARTESIAN_POINT('',(-1.4116E+03,3.5618E+03,3.577E+03));
#11600 = VECTOR('',#11601,1.);
#11601 = DIRECTION('',(0.,0.,1.));
#11602 = PCURVE('',#11380,#11603);
#11603 = DEFINITIONAL_REPRESENTATION('',(#11604),#11608);
#11604 = LINE('',#11605,#11606);
#11605 = CARTESIAN_POINT('',(0.,9.));
#11606 = VECTOR('',#11607,1.);
#11607 = DIRECTION('',(0.,1.));
#11608 = ( GEOMETRIC_REPRESENTATION_CONTEXT(2) 
PARAMETRIC_REPRESENTATION_CONTEXT() REPRESENTATION_CONTEXT('2D SPACE',''
  ) );
#11609 = PCURVE('',#11408,#11610);
#11610 = DEFINITIONAL_REPRESENTATION('',(#11611),#11615);
#11611 = LINE('',#11612,#11613);
#11612 = CARTESIAN_POINT('',(307.,9.));
#11613 = VECTOR('',#11614,1.);
#11614 = DIRECTION('',(0.,1.));
#11615 = ( GEOMETRIC_REPRESENTATION_CONTEXT(2) 
PARAMETRIC_REPRESENTATION_CONTEXT() REPRESENTATION_CONTEXT('2D SPACE',''
  ) );
#11616 = ORIENTED_EDGE('',*,*,#11364,.T.);
#11617 = ORIENTED_EDGE('',*,*,#11549,.T.);
#11618 = ORIENTED_EDGE('',*,*,#11525,.F.);
#11619 = ADVANCED_FACE('',(#11620),#11408,.T.);
#11620 = FACE_BOUND('',#11621,.T.);
#11621 = EDGE_LOOP('',(#11622,#11643,#11644,#11645));
#11622 = ORIENTED_EDGE('',*,*,#11623,.F.);
#11623 = EDGE_CURVE('',#11393,#11480,#11624,.T.);
#11624 = SURFACE_CURVE('',#11625,(#11629,#11636),.PCURVE_S1.);
#11625 = LINE('',#11626,#11627);
#11626 = CARTESIAN_POINT('',(-1.1046E+03,3.5618E+03,3.577E+03));
#11627 = VECTOR('',#11628,1.);
#11628 = DIRECTION('',(0.,0.,1.));
#11629 = PCURVE('',#11408,#11630);
#11630 = DEFINITIONAL_REPRESENTATION('',(#11631),#11635);
#11631 = LINE('',#11632,#11633);
#11632 = CARTESIAN_POINT('',(0.,9.));
#11633 = VECTOR('',#11634,1.);
#11634 = DIRECTION('',(0.,1.));
#11635 = ( GEOMETRIC_REPRESENTATION_CONTEXT(2) 
PARAMETRIC_REPRESENTATION_CONTEXT() REPRESENTATION_CONTEXT('2D SPACE',''
  ) );
#11636 = PCURVE('',#11434,#11637);
#11637 = DEFINITIONAL_REPRESENTATION('',(#11638),#11642);
#11638 = LINE('',#11639,#11640);
#11639 = CARTESIAN_POINT('',(350.,9.));
#11640 = VECTOR('',#11641,1.);
#11641 = DIRECTION('',(0.,1.));
#11642 = ( GEOMETRIC_REPRESENTATION_CONTEXT(2) 
PARAMETRIC_REPRESENTATION_CONTEXT() REPRESENTATION_CONTEXT('2D SPACE',''
  ) );
#11643 = ORIENTED_EDGE('',*,*,#11392,.T.);
#11644 = ORIENTED_EDGE('',*,*,#11596,.T.);
#11645 = ORIENTED_EDGE('',*,*,#11502,.F.);
#11646 = ADVANCED_FACE('',(#11647),#11434,.T.);
#11647 = FACE_BOUND('',#11648,.T.);
#11648 = EDGE_LOOP('',(#11649,#11650,#11651,#11652));
#11649 = ORIENTED_EDGE('',*,*,#11571,.F.);
#11650 = ORIENTED_EDGE('',*,*,#11420,.T.);
#11651 = ORIENTED_EDGE('',*,*,#11623,.T.);
#11652 = ORIENTED_EDGE('',*,*,#11479,.F.);
#11653 = ( GEOMETRIC_REPRESENTATION_CONTEXT(3) 
GLOBAL_UNCERTAINTY_ASSIGNED_CONTEXT((#11657)) 
GLOBAL_UNIT_ASSIGNED_CONTEXT((#11654,#11655,#11656)) 
REPRESENTATION_CONTEXT('Context #1',
  '3D Context with UNIT and UNCERTAINTY') );
#11654 = ( LENGTH_UNIT() NAMED_UNIT(*) SI_UNIT(.MILLI.,.METRE.) );
#11655 = ( NAMED_UNIT(*) PLANE_ANGLE_UNIT() SI_UNIT($,.RADIAN.) );
#11656 = ( NAMED_UNIT(*) SI_UNIT($,.STERADIAN.) SOLID_ANGLE_UNIT() );
#11657 = UNCERTAINTY_MEASURE_WITH_UNIT(LENGTH_MEASURE(1.E-07),#11654,
  'distance_accuracy_value','confusion accuracy');
#11658 = CONTEXT_DEPENDENT_SHAPE_REPRESENTATION(#11659,#11661);
#11659 = ( REPRESENTATION_RELATIONSHIP('','',#11322,#10) 
REPRESENTATION_RELATIONSHIP_WITH_TRANSFORMATION(#11660) 
SHAPE_REPRESENTATION_RELATIONSHIP() );
#11660 = ITEM_DEFINED_TRANSFORMATION('','',#11,#135);
#11661 = PRODUCT_DEFINITION_SHAPE('Placement','Placement of an item',
  #11662);
#11662 = NEXT_ASSEMBLY_USAGE_OCCURRENCE('282','','',#5,#11317,$);
#11663 = PRODUCT_RELATED_PRODUCT_CATEGORY('part',$,(#11319));
#11664 = SHAPE_DEFINITION_REPRESENTATION(#11665,#11671);
#11665 = PRODUCT_DEFINITION_SHAPE('','',#11666);
#11666 = PRODUCT_DEFINITION('design','',#11667,#11670);
#11667 = PRODUCT_DEFINITION_FORMATION('','',#11668);
#11668 = PRODUCT('Open CASCADE STEP translator 7.9 4.32',
  'Open CASCADE STEP translator 7.9 4.32','',(#11669));
#11669 = PRODUCT_CONTEXT('',#2,'mechanical');
#11670 = PRODUCT_DEFINITION_CONTEXT('part definition',#2,'design');
#11671 = ADVANCED_BREP_SHAPE_REPRESENTATION('',(#11,#11672),#12002);
#11672 = MANIFOLD_SOLID_BREP('',#11673);
#11673 = CLOSED_SHELL('',(#11674,#11794,#11894,#11941,#11968,#11995));
#11674 = ADVANCED_FACE('',(#11675),#11689,.F.);
#11675 = FACE_BOUND('',#11676,.T.);
#11676 = EDGE_LOOP('',(#11677,#11712,#11740,#11768));
#11677 = ORIENTED_EDGE('',*,*,#11678,.T.);
#11678 = EDGE_CURVE('',#11679,#11681,#11683,.T.);
#11679 = VERTEX_POINT('',#11680);
#11680 = CARTESIAN_POINT('',(-1.1016E+03,3.2148E+03,2.242E+03));
#11681 = VERTEX_POINT('',#11682);
#11682 = CARTESIAN_POINT('',(-1.1016E+03,3.5588E+03,2.242E+03));
#11683 = SURFACE_CURVE('',#11684,(#11688,#11700),.PCURVE_S1.);
#11684 = LINE('',#11685,#11686);
#11685 = CARTESIAN_POINT('',(-1.1016E+03,3.3868E+03,2.242E+03));
#11686 = VECTOR('',#11687,1.);
#11687 = DIRECTION('',(1.110223024625E-16,1.,0.));
#11688 = PCURVE('',#11689,#11694);
#11689 = PLANE('',#11690);
#11690 = AXIS2_PLACEMENT_3D('',#11691,#11692,#11693);
#11691 = CARTESIAN_POINT('',(-1.1016E+03,3.1938E+03,1.395E+03));
#11692 = DIRECTION('',(-1.,1.110223024625E-16,0.));
#11693 = DIRECTION('',(0.,0.,1.));
#11694 = DEFINITIONAL_REPRESENTATION('',(#11695),#11699);
#11695 = LINE('',#11696,#11697);
#11696 = CARTESIAN_POINT('',(847.,193.));
#11697 = VECTOR('',#11698,1.);
#11698 = DIRECTION('',(0.,1.));
#11699 = ( GEOMETRIC_REPRESENTATION_CONTEXT(2) 
PARAMETRIC_REPRESENTATION_CONTEXT() REPRESENTATION_CONTEXT('2D SPACE',''
  ) );
#11700 = PCURVE('',#11701,#11706);
#11701 = PLANE('',#11702);
#11702 = AXIS2_PLACEMENT_3D('',#11703,#11704,#11705);
#11703 = CARTESIAN_POINT('',(-1.1016E+03,3.2148E+03,2.242E+03));
#11704 = DIRECTION('',(0.,0.,1.));
#11705 = DIRECTION('',(1.110223024625E-16,1.,0.));
#11706 = DEFINITIONAL_REPRESENTATION('',(#11707),#11711);
#11707 = LINE('',#11708,#11709);
#11708 = CARTESIAN_POINT('',(172.,1.909583602355E-14));
#11709 = VECTOR('',#11710,1.);
#11710 = DIRECTION('',(1.,0.));
#11711 = ( GEOMETRIC_REPRESENTATION_CONTEXT(2) 
PARAMETRIC_REPRESENTATION_CONTEXT() REPRESENTATION_CONTEXT('2D SPACE',''
  ) );
#11712 = ORIENTED_EDGE('',*,*,#11713,.F.);
#11713 = EDGE_CURVE('',#11714,#11681,#11716,.T.);
#11714 = VERTEX_POINT('',#11715);
#11715 = CARTESIAN_POINT('',(-1.1016E+03,3.5588E+03,3.565E+03));
#11716 = SURFACE_CURVE('',#11717,(#11721,#11728),.PCURVE_S1.);
#11717 = LINE('',#11718,#11719);
#11718 = CARTESIAN_POINT('',(-1.1016E+03,3.5588E+03,2.9035E+03));
#11719 = VECTOR('',#11720,1.);
#11720 = DIRECTION('',(0.,0.,-1.));
#11721 = PCURVE('',#11689,#11722);
#11722 = DEFINITIONAL_REPRESENTATION('',(#11723),#11727);
#11723 = LINE('',#11724,#11725);
#11724 = CARTESIAN_POINT('',(1.5085E+03,365.));
#11725 = VECTOR('',#11726,1.);
#11726 = DIRECTION('',(-1.,0.));
#11727 = ( GEOMETRIC_REPRESENTATION_CONTEXT(2) 
PARAMETRIC_REPRESENTATION_CONTEXT() REPRESENTATION_CONTEXT('2D SPACE',''
  ) );
#11728 = PCURVE('',#11729,#11734);
#11729 = PLANE('',#11730);
#11730 = AXIS2_PLACEMENT_3D('',#11731,#11732,#11733);
#11731 = CARTESIAN_POINT('',(-1.1016E+03,3.5588E+03,3.565E+03));
#11732 = DIRECTION('',(1.110223024625E-16,1.,0.));
#11733 = DIRECTION('',(0.,0.,-1.));
#11734 = DEFINITIONAL_REPRESENTATION('',(#11735),#11739);
#11735 = LINE('',#11736,#11737);
#11736 = CARTESIAN_POINT('',(661.5,0.));
#11737 = VECTOR('',#11738,1.);
#11738 = DIRECTION('',(1.,0.));
#11739 = ( GEOMETRIC_REPRESENTATION_CONTEXT(2) 
PARAMETRIC_REPRESENTATION_CONTEXT() REPRESENTATION_CONTEXT('2D SPACE',''
  ) );
#11740 = ORIENTED_EDGE('',*,*,#11741,.F.);
#11741 = EDGE_CURVE('',#11742,#11714,#11744,.T.);
#11742 = VERTEX_POINT('',#11743);
#11743 = CARTESIAN_POINT('',(-1.1016E+03,3.2148E+03,3.565E+03));
#11744 = SURFACE_CURVE('',#11745,(#11749,#11756),.PCURVE_S1.);
#11745 = LINE('',#11746,#11747);
#11746 = CARTESIAN_POINT('',(-1.1016E+03,3.3868E+03,3.565E+03));
#11747 = VECTOR('',#11748,1.);
#11748 = DIRECTION('',(1.110223024625E-16,1.,0.));
#11749 = PCURVE('',#11689,#11750);
#11750 = DEFINITIONAL_REPRESENTATION('',(#11751),#11755);
#11751 = LINE('',#11752,#11753);
#11752 = CARTESIAN_POINT('',(2.17E+03,193.));
#11753 = VECTOR('',#11754,1.);
#11754 = DIRECTION('',(0.,1.));
#11755 = ( GEOMETRIC_REPRESENTATION_CONTEXT(2) 
PARAMETRIC_REPRESENTATION_CONTEXT() REPRESENTATION_CONTEXT('2D SPACE',''
  ) );
#11756 = PCURVE('',#11757,#11762);
#11757 = PLANE('',#11758);
#11758 = AXIS2_PLACEMENT_3D('',#11759,#11760,#11761);
#11759 = CARTESIAN_POINT('',(-1.1016E+03,3.2148E+03,3.565E+03));
#11760 = DIRECTION('',(0.,0.,1.));
#11761 = DIRECTION('',(1.110223024625E-16,1.,0.));
#11762 = DEFINITIONAL_REPRESENTATION('',(#11763),#11767);
#11763 = LINE('',#11764,#11765);
#11764 = CARTESIAN_POINT('',(172.,1.909583602355E-14));
#11765 = VECTOR('',#11766,1.);
#11766 = DIRECTION('',(1.,0.));
#11767 = ( GEOMETRIC_REPRESENTATION_CONTEXT(2) 
PARAMETRIC_REPRESENTATION_CONTEXT() REPRESENTATION_CONTEXT('2D SPACE',''
  ) );
#11768 = ORIENTED_EDGE('',*,*,#11769,.T.);
#11769 = EDGE_CURVE('',#11742,#11679,#11770,.T.);
#11770 = SURFACE_CURVE('',#11771,(#11775,#11782),.PCURVE_S1.);
#11771 = LINE('',#11772,#11773);
#11772 = CARTESIAN_POINT('',(-1.1016E+03,3.2148E+03,2.9035E+03));
#11773 = VECTOR('',#11774,1.);
#11774 = DIRECTION('',(0.,0.,-1.));
#11775 = PCURVE('',#11689,#11776);
#11776 = DEFINITIONAL_REPRESENTATION('',(#11777),#11781);
#11777 = LINE('',#11778,#11779);
#11778 = CARTESIAN_POINT('',(1.5085E+03,21.));
#11779 = VECTOR('',#11780,1.);
#11780 = DIRECTION('',(-1.,0.));
#11781 = ( GEOMETRIC_REPRESENTATION_CONTEXT(2) 
PARAMETRIC_REPRESENTATION_CONTEXT() REPRESENTATION_CONTEXT('2D SPACE',''
  ) );
#11782 = PCURVE('',#11783,#11788);
#11783 = PLANE('',#11784);
#11784 = AXIS2_PLACEMENT_3D('',#11785,#11786,#11787);
#11785 = CARTESIAN_POINT('',(-1.1016E+03,3.2148E+03,3.565E+03));
#11786 = DIRECTION('',(1.110223024625E-16,1.,0.));
#11787 = DIRECTION('',(0.,0.,-1.));
#11788 = DEFINITIONAL_REPRESENTATION('',(#11789),#11793);
#11789 = LINE('',#11790,#11791);
#11790 = CARTESIAN_POINT('',(661.5,0.));
#11791 = VECTOR('',#11792,1.);
#11792 = DIRECTION('',(1.,0.));
#11793 = ( GEOMETRIC_REPRESENTATION_CONTEXT(2) 
PARAMETRIC_REPRESENTATION_CONTEXT() REPRESENTATION_CONTEXT('2D SPACE',''
  ) );
#11794 = ADVANCED_FACE('',(#11795),#11809,.T.);
#11795 = FACE_BOUND('',#11796,.T.);
#11796 = EDGE_LOOP('',(#11797,#11827,#11850,#11873));
#11797 = ORIENTED_EDGE('',*,*,#11798,.F.);
#11798 = EDGE_CURVE('',#11799,#11801,#11803,.T.);
#11799 = VERTEX_POINT('',#11800);
#11800 = CARTESIAN_POINT('',(-1.1196E+03,3.2148E+03,2.242E+03));
#11801 = VERTEX_POINT('',#11802);
#11802 = CARTESIAN_POINT('',(-1.1196E+03,3.5588E+03,2.242E+03));
#11803 = SURFACE_CURVE('',#11804,(#11808,#11820),.PCURVE_S1.);
#11804 = LINE('',#11805,#11806);
#11805 = CARTESIAN_POINT('',(-1.1196E+03,3.3868E+03,2.242E+03));
#11806 = VECTOR('',#11807,1.);
#11807 = DIRECTION('',(1.110223024625E-16,1.,0.));
#11808 = PCURVE('',#11809,#11814);
#11809 = PLANE('',#11810);
#11810 = AXIS2_PLACEMENT_3D('',#11811,#11812,#11813);
#11811 = CARTESIAN_POINT('',(-1.1196E+03,3.1938E+03,1.395E+03));
#11812 = DIRECTION('',(-1.,1.110223024625E-16,0.));
#11813 = DIRECTION('',(0.,0.,1.));
#11814 = DEFINITIONAL_REPRESENTATION('',(#11815),#11819);
#11815 = LINE('',#11816,#11817);
#11816 = CARTESIAN_POINT('',(847.,193.));
#11817 = VECTOR('',#11818,1.);
#11818 = DIRECTION('',(0.,1.));
#11819 = ( GEOMETRIC_REPRESENTATION_CONTEXT(2) 
PARAMETRIC_REPRESENTATION_CONTEXT() REPRESENTATION_CONTEXT('2D SPACE',''
  ) );
#11820 = PCURVE('',#11701,#11821);
#11821 = DEFINITIONAL_REPRESENTATION('',(#11822),#11826);
#11822 = LINE('',#11823,#11824);
#11823 = CARTESIAN_POINT('',(172.,18.));
#11824 = VECTOR('',#11825,1.);
#11825 = DIRECTION('',(1.,0.));
#11826 = ( GEOMETRIC_REPRESENTATION_CONTEXT(2) 
PARAMETRIC_REPRESENTATION_CONTEXT() REPRESENTATION_CONTEXT('2D SPACE',''
  ) );
#11827 = ORIENTED_EDGE('',*,*,#11828,.F.);
#11828 = EDGE_CURVE('',#11829,#11799,#11831,.T.);
#11829 = VERTEX_POINT('',#11830);
#11830 = CARTESIAN_POINT('',(-1.1196E+03,3.2148E+03,3.565E+03));
#11831 = SURFACE_CURVE('',#11832,(#11836,#11843),.PCURVE_S1.);
#11832 = LINE('',#11833,#11834);
#11833 = CARTESIAN_POINT('',(-1.1196E+03,3.2148E+03,2.9035E+03));
#11834 = VECTOR('',#11835,1.);
#11835 = DIRECTION('',(0.,0.,-1.));
#11836 = PCURVE('',#11809,#11837);
#11837 = DEFINITIONAL_REPRESENTATION('',(#11838),#11842);
#11838 = LINE('',#11839,#11840);
#11839 = CARTESIAN_POINT('',(1.5085E+03,21.));
#11840 = VECTOR('',#11841,1.);
#11841 = DIRECTION('',(-1.,0.));
#11842 = ( GEOMETRIC_REPRESENTATION_CONTEXT(2) 
PARAMETRIC_REPRESENTATION_CONTEXT() REPRESENTATION_CONTEXT('2D SPACE',''
  ) );
#11843 = PCURVE('',#11783,#11844);
#11844 = DEFINITIONAL_REPRESENTATION('',(#11845),#11849);
#11845 = LINE('',#11846,#11847);
#11846 = CARTESIAN_POINT('',(661.5,18.));
#11847 = VECTOR('',#11848,1.);
#11848 = DIRECTION('',(1.,0.));
#11849 = ( GEOMETRIC_REPRESENTATION_CONTEXT(2) 
PARAMETRIC_REPRESENTATION_CONTEXT() REPRESENTATION_CONTEXT('2D SPACE',''
  ) );
#11850 = ORIENTED_EDGE('',*,*,#11851,.T.);
#11851 = EDGE_CURVE('',#11829,#11852,#11854,.T.);
#11852 = VERTEX_POINT('',#11853);
#11853 = CARTESIAN_POINT('',(-1.1196E+03,3.5588E+03,3.565E+03));
#11854 = SURFACE_CURVE('',#11855,(#11859,#11866),.PCURVE_S1.);
#11855 = LINE('',#11856,#11857);
#11856 = CARTESIAN_POINT('',(-1.1196E+03,3.3868E+03,3.565E+03));
#11857 = VECTOR('',#11858,1.);
#11858 = DIRECTION('',(1.110223024625E-16,1.,0.));
#11859 = PCURVE('',#11809,#11860);
#11860 = DEFINITIONAL_REPRESENTATION('',(#11861),#11865);
#11861 = LINE('',#11862,#11863);
#11862 = CARTESIAN_POINT('',(2.17E+03,193.));
#11863 = VECTOR('',#11864,1.);
#11864 = DIRECTION('',(0.,1.));
#11865 = ( GEOMETRIC_REPRESENTATION_CONTEXT(2) 
PARAMETRIC_REPRESENTATION_CONTEXT() REPRESENTATION_CONTEXT('2D SPACE',''
  ) );
#11866 = PCURVE('',#11757,#11867);
#11867 = DEFINITIONAL_REPRESENTATION('',(#11868),#11872);
#11868 = LINE('',#11869,#11870);
#11869 = CARTESIAN_POINT('',(172.,18.));
#11870 = VECTOR('',#11871,1.);
#11871 = DIRECTION('',(1.,0.));
#11872 = ( GEOMETRIC_REPRESENTATION_CONTEXT(2) 
PARAMETRIC_REPRESENTATION_CONTEXT() REPRESENTATION_CONTEXT('2D SPACE',''
  ) );
#11873 = ORIENTED_EDGE('',*,*,#11874,.T.);
#11874 = EDGE_CURVE('',#11852,#11801,#11875,.T.);
#11875 = SURFACE_CURVE('',#11876,(#11880,#11887),.PCURVE_S1.);
#11876 = LINE('',#11877,#11878);
#11877 = CARTESIAN_POINT('',(-1.1196E+03,3.5588E+03,2.9035E+03));
#11878 = VECTOR('',#11879,1.);
#11879 = DIRECTION('',(0.,0.,-1.));
#11880 = PCURVE('',#11809,#11881);
#11881 = DEFINITIONAL_REPRESENTATION('',(#11882),#11886);
#11882 = LINE('',#11883,#11884);
#11883 = CARTESIAN_POINT('',(1.5085E+03,365.));
#11884 = VECTOR('',#11885,1.);
#11885 = DIRECTION('',(-1.,0.));
#11886 = ( GEOMETRIC_REPRESENTATION_CONTEXT(2) 
PARAMETRIC_REPRESENTATION_CONTEXT() REPRESENTATION_CONTEXT('2D SPACE',''
  ) );
#11887 = PCURVE('',#11729,#11888);
#11888 = DEFINITIONAL_REPRESENTATION('',(#11889),#11893);
#11889 = LINE('',#11890,#11891);
#11890 = CARTESIAN_POINT('',(661.5,18.));
#11891 = VECTOR('',#11892,1.);
#11892 = DIRECTION('',(1.,0.));
#11893 = ( GEOMETRIC_REPRESENTATION_CONTEXT(2) 
PARAMETRIC_REPRESENTATION_CONTEXT() REPRESENTATION_CONTEXT('2D SPACE',''
  ) );
#11894 = ADVANCED_FACE('',(#11895),#11701,.F.);
#11895 = FACE_BOUND('',#11896,.T.);
#11896 = EDGE_LOOP('',(#11897,#11898,#11919,#11920));
#11897 = ORIENTED_EDGE('',*,*,#11798,.T.);
#11898 = ORIENTED_EDGE('',*,*,#11899,.F.);
#11899 = EDGE_CURVE('',#11681,#11801,#11900,.T.);
#11900 = SURFACE_CURVE('',#11901,(#11905,#11912),.PCURVE_S1.);
#11901 = LINE('',#11902,#11903);
#11902 = CARTESIAN_POINT('',(-1.1106E+03,3.5588E+03,2.242E+03));
#11903 = VECTOR('',#11904,1.);
#11904 = DIRECTION('',(-1.,1.110223024625E-16,0.));
#11905 = PCURVE('',#11701,#11906);
#11906 = DEFINITIONAL_REPRESENTATION('',(#11907),#11911);
#11907 = LINE('',#11908,#11909);
#11908 = CARTESIAN_POINT('',(344.,9.));
#11909 = VECTOR('',#11910,1.);
#11910 = DIRECTION('',(0.,1.));
#11911 = ( GEOMETRIC_REPRESENTATION_CONTEXT(2) 
PARAMETRIC_REPRESENTATION_CONTEXT() REPRESENTATION_CONTEXT('2D SPACE',''
  ) );
#11912 = PCURVE('',#11729,#11913);
#11913 = DEFINITIONAL_REPRESENTATION('',(#11914),#11918);
#11914 = LINE('',#11915,#11916);
#11915 = CARTESIAN_POINT('',(1.323E+03,9.));
#11916 = VECTOR('',#11917,1.);
#11917 = DIRECTION('',(0.,1.));
#11918 = ( GEOMETRIC_REPRESENTATION_CONTEXT(2) 
PARAMETRIC_REPRESENTATION_CONTEXT() REPRESENTATION_CONTEXT('2D SPACE',''
  ) );
#11919 = ORIENTED_EDGE('',*,*,#11678,.F.);
#11920 = ORIENTED_EDGE('',*,*,#11921,.T.);
#11921 = EDGE_CURVE('',#11679,#11799,#11922,.T.);
#11922 = SURFACE_CURVE('',#11923,(#11927,#11934),.PCURVE_S1.);
#11923 = LINE('',#11924,#11925);
#11924 = CARTESIAN_POINT('',(-1.1106E+03,3.2148E+03,2.242E+03));
#11925 = VECTOR('',#11926,1.);
#11926 = DIRECTION('',(-1.,1.110223024625E-16,0.));
#11927 = PCURVE('',#11701,#11928);
#11928 = DEFINITIONAL_REPRESENTATION('',(#11929),#11933);
#11929 = LINE('',#11930,#11931);
#11930 = CARTESIAN_POINT('',(-9.992007221626E-16,9.));
#11931 = VECTOR('',#11932,1.);
#11932 = DIRECTION('',(0.,1.));
#11933 = ( GEOMETRIC_REPRESENTATION_CONTEXT(2) 
PARAMETRIC_REPRESENTATION_CONTEXT() REPRESENTATION_CONTEXT('2D SPACE',''
  ) );
#11934 = PCURVE('',#11783,#11935);
#11935 = DEFINITIONAL_REPRESENTATION('',(#11936),#11940);
#11936 = LINE('',#11937,#11938);
#11937 = CARTESIAN_POINT('',(1.323E+03,9.));
#11938 = VECTOR('',#11939,1.);
#11939 = DIRECTION('',(0.,1.));
#11940 = ( GEOMETRIC_REPRESENTATION_CONTEXT(2) 
PARAMETRIC_REPRESENTATION_CONTEXT() REPRESENTATION_CONTEXT('2D SPACE',''
  ) );
#11941 = ADVANCED_FACE('',(#11942),#11729,.T.);
#11942 = FACE_BOUND('',#11943,.T.);
#11943 = EDGE_LOOP('',(#11944,#11965,#11966,#11967));
#11944 = ORIENTED_EDGE('',*,*,#11945,.F.);
#11945 = EDGE_CURVE('',#11714,#11852,#11946,.T.);
#11946 = SURFACE_CURVE('',#11947,(#11951,#11958),.PCURVE_S1.);
#11947 = LINE('',#11948,#11949);
#11948 = CARTESIAN_POINT('',(-1.1106E+03,3.5588E+03,3.565E+03));
#11949 = VECTOR('',#11950,1.);
#11950 = DIRECTION('',(-1.,1.110223024625E-16,0.));
#11951 = PCURVE('',#11729,#11952);
#11952 = DEFINITIONAL_REPRESENTATION('',(#11953),#11957);
#11953 = LINE('',#11954,#11955);
#11954 = CARTESIAN_POINT('',(0.,9.));
#11955 = VECTOR('',#11956,1.);
#11956 = DIRECTION('',(0.,1.));
#11957 = ( GEOMETRIC_REPRESENTATION_CONTEXT(2) 
PARAMETRIC_REPRESENTATION_CONTEXT() REPRESENTATION_CONTEXT('2D SPACE',''
  ) );
#11958 = PCURVE('',#11757,#11959);
#11959 = DEFINITIONAL_REPRESENTATION('',(#11960),#11964);
#11960 = LINE('',#11961,#11962);
#11961 = CARTESIAN_POINT('',(344.,9.));
#11962 = VECTOR('',#11963,1.);
#11963 = DIRECTION('',(0.,1.));
#11964 = ( GEOMETRIC_REPRESENTATION_CONTEXT(2) 
PARAMETRIC_REPRESENTATION_CONTEXT() REPRESENTATION_CONTEXT('2D SPACE',''
  ) );
#11965 = ORIENTED_EDGE('',*,*,#11713,.T.);
#11966 = ORIENTED_EDGE('',*,*,#11899,.T.);
#11967 = ORIENTED_EDGE('',*,*,#11874,.F.);
#11968 = ADVANCED_FACE('',(#11969),#11757,.T.);
#11969 = FACE_BOUND('',#11970,.T.);
#11970 = EDGE_LOOP('',(#11971,#11992,#11993,#11994));
#11971 = ORIENTED_EDGE('',*,*,#11972,.F.);
#11972 = EDGE_CURVE('',#11742,#11829,#11973,.T.);
#11973 = SURFACE_CURVE('',#11974,(#11978,#11985),.PCURVE_S1.);
#11974 = LINE('',#11975,#11976);
#11975 = CARTESIAN_POINT('',(-1.1106E+03,3.2148E+03,3.565E+03));
#11976 = VECTOR('',#11977,1.);
#11977 = DIRECTION('',(-1.,1.110223024625E-16,0.));
#11978 = PCURVE('',#11757,#11979);
#11979 = DEFINITIONAL_REPRESENTATION('',(#11980),#11984);
#11980 = LINE('',#11981,#11982);
#11981 = CARTESIAN_POINT('',(-9.992007221626E-16,9.));
#11982 = VECTOR('',#11983,1.);
#11983 = DIRECTION('',(0.,1.));
#11984 = ( GEOMETRIC_REPRESENTATION_CONTEXT(2) 
PARAMETRIC_REPRESENTATION_CONTEXT() REPRESENTATION_CONTEXT('2D SPACE',''
  ) );
#11985 = PCURVE('',#11783,#11986);
#11986 = DEFINITIONAL_REPRESENTATION('',(#11987),#11991);
#11987 = LINE('',#11988,#11989);
#11988 = CARTESIAN_POINT('',(0.,9.));
#11989 = VECTOR('',#11990,1.);
#11990 = DIRECTION('',(0.,1.));
#11991 = ( GEOMETRIC_REPRESENTATION_CONTEXT(2) 
PARAMETRIC_REPRESENTATION_CONTEXT() REPRESENTATION_CONTEXT('2D SPACE',''
  ) );
#11992 = ORIENTED_EDGE('',*,*,#11741,.T.);
#11993 = ORIENTED_EDGE('',*,*,#11945,.T.);
#11994 = ORIENTED_EDGE('',*,*,#11851,.F.);
#11995 = ADVANCED_FACE('',(#11996),#11783,.F.);
#11996 = FACE_BOUND('',#11997,.T.);
#11997 = EDGE_LOOP('',(#11998,#11999,#12000,#12001));
#11998 = ORIENTED_EDGE('',*,*,#11828,.T.);
#11999 = ORIENTED_EDGE('',*,*,#11921,.F.);
#12000 = ORIENTED_EDGE('',*,*,#11769,.F.);
#12001 = ORIENTED_EDGE('',*,*,#11972,.T.);
#12002 = ( GEOMETRIC_REPRESENTATION_CONTEXT(3) 
GLOBAL_UNCERTAINTY_ASSIGNED_CONTEXT((#12006)) 
GLOBAL_UNIT_ASSIGNED_CONTEXT((#12003,#12004,#12005)) 
REPRESENTATION_CONTEXT('Context #1',
  '3D Context with UNIT and UNCERTAINTY') );
#12003 = ( LENGTH_UNIT() NAMED_UNIT(*) SI_UNIT(.MILLI.,.METRE.) );
#12004 = ( NAMED_UNIT(*) PLANE_ANGLE_UNIT() SI_UNIT($,.RADIAN.) );
#12005 = ( NAMED_UNIT(*) SI_UNIT($,.STERADIAN.) SOLID_ANGLE_UNIT() );
#12006 = UNCERTAINTY_MEASURE_WITH_UNIT(LENGTH_MEASURE(1.E-07),#12003,
  'distance_accuracy_value','confusion accuracy');
#12007 = CONTEXT_DEPENDENT_SHAPE_REPRESENTATION(#12008,#12010);
#12008 = ( REPRESENTATION_RELATIONSHIP('','',#11671,#10) 
REPRESENTATION_RELATIONSHIP_WITH_TRANSFORMATION(#12009) 
SHAPE_REPRESENTATION_RELATIONSHIP() );
#12009 = ITEM_DEFINED_TRANSFORMATION('','',#11,#139);
#12010 = PRODUCT_DEFINITION_SHAPE('Placement','Placement of an item',
  #12011);
#12011 = NEXT_ASSEMBLY_USAGE_OCCURRENCE('283','','',#5,#11666,$);
#12012 = PRODUCT_RELATED_PRODUCT_CATEGORY('part',$,(#11668));
#12013 = SHAPE_DEFINITION_REPRESENTATION(#12014,#12020);
#12014 = PRODUCT_DEFINITION_SHAPE('','',#12015);
#12015 = PRODUCT_DEFINITION('design','',#12016,#12019);
#12016 = PRODUCT_DEFINITION_FORMATION('','',#12017);
#12017 = PRODUCT('Open CASCADE STEP translator 7.9 4.33',
  'Open CASCADE STEP translator 7.9 4.33','',(#12018));
#12018 = PRODUCT_CONTEXT('',#2,'mechanical');
#12019 = PRODUCT_DEFINITION_CONTEXT('part definition',#2,'design');
#12020 = ADVANCED_BREP_SHAPE_REPRESENTATION('',(#11,#12021),#12351);
#12021 = MANIFOLD_SOLID_BREP('',#12022);
#12022 = CLOSED_SHELL('',(#12023,#12143,#12243,#12290,#12317,#12344));
#12023 = ADVANCED_FACE('',(#12024),#12038,.F.);
#12024 = FACE_BOUND('',#12025,.T.);
#12025 = EDGE_LOOP('',(#12026,#12061,#12089,#12117));
#12026 = ORIENTED_EDGE('',*,*,#12027,.T.);
#12027 = EDGE_CURVE('',#12028,#12030,#12032,.T.);
#12028 = VERTEX_POINT('',#12029);
#12029 = CARTESIAN_POINT('',(-1.1016E+03,3.2148E+03,1.395E+03));
#12030 = VERTEX_POINT('',#12031);
#12031 = CARTESIAN_POINT('',(-1.1016E+03,3.5588E+03,1.395E+03));
#12032 = SURFACE_CURVE('',#12033,(#12037,#12049),.PCURVE_S1.);
#12033 = LINE('',#12034,#12035);
#12034 = CARTESIAN_POINT('',(-1.1016E+03,3.3868E+03,1.395E+03));
#12035 = VECTOR('',#12036,1.);
#12036 = DIRECTION('',(1.110223024625E-16,1.,0.));
#12037 = PCURVE('',#12038,#12043);
#12038 = PLANE('',#12039);
#12039 = AXIS2_PLACEMENT_3D('',#12040,#12041,#12042);
#12040 = CARTESIAN_POINT('',(-1.1016E+03,3.1938E+03,1.395E+03));
#12041 = DIRECTION('',(-1.,1.110223024625E-16,0.));
#12042 = DIRECTION('',(0.,0.,1.));
#12043 = DEFINITIONAL_REPRESENTATION('',(#12044),#12048);
#12044 = LINE('',#12045,#12046);
#12045 = CARTESIAN_POINT('',(0.,193.));
#12046 = VECTOR('',#12047,1.);
#12047 = DIRECTION('',(0.,1.));
#12048 = ( GEOMETRIC_REPRESENTATION_CONTEXT(2) 
PARAMETRIC_REPRESENTATION_CONTEXT() REPRESENTATION_CONTEXT('2D SPACE',''
  ) );
#12049 = PCURVE('',#12050,#12055);
#12050 = PLANE('',#12051);
#12051 = AXIS2_PLACEMENT_3D('',#12052,#12053,#12054);
#12052 = CARTESIAN_POINT('',(-1.1016E+03,3.2148E+03,1.395E+03));
#12053 = DIRECTION('',(0.,0.,1.));
#12054 = DIRECTION('',(1.110223024625E-16,1.,0.));
#12055 = DEFINITIONAL_REPRESENTATION('',(#12056),#12060);
#12056 = LINE('',#12057,#12058);
#12057 = CARTESIAN_POINT('',(172.,1.909583602355E-14));
#12058 = VECTOR('',#12059,1.);
#12059 = DIRECTION('',(1.,0.));
#12060 = ( GEOMETRIC_REPRESENTATION_CONTEXT(2) 
PARAMETRIC_REPRESENTATION_CONTEXT() REPRESENTATION_CONTEXT('2D SPACE',''
  ) );
#12061 = ORIENTED_EDGE('',*,*,#12062,.F.);
#12062 = EDGE_CURVE('',#12063,#12030,#12065,.T.);
#12063 = VERTEX_POINT('',#12064);
#12064 = CARTESIAN_POINT('',(-1.1016E+03,3.5588E+03,1.607E+03));
#12065 = SURFACE_CURVE('',#12066,(#12070,#12077),.PCURVE_S1.);
#12066 = LINE('',#12067,#12068);
#12067 = CARTESIAN_POINT('',(-1.1016E+03,3.5588E+03,1.501E+03));
#12068 = VECTOR('',#12069,1.);
#12069 = DIRECTION('',(0.,0.,-1.));
#12070 = PCURVE('',#12038,#12071);
#12071 = DEFINITIONAL_REPRESENTATION('',(#12072),#12076);
#12072 = LINE('',#12073,#12074);
#12073 = CARTESIAN_POINT('',(106.,365.));
#12074 = VECTOR('',#12075,1.);
#12075 = DIRECTION('',(-1.,0.));
#12076 = ( GEOMETRIC_REPRESENTATION_CONTEXT(2) 
PARAMETRIC_REPRESENTATION_CONTEXT() REPRESENTATION_CONTEXT('2D SPACE',''
  ) );
#12077 = PCURVE('',#12078,#12083);
#12078 = PLANE('',#12079);
#12079 = AXIS2_PLACEMENT_3D('',#12080,#12081,#12082);
#12080 = CARTESIAN_POINT('',(-1.1016E+03,3.5588E+03,1.607E+03));
#12081 = DIRECTION('',(1.110223024625E-16,1.,0.));
#12082 = DIRECTION('',(0.,0.,-1.));
#12083 = DEFINITIONAL_REPRESENTATION('',(#12084),#12088);
#12084 = LINE('',#12085,#12086);
#12085 = CARTESIAN_POINT('',(106.,0.));
#12086 = VECTOR('',#12087,1.);
#12087 = DIRECTION('',(1.,0.));
#12088 = ( GEOMETRIC_REPRESENTATION_CONTEXT(2) 
PARAMETRIC_REPRESENTATION_CONTEXT() REPRESENTATION_CONTEXT('2D SPACE',''
  ) );
#12089 = ORIENTED_EDGE('',*,*,#12090,.F.);
#12090 = EDGE_CURVE('',#12091,#12063,#12093,.T.);
#12091 = VERTEX_POINT('',#12092);
#12092 = CARTESIAN_POINT('',(-1.1016E+03,3.2148E+03,1.607E+03));
#12093 = SURFACE_CURVE('',#12094,(#12098,#12105),.PCURVE_S1.);
#12094 = LINE('',#12095,#12096);
#12095 = CARTESIAN_POINT('',(-1.1016E+03,3.3868E+03,1.607E+03));
#12096 = VECTOR('',#12097,1.);
#12097 = DIRECTION('',(1.110223024625E-16,1.,0.));
#12098 = PCURVE('',#12038,#12099);
#12099 = DEFINITIONAL_REPRESENTATION('',(#12100),#12104);
#12100 = LINE('',#12101,#12102);
#12101 = CARTESIAN_POINT('',(212.,193.));
#12102 = VECTOR('',#12103,1.);
#12103 = DIRECTION('',(0.,1.));
#12104 = ( GEOMETRIC_REPRESENTATION_CONTEXT(2) 
PARAMETRIC_REPRESENTATION_CONTEXT() REPRESENTATION_CONTEXT('2D SPACE',''
  ) );
#12105 = PCURVE('',#12106,#12111);
#12106 = PLANE('',#12107);
#12107 = AXIS2_PLACEMENT_3D('',#12108,#12109,#12110);
#12108 = CARTESIAN_POINT('',(-1.1016E+03,3.2148E+03,1.607E+03));
#12109 = DIRECTION('',(0.,0.,1.));
#12110 = DIRECTION('',(1.110223024625E-16,1.,0.));
#12111 = DEFINITIONAL_REPRESENTATION('',(#12112),#12116);
#12112 = LINE('',#12113,#12114);
#12113 = CARTESIAN_POINT('',(172.,1.909583602355E-14));
#12114 = VECTOR('',#12115,1.);
#12115 = DIRECTION('',(1.,0.));
#12116 = ( GEOMETRIC_REPRESENTATION_CONTEXT(2) 
PARAMETRIC_REPRESENTATION_CONTEXT() REPRESENTATION_CONTEXT('2D SPACE',''
  ) );
#12117 = ORIENTED_EDGE('',*,*,#12118,.T.);
#12118 = EDGE_CURVE('',#12091,#12028,#12119,.T.);
#12119 = SURFACE_CURVE('',#12120,(#12124,#12131),.PCURVE_S1.);
#12120 = LINE('',#12121,#12122);
#12121 = CARTESIAN_POINT('',(-1.1016E+03,3.2148E+03,1.501E+03));
#12122 = VECTOR('',#12123,1.);
#12123 = DIRECTION('',(0.,0.,-1.));
#12124 = PCURVE('',#12038,#12125);
#12125 = DEFINITIONAL_REPRESENTATION('',(#12126),#12130);
#12126 = LINE('',#12127,#12128);
#12127 = CARTESIAN_POINT('',(106.,21.));
#12128 = VECTOR('',#12129,1.);
#12129 = DIRECTION('',(-1.,0.));
#12130 = ( GEOMETRIC_REPRESENTATION_CONTEXT(2) 
PARAMETRIC_REPRESENTATION_CONTEXT() REPRESENTATION_CONTEXT('2D SPACE',''
  ) );
#12131 = PCURVE('',#12132,#12137);
#12132 = PLANE('',#12133);
#12133 = AXIS2_PLACEMENT_3D('',#12134,#12135,#12136);
#12134 = CARTESIAN_POINT('',(-1.1016E+03,3.2148E+03,1.607E+03));
#12135 = DIRECTION('',(1.110223024625E-16,1.,0.));
#12136 = DIRECTION('',(0.,0.,-1.));
#12137 = DEFINITIONAL_REPRESENTATION('',(#12138),#12142);
#12138 = LINE('',#12139,#12140);
#12139 = CARTESIAN_POINT('',(106.,0.));
#12140 = VECTOR('',#12141,1.);
#12141 = DIRECTION('',(1.,0.));
#12142 = ( GEOMETRIC_REPRESENTATION_CONTEXT(2) 
PARAMETRIC_REPRESENTATION_CONTEXT() REPRESENTATION_CONTEXT('2D SPACE',''
  ) );
#12143 = ADVANCED_FACE('',(#12144),#12158,.T.);
#12144 = FACE_BOUND('',#12145,.T.);
#12145 = EDGE_LOOP('',(#12146,#12176,#12199,#12222));
#12146 = ORIENTED_EDGE('',*,*,#12147,.F.);
#12147 = EDGE_CURVE('',#12148,#12150,#12152,.T.);
#12148 = VERTEX_POINT('',#12149);
#12149 = CARTESIAN_POINT('',(-1.1196E+03,3.2148E+03,1.395E+03));
#12150 = VERTEX_POINT('',#12151);
#12151 = CARTESIAN_POINT('',(-1.1196E+03,3.5588E+03,1.395E+03));
#12152 = SURFACE_CURVE('',#12153,(#12157,#12169),.PCURVE_S1.);
#12153 = LINE('',#12154,#12155);
#12154 = CARTESIAN_POINT('',(-1.1196E+03,3.3868E+03,1.395E+03));
#12155 = VECTOR('',#12156,1.);
#12156 = DIRECTION('',(1.110223024625E-16,1.,0.));
#12157 = PCURVE('',#12158,#12163);
#12158 = PLANE('',#12159);
#12159 = AXIS2_PLACEMENT_3D('',#12160,#12161,#12162);
#12160 = CARTESIAN_POINT('',(-1.1196E+03,3.1938E+03,1.395E+03));
#12161 = DIRECTION('',(-1.,1.110223024625E-16,0.));
#12162 = DIRECTION('',(0.,0.,1.));
#12163 = DEFINITIONAL_REPRESENTATION('',(#12164),#12168);
#12164 = LINE('',#12165,#12166);
#12165 = CARTESIAN_POINT('',(0.,193.));
#12166 = VECTOR('',#12167,1.);
#12167 = DIRECTION('',(0.,1.));
#12168 = ( GEOMETRIC_REPRESENTATION_CONTEXT(2) 
PARAMETRIC_REPRESENTATION_CONTEXT() REPRESENTATION_CONTEXT('2D SPACE',''
  ) );
#12169 = PCURVE('',#12050,#12170);
#12170 = DEFINITIONAL_REPRESENTATION('',(#12171),#12175);
#12171 = LINE('',#12172,#12173);
#12172 = CARTESIAN_POINT('',(172.,18.));
#12173 = VECTOR('',#12174,1.);
#12174 = DIRECTION('',(1.,0.));
#12175 = ( GEOMETRIC_REPRESENTATION_CONTEXT(2) 
PARAMETRIC_REPRESENTATION_CONTEXT() REPRESENTATION_CONTEXT('2D SPACE',''
  ) );
#12176 = ORIENTED_EDGE('',*,*,#12177,.F.);
#12177 = EDGE_CURVE('',#12178,#12148,#12180,.T.);
#12178 = VERTEX_POINT('',#12179);
#12179 = CARTESIAN_POINT('',(-1.1196E+03,3.2148E+03,1.607E+03));
#12180 = SURFACE_CURVE('',#12181,(#12185,#12192),.PCURVE_S1.);
#12181 = LINE('',#12182,#12183);
#12182 = CARTESIAN_POINT('',(-1.1196E+03,3.2148E+03,1.501E+03));
#12183 = VECTOR('',#12184,1.);
#12184 = DIRECTION('',(0.,0.,-1.));
#12185 = PCURVE('',#12158,#12186);
#12186 = DEFINITIONAL_REPRESENTATION('',(#12187),#12191);
#12187 = LINE('',#12188,#12189);
#12188 = CARTESIAN_POINT('',(106.,21.));
#12189 = VECTOR('',#12190,1.);
#12190 = DIRECTION('',(-1.,0.));
#12191 = ( GEOMETRIC_REPRESENTATION_CONTEXT(2) 
PARAMETRIC_REPRESENTATION_CONTEXT() REPRESENTATION_CONTEXT('2D SPACE',''
  ) );
#12192 = PCURVE('',#12132,#12193);
#12193 = DEFINITIONAL_REPRESENTATION('',(#12194),#12198);
#12194 = LINE('',#12195,#12196);
#12195 = CARTESIAN_POINT('',(106.,18.));
#12196 = VECTOR('',#12197,1.);
#12197 = DIRECTION('',(1.,0.));
#12198 = ( GEOMETRIC_REPRESENTATION_CONTEXT(2) 
PARAMETRIC_REPRESENTATION_CONTEXT() REPRESENTATION_CONTEXT('2D SPACE',''
  ) );
#12199 = ORIENTED_EDGE('',*,*,#12200,.T.);
#12200 = EDGE_CURVE('',#12178,#12201,#12203,.T.);
#12201 = VERTEX_POINT('',#12202);
#12202 = CARTESIAN_POINT('',(-1.1196E+03,3.5588E+03,1.607E+03));
#12203 = SURFACE_CURVE('',#12204,(#12208,#12215),.PCURVE_S1.);
#12204 = LINE('',#12205,#12206);
#12205 = CARTESIAN_POINT('',(-1.1196E+03,3.3868E+03,1.607E+03));
#12206 = VECTOR('',#12207,1.);
#12207 = DIRECTION('',(1.110223024625E-16,1.,0.));
#12208 = PCURVE('',#12158,#12209);
#12209 = DEFINITIONAL_REPRESENTATION('',(#12210),#12214);
#12210 = LINE('',#12211,#12212);
#12211 = CARTESIAN_POINT('',(212.,193.));
#12212 = VECTOR('',#12213,1.);
#12213 = DIRECTION('',(0.,1.));
#12214 = ( GEOMETRIC_REPRESENTATION_CONTEXT(2) 
PARAMETRIC_REPRESENTATION_CONTEXT() REPRESENTATION_CONTEXT('2D SPACE',''
  ) );
#12215 = PCURVE('',#12106,#12216);
#12216 = DEFINITIONAL_REPRESENTATION('',(#12217),#12221);
#12217 = LINE('',#12218,#12219);
#12218 = CARTESIAN_POINT('',(172.,18.));
#12219 = VECTOR('',#12220,1.);
#12220 = DIRECTION('',(1.,0.));
#12221 = ( GEOMETRIC_REPRESENTATION_CONTEXT(2) 
PARAMETRIC_REPRESENTATION_CONTEXT() REPRESENTATION_CONTEXT('2D SPACE',''
  ) );
#12222 = ORIENTED_EDGE('',*,*,#12223,.T.);
#12223 = EDGE_CURVE('',#12201,#12150,#12224,.T.);
#12224 = SURFACE_CURVE('',#12225,(#12229,#12236),.PCURVE_S1.);
#12225 = LINE('',#12226,#12227);
#12226 = CARTESIAN_POINT('',(-1.1196E+03,3.5588E+03,1.501E+03));
#12227 = VECTOR('',#12228,1.);
#12228 = DIRECTION('',(0.,0.,-1.));
#12229 = PCURVE('',#12158,#12230);
#12230 = DEFINITIONAL_REPRESENTATION('',(#12231),#12235);
#12231 = LINE('',#12232,#12233);
#12232 = CARTESIAN_POINT('',(106.,365.));
#12233 = VECTOR('',#12234,1.);
#12234 = DIRECTION('',(-1.,0.));
#12235 = ( GEOMETRIC_REPRESENTATION_CONTEXT(2) 
PARAMETRIC_REPRESENTATION_CONTEXT() REPRESENTATION_CONTEXT('2D SPACE',''
  ) );
#12236 = PCURVE('',#12078,#12237);
#12237 = DEFINITIONAL_REPRESENTATION('',(#12238),#12242);
#12238 = LINE('',#12239,#12240);
#12239 = CARTESIAN_POINT('',(106.,18.));
#12240 = VECTOR('',#12241,1.);
#12241 = DIRECTION('',(1.,0.));
#12242 = ( GEOMETRIC_REPRESENTATION_CONTEXT(2) 
PARAMETRIC_REPRESENTATION_CONTEXT() REPRESENTATION_CONTEXT('2D SPACE',''
  ) );
#12243 = ADVANCED_FACE('',(#12244),#12050,.F.);
#12244 = FACE_BOUND('',#12245,.T.);
#12245 = EDGE_LOOP('',(#12246,#12247,#12268,#12269));
#12246 = ORIENTED_EDGE('',*,*,#12147,.T.);
#12247 = ORIENTED_EDGE('',*,*,#12248,.F.);
#12248 = EDGE_CURVE('',#12030,#12150,#12249,.T.);
#12249 = SURFACE_CURVE('',#12250,(#12254,#12261),.PCURVE_S1.);
#12250 = LINE('',#12251,#12252);
#12251 = CARTESIAN_POINT('',(-1.1106E+03,3.5588E+03,1.395E+03));
#12252 = VECTOR('',#12253,1.);
#12253 = DIRECTION('',(-1.,1.110223024625E-16,0.));
#12254 = PCURVE('',#12050,#12255);
#12255 = DEFINITIONAL_REPRESENTATION('',(#12256),#12260);
#12256 = LINE('',#12257,#12258);
#12257 = CARTESIAN_POINT('',(344.,9.));
#12258 = VECTOR('',#12259,1.);
#12259 = DIRECTION('',(0.,1.));
#12260 = ( GEOMETRIC_REPRESENTATION_CONTEXT(2) 
PARAMETRIC_REPRESENTATION_CONTEXT() REPRESENTATION_CONTEXT('2D SPACE',''
  ) );
#12261 = PCURVE('',#12078,#12262);
#12262 = DEFINITIONAL_REPRESENTATION('',(#12263),#12267);
#12263 = LINE('',#12264,#12265);
#12264 = CARTESIAN_POINT('',(212.,9.));
#12265 = VECTOR('',#12266,1.);
#12266 = DIRECTION('',(0.,1.));
#12267 = ( GEOMETRIC_REPRESENTATION_CONTEXT(2) 
PARAMETRIC_REPRESENTATION_CONTEXT() REPRESENTATION_CONTEXT('2D SPACE',''
  ) );
#12268 = ORIENTED_EDGE('',*,*,#12027,.F.);
#12269 = ORIENTED_EDGE('',*,*,#12270,.T.);
#12270 = EDGE_CURVE('',#12028,#12148,#12271,.T.);
#12271 = SURFACE_CURVE('',#12272,(#12276,#12283),.PCURVE_S1.);
#12272 = LINE('',#12273,#12274);
#12273 = CARTESIAN_POINT('',(-1.1106E+03,3.2148E+03,1.395E+03));
#12274 = VECTOR('',#12275,1.);
#12275 = DIRECTION('',(-1.,1.110223024625E-16,0.));
#12276 = PCURVE('',#12050,#12277);
#12277 = DEFINITIONAL_REPRESENTATION('',(#12278),#12282);
#12278 = LINE('',#12279,#12280);
#12279 = CARTESIAN_POINT('',(-9.992007221626E-16,9.));
#12280 = VECTOR('',#12281,1.);
#12281 = DIRECTION('',(0.,1.));
#12282 = ( GEOMETRIC_REPRESENTATION_CONTEXT(2) 
PARAMETRIC_REPRESENTATION_CONTEXT() REPRESENTATION_CONTEXT('2D SPACE',''
  ) );
#12283 = PCURVE('',#12132,#12284);
#12284 = DEFINITIONAL_REPRESENTATION('',(#12285),#12289);
#12285 = LINE('',#12286,#12287);
#12286 = CARTESIAN_POINT('',(212.,9.));
#12287 = VECTOR('',#12288,1.);
#12288 = DIRECTION('',(0.,1.));
#12289 = ( GEOMETRIC_REPRESENTATION_CONTEXT(2) 
PARAMETRIC_REPRESENTATION_CONTEXT() REPRESENTATION_CONTEXT('2D SPACE',''
  ) );
#12290 = ADVANCED_FACE('',(#12291),#12078,.T.);
#12291 = FACE_BOUND('',#12292,.T.);
#12292 = EDGE_LOOP('',(#12293,#12314,#12315,#12316));
#12293 = ORIENTED_EDGE('',*,*,#12294,.F.);
#12294 = EDGE_CURVE('',#12063,#12201,#12295,.T.);
#12295 = SURFACE_CURVE('',#12296,(#12300,#12307),.PCURVE_S1.);
#12296 = LINE('',#12297,#12298);
#12297 = CARTESIAN_POINT('',(-1.1106E+03,3.5588E+03,1.607E+03));
#12298 = VECTOR('',#12299,1.);
#12299 = DIRECTION('',(-1.,1.110223024625E-16,0.));
#12300 = PCURVE('',#12078,#12301);
#12301 = DEFINITIONAL_REPRESENTATION('',(#12302),#12306);
#12302 = LINE('',#12303,#12304);
#12303 = CARTESIAN_POINT('',(0.,9.));
#12304 = VECTOR('',#12305,1.);
#12305 = DIRECTION('',(0.,1.));
#12306 = ( GEOMETRIC_REPRESENTATION_CONTEXT(2) 
PARAMETRIC_REPRESENTATION_CONTEXT() REPRESENTATION_CONTEXT('2D SPACE',''
  ) );
#12307 = PCURVE('',#12106,#12308);
#12308 = DEFINITIONAL_REPRESENTATION('',(#12309),#12313);
#12309 = LINE('',#12310,#12311);
#12310 = CARTESIAN_POINT('',(344.,9.));
#12311 = VECTOR('',#12312,1.);
#12312 = DIRECTION('',(0.,1.));
#12313 = ( GEOMETRIC_REPRESENTATION_CONTEXT(2) 
PARAMETRIC_REPRESENTATION_CONTEXT() REPRESENTATION_CONTEXT('2D SPACE',''
  ) );
#12314 = ORIENTED_EDGE('',*,*,#12062,.T.);
#12315 = ORIENTED_EDGE('',*,*,#12248,.T.);
#12316 = ORIENTED_EDGE('',*,*,#12223,.F.);
#12317 = ADVANCED_FACE('',(#12318),#12106,.T.);
#12318 = FACE_BOUND('',#12319,.T.);
#12319 = EDGE_LOOP('',(#12320,#12341,#12342,#12343));
#12320 = ORIENTED_EDGE('',*,*,#12321,.F.);
#12321 = EDGE_CURVE('',#12091,#12178,#12322,.T.);
#12322 = SURFACE_CURVE('',#12323,(#12327,#12334),.PCURVE_S1.);
#12323 = LINE('',#12324,#12325);
#12324 = CARTESIAN_POINT('',(-1.1106E+03,3.2148E+03,1.607E+03));
#12325 = VECTOR('',#12326,1.);
#12326 = DIRECTION('',(-1.,1.110223024625E-16,0.));
#12327 = PCURVE('',#12106,#12328);
#12328 = DEFINITIONAL_REPRESENTATION('',(#12329),#12333);
#12329 = LINE('',#12330,#12331);
#12330 = CARTESIAN_POINT('',(-9.992007221626E-16,9.));
#12331 = VECTOR('',#12332,1.);
#12332 = DIRECTION('',(0.,1.));
#12333 = ( GEOMETRIC_REPRESENTATION_CONTEXT(2) 
PARAMETRIC_REPRESENTATION_CONTEXT() REPRESENTATION_CONTEXT('2D SPACE',''
  ) );
#12334 = PCURVE('',#12132,#12335);
#12335 = DEFINITIONAL_REPRESENTATION('',(#12336),#12340);
#12336 = LINE('',#12337,#12338);
#12337 = CARTESIAN_POINT('',(0.,9.));
#12338 = VECTOR('',#12339,1.);
#12339 = DIRECTION('',(0.,1.));
#12340 = ( GEOMETRIC_REPRESENTATION_CONTEXT(2) 
PARAMETRIC_REPRESENTATION_CONTEXT() REPRESENTATION_CONTEXT('2D SPACE',''
  ) );
#12341 = ORIENTED_EDGE('',*,*,#12090,.T.);
#12342 = ORIENTED_EDGE('',*,*,#12294,.T.);
#12343 = ORIENTED_EDGE('',*,*,#12200,.F.);
#12344 = ADVANCED_FACE('',(#12345),#12132,.F.);
#12345 = FACE_BOUND('',#12346,.T.);
#12346 = EDGE_LOOP('',(#12347,#12348,#12349,#12350));
#12347 = ORIENTED_EDGE('',*,*,#12177,.T.);
#12348 = ORIENTED_EDGE('',*,*,#12270,.F.);
#12349 = ORIENTED_EDGE('',*,*,#12118,.F.);
#12350 = ORIENTED_EDGE('',*,*,#12321,.T.);
#12351 = ( GEOMETRIC_REPRESENTATION_CONTEXT(3) 
GLOBAL_UNCERTAINTY_ASSIGNED_CONTEXT((#12355)) 
GLOBAL_UNIT_ASSIGNED_CONTEXT((#12352,#12353,#12354)) 
REPRESENTATION_CONTEXT('Context #1',
  '3D Context with UNIT and UNCERTAINTY') );
#12352 = ( LENGTH_UNIT() NAMED_UNIT(*) SI_UNIT(.MILLI.,.METRE.) );
#12353 = ( NAMED_UNIT(*) PLANE_ANGLE_UNIT() SI_UNIT($,.RADIAN.) );
#12354 = ( NAMED_UNIT(*) SI_UNIT($,.STERADIAN.) SOLID_ANGLE_UNIT() );
#12355 = UNCERTAINTY_MEASURE_WITH_UNIT(LENGTH_MEASURE(1.E-07),#12352,
  'distance_accuracy_value','confusion accuracy');
#12356 = CONTEXT_DEPENDENT_SHAPE_REPRESENTATION(#12357,#12359);
#12357 = ( REPRESENTATION_RELATIONSHIP('','',#12020,#10) 
REPRESENTATION_RELATIONSHIP_WITH_TRANSFORMATION(#12358) 
SHAPE_REPRESENTATION_RELATIONSHIP() );
#12358 = ITEM_DEFINED_TRANSFORMATION('','',#11,#143);
#12359 = PRODUCT_DEFINITION_SHAPE('Placement','Placement of an item',
  #12360);
#12360 = NEXT_ASSEMBLY_USAGE_OCCURRENCE('284','','',#5,#12015,$);
#12361 = PRODUCT_RELATED_PRODUCT_CATEGORY('part',$,(#12017));
#12362 = SHAPE_DEFINITION_REPRESENTATION(#12363,#12369);
#12363 = PRODUCT_DEFINITION_SHAPE('','',#12364);
#12364 = PRODUCT_DEFINITION('design','',#12365,#12368);
#12365 = PRODUCT_DEFINITION_FORMATION('','',#12366);
#12366 = PRODUCT('Open CASCADE STEP translator 7.9 4.34',
  'Open CASCADE STEP translator 7.9 4.34','',(#12367));
#12367 = PRODUCT_CONTEXT('',#2,'mechanical');
#12368 = PRODUCT_DEFINITION_CONTEXT('part definition',#2,'design');
#12369 = ADVANCED_BREP_SHAPE_REPRESENTATION('',(#11,#12370),#13012);
#12370 = MANIFOLD_SOLID_BREP('',#12371);
#12371 = CLOSED_SHELL('',(#12372,#12492,#12568,#12644,#12720,#12796,
    #12872,#12943,#12990,#13001));
#12372 = ADVANCED_FACE('',(#12373),#12387,.F.);
#12373 = FACE_BOUND('',#12374,.T.);
#12374 = EDGE_LOOP('',(#12375,#12410,#12438,#12466));
#12375 = ORIENTED_EDGE('',*,*,#12376,.F.);
#12376 = EDGE_CURVE('',#12377,#12379,#12381,.T.);
#12377 = VERTEX_POINT('',#12378);
#12378 = CARTESIAN_POINT('',(-1.1406E+03,3.1998E+03,1.395E+03));
#12379 = VERTEX_POINT('',#12380);
#12380 = CARTESIAN_POINT('',(-1.3906E+03,3.1998E+03,1.395E+03));
#12381 = SURFACE_CURVE('',#12382,(#12386,#12398),.PCURVE_S1.);
#12382 = LINE('',#12383,#12384);
#12383 = CARTESIAN_POINT('',(-1.2656E+03,3.1998E+03,1.395E+03));
#12384 = VECTOR('',#12385,1.);
#12385 = DIRECTION('',(-1.,1.110223024625E-16,0.));
#12386 = PCURVE('',#12387,#12392);
#12387 = PLANE('',#12388);
#12388 = AXIS2_PLACEMENT_3D('',#12389,#12390,#12391);
#12389 = CARTESIAN_POINT('',(-1.1406E+03,3.1998E+03,1.545E+03));
#12390 = DIRECTION('',(1.110223024625E-16,1.,0.));
#12391 = DIRECTION('',(0.,0.,-1.));
#12392 = DEFINITIONAL_REPRESENTATION('',(#12393),#12397);
#12393 = LINE('',#12394,#12395);
#12394 = CARTESIAN_POINT('',(150.,125.));
#12395 = VECTOR('',#12396,1.);
#12396 = DIRECTION('',(0.,1.));
#12397 = ( GEOMETRIC_REPRESENTATION_CONTEXT(2) 
PARAMETRIC_REPRESENTATION_CONTEXT() REPRESENTATION_CONTEXT('2D SPACE',''
  ) );
#12398 = PCURVE('',#12399,#12404);
#12399 = PLANE('',#12400);
#12400 = AXIS2_PLACEMENT_3D('',#12401,#12402,#12403);
#12401 = CARTESIAN_POINT('',(-1.1406E+03,3.1998E+03,1.395E+03));
#12402 = DIRECTION('',(0.,0.,1.));
#12403 = DIRECTION('',(1.110223024625E-16,1.,0.));
#12404 = DEFINITIONAL_REPRESENTATION('',(#12405),#12409);
#12405 = LINE('',#12406,#12407);
#12406 = CARTESIAN_POINT('',(-1.387778780781E-14,125.));
#12407 = VECTOR('',#12408,1.);
#12408 = DIRECTION('',(0.,1.));
#12409 = ( GEOMETRIC_REPRESENTATION_CONTEXT(2) 
PARAMETRIC_REPRESENTATION_CONTEXT() REPRESENTATION_CONTEXT('2D SPACE',''
  ) );
#12410 = ORIENTED_EDGE('',*,*,#12411,.F.);
#12411 = EDGE_CURVE('',#12412,#12377,#12414,.T.);
#12412 = VERTEX_POINT('',#12413);
#12413 = CARTESIAN_POINT('',(-1.1406E+03,3.1998E+03,1.545E+03));
#12414 = SURFACE_CURVE('',#12415,(#12419,#12426),.PCURVE_S1.);
#12415 = LINE('',#12416,#12417);
#12416 = CARTESIAN_POINT('',(-1.1406E+03,3.1998E+03,1.47E+03));
#12417 = VECTOR('',#12418,1.);
#12418 = DIRECTION('',(0.,0.,-1.));
#12419 = PCURVE('',#12387,#12420);
#12420 = DEFINITIONAL_REPRESENTATION('',(#12421),#12425);
#12421 = LINE('',#12422,#12423);
#12422 = CARTESIAN_POINT('',(75.,0.));
#12423 = VECTOR('',#12424,1.);
#12424 = DIRECTION('',(1.,0.));
#12425 = ( GEOMETRIC_REPRESENTATION_CONTEXT(2) 
PARAMETRIC_REPRESENTATION_CONTEXT() REPRESENTATION_CONTEXT('2D SPACE',''
  ) );
#12426 = PCURVE('',#12427,#12432);
#12427 = PLANE('',#12428);
#12428 = AXIS2_PLACEMENT_3D('',#12429,#12430,#12431);
#12429 = CARTESIAN_POINT('',(-1.1406E+03,3.1998E+03,1.395E+03));
#12430 = DIRECTION('',(-1.,1.110223024625E-16,0.));
#12431 = DIRECTION('',(0.,0.,1.));
#12432 = DEFINITIONAL_REPRESENTATION('',(#12433),#12437);
#12433 = LINE('',#12434,#12435);
#12434 = CARTESIAN_POINT('',(75.,0.));
#12435 = VECTOR('',#12436,1.);
#12436 = DIRECTION('',(-1.,0.));
#12437 = ( GEOMETRIC_REPRESENTATION_CONTEXT(2) 
PARAMETRIC_REPRESENTATION_CONTEXT() REPRESENTATION_CONTEXT('2D SPACE',''
  ) );
#12438 = ORIENTED_EDGE('',*,*,#12439,.T.);
#12439 = EDGE_CURVE('',#12412,#12440,#12442,.T.);
#12440 = VERTEX_POINT('',#12441);
#12441 = CARTESIAN_POINT('',(-1.3906E+03,3.1998E+03,1.545E+03));
#12442 = SURFACE_CURVE('',#12443,(#12447,#12454),.PCURVE_S1.);
#12443 = LINE('',#12444,#12445);
#12444 = CARTESIAN_POINT('',(-1.2656E+03,3.1998E+03,1.545E+03));
#12445 = VECTOR('',#12446,1.);
#12446 = DIRECTION('',(-1.,1.110223024625E-16,0.));
#12447 = PCURVE('',#12387,#12448);
#12448 = DEFINITIONAL_REPRESENTATION('',(#12449),#12453);
#12449 = LINE('',#12450,#12451);
#12450 = CARTESIAN_POINT('',(0.,125.));
#12451 = VECTOR('',#12452,1.);
#12452 = DIRECTION('',(0.,1.));
#12453 = ( GEOMETRIC_REPRESENTATION_CONTEXT(2) 
PARAMETRIC_REPRESENTATION_CONTEXT() REPRESENTATION_CONTEXT('2D SPACE',''
  ) );
#12454 = PCURVE('',#12455,#12460);
#12455 = PLANE('',#12456);
#12456 = AXIS2_PLACEMENT_3D('',#12457,#12458,#12459);
#12457 = CARTESIAN_POINT('',(-1.1406E+03,3.2178E+03,1.545E+03));
#12458 = DIRECTION('',(0.,0.,-1.));
#12459 = DIRECTION('',(-1.110223024625E-16,-1.,0.));
#12460 = DEFINITIONAL_REPRESENTATION('',(#12461),#12465);
#12461 = LINE('',#12462,#12463);
#12462 = CARTESIAN_POINT('',(18.,125.));
#12463 = VECTOR('',#12464,1.);
#12464 = DIRECTION('',(0.,1.));
#12465 = ( GEOMETRIC_REPRESENTATION_CONTEXT(2) 
PARAMETRIC_REPRESENTATION_CONTEXT() REPRESENTATION_CONTEXT('2D SPACE',''
  ) );
#12466 = ORIENTED_EDGE('',*,*,#12467,.T.);
#12467 = EDGE_CURVE('',#12440,#12379,#12468,.T.);
#12468 = SURFACE_CURVE('',#12469,(#12473,#12480),.PCURVE_S1.);
#12469 = LINE('',#12470,#12471);
#12470 = CARTESIAN_POINT('',(-1.3906E+03,3.1998E+03,1.47E+03));
#12471 = VECTOR('',#12472,1.);
#12472 = DIRECTION('',(0.,0.,-1.));
#12473 = PCURVE('',#12387,#12474);
#12474 = DEFINITIONAL_REPRESENTATION('',(#12475),#12479);
#12475 = LINE('',#12476,#12477);
#12476 = CARTESIAN_POINT('',(75.,250.));
#12477 = VECTOR('',#12478,1.);
#12478 = DIRECTION('',(1.,0.));
#12479 = ( GEOMETRIC_REPRESENTATION_CONTEXT(2) 
PARAMETRIC_REPRESENTATION_CONTEXT() REPRESENTATION_CONTEXT('2D SPACE',''
  ) );
#12480 = PCURVE('',#12481,#12486);
#12481 = PLANE('',#12482);
#12482 = AXIS2_PLACEMENT_3D('',#12483,#12484,#12485);
#12483 = CARTESIAN_POINT('',(-1.3906E+03,3.1998E+03,1.395E+03));
#12484 = DIRECTION('',(-1.,1.110223024625E-16,0.));
#12485 = DIRECTION('',(0.,0.,1.));
#12486 = DEFINITIONAL_REPRESENTATION('',(#12487),#12491);
#12487 = LINE('',#12488,#12489);
#12488 = CARTESIAN_POINT('',(75.,0.));
#12489 = VECTOR('',#12490,1.);
#12490 = DIRECTION('',(-1.,0.));
#12491 = ( GEOMETRIC_REPRESENTATION_CONTEXT(2) 
PARAMETRIC_REPRESENTATION_CONTEXT() REPRESENTATION_CONTEXT('2D SPACE',''
  ) );
#12492 = ADVANCED_FACE('',(#12493),#12455,.F.);
#12493 = FACE_BOUND('',#12494,.T.);
#12494 = EDGE_LOOP('',(#12495,#12496,#12519,#12547));
#12495 = ORIENTED_EDGE('',*,*,#12439,.F.);
#12496 = ORIENTED_EDGE('',*,*,#12497,.F.);
#12497 = EDGE_CURVE('',#12498,#12412,#12500,.T.);
#12498 = VERTEX_POINT('',#12499);
#12499 = CARTESIAN_POINT('',(-1.1406E+03,3.2178E+03,1.545E+03));
#12500 = SURFACE_CURVE('',#12501,(#12505,#12512),.PCURVE_S1.);
#12501 = LINE('',#12502,#12503);
#12502 = CARTESIAN_POINT('',(-1.1406E+03,3.2088E+03,1.545E+03));
#12503 = VECTOR('',#12504,1.);
#12504 = DIRECTION('',(-1.110223024625E-16,-1.,0.));
#12505 = PCURVE('',#12455,#12506);
#12506 = DEFINITIONAL_REPRESENTATION('',(#12507),#12511);
#12507 = LINE('',#12508,#12509);
#12508 = CARTESIAN_POINT('',(9.,-9.992007221626E-16));
#12509 = VECTOR('',#12510,1.);
#12510 = DIRECTION('',(1.,0.));
#12511 = ( GEOMETRIC_REPRESENTATION_CONTEXT(2) 
PARAMETRIC_REPRESENTATION_CONTEXT() REPRESENTATION_CONTEXT('2D SPACE',''
  ) );
#12512 = PCURVE('',#12427,#12513);
#12513 = DEFINITIONAL_REPRESENTATION('',(#12514),#12518);
#12514 = LINE('',#12515,#12516);
#12515 = CARTESIAN_POINT('',(150.,9.));
#12516 = VECTOR('',#12517,1.);
#12517 = DIRECTION('',(0.,-1.));
#12518 = ( GEOMETRIC_REPRESENTATION_CONTEXT(2) 
PARAMETRIC_REPRESENTATION_CONTEXT() REPRESENTATION_CONTEXT('2D SPACE',''
  ) );
#12519 = ORIENTED_EDGE('',*,*,#12520,.T.);
#12520 = EDGE_CURVE('',#12498,#12521,#12523,.T.);
#12521 = VERTEX_POINT('',#12522);
#12522 = CARTESIAN_POINT('',(-1.3906E+03,3.2178E+03,1.545E+03));
#12523 = SURFACE_CURVE('',#12524,(#12528,#12535),.PCURVE_S1.);
#12524 = LINE('',#12525,#12526);
#12525 = CARTESIAN_POINT('',(-1.2656E+03,3.2178E+03,1.545E+03));
#12526 = VECTOR('',#12527,1.);
#12527 = DIRECTION('',(-1.,1.110223024625E-16,0.));
#12528 = PCURVE('',#12455,#12529);
#12529 = DEFINITIONAL_REPRESENTATION('',(#12530),#12534);
#12530 = LINE('',#12531,#12532);
#12531 = CARTESIAN_POINT('',(1.387778780781E-14,125.));
#12532 = VECTOR('',#12533,1.);
#12533 = DIRECTION('',(0.,1.));
#12534 = ( GEOMETRIC_REPRESENTATION_CONTEXT(2) 
PARAMETRIC_REPRESENTATION_CONTEXT() REPRESENTATION_CONTEXT('2D SPACE',''
  ) );
#12535 = PCURVE('',#12536,#12541);
#12536 = PLANE('',#12537);
#12537 = AXIS2_PLACEMENT_3D('',#12538,#12539,#12540);
#12538 = CARTESIAN_POINT('',(-1.1406E+03,3.2178E+03,1.4185E+03));
#12539 = DIRECTION('',(-1.110223024625E-16,-1.,0.));
#12540 = DIRECTION('',(0.,0.,1.));
#12541 = DEFINITIONAL_REPRESENTATION('',(#12542),#12546);
#12542 = LINE('',#12543,#12544);
#12543 = CARTESIAN_POINT('',(126.5,125.));
#12544 = VECTOR('',#12545,1.);
#12545 = DIRECTION('',(0.,1.));
#12546 = ( GEOMETRIC_REPRESENTATION_CONTEXT(2) 
PARAMETRIC_REPRESENTATION_CONTEXT() REPRESENTATION_CONTEXT('2D SPACE',''
  ) );
#12547 = ORIENTED_EDGE('',*,*,#12548,.T.);
#12548 = EDGE_CURVE('',#12521,#12440,#12549,.T.);
#12549 = SURFACE_CURVE('',#12550,(#12554,#12561),.PCURVE_S1.);
#12550 = LINE('',#12551,#12552);
#12551 = CARTESIAN_POINT('',(-1.3906E+03,3.2088E+03,1.545E+03));
#12552 = VECTOR('',#12553,1.);
#12553 = DIRECTION('',(-1.110223024625E-16,-1.,0.));
#12554 = PCURVE('',#12455,#12555);
#12555 = DEFINITIONAL_REPRESENTATION('',(#12556),#12560);
#12556 = LINE('',#12557,#12558);
#12557 = CARTESIAN_POINT('',(9.,250.));
#12558 = VECTOR('',#12559,1.);
#12559 = DIRECTION('',(1.,0.));
#12560 = ( GEOMETRIC_REPRESENTATION_CONTEXT(2) 
PARAMETRIC_REPRESENTATION_CONTEXT() REPRESENTATION_CONTEXT('2D SPACE',''
  ) );
#12561 = PCURVE('',#12481,#12562);
#12562 = DEFINITIONAL_REPRESENTATION('',(#12563),#12567);
#12563 = LINE('',#12564,#12565);
#12564 = CARTESIAN_POINT('',(150.,9.));
#12565 = VECTOR('',#12566,1.);
#12566 = DIRECTION('',(0.,-1.));
#12567 = ( GEOMETRIC_REPRESENTATION_CONTEXT(2) 
PARAMETRIC_REPRESENTATION_CONTEXT() REPRESENTATION_CONTEXT('2D SPACE',''
  ) );
#12568 = ADVANCED_FACE('',(#12569),#12536,.F.);
#12569 = FACE_BOUND('',#12570,.T.);
#12570 = EDGE_LOOP('',(#12571,#12572,#12595,#12623));
#12571 = ORIENTED_EDGE('',*,*,#12520,.F.);
#12572 = ORIENTED_EDGE('',*,*,#12573,.F.);
#12573 = EDGE_CURVE('',#12574,#12498,#12576,.T.);
#12574 = VERTEX_POINT('',#12575);
#12575 = CARTESIAN_POINT('',(-1.1406E+03,3.2178E+03,1.4185E+03));
#12576 = SURFACE_CURVE('',#12577,(#12581,#12588),.PCURVE_S1.);
#12577 = LINE('',#12578,#12579);
#12578 = CARTESIAN_POINT('',(-1.1406E+03,3.2178E+03,1.48175E+03));
#12579 = VECTOR('',#12580,1.);
#12580 = DIRECTION('',(0.,0.,1.));
#12581 = PCURVE('',#12536,#12582);
#12582 = DEFINITIONAL_REPRESENTATION('',(#12583),#12587);
#12583 = LINE('',#12584,#12585);
#12584 = CARTESIAN_POINT('',(63.25,0.));
#12585 = VECTOR('',#12586,1.);
#12586 = DIRECTION('',(1.,0.));
#12587 = ( GEOMETRIC_REPRESENTATION_CONTEXT(2) 
PARAMETRIC_REPRESENTATION_CONTEXT() REPRESENTATION_CONTEXT('2D SPACE',''
  ) );
#12588 = PCURVE('',#12427,#12589);
#12589 = DEFINITIONAL_REPRESENTATION('',(#12590),#12594);
#12590 = LINE('',#12591,#12592);
#12591 = CARTESIAN_POINT('',(86.75,18.));
#12592 = VECTOR('',#12593,1.);
#12593 = DIRECTION('',(1.,0.));
#12594 = ( GEOMETRIC_REPRESENTATION_CONTEXT(2) 
PARAMETRIC_REPRESENTATION_CONTEXT() REPRESENTATION_CONTEXT('2D SPACE',''
  ) );
#12595 = ORIENTED_EDGE('',*,*,#12596,.T.);
#12596 = EDGE_CURVE('',#12574,#12597,#12599,.T.);
#12597 = VERTEX_POINT('',#12598);
#12598 = CARTESIAN_POINT('',(-1.3906E+03,3.2178E+03,1.4185E+03));
#12599 = SURFACE_CURVE('',#12600,(#12604,#12611),.PCURVE_S1.);
#12600 = LINE('',#12601,#12602);
#12601 = CARTESIAN_POINT('',(-1.2656E+03,3.2178E+03,1.4185E+03));
#12602 = VECTOR('',#12603,1.);
#12603 = DIRECTION('',(-1.,1.110223024625E-16,0.));
#12604 = PCURVE('',#12536,#12605);
#12605 = DEFINITIONAL_REPRESENTATION('',(#12606),#12610);
#12606 = LINE('',#12607,#12608);
#12607 = CARTESIAN_POINT('',(0.,125.));
#12608 = VECTOR('',#12609,1.);
#12609 = DIRECTION('',(0.,1.));
#12610 = ( GEOMETRIC_REPRESENTATION_CONTEXT(2) 
PARAMETRIC_REPRESENTATION_CONTEXT() REPRESENTATION_CONTEXT('2D SPACE',''
  ) );
#12611 = PCURVE('',#12612,#12617);
#12612 = PLANE('',#12613);
#12613 = AXIS2_PLACEMENT_3D('',#12614,#12615,#12616);
#12614 = CARTESIAN_POINT('',(-1.1406E+03,3.2108E+03,1.4185E+03));
#12615 = DIRECTION('',(0.,0.,1.));
#12616 = DIRECTION('',(1.110223024625E-16,1.,0.));
#12617 = DEFINITIONAL_REPRESENTATION('',(#12618),#12622);
#12618 = LINE('',#12619,#12620);
#12619 = CARTESIAN_POINT('',(7.,125.));
#12620 = VECTOR('',#12621,1.);
#12621 = DIRECTION('',(0.,1.));
#12622 = ( GEOMETRIC_REPRESENTATION_CONTEXT(2) 
PARAMETRIC_REPRESENTATION_CONTEXT() REPRESENTATION_CONTEXT('2D SPACE',''
  ) );
#12623 = ORIENTED_EDGE('',*,*,#12624,.T.);
#12624 = EDGE_CURVE('',#12597,#12521,#12625,.T.);
#12625 = SURFACE_CURVE('',#12626,(#12630,#12637),.PCURVE_S1.);
#12626 = LINE('',#12627,#12628);
#12627 = CARTESIAN_POINT('',(-1.3906E+03,3.2178E+03,1.48175E+03));
#12628 = VECTOR('',#12629,1.);
#12629 = DIRECTION('',(0.,0.,1.));
#12630 = PCURVE('',#12536,#12631);
#12631 = DEFINITIONAL_REPRESENTATION('',(#12632),#12636);
#12632 = LINE('',#12633,#12634);
#12633 = CARTESIAN_POINT('',(63.25,250.));
#12634 = VECTOR('',#12635,1.);
#12635 = DIRECTION('',(1.,0.));
#12636 = ( GEOMETRIC_REPRESENTATION_CONTEXT(2) 
PARAMETRIC_REPRESENTATION_CONTEXT() REPRESENTATION_CONTEXT('2D SPACE',''
  ) );
#12637 = PCURVE('',#12481,#12638);
#12638 = DEFINITIONAL_REPRESENTATION('',(#12639),#12643);
#12639 = LINE('',#12640,#12641);
#12640 = CARTESIAN_POINT('',(86.75,18.));
#12641 = VECTOR('',#12642,1.);
#12642 = DIRECTION('',(1.,0.));
#12643 = ( GEOMETRIC_REPRESENTATION_CONTEXT(2) 
PARAMETRIC_REPRESENTATION_CONTEXT() REPRESENTATION_CONTEXT('2D SPACE',''
  ) );
#12644 = ADVANCED_FACE('',(#12645),#12612,.F.);
#12645 = FACE_BOUND('',#12646,.T.);
#12646 = EDGE_LOOP('',(#12647,#12648,#12671,#12699));
#12647 = ORIENTED_EDGE('',*,*,#12596,.F.);
#12648 = ORIENTED_EDGE('',*,*,#12649,.F.);
#12649 = EDGE_CURVE('',#12650,#12574,#12652,.T.);
#12650 = VERTEX_POINT('',#12651);
#12651 = CARTESIAN_POINT('',(-1.1406E+03,3.2108E+03,1.4185E+03));
#12652 = SURFACE_CURVE('',#12653,(#12657,#12664),.PCURVE_S1.);
#12653 = LINE('',#12654,#12655);
#12654 = CARTESIAN_POINT('',(-1.1406E+03,3.2143E+03,1.4185E+03));
#12655 = VECTOR('',#12656,1.);
#12656 = DIRECTION('',(1.110223024625E-16,1.,0.));
#12657 = PCURVE('',#12612,#12658);
#12658 = DEFINITIONAL_REPRESENTATION('',(#12659),#12663);
#12659 = LINE('',#12660,#12661);
#12660 = CARTESIAN_POINT('',(3.5,3.885780586188E-16));
#12661 = VECTOR('',#12662,1.);
#12662 = DIRECTION('',(1.,0.));
#12663 = ( GEOMETRIC_REPRESENTATION_CONTEXT(2) 
PARAMETRIC_REPRESENTATION_CONTEXT() REPRESENTATION_CONTEXT('2D SPACE',''
  ) );
#12664 = PCURVE('',#12427,#12665);
#12665 = DEFINITIONAL_REPRESENTATION('',(#12666),#12670);
#12666 = LINE('',#12667,#12668);
#12667 = CARTESIAN_POINT('',(23.5,14.5));
#12668 = VECTOR('',#12669,1.);
#12669 = DIRECTION('',(0.,1.));
#12670 = ( GEOMETRIC_REPRESENTATION_CONTEXT(2) 
PARAMETRIC_REPRESENTATION_CONTEXT() REPRESENTATION_CONTEXT('2D SPACE',''
  ) );
#12671 = ORIENTED_EDGE('',*,*,#12672,.T.);
#12672 = EDGE_CURVE('',#12650,#12673,#12675,.T.);
#12673 = VERTEX_POINT('',#12674);
#12674 = CARTESIAN_POINT('',(-1.3906E+03,3.2108E+03,1.4185E+03));
#12675 = SURFACE_CURVE('',#12676,(#12680,#12687),.PCURVE_S1.);
#12676 = LINE('',#12677,#12678);
#12677 = CARTESIAN_POINT('',(-1.2656E+03,3.2108E+03,1.4185E+03));
#12678 = VECTOR('',#12679,1.);
#12679 = DIRECTION('',(-1.,1.110223024625E-16,0.));
#12680 = PCURVE('',#12612,#12681);
#12681 = DEFINITIONAL_REPRESENTATION('',(#12682),#12686);
#12682 = LINE('',#12683,#12684);
#12683 = CARTESIAN_POINT('',(-1.387778780781E-14,125.));
#12684 = VECTOR('',#12685,1.);
#12685 = DIRECTION('',(0.,1.));
#12686 = ( GEOMETRIC_REPRESENTATION_CONTEXT(2) 
PARAMETRIC_REPRESENTATION_CONTEXT() REPRESENTATION_CONTEXT('2D SPACE',''
  ) );
#12687 = PCURVE('',#12688,#12693);
#12688 = PLANE('',#12689);
#12689 = AXIS2_PLACEMENT_3D('',#12690,#12691,#12692);
#12690 = CARTESIAN_POINT('',(-1.1406E+03,3.2108E+03,1.408E+03));
#12691 = DIRECTION('',(-1.110223024625E-16,-1.,0.));
#12692 = DIRECTION('',(0.,0.,1.));
#12693 = DEFINITIONAL_REPRESENTATION('',(#12694),#12698);
#12694 = LINE('',#12695,#12696);
#12695 = CARTESIAN_POINT('',(10.5,125.));
#12696 = VECTOR('',#12697,1.);
#12697 = DIRECTION('',(0.,1.));
#12698 = ( GEOMETRIC_REPRESENTATION_CONTEXT(2) 
PARAMETRIC_REPRESENTATION_CONTEXT() REPRESENTATION_CONTEXT('2D SPACE',''
  ) );
#12699 = ORIENTED_EDGE('',*,*,#12700,.T.);
#12700 = EDGE_CURVE('',#12673,#12597,#12701,.T.);
#12701 = SURFACE_CURVE('',#12702,(#12706,#12713),.PCURVE_S1.);
#12702 = LINE('',#12703,#12704);
#12703 = CARTESIAN_POINT('',(-1.3906E+03,3.2143E+03,1.4185E+03));
#12704 = VECTOR('',#12705,1.);
#12705 = DIRECTION('',(1.110223024625E-16,1.,0.));
#12706 = PCURVE('',#12612,#12707);
#12707 = DEFINITIONAL_REPRESENTATION('',(#12708),#12712);
#12708 = LINE('',#12709,#12710);
#12709 = CARTESIAN_POINT('',(3.5,250.));
#12710 = VECTOR('',#12711,1.);
#12711 = DIRECTION('',(1.,0.));
#12712 = ( GEOMETRIC_REPRESENTATION_CONTEXT(2) 
PARAMETRIC_REPRESENTATION_CONTEXT() REPRESENTATION_CONTEXT('2D SPACE',''
  ) );
#12713 = PCURVE('',#12481,#12714);
#12714 = DEFINITIONAL_REPRESENTATION('',(#12715),#12719);
#12715 = LINE('',#12716,#12717);
#12716 = CARTESIAN_POINT('',(23.5,14.5));
#12717 = VECTOR('',#12718,1.);
#12718 = DIRECTION('',(0.,1.));
#12719 = ( GEOMETRIC_REPRESENTATION_CONTEXT(2) 
PARAMETRIC_REPRESENTATION_CONTEXT() REPRESENTATION_CONTEXT('2D SPACE',''
  ) );
#12720 = ADVANCED_FACE('',(#12721),#12688,.F.);
#12721 = FACE_BOUND('',#12722,.T.);
#12722 = EDGE_LOOP('',(#12723,#12724,#12747,#12775));
#12723 = ORIENTED_EDGE('',*,*,#12672,.F.);
#12724 = ORIENTED_EDGE('',*,*,#12725,.F.);
#12725 = EDGE_CURVE('',#12726,#12650,#12728,.T.);
#12726 = VERTEX_POINT('',#12727);
#12727 = CARTESIAN_POINT('',(-1.1406E+03,3.2108E+03,1.408E+03));
#12728 = SURFACE_CURVE('',#12729,(#12733,#12740),.PCURVE_S1.);
#12729 = LINE('',#12730,#12731);
#12730 = CARTESIAN_POINT('',(-1.1406E+03,3.2108E+03,1.41325E+03));
#12731 = VECTOR('',#12732,1.);
#12732 = DIRECTION('',(0.,0.,1.));
#12733 = PCURVE('',#12688,#12734);
#12734 = DEFINITIONAL_REPRESENTATION('',(#12735),#12739);
#12735 = LINE('',#12736,#12737);
#12736 = CARTESIAN_POINT('',(5.25,0.));
#12737 = VECTOR('',#12738,1.);
#12738 = DIRECTION('',(1.,0.));
#12739 = ( GEOMETRIC_REPRESENTATION_CONTEXT(2) 
PARAMETRIC_REPRESENTATION_CONTEXT() REPRESENTATION_CONTEXT('2D SPACE',''
  ) );
#12740 = PCURVE('',#12427,#12741);
#12741 = DEFINITIONAL_REPRESENTATION('',(#12742),#12746);
#12742 = LINE('',#12743,#12744);
#12743 = CARTESIAN_POINT('',(18.25,11.));
#12744 = VECTOR('',#12745,1.);
#12745 = DIRECTION('',(1.,0.));
#12746 = ( GEOMETRIC_REPRESENTATION_CONTEXT(2) 
PARAMETRIC_REPRESENTATION_CONTEXT() REPRESENTATION_CONTEXT('2D SPACE',''
  ) );
#12747 = ORIENTED_EDGE('',*,*,#12748,.T.);
#12748 = EDGE_CURVE('',#12726,#12749,#12751,.T.);
#12749 = VERTEX_POINT('',#12750);
#12750 = CARTESIAN_POINT('',(-1.3906E+03,3.2108E+03,1.408E+03));
#12751 = SURFACE_CURVE('',#12752,(#12756,#12763),.PCURVE_S1.);
#12752 = LINE('',#12753,#12754);
#12753 = CARTESIAN_POINT('',(-1.2656E+03,3.2108E+03,1.408E+03));
#12754 = VECTOR('',#12755,1.);
#12755 = DIRECTION('',(-1.,1.110223024625E-16,0.));
#12756 = PCURVE('',#12688,#12757);
#12757 = DEFINITIONAL_REPRESENTATION('',(#12758),#12762);
#12758 = LINE('',#12759,#12760);
#12759 = CARTESIAN_POINT('',(0.,125.));
#12760 = VECTOR('',#12761,1.);
#12761 = DIRECTION('',(0.,1.));
#12762 = ( GEOMETRIC_REPRESENTATION_CONTEXT(2) 
PARAMETRIC_REPRESENTATION_CONTEXT() REPRESENTATION_CONTEXT('2D SPACE',''
  ) );
#12763 = PCURVE('',#12764,#12769);
#12764 = PLANE('',#12765);
#12765 = AXIS2_PLACEMENT_3D('',#12766,#12767,#12768);
#12766 = CARTESIAN_POINT('',(-1.1406E+03,3.2178E+03,1.408E+03));
#12767 = DIRECTION('',(0.,0.,-1.));
#12768 = DIRECTION('',(-1.110223024625E-16,-1.,0.));
#12769 = DEFINITIONAL_REPRESENTATION('',(#12770),#12774);
#12770 = LINE('',#12771,#12772);
#12771 = CARTESIAN_POINT('',(7.,125.));
#12772 = VECTOR('',#12773,1.);
#12773 = DIRECTION('',(0.,1.));
#12774 = ( GEOMETRIC_REPRESENTATION_CONTEXT(2) 
PARAMETRIC_REPRESENTATION_CONTEXT() REPRESENTATION_CONTEXT('2D SPACE',''
  ) );
#12775 = ORIENTED_EDGE('',*,*,#12776,.T.);
#12776 = EDGE_CURVE('',#12749,#12673,#12777,.T.);
#12777 = SURFACE_CURVE('',#12778,(#12782,#12789),.PCURVE_S1.);
#12778 = LINE('',#12779,#12780);
#12779 = CARTESIAN_POINT('',(-1.3906E+03,3.2108E+03,1.41325E+03));
#12780 = VECTOR('',#12781,1.);
#12781 = DIRECTION('',(0.,0.,1.));
#12782 = PCURVE('',#12688,#12783);
#12783 = DEFINITIONAL_REPRESENTATION('',(#12784),#12788);
#12784 = LINE('',#12785,#12786);
#12785 = CARTESIAN_POINT('',(5.25,250.));
#12786 = VECTOR('',#12787,1.);
#12787 = DIRECTION('',(1.,0.));
#12788 = ( GEOMETRIC_REPRESENTATION_CONTEXT(2) 
PARAMETRIC_REPRESENTATION_CONTEXT() REPRESENTATION_CONTEXT('2D SPACE',''
  ) );
#12789 = PCURVE('',#12481,#12790);
#12790 = DEFINITIONAL_REPRESENTATION('',(#12791),#12795);
#12791 = LINE('',#12792,#12793);
#12792 = CARTESIAN_POINT('',(18.25,11.));
#12793 = VECTOR('',#12794,1.);
#12794 = DIRECTION('',(1.,0.));
#12795 = ( GEOMETRIC_REPRESENTATION_CONTEXT(2) 
PARAMETRIC_REPRESENTATION_CONTEXT() REPRESENTATION_CONTEXT('2D SPACE',''
  ) );
#12796 = ADVANCED_FACE('',(#12797),#12764,.F.);
#12797 = FACE_BOUND('',#12798,.T.);
#12798 = EDGE_LOOP('',(#12799,#12800,#12823,#12851));
#12799 = ORIENTED_EDGE('',*,*,#12748,.F.);
#12800 = ORIENTED_EDGE('',*,*,#12801,.F.);
#12801 = EDGE_CURVE('',#12802,#12726,#12804,.T.);
#12802 = VERTEX_POINT('',#12803);
#12803 = CARTESIAN_POINT('',(-1.1406E+03,3.2178E+03,1.408E+03));
#12804 = SURFACE_CURVE('',#12805,(#12809,#12816),.PCURVE_S1.);
#12805 = LINE('',#12806,#12807);
#12806 = CARTESIAN_POINT('',(-1.1406E+03,3.2143E+03,1.408E+03));
#12807 = VECTOR('',#12808,1.);
#12808 = DIRECTION('',(-1.110223024625E-16,-1.,0.));
#12809 = PCURVE('',#12764,#12810);
#12810 = DEFINITIONAL_REPRESENTATION('',(#12811),#12815);
#12811 = LINE('',#12812,#12813);
#12812 = CARTESIAN_POINT('',(3.5,-3.885780586188E-16));
#12813 = VECTOR('',#12814,1.);
#12814 = DIRECTION('',(1.,0.));
#12815 = ( GEOMETRIC_REPRESENTATION_CONTEXT(2) 
PARAMETRIC_REPRESENTATION_CONTEXT() REPRESENTATION_CONTEXT('2D SPACE',''
  ) );
#12816 = PCURVE('',#12427,#12817);
#12817 = DEFINITIONAL_REPRESENTATION('',(#12818),#12822);
#12818 = LINE('',#12819,#12820);
#12819 = CARTESIAN_POINT('',(13.,14.5));
#12820 = VECTOR('',#12821,1.);
#12821 = DIRECTION('',(0.,-1.));
#12822 = ( GEOMETRIC_REPRESENTATION_CONTEXT(2) 
PARAMETRIC_REPRESENTATION_CONTEXT() REPRESENTATION_CONTEXT('2D SPACE',''
  ) );
#12823 = ORIENTED_EDGE('',*,*,#12824,.T.);
#12824 = EDGE_CURVE('',#12802,#12825,#12827,.T.);
#12825 = VERTEX_POINT('',#12826);
#12826 = CARTESIAN_POINT('',(-1.3906E+03,3.2178E+03,1.408E+03));
#12827 = SURFACE_CURVE('',#12828,(#12832,#12839),.PCURVE_S1.);
#12828 = LINE('',#12829,#12830);
#12829 = CARTESIAN_POINT('',(-1.2656E+03,3.2178E+03,1.408E+03));
#12830 = VECTOR('',#12831,1.);
#12831 = DIRECTION('',(-1.,1.110223024625E-16,0.));
#12832 = PCURVE('',#12764,#12833);
#12833 = DEFINITIONAL_REPRESENTATION('',(#12834),#12838);
#12834 = LINE('',#12835,#12836);
#12835 = CARTESIAN_POINT('',(1.387778780781E-14,125.));
#12836 = VECTOR('',#12837,1.);
#12837 = DIRECTION('',(0.,1.));
#12838 = ( GEOMETRIC_REPRESENTATION_CONTEXT(2) 
PARAMETRIC_REPRESENTATION_CONTEXT() REPRESENTATION_CONTEXT('2D SPACE',''
  ) );
#12839 = PCURVE('',#12840,#12845);
#12840 = PLANE('',#12841);
#12841 = AXIS2_PLACEMENT_3D('',#12842,#12843,#12844);
#12842 = CARTESIAN_POINT('',(-1.1406E+03,3.2178E+03,1.4185E+03));
#12843 = DIRECTION('',(-1.110223024625E-16,-1.,0.));
#12844 = DIRECTION('',(0.,0.,1.));
#12845 = DEFINITIONAL_REPRESENTATION('',(#12846),#12850);
#12846 = LINE('',#12847,#12848);
#12847 = CARTESIAN_POINT('',(-10.5,125.));
#12848 = VECTOR('',#12849,1.);
#12849 = DIRECTION('',(0.,1.));
#12850 = ( GEOMETRIC_REPRESENTATION_CONTEXT(2) 
PARAMETRIC_REPRESENTATION_CONTEXT() REPRESENTATION_CONTEXT('2D SPACE',''
  ) );
#12851 = ORIENTED_EDGE('',*,*,#12852,.T.);
#12852 = EDGE_CURVE('',#12825,#12749,#12853,.T.);
#12853 = SURFACE_CURVE('',#12854,(#12858,#12865),.PCURVE_S1.);
#12854 = LINE('',#12855,#12856);
#12855 = CARTESIAN_POINT('',(-1.3906E+03,3.2143E+03,1.408E+03));
#12856 = VECTOR('',#12857,1.);
#12857 = DIRECTION('',(-1.110223024625E-16,-1.,0.));
#12858 = PCURVE('',#12764,#12859);
#12859 = DEFINITIONAL_REPRESENTATION('',(#12860),#12864);
#12860 = LINE('',#12861,#12862);
#12861 = CARTESIAN_POINT('',(3.5,250.));
#12862 = VECTOR('',#12863,1.);
#12863 = DIRECTION('',(1.,0.));
#12864 = ( GEOMETRIC_REPRESENTATION_CONTEXT(2) 
PARAMETRIC_REPRESENTATION_CONTEXT() REPRESENTATION_CONTEXT('2D SPACE',''
  ) );
#12865 = PCURVE('',#12481,#12866);
#12866 = DEFINITIONAL_REPRESENTATION('',(#12867),#12871);
#12867 = LINE('',#12868,#12869);
#12868 = CARTESIAN_POINT('',(13.,14.5));
#12869 = VECTOR('',#12870,1.);
#12870 = DIRECTION('',(0.,-1.));
#12871 = ( GEOMETRIC_REPRESENTATION_CONTEXT(2) 
PARAMETRIC_REPRESENTATION_CONTEXT() REPRESENTATION_CONTEXT('2D SPACE',''
  ) );
#12872 = ADVANCED_FACE('',(#12873),#12840,.F.);
#12873 = FACE_BOUND('',#12874,.T.);
#12874 = EDGE_LOOP('',(#12875,#12876,#12899,#12922));
#12875 = ORIENTED_EDGE('',*,*,#12824,.F.);
#12876 = ORIENTED_EDGE('',*,*,#12877,.F.);
#12877 = EDGE_CURVE('',#12878,#12802,#12880,.T.);
#12878 = VERTEX_POINT('',#12879);
#12879 = CARTESIAN_POINT('',(-1.1406E+03,3.2178E+03,1.395E+03));
#12880 = SURFACE_CURVE('',#12881,(#12885,#12892),.PCURVE_S1.);
#12881 = LINE('',#12882,#12883);
#12882 = CARTESIAN_POINT('',(-1.1406E+03,3.2178E+03,1.4015E+03));
#12883 = VECTOR('',#12884,1.);
#12884 = DIRECTION('',(0.,0.,1.));
#12885 = PCURVE('',#12840,#12886);
#12886 = DEFINITIONAL_REPRESENTATION('',(#12887),#12891);
#12887 = LINE('',#12888,#12889);
#12888 = CARTESIAN_POINT('',(-17.,0.));
#12889 = VECTOR('',#12890,1.);
#12890 = DIRECTION('',(1.,0.));
#12891 = ( GEOMETRIC_REPRESENTATION_CONTEXT(2) 
PARAMETRIC_REPRESENTATION_CONTEXT() REPRESENTATION_CONTEXT('2D SPACE',''
  ) );
#12892 = PCURVE('',#12427,#12893);
#12893 = DEFINITIONAL_REPRESENTATION('',(#12894),#12898);
#12894 = LINE('',#12895,#12896);
#12895 = CARTESIAN_POINT('',(6.5,18.));
#12896 = VECTOR('',#12897,1.);
#12897 = DIRECTION('',(1.,0.));
#12898 = ( GEOMETRIC_REPRESENTATION_CONTEXT(2) 
PARAMETRIC_REPRESENTATION_CONTEXT() REPRESENTATION_CONTEXT('2D SPACE',''
  ) );
#12899 = ORIENTED_EDGE('',*,*,#12900,.T.);
#12900 = EDGE_CURVE('',#12878,#12901,#12903,.T.);
#12901 = VERTEX_POINT('',#12902);
#12902 = CARTESIAN_POINT('',(-1.3906E+03,3.2178E+03,1.395E+03));
#12903 = SURFACE_CURVE('',#12904,(#12908,#12915),.PCURVE_S1.);
#12904 = LINE('',#12905,#12906);
#12905 = CARTESIAN_POINT('',(-1.2656E+03,3.2178E+03,1.395E+03));
#12906 = VECTOR('',#12907,1.);
#12907 = DIRECTION('',(-1.,1.110223024625E-16,0.));
#12908 = PCURVE('',#12840,#12909);
#12909 = DEFINITIONAL_REPRESENTATION('',(#12910),#12914);
#12910 = LINE('',#12911,#12912);
#12911 = CARTESIAN_POINT('',(-23.5,125.));
#12912 = VECTOR('',#12913,1.);
#12913 = DIRECTION('',(0.,1.));
#12914 = ( GEOMETRIC_REPRESENTATION_CONTEXT(2) 
PARAMETRIC_REPRESENTATION_CONTEXT() REPRESENTATION_CONTEXT('2D SPACE',''
  ) );
#12915 = PCURVE('',#12399,#12916);
#12916 = DEFINITIONAL_REPRESENTATION('',(#12917),#12921);
#12917 = LINE('',#12918,#12919);
#12918 = CARTESIAN_POINT('',(18.,125.));
#12919 = VECTOR('',#12920,1.);
#12920 = DIRECTION('',(0.,1.));
#12921 = ( GEOMETRIC_REPRESENTATION_CONTEXT(2) 
PARAMETRIC_REPRESENTATION_CONTEXT() REPRESENTATION_CONTEXT('2D SPACE',''
  ) );
#12922 = ORIENTED_EDGE('',*,*,#12923,.T.);
#12923 = EDGE_CURVE('',#12901,#12825,#12924,.T.);
#12924 = SURFACE_CURVE('',#12925,(#12929,#12936),.PCURVE_S1.);
#12925 = LINE('',#12926,#12927);
#12926 = CARTESIAN_POINT('',(-1.3906E+03,3.2178E+03,1.4015E+03));
#12927 = VECTOR('',#12928,1.);
#12928 = DIRECTION('',(0.,0.,1.));
#12929 = PCURVE('',#12840,#12930);
#12930 = DEFINITIONAL_REPRESENTATION('',(#12931),#12935);
#12931 = LINE('',#12932,#12933);
#12932 = CARTESIAN_POINT('',(-17.,250.));
#12933 = VECTOR('',#12934,1.);
#12934 = DIRECTION('',(1.,0.));
#12935 = ( GEOMETRIC_REPRESENTATION_CONTEXT(2) 
PARAMETRIC_REPRESENTATION_CONTEXT() REPRESENTATION_CONTEXT('2D SPACE',''
  ) );
#12936 = PCURVE('',#12481,#12937);
#12937 = DEFINITIONAL_REPRESENTATION('',(#12938),#12942);
#12938 = LINE('',#12939,#12940);
#12939 = CARTESIAN_POINT('',(6.5,18.));
#12940 = VECTOR('',#12941,1.);
#12941 = DIRECTION('',(1.,0.));
#12942 = ( GEOMETRIC_REPRESENTATION_CONTEXT(2) 
PARAMETRIC_REPRESENTATION_CONTEXT() REPRESENTATION_CONTEXT('2D SPACE',''
  ) );
#12943 = ADVANCED_FACE('',(#12944),#12399,.F.);
#12944 = FACE_BOUND('',#12945,.T.);
#12945 = EDGE_LOOP('',(#12946,#12947,#12968,#12969));
#12946 = ORIENTED_EDGE('',*,*,#12900,.F.);
#12947 = ORIENTED_EDGE('',*,*,#12948,.F.);
#12948 = EDGE_CURVE('',#12377,#12878,#12949,.T.);
#12949 = SURFACE_CURVE('',#12950,(#12954,#12961),.PCURVE_S1.);
#12950 = LINE('',#12951,#12952);
#12951 = CARTESIAN_POINT('',(-1.1406E+03,3.2088E+03,1.395E+03));
#12952 = VECTOR('',#12953,1.);
#12953 = DIRECTION('',(1.110223024625E-16,1.,0.));
#12954 = PCURVE('',#12399,#12955);
#12955 = DEFINITIONAL_REPRESENTATION('',(#12956),#12960);
#12956 = LINE('',#12957,#12958);
#12957 = CARTESIAN_POINT('',(9.,9.992007221626E-16));
#12958 = VECTOR('',#12959,1.);
#12959 = DIRECTION('',(1.,0.));
#12960 = ( GEOMETRIC_REPRESENTATION_CONTEXT(2) 
PARAMETRIC_REPRESENTATION_CONTEXT() REPRESENTATION_CONTEXT('2D SPACE',''
  ) );
#12961 = PCURVE('',#12427,#12962);
#12962 = DEFINITIONAL_REPRESENTATION('',(#12963),#12967);
#12963 = LINE('',#12964,#12965);
#12964 = CARTESIAN_POINT('',(0.,9.));
#12965 = VECTOR('',#12966,1.);
#12966 = DIRECTION('',(0.,1.));
#12967 = ( GEOMETRIC_REPRESENTATION_CONTEXT(2) 
PARAMETRIC_REPRESENTATION_CONTEXT() REPRESENTATION_CONTEXT('2D SPACE',''
  ) );
#12968 = ORIENTED_EDGE('',*,*,#12376,.T.);
#12969 = ORIENTED_EDGE('',*,*,#12970,.T.);
#12970 = EDGE_CURVE('',#12379,#12901,#12971,.T.);
#12971 = SURFACE_CURVE('',#12972,(#12976,#12983),.PCURVE_S1.);
#12972 = LINE('',#12973,#12974);
#12973 = CARTESIAN_POINT('',(-1.3906E+03,3.2088E+03,1.395E+03));
#12974 = VECTOR('',#12975,1.);
#12975 = DIRECTION('',(1.110223024625E-16,1.,0.));
#12976 = PCURVE('',#12399,#12977);
#12977 = DEFINITIONAL_REPRESENTATION('',(#12978),#12982);
#12978 = LINE('',#12979,#12980);
#12979 = CARTESIAN_POINT('',(9.,250.));
#12980 = VECTOR('',#12981,1.);
#12981 = DIRECTION('',(1.,0.));
#12982 = ( GEOMETRIC_REPRESENTATION_CONTEXT(2) 
PARAMETRIC_REPRESENTATION_CONTEXT() REPRESENTATION_CONTEXT('2D SPACE',''
  ) );
#12983 = PCURVE('',#12481,#12984);
#12984 = DEFINITIONAL_REPRESENTATION('',(#12985),#12989);
#12985 = LINE('',#12986,#12987);
#12986 = CARTESIAN_POINT('',(0.,9.));
#12987 = VECTOR('',#12988,1.);
#12988 = DIRECTION('',(0.,1.));
#12989 = ( GEOMETRIC_REPRESENTATION_CONTEXT(2) 
PARAMETRIC_REPRESENTATION_CONTEXT() REPRESENTATION_CONTEXT('2D SPACE',''
  ) );
#12990 = ADVANCED_FACE('',(#12991),#12427,.F.);
#12991 = FACE_BOUND('',#12992,.T.);
#12992 = EDGE_LOOP('',(#12993,#12994,#12995,#12996,#12997,#12998,#12999,
    #13000));
#12993 = ORIENTED_EDGE('',*,*,#12948,.T.);
#12994 = ORIENTED_EDGE('',*,*,#12877,.T.);
#12995 = ORIENTED_EDGE('',*,*,#12801,.T.);
#12996 = ORIENTED_EDGE('',*,*,#12725,.T.);
#12997 = ORIENTED_EDGE('',*,*,#12649,.T.);
#12998 = ORIENTED_EDGE('',*,*,#12573,.T.);
#12999 = ORIENTED_EDGE('',*,*,#12497,.T.);
#13000 = ORIENTED_EDGE('',*,*,#12411,.T.);
#13001 = ADVANCED_FACE('',(#13002),#12481,.T.);
#13002 = FACE_BOUND('',#13003,.T.);
#13003 = EDGE_LOOP('',(#13004,#13005,#13006,#13007,#13008,#13009,#13010,
    #13011));
#13004 = ORIENTED_EDGE('',*,*,#12467,.F.);
#13005 = ORIENTED_EDGE('',*,*,#12548,.F.);
#13006 = ORIENTED_EDGE('',*,*,#12624,.F.);
#13007 = ORIENTED_EDGE('',*,*,#12700,.F.);
#13008 = ORIENTED_EDGE('',*,*,#12776,.F.);
#13009 = ORIENTED_EDGE('',*,*,#12852,.F.);
#13010 = ORIENTED_EDGE('',*,*,#12923,.F.);
#13011 = ORIENTED_EDGE('',*,*,#12970,.F.);
#13012 = ( GEOMETRIC_REPRESENTATION_CONTEXT(3) 
GLOBAL_UNCERTAINTY_ASSIGNED_CONTEXT((#13016)) 
GLOBAL_UNIT_ASSIGNED_CONTEXT((#13013,#13014,#13015)) 
REPRESENTATION_CONTEXT('Context #1',
  '3D Context with UNIT and UNCERTAINTY') );
#13013 = ( LENGTH_UNIT() NAMED_UNIT(*) SI_UNIT(.MILLI.,.METRE.) );
#13014 = ( NAMED_UNIT(*) PLANE_ANGLE_UNIT() SI_UNIT($,.RADIAN.) );
#13015 = ( NAMED_UNIT(*) SI_UNIT($,.STERADIAN.) SOLID_ANGLE_UNIT() );
#13016 = UNCERTAINTY_MEASURE_WITH_UNIT(LENGTH_MEASURE(1.E-07),#13013,
  'distance_accuracy_value','confusion accuracy');
#13017 = CONTEXT_DEPENDENT_SHAPE_REPRESENTATION(#13018,#13020);
#13018 = ( REPRESENTATION_RELATIONSHIP('','',#12369,#10) 
REPRESENTATION_RELATIONSHIP_WITH_TRANSFORMATION(#13019) 
SHAPE_REPRESENTATION_RELATIONSHIP() );
#13019 = ITEM_DEFINED_TRANSFORMATION('','',#11,#147);
#13020 = PRODUCT_DEFINITION_SHAPE('Placement','Placement of an item',
  #13021);
#13021 = NEXT_ASSEMBLY_USAGE_OCCURRENCE('285','','',#5,#12364,$);
#13022 = PRODUCT_RELATED_PRODUCT_CATEGORY('part',$,(#12366));
#13023 = SHAPE_DEFINITION_REPRESENTATION(#13024,#13030);
#13024 = PRODUCT_DEFINITION_SHAPE('','',#13025);
#13025 = PRODUCT_DEFINITION('design','',#13026,#13029);
#13026 = PRODUCT_DEFINITION_FORMATION('','',#13027);
#13027 = PRODUCT('Open CASCADE STEP translator 7.9 4.35',
  'Open CASCADE STEP translator 7.9 4.35','',(#13028));
#13028 = PRODUCT_CONTEXT('',#2,'mechanical');
#13029 = PRODUCT_DEFINITION_CONTEXT('part definition',#2,'design');
#13030 = ADVANCED_BREP_SHAPE_REPRESENTATION('',(#11,#13031),#13673);
#13031 = MANIFOLD_SOLID_BREP('',#13032);
#13032 = CLOSED_SHELL('',(#13033,#13153,#13229,#13305,#13381,#13457,
    #13533,#13604,#13651,#13662));
#13033 = ADVANCED_FACE('',(#13034),#13048,.F.);
#13034 = FACE_BOUND('',#13035,.T.);
#13035 = EDGE_LOOP('',(#13036,#13071,#13099,#13127));
#13036 = ORIENTED_EDGE('',*,*,#13037,.F.);
#13037 = EDGE_CURVE('',#13038,#13040,#13042,.T.);
#13038 = VERTEX_POINT('',#13039);
#13039 = CARTESIAN_POINT('',(-1.4666E+03,3.5258E+03,1.395E+03));
#13040 = VERTEX_POINT('',#13041);
#13041 = CARTESIAN_POINT('',(-1.7166E+03,3.5258E+03,1.395E+03));
#13042 = SURFACE_CURVE('',#13043,(#13047,#13059),.PCURVE_S1.);
#13043 = LINE('',#13044,#13045);
#13044 = CARTESIAN_POINT('',(-1.5916E+03,3.5258E+03,1.395E+03));
#13045 = VECTOR('',#13046,1.);
#13046 = DIRECTION('',(-1.,1.110223024625E-16,0.));
#13047 = PCURVE('',#13048,#13053);
#13048 = PLANE('',#13049);
#13049 = AXIS2_PLACEMENT_3D('',#13050,#13051,#13052);
#13050 = CARTESIAN_POINT('',(-1.4666E+03,3.5258E+03,1.408E+03));
#13051 = DIRECTION('',(1.110223024625E-16,1.,0.));
#13052 = DIRECTION('',(0.,0.,-1.));
#13053 = DEFINITIONAL_REPRESENTATION('',(#13054),#13058);
#13054 = LINE('',#13055,#13056);
#13055 = CARTESIAN_POINT('',(13.,125.));
#13056 = VECTOR('',#13057,1.);
#13057 = DIRECTION('',(0.,1.));
#13058 = ( GEOMETRIC_REPRESENTATION_CONTEXT(2) 
PARAMETRIC_REPRESENTATION_CONTEXT() REPRESENTATION_CONTEXT('2D SPACE',''
  ) );
#13059 = PCURVE('',#13060,#13065);
#13060 = PLANE('',#13061);
#13061 = AXIS2_PLACEMENT_3D('',#13062,#13063,#13064);
#13062 = CARTESIAN_POINT('',(-1.4666E+03,3.5258E+03,1.395E+03));
#13063 = DIRECTION('',(0.,0.,1.));
#13064 = DIRECTION('',(1.110223024625E-16,1.,0.));
#13065 = DEFINITIONAL_REPRESENTATION('',(#13066),#13070);
#13066 = LINE('',#13067,#13068);
#13067 = CARTESIAN_POINT('',(-1.387778780781E-14,125.));
#13068 = VECTOR('',#13069,1.);
#13069 = DIRECTION('',(0.,1.));
#13070 = ( GEOMETRIC_REPRESENTATION_CONTEXT(2) 
PARAMETRIC_REPRESENTATION_CONTEXT() REPRESENTATION_CONTEXT('2D SPACE',''
  ) );
#13071 = ORIENTED_EDGE('',*,*,#13072,.F.);
#13072 = EDGE_CURVE('',#13073,#13038,#13075,.T.);
#13073 = VERTEX_POINT('',#13074);
#13074 = CARTESIAN_POINT('',(-1.4666E+03,3.5258E+03,1.408E+03));
#13075 = SURFACE_CURVE('',#13076,(#13080,#13087),.PCURVE_S1.);
#13076 = LINE('',#13077,#13078);
#13077 = CARTESIAN_POINT('',(-1.4666E+03,3.5258E+03,1.4015E+03));
#13078 = VECTOR('',#13079,1.);
#13079 = DIRECTION('',(0.,0.,-1.));
#13080 = PCURVE('',#13048,#13081);
#13081 = DEFINITIONAL_REPRESENTATION('',(#13082),#13086);
#13082 = LINE('',#13083,#13084);
#13083 = CARTESIAN_POINT('',(6.5,0.));
#13084 = VECTOR('',#13085,1.);
#13085 = DIRECTION('',(1.,0.));
#13086 = ( GEOMETRIC_REPRESENTATION_CONTEXT(2) 
PARAMETRIC_REPRESENTATION_CONTEXT() REPRESENTATION_CONTEXT('2D SPACE',''
  ) );
#13087 = PCURVE('',#13088,#13093);
#13088 = PLANE('',#13089);
#13089 = AXIS2_PLACEMENT_3D('',#13090,#13091,#13092);
#13090 = CARTESIAN_POINT('',(-1.4666E+03,3.5258E+03,1.395E+03));
#13091 = DIRECTION('',(-1.,1.110223024625E-16,0.));
#13092 = DIRECTION('',(0.,0.,1.));
#13093 = DEFINITIONAL_REPRESENTATION('',(#13094),#13098);
#13094 = LINE('',#13095,#13096);
#13095 = CARTESIAN_POINT('',(6.5,0.));
#13096 = VECTOR('',#13097,1.);
#13097 = DIRECTION('',(-1.,0.));
#13098 = ( GEOMETRIC_REPRESENTATION_CONTEXT(2) 
PARAMETRIC_REPRESENTATION_CONTEXT() REPRESENTATION_CONTEXT('2D SPACE',''
  ) );
#13099 = ORIENTED_EDGE('',*,*,#13100,.T.);
#13100 = EDGE_CURVE('',#13073,#13101,#13103,.T.);
#13101 = VERTEX_POINT('',#13102);
#13102 = CARTESIAN_POINT('',(-1.7166E+03,3.5258E+03,1.408E+03));
#13103 = SURFACE_CURVE('',#13104,(#13108,#13115),.PCURVE_S1.);
#13104 = LINE('',#13105,#13106);
#13105 = CARTESIAN_POINT('',(-1.5916E+03,3.5258E+03,1.408E+03));
#13106 = VECTOR('',#13107,1.);
#13107 = DIRECTION('',(-1.,1.110223024625E-16,0.));
#13108 = PCURVE('',#13048,#13109);
#13109 = DEFINITIONAL_REPRESENTATION('',(#13110),#13114);
#13110 = LINE('',#13111,#13112);
#13111 = CARTESIAN_POINT('',(0.,125.));
#13112 = VECTOR('',#13113,1.);
#13113 = DIRECTION('',(0.,1.));
#13114 = ( GEOMETRIC_REPRESENTATION_CONTEXT(2) 
PARAMETRIC_REPRESENTATION_CONTEXT() REPRESENTATION_CONTEXT('2D SPACE',''
  ) );
#13115 = PCURVE('',#13116,#13121);
#13116 = PLANE('',#13117);
#13117 = AXIS2_PLACEMENT_3D('',#13118,#13119,#13120);
#13118 = CARTESIAN_POINT('',(-1.4666E+03,3.5328E+03,1.408E+03));
#13119 = DIRECTION('',(0.,0.,-1.));
#13120 = DIRECTION('',(-1.110223024625E-16,-1.,0.));
#13121 = DEFINITIONAL_REPRESENTATION('',(#13122),#13126);
#13122 = LINE('',#13123,#13124);
#13123 = CARTESIAN_POINT('',(7.,125.));
#13124 = VECTOR('',#13125,1.);
#13125 = DIRECTION('',(0.,1.));
#13126 = ( GEOMETRIC_REPRESENTATION_CONTEXT(2) 
PARAMETRIC_REPRESENTATION_CONTEXT() REPRESENTATION_CONTEXT('2D SPACE',''
  ) );
#13127 = ORIENTED_EDGE('',*,*,#13128,.T.);
#13128 = EDGE_CURVE('',#13101,#13040,#13129,.T.);
#13129 = SURFACE_CURVE('',#13130,(#13134,#13141),.PCURVE_S1.);
#13130 = LINE('',#13131,#13132);
#13131 = CARTESIAN_POINT('',(-1.7166E+03,3.5258E+03,1.4015E+03));
#13132 = VECTOR('',#13133,1.);
#13133 = DIRECTION('',(0.,0.,-1.));
#13134 = PCURVE('',#13048,#13135);
#13135 = DEFINITIONAL_REPRESENTATION('',(#13136),#13140);
#13136 = LINE('',#13137,#13138);
#13137 = CARTESIAN_POINT('',(6.5,250.));
#13138 = VECTOR('',#13139,1.);
#13139 = DIRECTION('',(1.,0.));
#13140 = ( GEOMETRIC_REPRESENTATION_CONTEXT(2) 
PARAMETRIC_REPRESENTATION_CONTEXT() REPRESENTATION_CONTEXT('2D SPACE',''
  ) );
#13141 = PCURVE('',#13142,#13147);
#13142 = PLANE('',#13143);
#13143 = AXIS2_PLACEMENT_3D('',#13144,#13145,#13146);
#13144 = CARTESIAN_POINT('',(-1.7166E+03,3.5258E+03,1.395E+03));
#13145 = DIRECTION('',(-1.,1.110223024625E-16,0.));
#13146 = DIRECTION('',(0.,0.,1.));
#13147 = DEFINITIONAL_REPRESENTATION('',(#13148),#13152);
#13148 = LINE('',#13149,#13150);
#13149 = CARTESIAN_POINT('',(6.5,0.));
#13150 = VECTOR('',#13151,1.);
#13151 = DIRECTION('',(-1.,0.));
#13152 = ( GEOMETRIC_REPRESENTATION_CONTEXT(2) 
PARAMETRIC_REPRESENTATION_CONTEXT() REPRESENTATION_CONTEXT('2D SPACE',''
  ) );
#13153 = ADVANCED_FACE('',(#13154),#13116,.F.);
#13154 = FACE_BOUND('',#13155,.T.);
#13155 = EDGE_LOOP('',(#13156,#13157,#13180,#13208));
#13156 = ORIENTED_EDGE('',*,*,#13100,.F.);
#13157 = ORIENTED_EDGE('',*,*,#13158,.F.);
#13158 = EDGE_CURVE('',#13159,#13073,#13161,.T.);
#13159 = VERTEX_POINT('',#13160);
#13160 = CARTESIAN_POINT('',(-1.4666E+03,3.5328E+03,1.408E+03));
#13161 = SURFACE_CURVE('',#13162,(#13166,#13173),.PCURVE_S1.);
#13162 = LINE('',#13163,#13164);
#13163 = CARTESIAN_POINT('',(-1.4666E+03,3.5293E+03,1.408E+03));
#13164 = VECTOR('',#13165,1.);
#13165 = DIRECTION('',(-1.110223024625E-16,-1.,0.));
#13166 = PCURVE('',#13116,#13167);
#13167 = DEFINITIONAL_REPRESENTATION('',(#13168),#13172);
#13168 = LINE('',#13169,#13170);
#13169 = CARTESIAN_POINT('',(3.5,-3.885780586188E-16));
#13170 = VECTOR('',#13171,1.);
#13171 = DIRECTION('',(1.,0.));
#13172 = ( GEOMETRIC_REPRESENTATION_CONTEXT(2) 
PARAMETRIC_REPRESENTATION_CONTEXT() REPRESENTATION_CONTEXT('2D SPACE',''
  ) );
#13173 = PCURVE('',#13088,#13174);
#13174 = DEFINITIONAL_REPRESENTATION('',(#13175),#13179);
#13175 = LINE('',#13176,#13177);
#13176 = CARTESIAN_POINT('',(13.,3.5));
#13177 = VECTOR('',#13178,1.);
#13178 = DIRECTION('',(0.,-1.));
#13179 = ( GEOMETRIC_REPRESENTATION_CONTEXT(2) 
PARAMETRIC_REPRESENTATION_CONTEXT() REPRESENTATION_CONTEXT('2D SPACE',''
  ) );
#13180 = ORIENTED_EDGE('',*,*,#13181,.T.);
#13181 = EDGE_CURVE('',#13159,#13182,#13184,.T.);
#13182 = VERTEX_POINT('',#13183);
#13183 = CARTESIAN_POINT('',(-1.7166E+03,3.5328E+03,1.408E+03));
#13184 = SURFACE_CURVE('',#13185,(#13189,#13196),.PCURVE_S1.);
#13185 = LINE('',#13186,#13187);
#13186 = CARTESIAN_POINT('',(-1.5916E+03,3.5328E+03,1.408E+03));
#13187 = VECTOR('',#13188,1.);
#13188 = DIRECTION('',(-1.,1.110223024625E-16,0.));
#13189 = PCURVE('',#13116,#13190);
#13190 = DEFINITIONAL_REPRESENTATION('',(#13191),#13195);
#13191 = LINE('',#13192,#13193);
#13192 = CARTESIAN_POINT('',(1.387778780781E-14,125.));
#13193 = VECTOR('',#13194,1.);
#13194 = DIRECTION('',(0.,1.));
#13195 = ( GEOMETRIC_REPRESENTATION_CONTEXT(2) 
PARAMETRIC_REPRESENTATION_CONTEXT() REPRESENTATION_CONTEXT('2D SPACE',''
  ) );
#13196 = PCURVE('',#13197,#13202);
#13197 = PLANE('',#13198);
#13198 = AXIS2_PLACEMENT_3D('',#13199,#13200,#13201);
#13199 = CARTESIAN_POINT('',(-1.4666E+03,3.5328E+03,1.4185E+03));
#13200 = DIRECTION('',(1.110223024625E-16,1.,0.));
#13201 = DIRECTION('',(0.,0.,-1.));
#13202 = DEFINITIONAL_REPRESENTATION('',(#13203),#13207);
#13203 = LINE('',#13204,#13205);
#13204 = CARTESIAN_POINT('',(10.5,125.));
#13205 = VECTOR('',#13206,1.);
#13206 = DIRECTION('',(0.,1.));
#13207 = ( GEOMETRIC_REPRESENTATION_CONTEXT(2) 
PARAMETRIC_REPRESENTATION_CONTEXT() REPRESENTATION_CONTEXT('2D SPACE',''
  ) );
#13208 = ORIENTED_EDGE('',*,*,#13209,.T.);
#13209 = EDGE_CURVE('',#13182,#13101,#13210,.T.);
#13210 = SURFACE_CURVE('',#13211,(#13215,#13222),.PCURVE_S1.);
#13211 = LINE('',#13212,#13213);
#13212 = CARTESIAN_POINT('',(-1.7166E+03,3.5293E+03,1.408E+03));
#13213 = VECTOR('',#13214,1.);
#13214 = DIRECTION('',(-1.110223024625E-16,-1.,0.));
#13215 = PCURVE('',#13116,#13216);
#13216 = DEFINITIONAL_REPRESENTATION('',(#13217),#13221);
#13217 = LINE('',#13218,#13219);
#13218 = CARTESIAN_POINT('',(3.5,250.));
#13219 = VECTOR('',#13220,1.);
#13220 = DIRECTION('',(1.,0.));
#13221 = ( GEOMETRIC_REPRESENTATION_CONTEXT(2) 
PARAMETRIC_REPRESENTATION_CONTEXT() REPRESENTATION_CONTEXT('2D SPACE',''
  ) );
#13222 = PCURVE('',#13142,#13223);
#13223 = DEFINITIONAL_REPRESENTATION('',(#13224),#13228);
#13224 = LINE('',#13225,#13226);
#13225 = CARTESIAN_POINT('',(13.,3.5));
#13226 = VECTOR('',#13227,1.);
#13227 = DIRECTION('',(0.,-1.));
#13228 = ( GEOMETRIC_REPRESENTATION_CONTEXT(2) 
PARAMETRIC_REPRESENTATION_CONTEXT() REPRESENTATION_CONTEXT('2D SPACE',''
  ) );
#13229 = ADVANCED_FACE('',(#13230),#13197,.F.);
#13230 = FACE_BOUND('',#13231,.T.);
#13231 = EDGE_LOOP('',(#13232,#13233,#13256,#13284));
#13232 = ORIENTED_EDGE('',*,*,#13181,.F.);
#13233 = ORIENTED_EDGE('',*,*,#13234,.F.);
#13234 = EDGE_CURVE('',#13235,#13159,#13237,.T.);
#13235 = VERTEX_POINT('',#13236);
#13236 = CARTESIAN_POINT('',(-1.4666E+03,3.5328E+03,1.4185E+03));
#13237 = SURFACE_CURVE('',#13238,(#13242,#13249),.PCURVE_S1.);
#13238 = LINE('',#13239,#13240);
#13239 = CARTESIAN_POINT('',(-1.4666E+03,3.5328E+03,1.41325E+03));
#13240 = VECTOR('',#13241,1.);
#13241 = DIRECTION('',(0.,0.,-1.));
#13242 = PCURVE('',#13197,#13243);
#13243 = DEFINITIONAL_REPRESENTATION('',(#13244),#13248);
#13244 = LINE('',#13245,#13246);
#13245 = CARTESIAN_POINT('',(5.25,0.));
#13246 = VECTOR('',#13247,1.);
#13247 = DIRECTION('',(1.,0.));
#13248 = ( GEOMETRIC_REPRESENTATION_CONTEXT(2) 
PARAMETRIC_REPRESENTATION_CONTEXT() REPRESENTATION_CONTEXT('2D SPACE',''
  ) );
#13249 = PCURVE('',#13088,#13250);
#13250 = DEFINITIONAL_REPRESENTATION('',(#13251),#13255);
#13251 = LINE('',#13252,#13253);
#13252 = CARTESIAN_POINT('',(18.25,7.));
#13253 = VECTOR('',#13254,1.);
#13254 = DIRECTION('',(-1.,0.));
#13255 = ( GEOMETRIC_REPRESENTATION_CONTEXT(2) 
PARAMETRIC_REPRESENTATION_CONTEXT() REPRESENTATION_CONTEXT('2D SPACE',''
  ) );
#13256 = ORIENTED_EDGE('',*,*,#13257,.T.);
#13257 = EDGE_CURVE('',#13235,#13258,#13260,.T.);
#13258 = VERTEX_POINT('',#13259);
#13259 = CARTESIAN_POINT('',(-1.7166E+03,3.5328E+03,1.4185E+03));
#13260 = SURFACE_CURVE('',#13261,(#13265,#13272),.PCURVE_S1.);
#13261 = LINE('',#13262,#13263);
#13262 = CARTESIAN_POINT('',(-1.5916E+03,3.5328E+03,1.4185E+03));
#13263 = VECTOR('',#13264,1.);
#13264 = DIRECTION('',(-1.,1.110223024625E-16,0.));
#13265 = PCURVE('',#13197,#13266);
#13266 = DEFINITIONAL_REPRESENTATION('',(#13267),#13271);
#13267 = LINE('',#13268,#13269);
#13268 = CARTESIAN_POINT('',(0.,125.));
#13269 = VECTOR('',#13270,1.);
#13270 = DIRECTION('',(0.,1.));
#13271 = ( GEOMETRIC_REPRESENTATION_CONTEXT(2) 
PARAMETRIC_REPRESENTATION_CONTEXT() REPRESENTATION_CONTEXT('2D SPACE',''
  ) );
#13272 = PCURVE('',#13273,#13278);
#13273 = PLANE('',#13274);
#13274 = AXIS2_PLACEMENT_3D('',#13275,#13276,#13277);
#13275 = CARTESIAN_POINT('',(-1.4666E+03,3.5258E+03,1.4185E+03));
#13276 = DIRECTION('',(0.,0.,1.));
#13277 = DIRECTION('',(1.110223024625E-16,1.,0.));
#13278 = DEFINITIONAL_REPRESENTATION('',(#13279),#13283);
#13279 = LINE('',#13280,#13281);
#13280 = CARTESIAN_POINT('',(7.,125.));
#13281 = VECTOR('',#13282,1.);
#13282 = DIRECTION('',(0.,1.));
#13283 = ( GEOMETRIC_REPRESENTATION_CONTEXT(2) 
PARAMETRIC_REPRESENTATION_CONTEXT() REPRESENTATION_CONTEXT('2D SPACE',''
  ) );
#13284 = ORIENTED_EDGE('',*,*,#13285,.T.);
#13285 = EDGE_CURVE('',#13258,#13182,#13286,.T.);
#13286 = SURFACE_CURVE('',#13287,(#13291,#13298),.PCURVE_S1.);
#13287 = LINE('',#13288,#13289);
#13288 = CARTESIAN_POINT('',(-1.7166E+03,3.5328E+03,1.41325E+03));
#13289 = VECTOR('',#13290,1.);
#13290 = DIRECTION('',(0.,0.,-1.));
#13291 = PCURVE('',#13197,#13292);
#13292 = DEFINITIONAL_REPRESENTATION('',(#13293),#13297);
#13293 = LINE('',#13294,#13295);
#13294 = CARTESIAN_POINT('',(5.25,250.));
#13295 = VECTOR('',#13296,1.);
#13296 = DIRECTION('',(1.,0.));
#13297 = ( GEOMETRIC_REPRESENTATION_CONTEXT(2) 
PARAMETRIC_REPRESENTATION_CONTEXT() REPRESENTATION_CONTEXT('2D SPACE',''
  ) );
#13298 = PCURVE('',#13142,#13299);
#13299 = DEFINITIONAL_REPRESENTATION('',(#13300),#13304);
#13300 = LINE('',#13301,#13302);
#13301 = CARTESIAN_POINT('',(18.25,7.));
#13302 = VECTOR('',#13303,1.);
#13303 = DIRECTION('',(-1.,0.));
#13304 = ( GEOMETRIC_REPRESENTATION_CONTEXT(2) 
PARAMETRIC_REPRESENTATION_CONTEXT() REPRESENTATION_CONTEXT('2D SPACE',''
  ) );
#13305 = ADVANCED_FACE('',(#13306),#13273,.F.);
#13306 = FACE_BOUND('',#13307,.T.);
#13307 = EDGE_LOOP('',(#13308,#13309,#13332,#13360));
#13308 = ORIENTED_EDGE('',*,*,#13257,.F.);
#13309 = ORIENTED_EDGE('',*,*,#13310,.F.);
#13310 = EDGE_CURVE('',#13311,#13235,#13313,.T.);
#13311 = VERTEX_POINT('',#13312);
#13312 = CARTESIAN_POINT('',(-1.4666E+03,3.5258E+03,1.4185E+03));
#13313 = SURFACE_CURVE('',#13314,(#13318,#13325),.PCURVE_S1.);
#13314 = LINE('',#13315,#13316);
#13315 = CARTESIAN_POINT('',(-1.4666E+03,3.5293E+03,1.4185E+03));
#13316 = VECTOR('',#13317,1.);
#13317 = DIRECTION('',(1.110223024625E-16,1.,0.));
#13318 = PCURVE('',#13273,#13319);
#13319 = DEFINITIONAL_REPRESENTATION('',(#13320),#13324);
#13320 = LINE('',#13321,#13322);
#13321 = CARTESIAN_POINT('',(3.5,3.885780586188E-16));
#13322 = VECTOR('',#13323,1.);
#13323 = DIRECTION('',(1.,0.));
#13324 = ( GEOMETRIC_REPRESENTATION_CONTEXT(2) 
PARAMETRIC_REPRESENTATION_CONTEXT() REPRESENTATION_CONTEXT('2D SPACE',''
  ) );
#13325 = PCURVE('',#13088,#13326);
#13326 = DEFINITIONAL_REPRESENTATION('',(#13327),#13331);
#13327 = LINE('',#13328,#13329);
#13328 = CARTESIAN_POINT('',(23.5,3.5));
#13329 = VECTOR('',#13330,1.);
#13330 = DIRECTION('',(0.,1.));
#13331 = ( GEOMETRIC_REPRESENTATION_CONTEXT(2) 
PARAMETRIC_REPRESENTATION_CONTEXT() REPRESENTATION_CONTEXT('2D SPACE',''
  ) );
#13332 = ORIENTED_EDGE('',*,*,#13333,.T.);
#13333 = EDGE_CURVE('',#13311,#13334,#13336,.T.);
#13334 = VERTEX_POINT('',#13335);
#13335 = CARTESIAN_POINT('',(-1.7166E+03,3.5258E+03,1.4185E+03));
#13336 = SURFACE_CURVE('',#13337,(#13341,#13348),.PCURVE_S1.);
#13337 = LINE('',#13338,#13339);
#13338 = CARTESIAN_POINT('',(-1.5916E+03,3.5258E+03,1.4185E+03));
#13339 = VECTOR('',#13340,1.);
#13340 = DIRECTION('',(-1.,1.110223024625E-16,0.));
#13341 = PCURVE('',#13273,#13342);
#13342 = DEFINITIONAL_REPRESENTATION('',(#13343),#13347);
#13343 = LINE('',#13344,#13345);
#13344 = CARTESIAN_POINT('',(-1.387778780781E-14,125.));
#13345 = VECTOR('',#13346,1.);
#13346 = DIRECTION('',(0.,1.));
#13347 = ( GEOMETRIC_REPRESENTATION_CONTEXT(2) 
PARAMETRIC_REPRESENTATION_CONTEXT() REPRESENTATION_CONTEXT('2D SPACE',''
  ) );
#13348 = PCURVE('',#13349,#13354);
#13349 = PLANE('',#13350);
#13350 = AXIS2_PLACEMENT_3D('',#13351,#13352,#13353);
#13351 = CARTESIAN_POINT('',(-1.4666E+03,3.5258E+03,1.408E+03));
#13352 = DIRECTION('',(1.110223024625E-16,1.,0.));
#13353 = DIRECTION('',(0.,0.,-1.));
#13354 = DEFINITIONAL_REPRESENTATION('',(#13355),#13359);
#13355 = LINE('',#13356,#13357);
#13356 = CARTESIAN_POINT('',(-10.5,125.));
#13357 = VECTOR('',#13358,1.);
#13358 = DIRECTION('',(0.,1.));
#13359 = ( GEOMETRIC_REPRESENTATION_CONTEXT(2) 
PARAMETRIC_REPRESENTATION_CONTEXT() REPRESENTATION_CONTEXT('2D SPACE',''
  ) );
#13360 = ORIENTED_EDGE('',*,*,#13361,.T.);
#13361 = EDGE_CURVE('',#13334,#13258,#13362,.T.);
#13362 = SURFACE_CURVE('',#13363,(#13367,#13374),.PCURVE_S1.);
#13363 = LINE('',#13364,#13365);
#13364 = CARTESIAN_POINT('',(-1.7166E+03,3.5293E+03,1.4185E+03));
#13365 = VECTOR('',#13366,1.);
#13366 = DIRECTION('',(1.110223024625E-16,1.,0.));
#13367 = PCURVE('',#13273,#13368);
#13368 = DEFINITIONAL_REPRESENTATION('',(#13369),#13373);
#13369 = LINE('',#13370,#13371);
#13370 = CARTESIAN_POINT('',(3.5,250.));
#13371 = VECTOR('',#13372,1.);
#13372 = DIRECTION('',(1.,0.));
#13373 = ( GEOMETRIC_REPRESENTATION_CONTEXT(2) 
PARAMETRIC_REPRESENTATION_CONTEXT() REPRESENTATION_CONTEXT('2D SPACE',''
  ) );
#13374 = PCURVE('',#13142,#13375);
#13375 = DEFINITIONAL_REPRESENTATION('',(#13376),#13380);
#13376 = LINE('',#13377,#13378);
#13377 = CARTESIAN_POINT('',(23.5,3.5));
#13378 = VECTOR('',#13379,1.);
#13379 = DIRECTION('',(0.,1.));
#13380 = ( GEOMETRIC_REPRESENTATION_CONTEXT(2) 
PARAMETRIC_REPRESENTATION_CONTEXT() REPRESENTATION_CONTEXT('2D SPACE',''
  ) );
#13381 = ADVANCED_FACE('',(#13382),#13349,.F.);
#13382 = FACE_BOUND('',#13383,.T.);
#13383 = EDGE_LOOP('',(#13384,#13385,#13408,#13436));
#13384 = ORIENTED_EDGE('',*,*,#13333,.F.);
#13385 = ORIENTED_EDGE('',*,*,#13386,.F.);
#13386 = EDGE_CURVE('',#13387,#13311,#13389,.T.);
#13387 = VERTEX_POINT('',#13388);
#13388 = CARTESIAN_POINT('',(-1.4666E+03,3.5258E+03,1.545E+03));
#13389 = SURFACE_CURVE('',#13390,(#13394,#13401),.PCURVE_S1.);
#13390 = LINE('',#13391,#13392);
#13391 = CARTESIAN_POINT('',(-1.4666E+03,3.5258E+03,1.48175E+03));
#13392 = VECTOR('',#13393,1.);
#13393 = DIRECTION('',(0.,0.,-1.));
#13394 = PCURVE('',#13349,#13395);
#13395 = DEFINITIONAL_REPRESENTATION('',(#13396),#13400);
#13396 = LINE('',#13397,#13398);
#13397 = CARTESIAN_POINT('',(-73.75,0.));
#13398 = VECTOR('',#13399,1.);
#13399 = DIRECTION('',(1.,0.));
#13400 = ( GEOMETRIC_REPRESENTATION_CONTEXT(2) 
PARAMETRIC_REPRESENTATION_CONTEXT() REPRESENTATION_CONTEXT('2D SPACE',''
  ) );
#13401 = PCURVE('',#13088,#13402);
#13402 = DEFINITIONAL_REPRESENTATION('',(#13403),#13407);
#13403 = LINE('',#13404,#13405);
#13404 = CARTESIAN_POINT('',(86.75,0.));
#13405 = VECTOR('',#13406,1.);
#13406 = DIRECTION('',(-1.,0.));
#13407 = ( GEOMETRIC_REPRESENTATION_CONTEXT(2) 
PARAMETRIC_REPRESENTATION_CONTEXT() REPRESENTATION_CONTEXT('2D SPACE',''
  ) );
#13408 = ORIENTED_EDGE('',*,*,#13409,.T.);
#13409 = EDGE_CURVE('',#13387,#13410,#13412,.T.);
#13410 = VERTEX_POINT('',#13411);
#13411 = CARTESIAN_POINT('',(-1.7166E+03,3.5258E+03,1.545E+03));
#13412 = SURFACE_CURVE('',#13413,(#13417,#13424),.PCURVE_S1.);
#13413 = LINE('',#13414,#13415);
#13414 = CARTESIAN_POINT('',(-1.5916E+03,3.5258E+03,1.545E+03));
#13415 = VECTOR('',#13416,1.);
#13416 = DIRECTION('',(-1.,1.110223024625E-16,0.));
#13417 = PCURVE('',#13349,#13418);
#13418 = DEFINITIONAL_REPRESENTATION('',(#13419),#13423);
#13419 = LINE('',#13420,#13421);
#13420 = CARTESIAN_POINT('',(-137.,125.));
#13421 = VECTOR('',#13422,1.);
#13422 = DIRECTION('',(0.,1.));
#13423 = ( GEOMETRIC_REPRESENTATION_CONTEXT(2) 
PARAMETRIC_REPRESENTATION_CONTEXT() REPRESENTATION_CONTEXT('2D SPACE',''
  ) );
#13424 = PCURVE('',#13425,#13430);
#13425 = PLANE('',#13426);
#13426 = AXIS2_PLACEMENT_3D('',#13427,#13428,#13429);
#13427 = CARTESIAN_POINT('',(-1.4666E+03,3.5438E+03,1.545E+03));
#13428 = DIRECTION('',(0.,0.,-1.));
#13429 = DIRECTION('',(-1.110223024625E-16,-1.,0.));
#13430 = DEFINITIONAL_REPRESENTATION('',(#13431),#13435);
#13431 = LINE('',#13432,#13433);
#13432 = CARTESIAN_POINT('',(18.,125.));
#13433 = VECTOR('',#13434,1.);
#13434 = DIRECTION('',(0.,1.));
#13435 = ( GEOMETRIC_REPRESENTATION_CONTEXT(2) 
PARAMETRIC_REPRESENTATION_CONTEXT() REPRESENTATION_CONTEXT('2D SPACE',''
  ) );
#13436 = ORIENTED_EDGE('',*,*,#13437,.T.);
#13437 = EDGE_CURVE('',#13410,#13334,#13438,.T.);
#13438 = SURFACE_CURVE('',#13439,(#13443,#13450),.PCURVE_S1.);
#13439 = LINE('',#13440,#13441);
#13440 = CARTESIAN_POINT('',(-1.7166E+03,3.5258E+03,1.48175E+03));
#13441 = VECTOR('',#13442,1.);
#13442 = DIRECTION('',(0.,0.,-1.));
#13443 = PCURVE('',#13349,#13444);
#13444 = DEFINITIONAL_REPRESENTATION('',(#13445),#13449);
#13445 = LINE('',#13446,#13447);
#13446 = CARTESIAN_POINT('',(-73.75,250.));
#13447 = VECTOR('',#13448,1.);
#13448 = DIRECTION('',(1.,0.));
#13449 = ( GEOMETRIC_REPRESENTATION_CONTEXT(2) 
PARAMETRIC_REPRESENTATION_CONTEXT() REPRESENTATION_CONTEXT('2D SPACE',''
  ) );
#13450 = PCURVE('',#13142,#13451);
#13451 = DEFINITIONAL_REPRESENTATION('',(#13452),#13456);
#13452 = LINE('',#13453,#13454);
#13453 = CARTESIAN_POINT('',(86.75,0.));
#13454 = VECTOR('',#13455,1.);
#13455 = DIRECTION('',(-1.,0.));
#13456 = ( GEOMETRIC_REPRESENTATION_CONTEXT(2) 
PARAMETRIC_REPRESENTATION_CONTEXT() REPRESENTATION_CONTEXT('2D SPACE',''
  ) );
#13457 = ADVANCED_FACE('',(#13458),#13425,.F.);
#13458 = FACE_BOUND('',#13459,.T.);
#13459 = EDGE_LOOP('',(#13460,#13461,#13484,#13512));
#13460 = ORIENTED_EDGE('',*,*,#13409,.F.);
#13461 = ORIENTED_EDGE('',*,*,#13462,.F.);
#13462 = EDGE_CURVE('',#13463,#13387,#13465,.T.);
#13463 = VERTEX_POINT('',#13464);
#13464 = CARTESIAN_POINT('',(-1.4666E+03,3.5438E+03,1.545E+03));
#13465 = SURFACE_CURVE('',#13466,(#13470,#13477),.PCURVE_S1.);
#13466 = LINE('',#13467,#13468);
#13467 = CARTESIAN_POINT('',(-1.4666E+03,3.5348E+03,1.545E+03));
#13468 = VECTOR('',#13469,1.);
#13469 = DIRECTION('',(-1.110223024625E-16,-1.,0.));
#13470 = PCURVE('',#13425,#13471);
#13471 = DEFINITIONAL_REPRESENTATION('',(#13472),#13476);
#13472 = LINE('',#13473,#13474);
#13473 = CARTESIAN_POINT('',(9.,-9.992007221626E-16));
#13474 = VECTOR('',#13475,1.);
#13475 = DIRECTION('',(1.,0.));
#13476 = ( GEOMETRIC_REPRESENTATION_CONTEXT(2) 
PARAMETRIC_REPRESENTATION_CONTEXT() REPRESENTATION_CONTEXT('2D SPACE',''
  ) );
#13477 = PCURVE('',#13088,#13478);
#13478 = DEFINITIONAL_REPRESENTATION('',(#13479),#13483);
#13479 = LINE('',#13480,#13481);
#13480 = CARTESIAN_POINT('',(150.,9.));
#13481 = VECTOR('',#13482,1.);
#13482 = DIRECTION('',(0.,-1.));
#13483 = ( GEOMETRIC_REPRESENTATION_CONTEXT(2) 
PARAMETRIC_REPRESENTATION_CONTEXT() REPRESENTATION_CONTEXT('2D SPACE',''
  ) );
#13484 = ORIENTED_EDGE('',*,*,#13485,.T.);
#13485 = EDGE_CURVE('',#13463,#13486,#13488,.T.);
#13486 = VERTEX_POINT('',#13487);
#13487 = CARTESIAN_POINT('',(-1.7166E+03,3.5438E+03,1.545E+03));
#13488 = SURFACE_CURVE('',#13489,(#13493,#13500),.PCURVE_S1.);
#13489 = LINE('',#13490,#13491);
#13490 = CARTESIAN_POINT('',(-1.5916E+03,3.5438E+03,1.545E+03));
#13491 = VECTOR('',#13492,1.);
#13492 = DIRECTION('',(-1.,1.110223024625E-16,0.));
#13493 = PCURVE('',#13425,#13494);
#13494 = DEFINITIONAL_REPRESENTATION('',(#13495),#13499);
#13495 = LINE('',#13496,#13497);
#13496 = CARTESIAN_POINT('',(1.387778780781E-14,125.));
#13497 = VECTOR('',#13498,1.);
#13498 = DIRECTION('',(0.,1.));
#13499 = ( GEOMETRIC_REPRESENTATION_CONTEXT(2) 
PARAMETRIC_REPRESENTATION_CONTEXT() REPRESENTATION_CONTEXT('2D SPACE',''
  ) );
#13500 = PCURVE('',#13501,#13506);
#13501 = PLANE('',#13502);
#13502 = AXIS2_PLACEMENT_3D('',#13503,#13504,#13505);
#13503 = CARTESIAN_POINT('',(-1.4666E+03,3.5438E+03,1.395E+03));
#13504 = DIRECTION('',(-1.110223024625E-16,-1.,0.));
#13505 = DIRECTION('',(0.,0.,1.));
#13506 = DEFINITIONAL_REPRESENTATION('',(#13507),#13511);
#13507 = LINE('',#13508,#13509);
#13508 = CARTESIAN_POINT('',(150.,125.));
#13509 = VECTOR('',#13510,1.);
#13510 = DIRECTION('',(0.,1.));
#13511 = ( GEOMETRIC_REPRESENTATION_CONTEXT(2) 
PARAMETRIC_REPRESENTATION_CONTEXT() REPRESENTATION_CONTEXT('2D SPACE',''
  ) );
#13512 = ORIENTED_EDGE('',*,*,#13513,.T.);
#13513 = EDGE_CURVE('',#13486,#13410,#13514,.T.);
#13514 = SURFACE_CURVE('',#13515,(#13519,#13526),.PCURVE_S1.);
#13515 = LINE('',#13516,#13517);
#13516 = CARTESIAN_POINT('',(-1.7166E+03,3.5348E+03,1.545E+03));
#13517 = VECTOR('',#13518,1.);
#13518 = DIRECTION('',(-1.110223024625E-16,-1.,0.));
#13519 = PCURVE('',#13425,#13520);
#13520 = DEFINITIONAL_REPRESENTATION('',(#13521),#13525);
#13521 = LINE('',#13522,#13523);
#13522 = CARTESIAN_POINT('',(9.,250.));
#13523 = VECTOR('',#13524,1.);
#13524 = DIRECTION('',(1.,0.));
#13525 = ( GEOMETRIC_REPRESENTATION_CONTEXT(2) 
PARAMETRIC_REPRESENTATION_CONTEXT() REPRESENTATION_CONTEXT('2D SPACE',''
  ) );
#13526 = PCURVE('',#13142,#13527);
#13527 = DEFINITIONAL_REPRESENTATION('',(#13528),#13532);
#13528 = LINE('',#13529,#13530);
#13529 = CARTESIAN_POINT('',(150.,9.));
#13530 = VECTOR('',#13531,1.);
#13531 = DIRECTION('',(0.,-1.));
#13532 = ( GEOMETRIC_REPRESENTATION_CONTEXT(2) 
PARAMETRIC_REPRESENTATION_CONTEXT() REPRESENTATION_CONTEXT('2D SPACE',''
  ) );
#13533 = ADVANCED_FACE('',(#13534),#13501,.F.);
#13534 = FACE_BOUND('',#13535,.T.);
#13535 = EDGE_LOOP('',(#13536,#13537,#13560,#13583));
#13536 = ORIENTED_EDGE('',*,*,#13485,.F.);
#13537 = ORIENTED_EDGE('',*,*,#13538,.F.);
#13538 = EDGE_CURVE('',#13539,#13463,#13541,.T.);
#13539 = VERTEX_POINT('',#13540);
#13540 = CARTESIAN_POINT('',(-1.4666E+03,3.5438E+03,1.395E+03));
#13541 = SURFACE_CURVE('',#13542,(#13546,#13553),.PCURVE_S1.);
#13542 = LINE('',#13543,#13544);
#13543 = CARTESIAN_POINT('',(-1.4666E+03,3.5438E+03,1.47E+03));
#13544 = VECTOR('',#13545,1.);
#13545 = DIRECTION('',(0.,0.,1.));
#13546 = PCURVE('',#13501,#13547);
#13547 = DEFINITIONAL_REPRESENTATION('',(#13548),#13552);
#13548 = LINE('',#13549,#13550);
#13549 = CARTESIAN_POINT('',(75.,0.));
#13550 = VECTOR('',#13551,1.);
#13551 = DIRECTION('',(1.,0.));
#13552 = ( GEOMETRIC_REPRESENTATION_CONTEXT(2) 
PARAMETRIC_REPRESENTATION_CONTEXT() REPRESENTATION_CONTEXT('2D SPACE',''
  ) );
#13553 = PCURVE('',#13088,#13554);
#13554 = DEFINITIONAL_REPRESENTATION('',(#13555),#13559);
#13555 = LINE('',#13556,#13557);
#13556 = CARTESIAN_POINT('',(75.,18.));
#13557 = VECTOR('',#13558,1.);
#13558 = DIRECTION('',(1.,0.));
#13559 = ( GEOMETRIC_REPRESENTATION_CONTEXT(2) 
PARAMETRIC_REPRESENTATION_CONTEXT() REPRESENTATION_CONTEXT('2D SPACE',''
  ) );
#13560 = ORIENTED_EDGE('',*,*,#13561,.T.);
#13561 = EDGE_CURVE('',#13539,#13562,#13564,.T.);
#13562 = VERTEX_POINT('',#13563);
#13563 = CARTESIAN_POINT('',(-1.7166E+03,3.5438E+03,1.395E+03));
#13564 = SURFACE_CURVE('',#13565,(#13569,#13576),.PCURVE_S1.);
#13565 = LINE('',#13566,#13567);
#13566 = CARTESIAN_POINT('',(-1.5916E+03,3.5438E+03,1.395E+03));
#13567 = VECTOR('',#13568,1.);
#13568 = DIRECTION('',(-1.,1.110223024625E-16,0.));
#13569 = PCURVE('',#13501,#13570);
#13570 = DEFINITIONAL_REPRESENTATION('',(#13571),#13575);
#13571 = LINE('',#13572,#13573);
#13572 = CARTESIAN_POINT('',(0.,125.));
#13573 = VECTOR('',#13574,1.);
#13574 = DIRECTION('',(0.,1.));
#13575 = ( GEOMETRIC_REPRESENTATION_CONTEXT(2) 
PARAMETRIC_REPRESENTATION_CONTEXT() REPRESENTATION_CONTEXT('2D SPACE',''
  ) );
#13576 = PCURVE('',#13060,#13577);
#13577 = DEFINITIONAL_REPRESENTATION('',(#13578),#13582);
#13578 = LINE('',#13579,#13580);
#13579 = CARTESIAN_POINT('',(18.,125.));
#13580 = VECTOR('',#13581,1.);
#13581 = DIRECTION('',(0.,1.));
#13582 = ( GEOMETRIC_REPRESENTATION_CONTEXT(2) 
PARAMETRIC_REPRESENTATION_CONTEXT() REPRESENTATION_CONTEXT('2D SPACE',''
  ) );
#13583 = ORIENTED_EDGE('',*,*,#13584,.T.);
#13584 = EDGE_CURVE('',#13562,#13486,#13585,.T.);
#13585 = SURFACE_CURVE('',#13586,(#13590,#13597),.PCURVE_S1.);
#13586 = LINE('',#13587,#13588);
#13587 = CARTESIAN_POINT('',(-1.7166E+03,3.5438E+03,1.47E+03));
#13588 = VECTOR('',#13589,1.);
#13589 = DIRECTION('',(0.,0.,1.));
#13590 = PCURVE('',#13501,#13591);
#13591 = DEFINITIONAL_REPRESENTATION('',(#13592),#13596);
#13592 = LINE('',#13593,#13594);
#13593 = CARTESIAN_POINT('',(75.,250.));
#13594 = VECTOR('',#13595,1.);
#13595 = DIRECTION('',(1.,0.));
#13596 = ( GEOMETRIC_REPRESENTATION_CONTEXT(2) 
PARAMETRIC_REPRESENTATION_CONTEXT() REPRESENTATION_CONTEXT('2D SPACE',''
  ) );
#13597 = PCURVE('',#13142,#13598);
#13598 = DEFINITIONAL_REPRESENTATION('',(#13599),#13603);
#13599 = LINE('',#13600,#13601);
#13600 = CARTESIAN_POINT('',(75.,18.));
#13601 = VECTOR('',#13602,1.);
#13602 = DIRECTION('',(1.,0.));
#13603 = ( GEOMETRIC_REPRESENTATION_CONTEXT(2) 
PARAMETRIC_REPRESENTATION_CONTEXT() REPRESENTATION_CONTEXT('2D SPACE',''
  ) );
#13604 = ADVANCED_FACE('',(#13605),#13060,.F.);
#13605 = FACE_BOUND('',#13606,.T.);
#13606 = EDGE_LOOP('',(#13607,#13608,#13629,#13630));
#13607 = ORIENTED_EDGE('',*,*,#13561,.F.);
#13608 = ORIENTED_EDGE('',*,*,#13609,.F.);
#13609 = EDGE_CURVE('',#13038,#13539,#13610,.T.);
#13610 = SURFACE_CURVE('',#13611,(#13615,#13622),.PCURVE_S1.);
#13611 = LINE('',#13612,#13613);
#13612 = CARTESIAN_POINT('',(-1.4666E+03,3.5348E+03,1.395E+03));
#13613 = VECTOR('',#13614,1.);
#13614 = DIRECTION('',(1.110223024625E-16,1.,0.));
#13615 = PCURVE('',#13060,#13616);
#13616 = DEFINITIONAL_REPRESENTATION('',(#13617),#13621);
#13617 = LINE('',#13618,#13619);
#13618 = CARTESIAN_POINT('',(9.,9.992007221626E-16));
#13619 = VECTOR('',#13620,1.);
#13620 = DIRECTION('',(1.,0.));
#13621 = ( GEOMETRIC_REPRESENTATION_CONTEXT(2) 
PARAMETRIC_REPRESENTATION_CONTEXT() REPRESENTATION_CONTEXT('2D SPACE',''
  ) );
#13622 = PCURVE('',#13088,#13623);
#13623 = DEFINITIONAL_REPRESENTATION('',(#13624),#13628);
#13624 = LINE('',#13625,#13626);
#13625 = CARTESIAN_POINT('',(0.,9.));
#13626 = VECTOR('',#13627,1.);
#13627 = DIRECTION('',(0.,1.));
#13628 = ( GEOMETRIC_REPRESENTATION_CONTEXT(2) 
PARAMETRIC_REPRESENTATION_CONTEXT() REPRESENTATION_CONTEXT('2D SPACE',''
  ) );
#13629 = ORIENTED_EDGE('',*,*,#13037,.T.);
#13630 = ORIENTED_EDGE('',*,*,#13631,.T.);
#13631 = EDGE_CURVE('',#13040,#13562,#13632,.T.);
#13632 = SURFACE_CURVE('',#13633,(#13637,#13644),.PCURVE_S1.);
#13633 = LINE('',#13634,#13635);
#13634 = CARTESIAN_POINT('',(-1.7166E+03,3.5348E+03,1.395E+03));
#13635 = VECTOR('',#13636,1.);
#13636 = DIRECTION('',(1.110223024625E-16,1.,0.));
#13637 = PCURVE('',#13060,#13638);
#13638 = DEFINITIONAL_REPRESENTATION('',(#13639),#13643);
#13639 = LINE('',#13640,#13641);
#13640 = CARTESIAN_POINT('',(9.,250.));
#13641 = VECTOR('',#13642,1.);
#13642 = DIRECTION('',(1.,0.));
#13643 = ( GEOMETRIC_REPRESENTATION_CONTEXT(2) 
PARAMETRIC_REPRESENTATION_CONTEXT() REPRESENTATION_CONTEXT('2D SPACE',''
  ) );
#13644 = PCURVE('',#13142,#13645);
#13645 = DEFINITIONAL_REPRESENTATION('',(#13646),#13650);
#13646 = LINE('',#13647,#13648);
#13647 = CARTESIAN_POINT('',(0.,9.));
#13648 = VECTOR('',#13649,1.);
#13649 = DIRECTION('',(0.,1.));
#13650 = ( GEOMETRIC_REPRESENTATION_CONTEXT(2) 
PARAMETRIC_REPRESENTATION_CONTEXT() REPRESENTATION_CONTEXT('2D SPACE',''
  ) );
#13651 = ADVANCED_FACE('',(#13652),#13088,.F.);
#13652 = FACE_BOUND('',#13653,.T.);
#13653 = EDGE_LOOP('',(#13654,#13655,#13656,#13657,#13658,#13659,#13660,
    #13661));
#13654 = ORIENTED_EDGE('',*,*,#13609,.T.);
#13655 = ORIENTED_EDGE('',*,*,#13538,.T.);
#13656 = ORIENTED_EDGE('',*,*,#13462,.T.);
#13657 = ORIENTED_EDGE('',*,*,#13386,.T.);
#13658 = ORIENTED_EDGE('',*,*,#13310,.T.);
#13659 = ORIENTED_EDGE('',*,*,#13234,.T.);
#13660 = ORIENTED_EDGE('',*,*,#13158,.T.);
#13661 = ORIENTED_EDGE('',*,*,#13072,.T.);
#13662 = ADVANCED_FACE('',(#13663),#13142,.T.);
#13663 = FACE_BOUND('',#13664,.T.);
#13664 = EDGE_LOOP('',(#13665,#13666,#13667,#13668,#13669,#13670,#13671,
    #13672));
#13665 = ORIENTED_EDGE('',*,*,#13128,.F.);
#13666 = ORIENTED_EDGE('',*,*,#13209,.F.);
#13667 = ORIENTED_EDGE('',*,*,#13285,.F.);
#13668 = ORIENTED_EDGE('',*,*,#13361,.F.);
#13669 = ORIENTED_EDGE('',*,*,#13437,.F.);
#13670 = ORIENTED_EDGE('',*,*,#13513,.F.);
#13671 = ORIENTED_EDGE('',*,*,#13584,.F.);
#13672 = ORIENTED_EDGE('',*,*,#13631,.F.);
#13673 = ( GEOMETRIC_REPRESENTATION_CONTEXT(3) 
GLOBAL_UNCERTAINTY_ASSIGNED_CONTEXT((#13677)) 
GLOBAL_UNIT_ASSIGNED_CONTEXT((#13674,#13675,#13676)) 
REPRESENTATION_CONTEXT('Context #1',
  '3D Context with UNIT and UNCERTAINTY') );
#13674 = ( LENGTH_UNIT() NAMED_UNIT(*) SI_UNIT(.MILLI.,.METRE.) );
#13675 = ( NAMED_UNIT(*) PLANE_ANGLE_UNIT() SI_UNIT($,.RADIAN.) );
#13676 = ( NAMED_UNIT(*) SI_UNIT($,.STERADIAN.) SOLID_ANGLE_UNIT() );
#13677 = UNCERTAINTY_MEASURE_WITH_UNIT(LENGTH_MEASURE(1.E-07),#13674,
  'distance_accuracy_value','confusion accuracy');
#13678 = CONTEXT_DEPENDENT_SHAPE_REPRESENTATION(#13679,#13681);
#13679 = ( REPRESENTATION_RELATIONSHIP('','',#13030,#10) 
REPRESENTATION_RELATIONSHIP_WITH_TRANSFORMATION(#13680) 
SHAPE_REPRESENTATION_RELATIONSHIP() );
#13680 = ITEM_DEFINED_TRANSFORMATION('','',#11,#151);
#13681 = PRODUCT_DEFINITION_SHAPE('Placement','Placement of an item',
  #13682);
#13682 = NEXT_ASSEMBLY_USAGE_OCCURRENCE('286','','',#5,#13025,$);
#13683 = PRODUCT_RELATED_PRODUCT_CATEGORY('part',$,(#13027));
#13684 = SHAPE_DEFINITION_REPRESENTATION(#13685,#13691);
#13685 = PRODUCT_DEFINITION_SHAPE('','',#13686);
#13686 = PRODUCT_DEFINITION('design','',#13687,#13690);
#13687 = PRODUCT_DEFINITION_FORMATION('','',#13688);
#13688 = PRODUCT('Open CASCADE STEP translator 7.9 4.36',
  'Open CASCADE STEP translator 7.9 4.36','',(#13689));
#13689 = PRODUCT_CONTEXT('',#2,'mechanical');
#13690 = PRODUCT_DEFINITION_CONTEXT('part definition',#2,'design');
#13691 = ADVANCED_BREP_SHAPE_REPRESENTATION('',(#11,#13692),#14022);
#13692 = MANIFOLD_SOLID_BREP('',#13693);
#13693 = CLOSED_SHELL('',(#13694,#13814,#13890,#13961,#14008,#14015));
#13694 = ADVANCED_FACE('',(#13695),#13709,.T.);
#13695 = FACE_BOUND('',#13696,.T.);
#13696 = EDGE_LOOP('',(#13697,#13732,#13760,#13788));
#13697 = ORIENTED_EDGE('',*,*,#13698,.F.);
#13698 = EDGE_CURVE('',#13699,#13701,#13703,.T.);
#13699 = VERTEX_POINT('',#13700);
#13700 = CARTESIAN_POINT('',(-1.1586E+03,3.2178E+03,1.395E+03));
#13701 = VERTEX_POINT('',#13702);
#13702 = CARTESIAN_POINT('',(-1.1586E+03,3.2178E+03,1.481E+03));
#13703 = SURFACE_CURVE('',#13704,(#13708,#13720),.PCURVE_S1.);
#13704 = LINE('',#13705,#13706);
#13705 = CARTESIAN_POINT('',(-1.1586E+03,3.2178E+03,1.438E+03));
#13706 = VECTOR('',#13707,1.);
#13707 = DIRECTION('',(0.,0.,1.));
#13708 = PCURVE('',#13709,#13714);
#13709 = PLANE('',#13710);
#13710 = AXIS2_PLACEMENT_3D('',#13711,#13712,#13713);
#13711 = CARTESIAN_POINT('',(-1.1586E+03,3.2178E+03,1.395E+03));
#13712 = DIRECTION('',(1.,-1.110223024625E-16,0.));
#13713 = DIRECTION('',(1.110223024625E-16,1.,0.));
#13714 = DEFINITIONAL_REPRESENTATION('',(#13715),#13719);
#13715 = LINE('',#13716,#13717);
#13716 = CARTESIAN_POINT('',(0.,43.));
#13717 = VECTOR('',#13718,1.);
#13718 = DIRECTION('',(0.,1.));
#13719 = ( GEOMETRIC_REPRESENTATION_CONTEXT(2) 
PARAMETRIC_REPRESENTATION_CONTEXT() REPRESENTATION_CONTEXT('2D SPACE',''
  ) );
#13720 = PCURVE('',#13721,#13726);
#13721 = PLANE('',#13722);
#13722 = AXIS2_PLACEMENT_3D('',#13723,#13724,#13725);
#13723 = CARTESIAN_POINT('',(-1.1766E+03,3.2178E+03,1.395E+03));
#13724 = DIRECTION('',(-1.110223024625E-16,-1.,0.));
#13725 = DIRECTION('',(1.,-1.110223024625E-16,0.));
#13726 = DEFINITIONAL_REPRESENTATION('',(#13727),#13731);
#13727 = LINE('',#13728,#13729);
#13728 = CARTESIAN_POINT('',(18.,43.));
#13729 = VECTOR('',#13730,1.);
#13730 = DIRECTION('',(0.,1.));
#13731 = ( GEOMETRIC_REPRESENTATION_CONTEXT(2) 
PARAMETRIC_REPRESENTATION_CONTEXT() REPRESENTATION_CONTEXT('2D SPACE',''
  ) );
#13732 = ORIENTED_EDGE('',*,*,#13733,.T.);
#13733 = EDGE_CURVE('',#13699,#13734,#13736,.T.);
#13734 = VERTEX_POINT('',#13735);
#13735 = CARTESIAN_POINT('',(-1.1586E+03,3.5258E+03,1.395E+03));
#13736 = SURFACE_CURVE('',#13737,(#13741,#13748),.PCURVE_S1.);
#13737 = LINE('',#13738,#13739);
#13738 = CARTESIAN_POINT('',(-1.1586E+03,3.3718E+03,1.395E+03));
#13739 = VECTOR('',#13740,1.);
#13740 = DIRECTION('',(1.110223024625E-16,1.,0.));
#13741 = PCURVE('',#13709,#13742);
#13742 = DEFINITIONAL_REPRESENTATION('',(#13743),#13747);
#13743 = LINE('',#13744,#13745);
#13744 = CARTESIAN_POINT('',(154.,0.));
#13745 = VECTOR('',#13746,1.);
#13746 = DIRECTION('',(1.,0.));
#13747 = ( GEOMETRIC_REPRESENTATION_CONTEXT(2) 
PARAMETRIC_REPRESENTATION_CONTEXT() REPRESENTATION_CONTEXT('2D SPACE',''
  ) );
#13748 = PCURVE('',#13749,#13754);
#13749 = PLANE('',#13750);
#13750 = AXIS2_PLACEMENT_3D('',#13751,#13752,#13753);
#13751 = CARTESIAN_POINT('',(-1.1586E+03,3.2178E+03,1.395E+03));
#13752 = DIRECTION('',(0.,0.,1.));
#13753 = DIRECTION('',(1.110223024625E-16,1.,0.));
#13754 = DEFINITIONAL_REPRESENTATION('',(#13755),#13759);
#13755 = LINE('',#13756,#13757);
#13756 = CARTESIAN_POINT('',(154.,1.709743457923E-14));
#13757 = VECTOR('',#13758,1.);
#13758 = DIRECTION('',(1.,0.));
#13759 = ( GEOMETRIC_REPRESENTATION_CONTEXT(2) 
PARAMETRIC_REPRESENTATION_CONTEXT() REPRESENTATION_CONTEXT('2D SPACE',''
  ) );
#13760 = ORIENTED_EDGE('',*,*,#13761,.T.);
#13761 = EDGE_CURVE('',#13734,#13762,#13764,.T.);
#13762 = VERTEX_POINT('',#13763);
#13763 = CARTESIAN_POINT('',(-1.1586E+03,3.5258E+03,1.481E+03));
#13764 = SURFACE_CURVE('',#13765,(#13769,#13776),.PCURVE_S1.);
#13765 = LINE('',#13766,#13767);
#13766 = CARTESIAN_POINT('',(-1.1586E+03,3.5258E+03,1.438E+03));
#13767 = VECTOR('',#13768,1.);
#13768 = DIRECTION('',(0.,0.,1.));
#13769 = PCURVE('',#13709,#13770);
#13770 = DEFINITIONAL_REPRESENTATION('',(#13771),#13775);
#13771 = LINE('',#13772,#13773);
#13772 = CARTESIAN_POINT('',(308.,43.));
#13773 = VECTOR('',#13774,1.);
#13774 = DIRECTION('',(0.,1.));
#13775 = ( GEOMETRIC_REPRESENTATION_CONTEXT(2) 
PARAMETRIC_REPRESENTATION_CONTEXT() REPRESENTATION_CONTEXT('2D SPACE',''
  ) );
#13776 = PCURVE('',#13777,#13782);
#13777 = PLANE('',#13778);
#13778 = AXIS2_PLACEMENT_3D('',#13779,#13780,#13781);
#13779 = CARTESIAN_POINT('',(-1.1586E+03,3.5258E+03,1.395E+03));
#13780 = DIRECTION('',(1.110223024625E-16,1.,0.));
#13781 = DIRECTION('',(-1.,1.110223024625E-16,0.));
#13782 = DEFINITIONAL_REPRESENTATION('',(#13783),#13787);
#13783 = LINE('',#13784,#13785);
#13784 = CARTESIAN_POINT('',(0.,43.));
#13785 = VECTOR('',#13786,1.);
#13786 = DIRECTION('',(0.,1.));
#13787 = ( GEOMETRIC_REPRESENTATION_CONTEXT(2) 
PARAMETRIC_REPRESENTATION_CONTEXT() REPRESENTATION_CONTEXT('2D SPACE',''
  ) );
#13788 = ORIENTED_EDGE('',*,*,#13789,.F.);
#13789 = EDGE_CURVE('',#13701,#13762,#13790,.T.);
#13790 = SURFACE_CURVE('',#13791,(#13795,#13802),.PCURVE_S1.);
#13791 = LINE('',#13792,#13793);
#13792 = CARTESIAN_POINT('',(-1.1586E+03,3.3718E+03,1.481E+03));
#13793 = VECTOR('',#13794,1.);
#13794 = DIRECTION('',(1.110223024625E-16,1.,0.));
#13795 = PCURVE('',#13709,#13796);
#13796 = DEFINITIONAL_REPRESENTATION('',(#13797),#13801);
#13797 = LINE('',#13798,#13799);
#13798 = CARTESIAN_POINT('',(154.,86.));
#13799 = VECTOR('',#13800,1.);
#13800 = DIRECTION('',(1.,0.));
#13801 = ( GEOMETRIC_REPRESENTATION_CONTEXT(2) 
PARAMETRIC_REPRESENTATION_CONTEXT() REPRESENTATION_CONTEXT('2D SPACE',''
  ) );
#13802 = PCURVE('',#13803,#13808);
#13803 = PLANE('',#13804);
#13804 = AXIS2_PLACEMENT_3D('',#13805,#13806,#13807);
#13805 = CARTESIAN_POINT('',(-1.1586E+03,3.2178E+03,1.481E+03));
#13806 = DIRECTION('',(0.,0.,1.));
#13807 = DIRECTION('',(1.110223024625E-16,1.,0.));
#13808 = DEFINITIONAL_REPRESENTATION('',(#13809),#13813);
#13809 = LINE('',#13810,#13811);
#13810 = CARTESIAN_POINT('',(154.,1.709743457923E-14));
#13811 = VECTOR('',#13812,1.);
#13812 = DIRECTION('',(1.,0.));
#13813 = ( GEOMETRIC_REPRESENTATION_CONTEXT(2) 
PARAMETRIC_REPRESENTATION_CONTEXT() REPRESENTATION_CONTEXT('2D SPACE',''
  ) );
#13814 = ADVANCED_FACE('',(#13815),#13777,.T.);
#13815 = FACE_BOUND('',#13816,.T.);
#13816 = EDGE_LOOP('',(#13817,#13818,#13841,#13869));
#13817 = ORIENTED_EDGE('',*,*,#13761,.F.);
#13818 = ORIENTED_EDGE('',*,*,#13819,.T.);
#13819 = EDGE_CURVE('',#13734,#13820,#13822,.T.);
#13820 = VERTEX_POINT('',#13821);
#13821 = CARTESIAN_POINT('',(-1.1766E+03,3.5258E+03,1.395E+03));
#13822 = SURFACE_CURVE('',#13823,(#13827,#13834),.PCURVE_S1.);
#13823 = LINE('',#13824,#13825);
#13824 = CARTESIAN_POINT('',(-1.1676E+03,3.5258E+03,1.395E+03));
#13825 = VECTOR('',#13826,1.);
#13826 = DIRECTION('',(-1.,1.110223024625E-16,0.));
#13827 = PCURVE('',#13777,#13828);
#13828 = DEFINITIONAL_REPRESENTATION('',(#13829),#13833);
#13829 = LINE('',#13830,#13831);
#13830 = CARTESIAN_POINT('',(9.,0.));
#13831 = VECTOR('',#13832,1.);
#13832 = DIRECTION('',(1.,0.));
#13833 = ( GEOMETRIC_REPRESENTATION_CONTEXT(2) 
PARAMETRIC_REPRESENTATION_CONTEXT() REPRESENTATION_CONTEXT('2D SPACE',''
  ) );
#13834 = PCURVE('',#13749,#13835);
#13835 = DEFINITIONAL_REPRESENTATION('',(#13836),#13840);
#13836 = LINE('',#13837,#13838);
#13837 = CARTESIAN_POINT('',(308.,9.));
#13838 = VECTOR('',#13839,1.);
#13839 = DIRECTION('',(0.,1.));
#13840 = ( GEOMETRIC_REPRESENTATION_CONTEXT(2) 
PARAMETRIC_REPRESENTATION_CONTEXT() REPRESENTATION_CONTEXT('2D SPACE',''
  ) );
#13841 = ORIENTED_EDGE('',*,*,#13842,.T.);
#13842 = EDGE_CURVE('',#13820,#13843,#13845,.T.);
#13843 = VERTEX_POINT('',#13844);
#13844 = CARTESIAN_POINT('',(-1.1766E+03,3.5258E+03,1.481E+03));
#13845 = SURFACE_CURVE('',#13846,(#13850,#13857),.PCURVE_S1.);
#13846 = LINE('',#13847,#13848);
#13847 = CARTESIAN_POINT('',(-1.1766E+03,3.5258E+03,1.438E+03));
#13848 = VECTOR('',#13849,1.);
#13849 = DIRECTION('',(0.,0.,1.));
#13850 = PCURVE('',#13777,#13851);
#13851 = DEFINITIONAL_REPRESENTATION('',(#13852),#13856);
#13852 = LINE('',#13853,#13854);
#13853 = CARTESIAN_POINT('',(18.,43.));
#13854 = VECTOR('',#13855,1.);
#13855 = DIRECTION('',(0.,1.));
#13856 = ( GEOMETRIC_REPRESENTATION_CONTEXT(2) 
PARAMETRIC_REPRESENTATION_CONTEXT() REPRESENTATION_CONTEXT('2D SPACE',''
  ) );
#13857 = PCURVE('',#13858,#13863);
#13858 = PLANE('',#13859);
#13859 = AXIS2_PLACEMENT_3D('',#13860,#13861,#13862);
#13860 = CARTESIAN_POINT('',(-1.1766E+03,3.5258E+03,1.395E+03));
#13861 = DIRECTION('',(-1.,1.110223024625E-16,0.));
#13862 = DIRECTION('',(-1.110223024625E-16,-1.,0.));
#13863 = DEFINITIONAL_REPRESENTATION('',(#13864),#13868);
#13864 = LINE('',#13865,#13866);
#13865 = CARTESIAN_POINT('',(0.,43.));
#13866 = VECTOR('',#13867,1.);
#13867 = DIRECTION('',(0.,1.));
#13868 = ( GEOMETRIC_REPRESENTATION_CONTEXT(2) 
PARAMETRIC_REPRESENTATION_CONTEXT() REPRESENTATION_CONTEXT('2D SPACE',''
  ) );
#13869 = ORIENTED_EDGE('',*,*,#13870,.F.);
#13870 = EDGE_CURVE('',#13762,#13843,#13871,.T.);
#13871 = SURFACE_CURVE('',#13872,(#13876,#13883),.PCURVE_S1.);
#13872 = LINE('',#13873,#13874);
#13873 = CARTESIAN_POINT('',(-1.1676E+03,3.5258E+03,1.481E+03));
#13874 = VECTOR('',#13875,1.);
#13875 = DIRECTION('',(-1.,1.110223024625E-16,0.));
#13876 = PCURVE('',#13777,#13877);
#13877 = DEFINITIONAL_REPRESENTATION('',(#13878),#13882);
#13878 = LINE('',#13879,#13880);
#13879 = CARTESIAN_POINT('',(9.,86.));
#13880 = VECTOR('',#13881,1.);
#13881 = DIRECTION('',(1.,0.));
#13882 = ( GEOMETRIC_REPRESENTATION_CONTEXT(2) 
PARAMETRIC_REPRESENTATION_CONTEXT() REPRESENTATION_CONTEXT('2D SPACE',''
  ) );
#13883 = PCURVE('',#13803,#13884);
#13884 = DEFINITIONAL_REPRESENTATION('',(#13885),#13889);
#13885 = LINE('',#13886,#13887);
#13886 = CARTESIAN_POINT('',(308.,9.));
#13887 = VECTOR('',#13888,1.);
#13888 = DIRECTION('',(0.,1.));
#13889 = ( GEOMETRIC_REPRESENTATION_CONTEXT(2) 
PARAMETRIC_REPRESENTATION_CONTEXT() REPRESENTATION_CONTEXT('2D SPACE',''
  ) );
#13890 = ADVANCED_FACE('',(#13891),#13858,.T.);
#13891 = FACE_BOUND('',#13892,.T.);
#13892 = EDGE_LOOP('',(#13893,#13894,#13917,#13940));
#13893 = ORIENTED_EDGE('',*,*,#13842,.F.);
#13894 = ORIENTED_EDGE('',*,*,#13895,.T.);
#13895 = EDGE_CURVE('',#13820,#13896,#13898,.T.);
#13896 = VERTEX_POINT('',#13897);
#13897 = CARTESIAN_POINT('',(-1.1766E+03,3.2178E+03,1.395E+03));
#13898 = SURFACE_CURVE('',#13899,(#13903,#13910),.PCURVE_S1.);
#13899 = LINE('',#13900,#13901);
#13900 = CARTESIAN_POINT('',(-1.1766E+03,3.3718E+03,1.395E+03));
#13901 = VECTOR('',#13902,1.);
#13902 = DIRECTION('',(-1.110223024625E-16,-1.,0.));
#13903 = PCURVE('',#13858,#13904);
#13904 = DEFINITIONAL_REPRESENTATION('',(#13905),#13909);
#13905 = LINE('',#13906,#13907);
#13906 = CARTESIAN_POINT('',(154.,0.));
#13907 = VECTOR('',#13908,1.);
#13908 = DIRECTION('',(1.,0.));
#13909 = ( GEOMETRIC_REPRESENTATION_CONTEXT(2) 
PARAMETRIC_REPRESENTATION_CONTEXT() REPRESENTATION_CONTEXT('2D SPACE',''
  ) );
#13910 = PCURVE('',#13749,#13911);
#13911 = DEFINITIONAL_REPRESENTATION('',(#13912),#13916);
#13912 = LINE('',#13913,#13914);
#13913 = CARTESIAN_POINT('',(154.,18.));
#13914 = VECTOR('',#13915,1.);
#13915 = DIRECTION('',(-1.,0.));
#13916 = ( GEOMETRIC_REPRESENTATION_CONTEXT(2) 
PARAMETRIC_REPRESENTATION_CONTEXT() REPRESENTATION_CONTEXT('2D SPACE',''
  ) );
#13917 = ORIENTED_EDGE('',*,*,#13918,.T.);
#13918 = EDGE_CURVE('',#13896,#13919,#13921,.T.);
#13919 = VERTEX_POINT('',#13920);
#13920 = CARTESIAN_POINT('',(-1.1766E+03,3.2178E+03,1.481E+03));
#13921 = SURFACE_CURVE('',#13922,(#13926,#13933),.PCURVE_S1.);
#13922 = LINE('',#13923,#13924);
#13923 = CARTESIAN_POINT('',(-1.1766E+03,3.2178E+03,1.438E+03));
#13924 = VECTOR('',#13925,1.);
#13925 = DIRECTION('',(0.,0.,1.));
#13926 = PCURVE('',#13858,#13927);
#13927 = DEFINITIONAL_REPRESENTATION('',(#13928),#13932);
#13928 = LINE('',#13929,#13930);
#13929 = CARTESIAN_POINT('',(308.,43.));
#13930 = VECTOR('',#13931,1.);
#13931 = DIRECTION('',(0.,1.));
#13932 = ( GEOMETRIC_REPRESENTATION_CONTEXT(2) 
PARAMETRIC_REPRESENTATION_CONTEXT() REPRESENTATION_CONTEXT('2D SPACE',''
  ) );
#13933 = PCURVE('',#13721,#13934);
#13934 = DEFINITIONAL_REPRESENTATION('',(#13935),#13939);
#13935 = LINE('',#13936,#13937);
#13936 = CARTESIAN_POINT('',(0.,43.));
#13937 = VECTOR('',#13938,1.);
#13938 = DIRECTION('',(0.,1.));
#13939 = ( GEOMETRIC_REPRESENTATION_CONTEXT(2) 
PARAMETRIC_REPRESENTATION_CONTEXT() REPRESENTATION_CONTEXT('2D SPACE',''
  ) );
#13940 = ORIENTED_EDGE('',*,*,#13941,.F.);
#13941 = EDGE_CURVE('',#13843,#13919,#13942,.T.);
#13942 = SURFACE_CURVE('',#13943,(#13947,#13954),.PCURVE_S1.);
#13943 = LINE('',#13944,#13945);
#13944 = CARTESIAN_POINT('',(-1.1766E+03,3.3718E+03,1.481E+03));
#13945 = VECTOR('',#13946,1.);
#13946 = DIRECTION('',(-1.110223024625E-16,-1.,0.));
#13947 = PCURVE('',#13858,#13948);
#13948 = DEFINITIONAL_REPRESENTATION('',(#13949),#13953);
#13949 = LINE('',#13950,#13951);
#13950 = CARTESIAN_POINT('',(154.,86.));
#13951 = VECTOR('',#13952,1.);
#13952 = DIRECTION('',(1.,0.));
#13953 = ( GEOMETRIC_REPRESENTATION_CONTEXT(2) 
PARAMETRIC_REPRESENTATION_CONTEXT() REPRESENTATION_CONTEXT('2D SPACE',''
  ) );
#13954 = PCURVE('',#13803,#13955);
#13955 = DEFINITIONAL_REPRESENTATION('',(#13956),#13960);
#13956 = LINE('',#13957,#13958);
#13957 = CARTESIAN_POINT('',(154.,18.));
#13958 = VECTOR('',#13959,1.);
#13959 = DIRECTION('',(-1.,0.));
#13960 = ( GEOMETRIC_REPRESENTATION_CONTEXT(2) 
PARAMETRIC_REPRESENTATION_CONTEXT() REPRESENTATION_CONTEXT('2D SPACE',''
  ) );
#13961 = ADVANCED_FACE('',(#13962),#13721,.T.);
#13962 = FACE_BOUND('',#13963,.T.);
#13963 = EDGE_LOOP('',(#13964,#13965,#13986,#13987));
#13964 = ORIENTED_EDGE('',*,*,#13918,.F.);
#13965 = ORIENTED_EDGE('',*,*,#13966,.T.);
#13966 = EDGE_CURVE('',#13896,#13699,#13967,.T.);
#13967 = SURFACE_CURVE('',#13968,(#13972,#13979),.PCURVE_S1.);
#13968 = LINE('',#13969,#13970);
#13969 = CARTESIAN_POINT('',(-1.1676E+03,3.2178E+03,1.395E+03));
#13970 = VECTOR('',#13971,1.);
#13971 = DIRECTION('',(1.,-1.110223024625E-16,0.));
#13972 = PCURVE('',#13721,#13973);
#13973 = DEFINITIONAL_REPRESENTATION('',(#13974),#13978);
#13974 = LINE('',#13975,#13976);
#13975 = CARTESIAN_POINT('',(9.,0.));
#13976 = VECTOR('',#13977,1.);
#13977 = DIRECTION('',(1.,0.));
#13978 = ( GEOMETRIC_REPRESENTATION_CONTEXT(2) 
PARAMETRIC_REPRESENTATION_CONTEXT() REPRESENTATION_CONTEXT('2D SPACE',''
  ) );
#13979 = PCURVE('',#13749,#13980);
#13980 = DEFINITIONAL_REPRESENTATION('',(#13981),#13985);
#13981 = LINE('',#13982,#13983);
#13982 = CARTESIAN_POINT('',(-9.992007221626E-16,9.));
#13983 = VECTOR('',#13984,1.);
#13984 = DIRECTION('',(0.,-1.));
#13985 = ( GEOMETRIC_REPRESENTATION_CONTEXT(2) 
PARAMETRIC_REPRESENTATION_CONTEXT() REPRESENTATION_CONTEXT('2D SPACE',''
  ) );
#13986 = ORIENTED_EDGE('',*,*,#13698,.T.);
#13987 = ORIENTED_EDGE('',*,*,#13988,.F.);
#13988 = EDGE_CURVE('',#13919,#13701,#13989,.T.);
#13989 = SURFACE_CURVE('',#13990,(#13994,#14001),.PCURVE_S1.);
#13990 = LINE('',#13991,#13992);
#13991 = CARTESIAN_POINT('',(-1.1676E+03,3.2178E+03,1.481E+03));
#13992 = VECTOR('',#13993,1.);
#13993 = DIRECTION('',(1.,-1.110223024625E-16,0.));
#13994 = PCURVE('',#13721,#13995);
#13995 = DEFINITIONAL_REPRESENTATION('',(#13996),#14000);
#13996 = LINE('',#13997,#13998);
#13997 = CARTESIAN_POINT('',(9.,86.));
#13998 = VECTOR('',#13999,1.);
#13999 = DIRECTION('',(1.,0.));
#14000 = ( GEOMETRIC_REPRESENTATION_CONTEXT(2) 
PARAMETRIC_REPRESENTATION_CONTEXT() REPRESENTATION_CONTEXT('2D SPACE',''
  ) );
#14001 = PCURVE('',#13803,#14002);
#14002 = DEFINITIONAL_REPRESENTATION('',(#14003),#14007);
#14003 = LINE('',#14004,#14005);
#14004 = CARTESIAN_POINT('',(-9.992007221626E-16,9.));
#14005 = VECTOR('',#14006,1.);
#14006 = DIRECTION('',(0.,-1.));
#14007 = ( GEOMETRIC_REPRESENTATION_CONTEXT(2) 
PARAMETRIC_REPRESENTATION_CONTEXT() REPRESENTATION_CONTEXT('2D SPACE',''
  ) );
#14008 = ADVANCED_FACE('',(#14009),#13749,.F.);
#14009 = FACE_BOUND('',#14010,.T.);
#14010 = EDGE_LOOP('',(#14011,#14012,#14013,#14014));
#14011 = ORIENTED_EDGE('',*,*,#13966,.F.);
#14012 = ORIENTED_EDGE('',*,*,#13895,.F.);
#14013 = ORIENTED_EDGE('',*,*,#13819,.F.);
#14014 = ORIENTED_EDGE('',*,*,#13733,.F.);
#14015 = ADVANCED_FACE('',(#14016),#13803,.T.);
#14016 = FACE_BOUND('',#14017,.T.);
#14017 = EDGE_LOOP('',(#14018,#14019,#14020,#14021));
#14018 = ORIENTED_EDGE('',*,*,#13789,.T.);
#14019 = ORIENTED_EDGE('',*,*,#13870,.T.);
#14020 = ORIENTED_EDGE('',*,*,#13941,.T.);
#14021 = ORIENTED_EDGE('',*,*,#13988,.T.);
#14022 = ( GEOMETRIC_REPRESENTATION_CONTEXT(3) 
GLOBAL_UNCERTAINTY_ASSIGNED_CONTEXT((#14026)) 
GLOBAL_UNIT_ASSIGNED_CONTEXT((#14023,#14024,#14025)) 
REPRESENTATION_CONTEXT('Context #1',
  '3D Context with UNIT and UNCERTAINTY') );
#14023 = ( LENGTH_UNIT() NAMED_UNIT(*) SI_UNIT(.MILLI.,.METRE.) );
#14024 = ( NAMED_UNIT(*) PLANE_ANGLE_UNIT() SI_UNIT($,.RADIAN.) );
#14025 = ( NAMED_UNIT(*) SI_UNIT($,.STERADIAN.) SOLID_ANGLE_UNIT() );
#14026 = UNCERTAINTY_MEASURE_WITH_UNIT(LENGTH_MEASURE(1.E-07),#14023,
  'distance_accuracy_value','confusion accuracy');
#14027 = CONTEXT_DEPENDENT_SHAPE_REPRESENTATION(#14028,#14030);
#14028 = ( REPRESENTATION_RELATIONSHIP('','',#13691,#10) 
REPRESENTATION_RELATIONSHIP_WITH_TRANSFORMATION(#14029) 
SHAPE_REPRESENTATION_RELATIONSHIP() );
#14029 = ITEM_DEFINED_TRANSFORMATION('','',#11,#155);
#14030 = PRODUCT_DEFINITION_SHAPE('Placement','Placement of an item',
  #14031);
#14031 = NEXT_ASSEMBLY_USAGE_OCCURRENCE('287','','',#5,#13686,$);
#14032 = PRODUCT_RELATED_PRODUCT_CATEGORY('part',$,(#13688));
#14033 = SHAPE_DEFINITION_REPRESENTATION(#14034,#14040);
#14034 = PRODUCT_DEFINITION_SHAPE('','',#14035);
#14035 = PRODUCT_DEFINITION('design','',#14036,#14039);
#14036 = PRODUCT_DEFINITION_FORMATION('','',#14037);
#14037 = PRODUCT('Open CASCADE STEP translator 7.9 4.37',
  'Open CASCADE STEP translator 7.9 4.37','',(#14038));
#14038 = PRODUCT_CONTEXT('',#2,'mechanical');
#14039 = PRODUCT_DEFINITION_CONTEXT('part definition',#2,'design');
#14040 = ADVANCED_BREP_SHAPE_REPRESENTATION('',(#11,#14041),#14371);
#14041 = MANIFOLD_SOLID_BREP('',#14042);
#14042 = CLOSED_SHELL('',(#14043,#14163,#14239,#14310,#14357,#14364));
#14043 = ADVANCED_FACE('',(#14044),#14058,.T.);
#14044 = FACE_BOUND('',#14045,.T.);
#14045 = EDGE_LOOP('',(#14046,#14081,#14109,#14137));
#14046 = ORIENTED_EDGE('',*,*,#14047,.F.);
#14047 = EDGE_CURVE('',#14048,#14050,#14052,.T.);
#14048 = VERTEX_POINT('',#14049);
#14049 = CARTESIAN_POINT('',(-1.3906E+03,2.9858E+03,1.395E+03));
#14050 = VERTEX_POINT('',#14051);
#14051 = CARTESIAN_POINT('',(-1.3906E+03,2.9858E+03,1.481E+03));
#14052 = SURFACE_CURVE('',#14053,(#14057,#14069),.PCURVE_S1.);
#14053 = LINE('',#14054,#14055);
#14054 = CARTESIAN_POINT('',(-1.3906E+03,2.9858E+03,1.438E+03));
#14055 = VECTOR('',#14056,1.);
#14056 = DIRECTION('',(0.,0.,1.));
#14057 = PCURVE('',#14058,#14063);
#14058 = PLANE('',#14059);
#14059 = AXIS2_PLACEMENT_3D('',#14060,#14061,#14062);
#14060 = CARTESIAN_POINT('',(-1.3906E+03,2.9858E+03,1.395E+03));
#14061 = DIRECTION('',(1.,-1.110223024625E-16,0.));
#14062 = DIRECTION('',(1.110223024625E-16,1.,0.));
#14063 = DEFINITIONAL_REPRESENTATION('',(#14064),#14068);
#14064 = LINE('',#14065,#14066);
#14065 = CARTESIAN_POINT('',(0.,43.));
#14066 = VECTOR('',#14067,1.);
#14067 = DIRECTION('',(0.,1.));
#14068 = ( GEOMETRIC_REPRESENTATION_CONTEXT(2) 
PARAMETRIC_REPRESENTATION_CONTEXT() REPRESENTATION_CONTEXT('2D SPACE',''
  ) );
#14069 = PCURVE('',#14070,#14075);
#14070 = PLANE('',#14071);
#14071 = AXIS2_PLACEMENT_3D('',#14072,#14073,#14074);
#14072 = CARTESIAN_POINT('',(-1.4086E+03,2.9858E+03,1.395E+03));
#14073 = DIRECTION('',(-1.110223024625E-16,-1.,0.));
#14074 = DIRECTION('',(1.,-1.110223024625E-16,0.));
#14075 = DEFINITIONAL_REPRESENTATION('',(#14076),#14080);
#14076 = LINE('',#14077,#14078);
#14077 = CARTESIAN_POINT('',(18.,43.));
#14078 = VECTOR('',#14079,1.);
#14079 = DIRECTION('',(0.,1.));
#14080 = ( GEOMETRIC_REPRESENTATION_CONTEXT(2) 
PARAMETRIC_REPRESENTATION_CONTEXT() REPRESENTATION_CONTEXT('2D SPACE',''
  ) );
#14081 = ORIENTED_EDGE('',*,*,#14082,.T.);
#14082 = EDGE_CURVE('',#14048,#14083,#14085,.T.);
#14083 = VERTEX_POINT('',#14084);
#14084 = CARTESIAN_POINT('',(-1.3906E+03,3.2938E+03,1.395E+03));
#14085 = SURFACE_CURVE('',#14086,(#14090,#14097),.PCURVE_S1.);
#14086 = LINE('',#14087,#14088);
#14087 = CARTESIAN_POINT('',(-1.3906E+03,3.1398E+03,1.395E+03));
#14088 = VECTOR('',#14089,1.);
#14089 = DIRECTION('',(1.110223024625E-16,1.,0.));
#14090 = PCURVE('',#14058,#14091);
#14091 = DEFINITIONAL_REPRESENTATION('',(#14092),#14096);
#14092 = LINE('',#14093,#14094);
#14093 = CARTESIAN_POINT('',(154.,0.));
#14094 = VECTOR('',#14095,1.);
#14095 = DIRECTION('',(1.,0.));
#14096 = ( GEOMETRIC_REPRESENTATION_CONTEXT(2) 
PARAMETRIC_REPRESENTATION_CONTEXT() REPRESENTATION_CONTEXT('2D SPACE',''
  ) );
#14097 = PCURVE('',#14098,#14103);
#14098 = PLANE('',#14099);
#14099 = AXIS2_PLACEMENT_3D('',#14100,#14101,#14102);
#14100 = CARTESIAN_POINT('',(-1.3906E+03,2.9858E+03,1.395E+03));
#14101 = DIRECTION('',(0.,0.,1.));
#14102 = DIRECTION('',(1.110223024625E-16,1.,0.));
#14103 = DEFINITIONAL_REPRESENTATION('',(#14104),#14108);
#14104 = LINE('',#14105,#14106);
#14105 = CARTESIAN_POINT('',(154.,1.709743457923E-14));
#14106 = VECTOR('',#14107,1.);
#14107 = DIRECTION('',(1.,0.));
#14108 = ( GEOMETRIC_REPRESENTATION_CONTEXT(2) 
PARAMETRIC_REPRESENTATION_CONTEXT() REPRESENTATION_CONTEXT('2D SPACE',''
  ) );
#14109 = ORIENTED_EDGE('',*,*,#14110,.T.);
#14110 = EDGE_CURVE('',#14083,#14111,#14113,.T.);
#14111 = VERTEX_POINT('',#14112);
#14112 = CARTESIAN_POINT('',(-1.3906E+03,3.2938E+03,1.481E+03));
#14113 = SURFACE_CURVE('',#14114,(#14118,#14125),.PCURVE_S1.);
#14114 = LINE('',#14115,#14116);
#14115 = CARTESIAN_POINT('',(-1.3906E+03,3.2938E+03,1.438E+03));
#14116 = VECTOR('',#14117,1.);
#14117 = DIRECTION('',(0.,0.,1.));
#14118 = PCURVE('',#14058,#14119);
#14119 = DEFINITIONAL_REPRESENTATION('',(#14120),#14124);
#14120 = LINE('',#14121,#14122);
#14121 = CARTESIAN_POINT('',(308.,43.));
#14122 = VECTOR('',#14123,1.);
#14123 = DIRECTION('',(0.,1.));
#14124 = ( GEOMETRIC_REPRESENTATION_CONTEXT(2) 
PARAMETRIC_REPRESENTATION_CONTEXT() REPRESENTATION_CONTEXT('2D SPACE',''
  ) );
#14125 = PCURVE('',#14126,#14131);
#14126 = PLANE('',#14127);
#14127 = AXIS2_PLACEMENT_3D('',#14128,#14129,#14130);
#14128 = CARTESIAN_POINT('',(-1.3906E+03,3.2938E+03,1.395E+03));
#14129 = DIRECTION('',(1.110223024625E-16,1.,0.));
#14130 = DIRECTION('',(-1.,1.110223024625E-16,0.));
#14131 = DEFINITIONAL_REPRESENTATION('',(#14132),#14136);
#14132 = LINE('',#14133,#14134);
#14133 = CARTESIAN_POINT('',(0.,43.));
#14134 = VECTOR('',#14135,1.);
#14135 = DIRECTION('',(0.,1.));
#14136 = ( GEOMETRIC_REPRESENTATION_CONTEXT(2) 
PARAMETRIC_REPRESENTATION_CONTEXT() REPRESENTATION_CONTEXT('2D SPACE',''
  ) );
#14137 = ORIENTED_EDGE('',*,*,#14138,.F.);
#14138 = EDGE_CURVE('',#14050,#14111,#14139,.T.);
#14139 = SURFACE_CURVE('',#14140,(#14144,#14151),.PCURVE_S1.);
#14140 = LINE('',#14141,#14142);
#14141 = CARTESIAN_POINT('',(-1.3906E+03,3.1398E+03,1.481E+03));
#14142 = VECTOR('',#14143,1.);
#14143 = DIRECTION('',(1.110223024625E-16,1.,0.));
#14144 = PCURVE('',#14058,#14145);
#14145 = DEFINITIONAL_REPRESENTATION('',(#14146),#14150);
#14146 = LINE('',#14147,#14148);
#14147 = CARTESIAN_POINT('',(154.,86.));
#14148 = VECTOR('',#14149,1.);
#14149 = DIRECTION('',(1.,0.));
#14150 = ( GEOMETRIC_REPRESENTATION_CONTEXT(2) 
PARAMETRIC_REPRESENTATION_CONTEXT() REPRESENTATION_CONTEXT('2D SPACE',''
  ) );
#14151 = PCURVE('',#14152,#14157);
#14152 = PLANE('',#14153);
#14153 = AXIS2_PLACEMENT_3D('',#14154,#14155,#14156);
#14154 = CARTESIAN_POINT('',(-1.3906E+03,2.9858E+03,1.481E+03));
#14155 = DIRECTION('',(0.,0.,1.));
#14156 = DIRECTION('',(1.110223024625E-16,1.,0.));
#14157 = DEFINITIONAL_REPRESENTATION('',(#14158),#14162);
#14158 = LINE('',#14159,#14160);
#14159 = CARTESIAN_POINT('',(154.,1.709743457923E-14));
#14160 = VECTOR('',#14161,1.);
#14161 = DIRECTION('',(1.,0.));
#14162 = ( GEOMETRIC_REPRESENTATION_CONTEXT(2) 
PARAMETRIC_REPRESENTATION_CONTEXT() REPRESENTATION_CONTEXT('2D SPACE',''
  ) );
#14163 = ADVANCED_FACE('',(#14164),#14126,.T.);
#14164 = FACE_BOUND('',#14165,.T.);
#14165 = EDGE_LOOP('',(#14166,#14167,#14190,#14218));
#14166 = ORIENTED_EDGE('',*,*,#14110,.F.);
#14167 = ORIENTED_EDGE('',*,*,#14168,.T.);
#14168 = EDGE_CURVE('',#14083,#14169,#14171,.T.);
#14169 = VERTEX_POINT('',#14170);
#14170 = CARTESIAN_POINT('',(-1.4086E+03,3.2938E+03,1.395E+03));
#14171 = SURFACE_CURVE('',#14172,(#14176,#14183),.PCURVE_S1.);
#14172 = LINE('',#14173,#14174);
#14173 = CARTESIAN_POINT('',(-1.3996E+03,3.2938E+03,1.395E+03));
#14174 = VECTOR('',#14175,1.);
#14175 = DIRECTION('',(-1.,1.110223024625E-16,0.));
#14176 = PCURVE('',#14126,#14177);
#14177 = DEFINITIONAL_REPRESENTATION('',(#14178),#14182);
#14178 = LINE('',#14179,#14180);
#14179 = CARTESIAN_POINT('',(9.,0.));
#14180 = VECTOR('',#14181,1.);
#14181 = DIRECTION('',(1.,0.));
#14182 = ( GEOMETRIC_REPRESENTATION_CONTEXT(2) 
PARAMETRIC_REPRESENTATION_CONTEXT() REPRESENTATION_CONTEXT('2D SPACE',''
  ) );
#14183 = PCURVE('',#14098,#14184);
#14184 = DEFINITIONAL_REPRESENTATION('',(#14185),#14189);
#14185 = LINE('',#14186,#14187);
#14186 = CARTESIAN_POINT('',(308.,9.));
#14187 = VECTOR('',#14188,1.);
#14188 = DIRECTION('',(0.,1.));
#14189 = ( GEOMETRIC_REPRESENTATION_CONTEXT(2) 
PARAMETRIC_REPRESENTATION_CONTEXT() REPRESENTATION_CONTEXT('2D SPACE',''
  ) );
#14190 = ORIENTED_EDGE('',*,*,#14191,.T.);
#14191 = EDGE_CURVE('',#14169,#14192,#14194,.T.);
#14192 = VERTEX_POINT('',#14193);
#14193 = CARTESIAN_POINT('',(-1.4086E+03,3.2938E+03,1.481E+03));
#14194 = SURFACE_CURVE('',#14195,(#14199,#14206),.PCURVE_S1.);
#14195 = LINE('',#14196,#14197);
#14196 = CARTESIAN_POINT('',(-1.4086E+03,3.2938E+03,1.438E+03));
#14197 = VECTOR('',#14198,1.);
#14198 = DIRECTION('',(0.,0.,1.));
#14199 = PCURVE('',#14126,#14200);
#14200 = DEFINITIONAL_REPRESENTATION('',(#14201),#14205);
#14201 = LINE('',#14202,#14203);
#14202 = CARTESIAN_POINT('',(18.,43.));
#14203 = VECTOR('',#14204,1.);
#14204 = DIRECTION('',(0.,1.));
#14205 = ( GEOMETRIC_REPRESENTATION_CONTEXT(2) 
PARAMETRIC_REPRESENTATION_CONTEXT() REPRESENTATION_CONTEXT('2D SPACE',''
  ) );
#14206 = PCURVE('',#14207,#14212);
#14207 = PLANE('',#14208);
#14208 = AXIS2_PLACEMENT_3D('',#14209,#14210,#14211);
#14209 = CARTESIAN_POINT('',(-1.4086E+03,3.2938E+03,1.395E+03));
#14210 = DIRECTION('',(-1.,1.110223024625E-16,0.));
#14211 = DIRECTION('',(-1.110223024625E-16,-1.,0.));
#14212 = DEFINITIONAL_REPRESENTATION('',(#14213),#14217);
#14213 = LINE('',#14214,#14215);
#14214 = CARTESIAN_POINT('',(0.,43.));
#14215 = VECTOR('',#14216,1.);
#14216 = DIRECTION('',(0.,1.));
#14217 = ( GEOMETRIC_REPRESENTATION_CONTEXT(2) 
PARAMETRIC_REPRESENTATION_CONTEXT() REPRESENTATION_CONTEXT('2D SPACE',''
  ) );
#14218 = ORIENTED_EDGE('',*,*,#14219,.F.);
#14219 = EDGE_CURVE('',#14111,#14192,#14220,.T.);
#14220 = SURFACE_CURVE('',#14221,(#14225,#14232),.PCURVE_S1.);
#14221 = LINE('',#14222,#14223);
#14222 = CARTESIAN_POINT('',(-1.3996E+03,3.2938E+03,1.481E+03));
#14223 = VECTOR('',#14224,1.);
#14224 = DIRECTION('',(-1.,1.110223024625E-16,0.));
#14225 = PCURVE('',#14126,#14226);
#14226 = DEFINITIONAL_REPRESENTATION('',(#14227),#14231);
#14227 = LINE('',#14228,#14229);
#14228 = CARTESIAN_POINT('',(9.,86.));
#14229 = VECTOR('',#14230,1.);
#14230 = DIRECTION('',(1.,0.));
#14231 = ( GEOMETRIC_REPRESENTATION_CONTEXT(2) 
PARAMETRIC_REPRESENTATION_CONTEXT() REPRESENTATION_CONTEXT('2D SPACE',''
  ) );
#14232 = PCURVE('',#14152,#14233);
#14233 = DEFINITIONAL_REPRESENTATION('',(#14234),#14238);
#14234 = LINE('',#14235,#14236);
#14235 = CARTESIAN_POINT('',(308.,9.));
#14236 = VECTOR('',#14237,1.);
#14237 = DIRECTION('',(0.,1.));
#14238 = ( GEOMETRIC_REPRESENTATION_CONTEXT(2) 
PARAMETRIC_REPRESENTATION_CONTEXT() REPRESENTATION_CONTEXT('2D SPACE',''
  ) );
#14239 = ADVANCED_FACE('',(#14240),#14207,.T.);
#14240 = FACE_BOUND('',#14241,.T.);
#14241 = EDGE_LOOP('',(#14242,#14243,#14266,#14289));
#14242 = ORIENTED_EDGE('',*,*,#14191,.F.);
#14243 = ORIENTED_EDGE('',*,*,#14244,.T.);
#14244 = EDGE_CURVE('',#14169,#14245,#14247,.T.);
#14245 = VERTEX_POINT('',#14246);
#14246 = CARTESIAN_POINT('',(-1.4086E+03,2.9858E+03,1.395E+03));
#14247 = SURFACE_CURVE('',#14248,(#14252,#14259),.PCURVE_S1.);
#14248 = LINE('',#14249,#14250);
#14249 = CARTESIAN_POINT('',(-1.4086E+03,3.1398E+03,1.395E+03));
#14250 = VECTOR('',#14251,1.);
#14251 = DIRECTION('',(-1.110223024625E-16,-1.,0.));
#14252 = PCURVE('',#14207,#14253);
#14253 = DEFINITIONAL_REPRESENTATION('',(#14254),#14258);
#14254 = LINE('',#14255,#14256);
#14255 = CARTESIAN_POINT('',(154.,0.));
#14256 = VECTOR('',#14257,1.);
#14257 = DIRECTION('',(1.,0.));
#14258 = ( GEOMETRIC_REPRESENTATION_CONTEXT(2) 
PARAMETRIC_REPRESENTATION_CONTEXT() REPRESENTATION_CONTEXT('2D SPACE',''
  ) );
#14259 = PCURVE('',#14098,#14260);
#14260 = DEFINITIONAL_REPRESENTATION('',(#14261),#14265);
#14261 = LINE('',#14262,#14263);
#14262 = CARTESIAN_POINT('',(154.,18.));
#14263 = VECTOR('',#14264,1.);
#14264 = DIRECTION('',(-1.,0.));
#14265 = ( GEOMETRIC_REPRESENTATION_CONTEXT(2) 
PARAMETRIC_REPRESENTATION_CONTEXT() REPRESENTATION_CONTEXT('2D SPACE',''
  ) );
#14266 = ORIENTED_EDGE('',*,*,#14267,.T.);
#14267 = EDGE_CURVE('',#14245,#14268,#14270,.T.);
#14268 = VERTEX_POINT('',#14269);
#14269 = CARTESIAN_POINT('',(-1.4086E+03,2.9858E+03,1.481E+03));
#14270 = SURFACE_CURVE('',#14271,(#14275,#14282),.PCURVE_S1.);
#14271 = LINE('',#14272,#14273);
#14272 = CARTESIAN_POINT('',(-1.4086E+03,2.9858E+03,1.438E+03));
#14273 = VECTOR('',#14274,1.);
#14274 = DIRECTION('',(0.,0.,1.));
#14275 = PCURVE('',#14207,#14276);
#14276 = DEFINITIONAL_REPRESENTATION('',(#14277),#14281);
#14277 = LINE('',#14278,#14279);
#14278 = CARTESIAN_POINT('',(308.,43.));
#14279 = VECTOR('',#14280,1.);
#14280 = DIRECTION('',(0.,1.));
#14281 = ( GEOMETRIC_REPRESENTATION_CONTEXT(2) 
PARAMETRIC_REPRESENTATION_CONTEXT() REPRESENTATION_CONTEXT('2D SPACE',''
  ) );
#14282 = PCURVE('',#14070,#14283);
#14283 = DEFINITIONAL_REPRESENTATION('',(#14284),#14288);
#14284 = LINE('',#14285,#14286);
#14285 = CARTESIAN_POINT('',(0.,43.));
#14286 = VECTOR('',#14287,1.);
#14287 = DIRECTION('',(0.,1.));
#14288 = ( GEOMETRIC_REPRESENTATION_CONTEXT(2) 
PARAMETRIC_REPRESENTATION_CONTEXT() REPRESENTATION_CONTEXT('2D SPACE',''
  ) );
#14289 = ORIENTED_EDGE('',*,*,#14290,.F.);
#14290 = EDGE_CURVE('',#14192,#14268,#14291,.T.);
#14291 = SURFACE_CURVE('',#14292,(#14296,#14303),.PCURVE_S1.);
#14292 = LINE('',#14293,#14294);
#14293 = CARTESIAN_POINT('',(-1.4086E+03,3.1398E+03,1.481E+03));
#14294 = VECTOR('',#14295,1.);
#14295 = DIRECTION('',(-1.110223024625E-16,-1.,0.));
#14296 = PCURVE('',#14207,#14297);
#14297 = DEFINITIONAL_REPRESENTATION('',(#14298),#14302);
#14298 = LINE('',#14299,#14300);
#14299 = CARTESIAN_POINT('',(154.,86.));
#14300 = VECTOR('',#14301,1.);
#14301 = DIRECTION('',(1.,0.));
#14302 = ( GEOMETRIC_REPRESENTATION_CONTEXT(2) 
PARAMETRIC_REPRESENTATION_CONTEXT() REPRESENTATION_CONTEXT('2D SPACE',''
  ) );
#14303 = PCURVE('',#14152,#14304);
#14304 = DEFINITIONAL_REPRESENTATION('',(#14305),#14309);
#14305 = LINE('',#14306,#14307);
#14306 = CARTESIAN_POINT('',(154.,18.));
#14307 = VECTOR('',#14308,1.);
#14308 = DIRECTION('',(-1.,0.));
#14309 = ( GEOMETRIC_REPRESENTATION_CONTEXT(2) 
PARAMETRIC_REPRESENTATION_CONTEXT() REPRESENTATION_CONTEXT('2D SPACE',''
  ) );
#14310 = ADVANCED_FACE('',(#14311),#14070,.T.);
#14311 = FACE_BOUND('',#14312,.T.);
#14312 = EDGE_LOOP('',(#14313,#14314,#14335,#14336));
#14313 = ORIENTED_EDGE('',*,*,#14267,.F.);
#14314 = ORIENTED_EDGE('',*,*,#14315,.T.);
#14315 = EDGE_CURVE('',#14245,#14048,#14316,.T.);
#14316 = SURFACE_CURVE('',#14317,(#14321,#14328),.PCURVE_S1.);
#14317 = LINE('',#14318,#14319);
#14318 = CARTESIAN_POINT('',(-1.3996E+03,2.9858E+03,1.395E+03));
#14319 = VECTOR('',#14320,1.);
#14320 = DIRECTION('',(1.,-1.110223024625E-16,0.));
#14321 = PCURVE('',#14070,#14322);
#14322 = DEFINITIONAL_REPRESENTATION('',(#14323),#14327);
#14323 = LINE('',#14324,#14325);
#14324 = CARTESIAN_POINT('',(9.,0.));
#14325 = VECTOR('',#14326,1.);
#14326 = DIRECTION('',(1.,0.));
#14327 = ( GEOMETRIC_REPRESENTATION_CONTEXT(2) 
PARAMETRIC_REPRESENTATION_CONTEXT() REPRESENTATION_CONTEXT('2D SPACE',''
  ) );
#14328 = PCURVE('',#14098,#14329);
#14329 = DEFINITIONAL_REPRESENTATION('',(#14330),#14334);
#14330 = LINE('',#14331,#14332);
#14331 = CARTESIAN_POINT('',(-9.992007221626E-16,9.));
#14332 = VECTOR('',#14333,1.);
#14333 = DIRECTION('',(0.,-1.));
#14334 = ( GEOMETRIC_REPRESENTATION_CONTEXT(2) 
PARAMETRIC_REPRESENTATION_CONTEXT() REPRESENTATION_CONTEXT('2D SPACE',''
  ) );
#14335 = ORIENTED_EDGE('',*,*,#14047,.T.);
#14336 = ORIENTED_EDGE('',*,*,#14337,.F.);
#14337 = EDGE_CURVE('',#14268,#14050,#14338,.T.);
#14338 = SURFACE_CURVE('',#14339,(#14343,#14350),.PCURVE_S1.);
#14339 = LINE('',#14340,#14341);
#14340 = CARTESIAN_POINT('',(-1.3996E+03,2.9858E+03,1.481E+03));
#14341 = VECTOR('',#14342,1.);
#14342 = DIRECTION('',(1.,-1.110223024625E-16,0.));
#14343 = PCURVE('',#14070,#14344);
#14344 = DEFINITIONAL_REPRESENTATION('',(#14345),#14349);
#14345 = LINE('',#14346,#14347);
#14346 = CARTESIAN_POINT('',(9.,86.));
#14347 = VECTOR('',#14348,1.);
#14348 = DIRECTION('',(1.,0.));
#14349 = ( GEOMETRIC_REPRESENTATION_CONTEXT(2) 
PARAMETRIC_REPRESENTATION_CONTEXT() REPRESENTATION_CONTEXT('2D SPACE',''
  ) );
#14350 = PCURVE('',#14152,#14351);
#14351 = DEFINITIONAL_REPRESENTATION('',(#14352),#14356);
#14352 = LINE('',#14353,#14354);
#14353 = CARTESIAN_POINT('',(-9.992007221626E-16,9.));
#14354 = VECTOR('',#14355,1.);
#14355 = DIRECTION('',(0.,-1.));
#14356 = ( GEOMETRIC_REPRESENTATION_CONTEXT(2) 
PARAMETRIC_REPRESENTATION_CONTEXT() REPRESENTATION_CONTEXT('2D SPACE',''
  ) );
#14357 = ADVANCED_FACE('',(#14358),#14098,.F.);
#14358 = FACE_BOUND('',#14359,.T.);
#14359 = EDGE_LOOP('',(#14360,#14361,#14362,#14363));
#14360 = ORIENTED_EDGE('',*,*,#14315,.F.);
#14361 = ORIENTED_EDGE('',*,*,#14244,.F.);
#14362 = ORIENTED_EDGE('',*,*,#14168,.F.);
#14363 = ORIENTED_EDGE('',*,*,#14082,.F.);
#14364 = ADVANCED_FACE('',(#14365),#14152,.T.);
#14365 = FACE_BOUND('',#14366,.T.);
#14366 = EDGE_LOOP('',(#14367,#14368,#14369,#14370));
#14367 = ORIENTED_EDGE('',*,*,#14138,.T.);
#14368 = ORIENTED_EDGE('',*,*,#14219,.T.);
#14369 = ORIENTED_EDGE('',*,*,#14290,.T.);
#14370 = ORIENTED_EDGE('',*,*,#14337,.T.);
#14371 = ( GEOMETRIC_REPRESENTATION_CONTEXT(3) 
GLOBAL_UNCERTAINTY_ASSIGNED_CONTEXT((#14375)) 
GLOBAL_UNIT_ASSIGNED_CONTEXT((#14372,#14373,#14374)) 
REPRESENTATION_CONTEXT('Context #1',
  '3D Context with UNIT and UNCERTAINTY') );
#14372 = ( LENGTH_UNIT() NAMED_UNIT(*) SI_UNIT(.MILLI.,.METRE.) );
#14373 = ( NAMED_UNIT(*) PLANE_ANGLE_UNIT() SI_UNIT($,.RADIAN.) );
#14374 = ( NAMED_UNIT(*) SI_UNIT($,.STERADIAN.) SOLID_ANGLE_UNIT() );
#14375 = UNCERTAINTY_MEASURE_WITH_UNIT(LENGTH_MEASURE(1.E-07),#14372,
  'distance_accuracy_value','confusion accuracy');
#14376 = CONTEXT_DEPENDENT_SHAPE_REPRESENTATION(#14377,#14379);
#14377 = ( REPRESENTATION_RELATIONSHIP('','',#14040,#10) 
REPRESENTATION_RELATIONSHIP_WITH_TRANSFORMATION(#14378) 
SHAPE_REPRESENTATION_RELATIONSHIP() );
#14378 = ITEM_DEFINED_TRANSFORMATION('','',#11,#159);
#14379 = PRODUCT_DEFINITION_SHAPE('Placement','Placement of an item',
  #14380);
#14380 = NEXT_ASSEMBLY_USAGE_OCCURRENCE('288','','',#5,#14035,$);
#14381 = PRODUCT_RELATED_PRODUCT_CATEGORY('part',$,(#14037));
#14382 = SHAPE_DEFINITION_REPRESENTATION(#14383,#14389);
#14383 = PRODUCT_DEFINITION_SHAPE('','',#14384);
#14384 = PRODUCT_DEFINITION('design','',#14385,#14388);
#14385 = PRODUCT_DEFINITION_FORMATION('','',#14386);
#14386 = PRODUCT('Open CASCADE STEP translator 7.9 4.38',
  'Open CASCADE STEP translator 7.9 4.38','',(#14387));
#14387 = PRODUCT_CONTEXT('',#2,'mechanical');
#14388 = PRODUCT_DEFINITION_CONTEXT('part definition',#2,'design');
#14389 = ADVANCED_BREP_SHAPE_REPRESENTATION('',(#11,#14390),#14720);
#14390 = MANIFOLD_SOLID_BREP('',#14391);
#14391 = CLOSED_SHELL('',(#14392,#14512,#14588,#14659,#14706,#14713));
#14392 = ADVANCED_FACE('',(#14393),#14407,.T.);
#14393 = FACE_BOUND('',#14394,.T.);
#14394 = EDGE_LOOP('',(#14395,#14430,#14458,#14486));
#14395 = ORIENTED_EDGE('',*,*,#14396,.F.);
#14396 = EDGE_CURVE('',#14397,#14399,#14401,.T.);
#14397 = VERTEX_POINT('',#14398);
#14398 = CARTESIAN_POINT('',(-1.1701E+03,3.1933E+03,1.395E+03));
#14399 = VERTEX_POINT('',#14400);
#14400 = CARTESIAN_POINT('',(-1.1701E+03,3.1933E+03,1.405E+03));
#14401 = SURFACE_CURVE('',#14402,(#14406,#14418),.PCURVE_S1.);
#14402 = LINE('',#14403,#14404);
#14403 = CARTESIAN_POINT('',(-1.1701E+03,3.1933E+03,1.4E+03));
#14404 = VECTOR('',#14405,1.);
#14405 = DIRECTION('',(0.,0.,1.));
#14406 = PCURVE('',#14407,#14412);
#14407 = PLANE('',#14408);
#14408 = AXIS2_PLACEMENT_3D('',#14409,#14410,#14411);
#14409 = CARTESIAN_POINT('',(-1.1701E+03,3.1933E+03,1.395E+03));
#14410 = DIRECTION('',(1.,-1.110223024625E-16,0.));
#14411 = DIRECTION('',(1.110223024625E-16,1.,0.));
#14412 = DEFINITIONAL_REPRESENTATION('',(#14413),#14417);
#14413 = LINE('',#14414,#14415);
#14414 = CARTESIAN_POINT('',(0.,5.));
#14415 = VECTOR('',#14416,1.);
#14416 = DIRECTION('',(0.,1.));
#14417 = ( GEOMETRIC_REPRESENTATION_CONTEXT(2) 
PARAMETRIC_REPRESENTATION_CONTEXT() REPRESENTATION_CONTEXT('2D SPACE',''
  ) );
#14418 = PCURVE('',#14419,#14424);
#14419 = PLANE('',#14420);
#14420 = AXIS2_PLACEMENT_3D('',#14421,#14422,#14423);
#14421 = CARTESIAN_POINT('',(-1.3841E+03,3.1933E+03,1.395E+03));
#14422 = DIRECTION('',(-1.110223024625E-16,-1.,0.));
#14423 = DIRECTION('',(1.,-1.110223024625E-16,0.));
#14424 = DEFINITIONAL_REPRESENTATION('',(#14425),#14429);
#14425 = LINE('',#14426,#14427);
#14426 = CARTESIAN_POINT('',(214.,5.));
#14427 = VECTOR('',#14428,1.);
#14428 = DIRECTION('',(0.,1.));
#14429 = ( GEOMETRIC_REPRESENTATION_CONTEXT(2) 
PARAMETRIC_REPRESENTATION_CONTEXT() REPRESENTATION_CONTEXT('2D SPACE',''
  ) );
#14430 = ORIENTED_EDGE('',*,*,#14431,.T.);
#14431 = EDGE_CURVE('',#14397,#14432,#14434,.T.);
#14432 = VERTEX_POINT('',#14433);
#14433 = CARTESIAN_POINT('',(-1.1701E+03,3.5143E+03,1.395E+03));
#14434 = SURFACE_CURVE('',#14435,(#14439,#14446),.PCURVE_S1.);
#14435 = LINE('',#14436,#14437);
#14436 = CARTESIAN_POINT('',(-1.1701E+03,3.3538E+03,1.395E+03));
#14437 = VECTOR('',#14438,1.);
#14438 = DIRECTION('',(1.110223024625E-16,1.,0.));
#14439 = PCURVE('',#14407,#14440);
#14440 = DEFINITIONAL_REPRESENTATION('',(#14441),#14445);
#14441 = LINE('',#14442,#14443);
#14442 = CARTESIAN_POINT('',(160.5,0.));
#14443 = VECTOR('',#14444,1.);
#14444 = DIRECTION('',(1.,0.));
#14445 = ( GEOMETRIC_REPRESENTATION_CONTEXT(2) 
PARAMETRIC_REPRESENTATION_CONTEXT() REPRESENTATION_CONTEXT('2D SPACE',''
  ) );
#14446 = PCURVE('',#14447,#14452);
#14447 = PLANE('',#14448);
#14448 = AXIS2_PLACEMENT_3D('',#14449,#14450,#14451);
#14449 = CARTESIAN_POINT('',(-1.1701E+03,3.1933E+03,1.395E+03));
#14450 = DIRECTION('',(0.,0.,1.));
#14451 = DIRECTION('',(1.110223024625E-16,1.,0.));
#14452 = DEFINITIONAL_REPRESENTATION('',(#14453),#14457);
#14453 = LINE('',#14454,#14455);
#14454 = CARTESIAN_POINT('',(160.5,1.781907954523E-14));
#14455 = VECTOR('',#14456,1.);
#14456 = DIRECTION('',(1.,0.));
#14457 = ( GEOMETRIC_REPRESENTATION_CONTEXT(2) 
PARAMETRIC_REPRESENTATION_CONTEXT() REPRESENTATION_CONTEXT('2D SPACE',''
  ) );
#14458 = ORIENTED_EDGE('',*,*,#14459,.T.);
#14459 = EDGE_CURVE('',#14432,#14460,#14462,.T.);
#14460 = VERTEX_POINT('',#14461);
#14461 = CARTESIAN_POINT('',(-1.1701E+03,3.5143E+03,1.405E+03));
#14462 = SURFACE_CURVE('',#14463,(#14467,#14474),.PCURVE_S1.);
#14463 = LINE('',#14464,#14465);
#14464 = CARTESIAN_POINT('',(-1.1701E+03,3.5143E+03,1.4E+03));
#14465 = VECTOR('',#14466,1.);
#14466 = DIRECTION('',(0.,0.,1.));
#14467 = PCURVE('',#14407,#14468);
#14468 = DEFINITIONAL_REPRESENTATION('',(#14469),#14473);
#14469 = LINE('',#14470,#14471);
#14470 = CARTESIAN_POINT('',(321.,5.));
#14471 = VECTOR('',#14472,1.);
#14472 = DIRECTION('',(0.,1.));
#14473 = ( GEOMETRIC_REPRESENTATION_CONTEXT(2) 
PARAMETRIC_REPRESENTATION_CONTEXT() REPRESENTATION_CONTEXT('2D SPACE',''
  ) );
#14474 = PCURVE('',#14475,#14480);
#14475 = PLANE('',#14476);
#14476 = AXIS2_PLACEMENT_3D('',#14477,#14478,#14479);
#14477 = CARTESIAN_POINT('',(-1.1701E+03,3.5143E+03,1.395E+03));
#14478 = DIRECTION('',(1.110223024625E-16,1.,0.));
#14479 = DIRECTION('',(-1.,1.110223024625E-16,0.));
#14480 = DEFINITIONAL_REPRESENTATION('',(#14481),#14485);
#14481 = LINE('',#14482,#14483);
#14482 = CARTESIAN_POINT('',(0.,5.));
#14483 = VECTOR('',#14484,1.);
#14484 = DIRECTION('',(0.,1.));
#14485 = ( GEOMETRIC_REPRESENTATION_CONTEXT(2) 
PARAMETRIC_REPRESENTATION_CONTEXT() REPRESENTATION_CONTEXT('2D SPACE',''
  ) );
#14486 = ORIENTED_EDGE('',*,*,#14487,.F.);
#14487 = EDGE_CURVE('',#14399,#14460,#14488,.T.);
#14488 = SURFACE_CURVE('',#14489,(#14493,#14500),.PCURVE_S1.);
#14489 = LINE('',#14490,#14491);
#14490 = CARTESIAN_POINT('',(-1.1701E+03,3.3538E+03,1.405E+03));
#14491 = VECTOR('',#14492,1.);
#14492 = DIRECTION('',(1.110223024625E-16,1.,0.));
#14493 = PCURVE('',#14407,#14494);
#14494 = DEFINITIONAL_REPRESENTATION('',(#14495),#14499);
#14495 = LINE('',#14496,#14497);
#14496 = CARTESIAN_POINT('',(160.5,10.));
#14497 = VECTOR('',#14498,1.);
#14498 = DIRECTION('',(1.,0.));
#14499 = ( GEOMETRIC_REPRESENTATION_CONTEXT(2) 
PARAMETRIC_REPRESENTATION_CONTEXT() REPRESENTATION_CONTEXT('2D SPACE',''
  ) );
#14500 = PCURVE('',#14501,#14506);
#14501 = PLANE('',#14502);
#14502 = AXIS2_PLACEMENT_3D('',#14503,#14504,#14505);
#14503 = CARTESIAN_POINT('',(-1.1701E+03,3.1933E+03,1.405E+03));
#14504 = DIRECTION('',(0.,0.,1.));
#14505 = DIRECTION('',(1.110223024625E-16,1.,0.));
#14506 = DEFINITIONAL_REPRESENTATION('',(#14507),#14511);
#14507 = LINE('',#14508,#14509);
#14508 = CARTESIAN_POINT('',(160.5,1.781907954523E-14));
#14509 = VECTOR('',#14510,1.);
#14510 = DIRECTION('',(1.,0.));
#14511 = ( GEOMETRIC_REPRESENTATION_CONTEXT(2) 
PARAMETRIC_REPRESENTATION_CONTEXT() REPRESENTATION_CONTEXT('2D SPACE',''
  ) );
#14512 = ADVANCED_FACE('',(#14513),#14475,.T.);
#14513 = FACE_BOUND('',#14514,.T.);
#14514 = EDGE_LOOP('',(#14515,#14516,#14539,#14567));
#14515 = ORIENTED_EDGE('',*,*,#14459,.F.);
#14516 = ORIENTED_EDGE('',*,*,#14517,.T.);
#14517 = EDGE_CURVE('',#14432,#14518,#14520,.T.);
#14518 = VERTEX_POINT('',#14519);
#14519 = CARTESIAN_POINT('',(-1.3841E+03,3.5143E+03,1.395E+03));
#14520 = SURFACE_CURVE('',#14521,(#14525,#14532),.PCURVE_S1.);
#14521 = LINE('',#14522,#14523);
#14522 = CARTESIAN_POINT('',(-1.2771E+03,3.5143E+03,1.395E+03));
#14523 = VECTOR('',#14524,1.);
#14524 = DIRECTION('',(-1.,1.110223024625E-16,0.));
#14525 = PCURVE('',#14475,#14526);
#14526 = DEFINITIONAL_REPRESENTATION('',(#14527),#14531);
#14527 = LINE('',#14528,#14529);
#14528 = CARTESIAN_POINT('',(107.,0.));
#14529 = VECTOR('',#14530,1.);
#14530 = DIRECTION('',(1.,0.));
#14531 = ( GEOMETRIC_REPRESENTATION_CONTEXT(2) 
PARAMETRIC_REPRESENTATION_CONTEXT() REPRESENTATION_CONTEXT('2D SPACE',''
  ) );
#14532 = PCURVE('',#14447,#14533);
#14533 = DEFINITIONAL_REPRESENTATION('',(#14534),#14538);
#14534 = LINE('',#14535,#14536);
#14535 = CARTESIAN_POINT('',(321.,107.));
#14536 = VECTOR('',#14537,1.);
#14537 = DIRECTION('',(0.,1.));
#14538 = ( GEOMETRIC_REPRESENTATION_CONTEXT(2) 
PARAMETRIC_REPRESENTATION_CONTEXT() REPRESENTATION_CONTEXT('2D SPACE',''
  ) );
#14539 = ORIENTED_EDGE('',*,*,#14540,.T.);
#14540 = EDGE_CURVE('',#14518,#14541,#14543,.T.);
#14541 = VERTEX_POINT('',#14542);
#14542 = CARTESIAN_POINT('',(-1.3841E+03,3.5143E+03,1.405E+03));
#14543 = SURFACE_CURVE('',#14544,(#14548,#14555),.PCURVE_S1.);
#14544 = LINE('',#14545,#14546);
#14545 = CARTESIAN_POINT('',(-1.3841E+03,3.5143E+03,1.4E+03));
#14546 = VECTOR('',#14547,1.);
#14547 = DIRECTION('',(0.,0.,1.));
#14548 = PCURVE('',#14475,#14549);
#14549 = DEFINITIONAL_REPRESENTATION('',(#14550),#14554);
#14550 = LINE('',#14551,#14552);
#14551 = CARTESIAN_POINT('',(214.,5.));
#14552 = VECTOR('',#14553,1.);
#14553 = DIRECTION('',(0.,1.));
#14554 = ( GEOMETRIC_REPRESENTATION_CONTEXT(2) 
PARAMETRIC_REPRESENTATION_CONTEXT() REPRESENTATION_CONTEXT('2D SPACE',''
  ) );
#14555 = PCURVE('',#14556,#14561);
#14556 = PLANE('',#14557);
#14557 = AXIS2_PLACEMENT_3D('',#14558,#14559,#14560);
#14558 = CARTESIAN_POINT('',(-1.3841E+03,3.5143E+03,1.395E+03));
#14559 = DIRECTION('',(-1.,1.110223024625E-16,0.));
#14560 = DIRECTION('',(-1.110223024625E-16,-1.,0.));
#14561 = DEFINITIONAL_REPRESENTATION('',(#14562),#14566);
#14562 = LINE('',#14563,#14564);
#14563 = CARTESIAN_POINT('',(0.,5.));
#14564 = VECTOR('',#14565,1.);
#14565 = DIRECTION('',(0.,1.));
#14566 = ( GEOMETRIC_REPRESENTATION_CONTEXT(2) 
PARAMETRIC_REPRESENTATION_CONTEXT() REPRESENTATION_CONTEXT('2D SPACE',''
  ) );
#14567 = ORIENTED_EDGE('',*,*,#14568,.F.);
#14568 = EDGE_CURVE('',#14460,#14541,#14569,.T.);
#14569 = SURFACE_CURVE('',#14570,(#14574,#14581),.PCURVE_S1.);
#14570 = LINE('',#14571,#14572);
#14571 = CARTESIAN_POINT('',(-1.2771E+03,3.5143E+03,1.405E+03));
#14572 = VECTOR('',#14573,1.);
#14573 = DIRECTION('',(-1.,1.110223024625E-16,0.));
#14574 = PCURVE('',#14475,#14575);
#14575 = DEFINITIONAL_REPRESENTATION('',(#14576),#14580);
#14576 = LINE('',#14577,#14578);
#14577 = CARTESIAN_POINT('',(107.,10.));
#14578 = VECTOR('',#14579,1.);
#14579 = DIRECTION('',(1.,0.));
#14580 = ( GEOMETRIC_REPRESENTATION_CONTEXT(2) 
PARAMETRIC_REPRESENTATION_CONTEXT() REPRESENTATION_CONTEXT('2D SPACE',''
  ) );
#14581 = PCURVE('',#14501,#14582);
#14582 = DEFINITIONAL_REPRESENTATION('',(#14583),#14587);
#14583 = LINE('',#14584,#14585);
#14584 = CARTESIAN_POINT('',(321.,107.));
#14585 = VECTOR('',#14586,1.);
#14586 = DIRECTION('',(0.,1.));
#14587 = ( GEOMETRIC_REPRESENTATION_CONTEXT(2) 
PARAMETRIC_REPRESENTATION_CONTEXT() REPRESENTATION_CONTEXT('2D SPACE',''
  ) );
#14588 = ADVANCED_FACE('',(#14589),#14556,.T.);
#14589 = FACE_BOUND('',#14590,.T.);
#14590 = EDGE_LOOP('',(#14591,#14592,#14615,#14638));
#14591 = ORIENTED_EDGE('',*,*,#14540,.F.);
#14592 = ORIENTED_EDGE('',*,*,#14593,.T.);
#14593 = EDGE_CURVE('',#14518,#14594,#14596,.T.);
#14594 = VERTEX_POINT('',#14595);
#14595 = CARTESIAN_POINT('',(-1.3841E+03,3.1933E+03,1.395E+03));
#14596 = SURFACE_CURVE('',#14597,(#14601,#14608),.PCURVE_S1.);
#14597 = LINE('',#14598,#14599);
#14598 = CARTESIAN_POINT('',(-1.3841E+03,3.3538E+03,1.395E+03));
#14599 = VECTOR('',#14600,1.);
#14600 = DIRECTION('',(-1.110223024625E-16,-1.,0.));
#14601 = PCURVE('',#14556,#14602);
#14602 = DEFINITIONAL_REPRESENTATION('',(#14603),#14607);
#14603 = LINE('',#14604,#14605);
#14604 = CARTESIAN_POINT('',(160.5,0.));
#14605 = VECTOR('',#14606,1.);
#14606 = DIRECTION('',(1.,0.));
#14607 = ( GEOMETRIC_REPRESENTATION_CONTEXT(2) 
PARAMETRIC_REPRESENTATION_CONTEXT() REPRESENTATION_CONTEXT('2D SPACE',''
  ) );
#14608 = PCURVE('',#14447,#14609);
#14609 = DEFINITIONAL_REPRESENTATION('',(#14610),#14614);
#14610 = LINE('',#14611,#14612);
#14611 = CARTESIAN_POINT('',(160.5,214.));
#14612 = VECTOR('',#14613,1.);
#14613 = DIRECTION('',(-1.,0.));
#14614 = ( GEOMETRIC_REPRESENTATION_CONTEXT(2) 
PARAMETRIC_REPRESENTATION_CONTEXT() REPRESENTATION_CONTEXT('2D SPACE',''
  ) );
#14615 = ORIENTED_EDGE('',*,*,#14616,.T.);
#14616 = EDGE_CURVE('',#14594,#14617,#14619,.T.);
#14617 = VERTEX_POINT('',#14618);
#14618 = CARTESIAN_POINT('',(-1.3841E+03,3.1933E+03,1.405E+03));
#14619 = SURFACE_CURVE('',#14620,(#14624,#14631),.PCURVE_S1.);
#14620 = LINE('',#14621,#14622);
#14621 = CARTESIAN_POINT('',(-1.3841E+03,3.1933E+03,1.4E+03));
#14622 = VECTOR('',#14623,1.);
#14623 = DIRECTION('',(0.,0.,1.));
#14624 = PCURVE('',#14556,#14625);
#14625 = DEFINITIONAL_REPRESENTATION('',(#14626),#14630);
#14626 = LINE('',#14627,#14628);
#14627 = CARTESIAN_POINT('',(321.,5.));
#14628 = VECTOR('',#14629,1.);
#14629 = DIRECTION('',(0.,1.));
#14630 = ( GEOMETRIC_REPRESENTATION_CONTEXT(2) 
PARAMETRIC_REPRESENTATION_CONTEXT() REPRESENTATION_CONTEXT('2D SPACE',''
  ) );
#14631 = PCURVE('',#14419,#14632);
#14632 = DEFINITIONAL_REPRESENTATION('',(#14633),#14637);
#14633 = LINE('',#14634,#14635);
#14634 = CARTESIAN_POINT('',(0.,5.));
#14635 = VECTOR('',#14636,1.);
#14636 = DIRECTION('',(0.,1.));
#14637 = ( GEOMETRIC_REPRESENTATION_CONTEXT(2) 
PARAMETRIC_REPRESENTATION_CONTEXT() REPRESENTATION_CONTEXT('2D SPACE',''
  ) );
#14638 = ORIENTED_EDGE('',*,*,#14639,.F.);
#14639 = EDGE_CURVE('',#14541,#14617,#14640,.T.);
#14640 = SURFACE_CURVE('',#14641,(#14645,#14652),.PCURVE_S1.);
#14641 = LINE('',#14642,#14643);
#14642 = CARTESIAN_POINT('',(-1.3841E+03,3.3538E+03,1.405E+03));
#14643 = VECTOR('',#14644,1.);
#14644 = DIRECTION('',(-1.110223024625E-16,-1.,0.));
#14645 = PCURVE('',#14556,#14646);
#14646 = DEFINITIONAL_REPRESENTATION('',(#14647),#14651);
#14647 = LINE('',#14648,#14649);
#14648 = CARTESIAN_POINT('',(160.5,10.));
#14649 = VECTOR('',#14650,1.);
#14650 = DIRECTION('',(1.,0.));
#14651 = ( GEOMETRIC_REPRESENTATION_CONTEXT(2) 
PARAMETRIC_REPRESENTATION_CONTEXT() REPRESENTATION_CONTEXT('2D SPACE',''
  ) );
#14652 = PCURVE('',#14501,#14653);
#14653 = DEFINITIONAL_REPRESENTATION('',(#14654),#14658);
#14654 = LINE('',#14655,#14656);
#14655 = CARTESIAN_POINT('',(160.5,214.));
#14656 = VECTOR('',#14657,1.);
#14657 = DIRECTION('',(-1.,0.));
#14658 = ( GEOMETRIC_REPRESENTATION_CONTEXT(2) 
PARAMETRIC_REPRESENTATION_CONTEXT() REPRESENTATION_CONTEXT('2D SPACE',''
  ) );
#14659 = ADVANCED_FACE('',(#14660),#14419,.T.);
#14660 = FACE_BOUND('',#14661,.T.);
#14661 = EDGE_LOOP('',(#14662,#14663,#14684,#14685));
#14662 = ORIENTED_EDGE('',*,*,#14616,.F.);
#14663 = ORIENTED_EDGE('',*,*,#14664,.T.);
#14664 = EDGE_CURVE('',#14594,#14397,#14665,.T.);
#14665 = SURFACE_CURVE('',#14666,(#14670,#14677),.PCURVE_S1.);
#14666 = LINE('',#14667,#14668);
#14667 = CARTESIAN_POINT('',(-1.2771E+03,3.1933E+03,1.395E+03));
#14668 = VECTOR('',#14669,1.);
#14669 = DIRECTION('',(1.,-1.110223024625E-16,0.));
#14670 = PCURVE('',#14419,#14671);
#14671 = DEFINITIONAL_REPRESENTATION('',(#14672),#14676);
#14672 = LINE('',#14673,#14674);
#14673 = CARTESIAN_POINT('',(107.,0.));
#14674 = VECTOR('',#14675,1.);
#14675 = DIRECTION('',(1.,0.));
#14676 = ( GEOMETRIC_REPRESENTATION_CONTEXT(2) 
PARAMETRIC_REPRESENTATION_CONTEXT() REPRESENTATION_CONTEXT('2D SPACE',''
  ) );
#14677 = PCURVE('',#14447,#14678);
#14678 = DEFINITIONAL_REPRESENTATION('',(#14679),#14683);
#14679 = LINE('',#14680,#14681);
#14680 = CARTESIAN_POINT('',(-1.187938636349E-14,107.));
#14681 = VECTOR('',#14682,1.);
#14682 = DIRECTION('',(0.,-1.));
#14683 = ( GEOMETRIC_REPRESENTATION_CONTEXT(2) 
PARAMETRIC_REPRESENTATION_CONTEXT() REPRESENTATION_CONTEXT('2D SPACE',''
  ) );
#14684 = ORIENTED_EDGE('',*,*,#14396,.T.);
#14685 = ORIENTED_EDGE('',*,*,#14686,.F.);
#14686 = EDGE_CURVE('',#14617,#14399,#14687,.T.);
#14687 = SURFACE_CURVE('',#14688,(#14692,#14699),.PCURVE_S1.);
#14688 = LINE('',#14689,#14690);
#14689 = CARTESIAN_POINT('',(-1.2771E+03,3.1933E+03,1.405E+03));
#14690 = VECTOR('',#14691,1.);
#14691 = DIRECTION('',(1.,-1.110223024625E-16,0.));
#14692 = PCURVE('',#14419,#14693);
#14693 = DEFINITIONAL_REPRESENTATION('',(#14694),#14698);
#14694 = LINE('',#14695,#14696);
#14695 = CARTESIAN_POINT('',(107.,10.));
#14696 = VECTOR('',#14697,1.);
#14697 = DIRECTION('',(1.,0.));
#14698 = ( GEOMETRIC_REPRESENTATION_CONTEXT(2) 
PARAMETRIC_REPRESENTATION_CONTEXT() REPRESENTATION_CONTEXT('2D SPACE',''
  ) );
#14699 = PCURVE('',#14501,#14700);
#14700 = DEFINITIONAL_REPRESENTATION('',(#14701),#14705);
#14701 = LINE('',#14702,#14703);
#14702 = CARTESIAN_POINT('',(-1.187938636349E-14,107.));
#14703 = VECTOR('',#14704,1.);
#14704 = DIRECTION('',(0.,-1.));
#14705 = ( GEOMETRIC_REPRESENTATION_CONTEXT(2) 
PARAMETRIC_REPRESENTATION_CONTEXT() REPRESENTATION_CONTEXT('2D SPACE',''
  ) );
#14706 = ADVANCED_FACE('',(#14707),#14447,.F.);
#14707 = FACE_BOUND('',#14708,.T.);
#14708 = EDGE_LOOP('',(#14709,#14710,#14711,#14712));
#14709 = ORIENTED_EDGE('',*,*,#14664,.F.);
#14710 = ORIENTED_EDGE('',*,*,#14593,.F.);
#14711 = ORIENTED_EDGE('',*,*,#14517,.F.);
#14712 = ORIENTED_EDGE('',*,*,#14431,.F.);
#14713 = ADVANCED_FACE('',(#14714),#14501,.T.);
#14714 = FACE_BOUND('',#14715,.T.);
#14715 = EDGE_LOOP('',(#14716,#14717,#14718,#14719));
#14716 = ORIENTED_EDGE('',*,*,#14487,.T.);
#14717 = ORIENTED_EDGE('',*,*,#14568,.T.);
#14718 = ORIENTED_EDGE('',*,*,#14639,.T.);
#14719 = ORIENTED_EDGE('',*,*,#14686,.T.);
#14720 = ( GEOMETRIC_REPRESENTATION_CONTEXT(3) 
GLOBAL_UNCERTAINTY_ASSIGNED_CONTEXT((#14724)) 
GLOBAL_UNIT_ASSIGNED_CONTEXT((#14721,#14722,#14723)) 
REPRESENTATION_CONTEXT('Context #1',
  '3D Context with UNIT and UNCERTAINTY') );
#14721 = ( LENGTH_UNIT() NAMED_UNIT(*) SI_UNIT(.MILLI.,.METRE.) );
#14722 = ( NAMED_UNIT(*) PLANE_ANGLE_UNIT() SI_UNIT($,.RADIAN.) );
#14723 = ( NAMED_UNIT(*) SI_UNIT($,.STERADIAN.) SOLID_ANGLE_UNIT() );
#14724 = UNCERTAINTY_MEASURE_WITH_UNIT(LENGTH_MEASURE(1.E-07),#14721,
  'distance_accuracy_value','confusion accuracy');
#14725 = CONTEXT_DEPENDENT_SHAPE_REPRESENTATION(#14726,#14728);
#14726 = ( REPRESENTATION_RELATIONSHIP('','',#14389,#10) 
REPRESENTATION_RELATIONSHIP_WITH_TRANSFORMATION(#14727) 
SHAPE_REPRESENTATION_RELATIONSHIP() );
#14727 = ITEM_DEFINED_TRANSFORMATION('','',#11,#163);
#14728 = PRODUCT_DEFINITION_SHAPE('Placement','Placement of an item',
  #14729);
#14729 = NEXT_ASSEMBLY_USAGE_OCCURRENCE('289','','',#5,#14384,$);
#14730 = PRODUCT_RELATED_PRODUCT_CATEGORY('part',$,(#14386));
#14731 = SHAPE_DEFINITION_REPRESENTATION(#14732,#14738);
#14732 = PRODUCT_DEFINITION_SHAPE('','',#14733);
#14733 = PRODUCT_DEFINITION('design','',#14734,#14737);
#14734 = PRODUCT_DEFINITION_FORMATION('','',#14735);
#14735 = PRODUCT('Open CASCADE STEP translator 7.9 4.39',
  'Open CASCADE STEP translator 7.9 4.39','',(#14736));
#14736 = PRODUCT_CONTEXT('',#2,'mechanical');
#14737 = PRODUCT_DEFINITION_CONTEXT('part definition',#2,'design');
#14738 = ADVANCED_BREP_SHAPE_REPRESENTATION('',(#11,#14739),#15069);
#14739 = MANIFOLD_SOLID_BREP('',#14740);
#14740 = CLOSED_SHELL('',(#14741,#14861,#14961,#15008,#15035,#15062));
#14741 = ADVANCED_FACE('',(#14742),#14756,.F.);
#14742 = FACE_BOUND('',#14743,.T.);
#14743 = EDGE_LOOP('',(#14744,#14779,#14807,#14835));
#14744 = ORIENTED_EDGE('',*,*,#14745,.T.);
#14745 = EDGE_CURVE('',#14746,#14748,#14750,.T.);
#14746 = VERTEX_POINT('',#14747);
#14747 = CARTESIAN_POINT('',(-1.3916E+03,3.2118E+03,1.413E+03));
#14748 = VERTEX_POINT('',#14749);
#14749 = CARTESIAN_POINT('',(-1.3916E+03,3.5618E+03,1.413E+03));
#14750 = SURFACE_CURVE('',#14751,(#14755,#14767),.PCURVE_S1.);
#14751 = LINE('',#14752,#14753);
#14752 = CARTESIAN_POINT('',(-1.3916E+03,3.3868E+03,1.413E+03));
#14753 = VECTOR('',#14754,1.);
#14754 = DIRECTION('',(1.110223024625E-16,1.,0.));
#14755 = PCURVE('',#14756,#14761);
#14756 = PLANE('',#14757);
#14757 = AXIS2_PLACEMENT_3D('',#14758,#14759,#14760);
#14758 = CARTESIAN_POINT('',(-1.3916E+03,3.1938E+03,1.395E+03));
#14759 = DIRECTION('',(-1.,1.110223024625E-16,0.));
#14760 = DIRECTION('',(0.,0.,1.));
#14761 = DEFINITIONAL_REPRESENTATION('',(#14762),#14766);
#14762 = LINE('',#14763,#14764);
#14763 = CARTESIAN_POINT('',(18.,193.));
#14764 = VECTOR('',#14765,1.);
#14765 = DIRECTION('',(0.,1.));
#14766 = ( GEOMETRIC_REPRESENTATION_CONTEXT(2) 
PARAMETRIC_REPRESENTATION_CONTEXT() REPRESENTATION_CONTEXT('2D SPACE',''
  ) );
#14767 = PCURVE('',#14768,#14773);
#14768 = PLANE('',#14769);
#14769 = AXIS2_PLACEMENT_3D('',#14770,#14771,#14772);
#14770 = CARTESIAN_POINT('',(-1.3916E+03,3.2118E+03,1.413E+03));
#14771 = DIRECTION('',(0.,0.,1.));
#14772 = DIRECTION('',(1.110223024625E-16,1.,0.));
#14773 = DEFINITIONAL_REPRESENTATION('',(#14774),#14778);
#14774 = LINE('',#14775,#14776);
#14775 = CARTESIAN_POINT('',(175.,1.942890293094E-14));
#14776 = VECTOR('',#14777,1.);
#14777 = DIRECTION('',(1.,0.));
#14778 = ( GEOMETRIC_REPRESENTATION_CONTEXT(2) 
PARAMETRIC_REPRESENTATION_CONTEXT() REPRESENTATION_CONTEXT('2D SPACE',''
  ) );
#14779 = ORIENTED_EDGE('',*,*,#14780,.F.);
#14780 = EDGE_CURVE('',#14781,#14748,#14783,.T.);
#14781 = VERTEX_POINT('',#14782);
#14782 = CARTESIAN_POINT('',(-1.3916E+03,3.5618E+03,3.568E+03));
#14783 = SURFACE_CURVE('',#14784,(#14788,#14795),.PCURVE_S1.);
#14784 = LINE('',#14785,#14786);
#14785 = CARTESIAN_POINT('',(-1.3916E+03,3.5618E+03,2.4905E+03));
#14786 = VECTOR('',#14787,1.);
#14787 = DIRECTION('',(0.,0.,-1.));
#14788 = PCURVE('',#14756,#14789);
#14789 = DEFINITIONAL_REPRESENTATION('',(#14790),#14794);
#14790 = LINE('',#14791,#14792);
#14791 = CARTESIAN_POINT('',(1.0955E+03,368.));
#14792 = VECTOR('',#14793,1.);
#14793 = DIRECTION('',(-1.,0.));
#14794 = ( GEOMETRIC_REPRESENTATION_CONTEXT(2) 
PARAMETRIC_REPRESENTATION_CONTEXT() REPRESENTATION_CONTEXT('2D SPACE',''
  ) );
#14795 = PCURVE('',#14796,#14801);
#14796 = PLANE('',#14797);
#14797 = AXIS2_PLACEMENT_3D('',#14798,#14799,#14800);
#14798 = CARTESIAN_POINT('',(-1.3916E+03,3.5618E+03,3.568E+03));
#14799 = DIRECTION('',(1.110223024625E-16,1.,0.));
#14800 = DIRECTION('',(0.,0.,-1.));
#14801 = DEFINITIONAL_REPRESENTATION('',(#14802),#14806);
#14802 = LINE('',#14803,#14804);
#14803 = CARTESIAN_POINT('',(1.0775E+03,0.));
#14804 = VECTOR('',#14805,1.);
#14805 = DIRECTION('',(1.,0.));
#14806 = ( GEOMETRIC_REPRESENTATION_CONTEXT(2) 
PARAMETRIC_REPRESENTATION_CONTEXT() REPRESENTATION_CONTEXT('2D SPACE',''
  ) );
#14807 = ORIENTED_EDGE('',*,*,#14808,.F.);
#14808 = EDGE_CURVE('',#14809,#14781,#14811,.T.);
#14809 = VERTEX_POINT('',#14810);
#14810 = CARTESIAN_POINT('',(-1.3916E+03,3.2118E+03,3.568E+03));
#14811 = SURFACE_CURVE('',#14812,(#14816,#14823),.PCURVE_S1.);
#14812 = LINE('',#14813,#14814);
#14813 = CARTESIAN_POINT('',(-1.3916E+03,3.3868E+03,3.568E+03));
#14814 = VECTOR('',#14815,1.);
#14815 = DIRECTION('',(1.110223024625E-16,1.,0.));
#14816 = PCURVE('',#14756,#14817);
#14817 = DEFINITIONAL_REPRESENTATION('',(#14818),#14822);
#14818 = LINE('',#14819,#14820);
#14819 = CARTESIAN_POINT('',(2.173E+03,193.));
#14820 = VECTOR('',#14821,1.);
#14821 = DIRECTION('',(0.,1.));
#14822 = ( GEOMETRIC_REPRESENTATION_CONTEXT(2) 
PARAMETRIC_REPRESENTATION_CONTEXT() REPRESENTATION_CONTEXT('2D SPACE',''
  ) );
#14823 = PCURVE('',#14824,#14829);
#14824 = PLANE('',#14825);
#14825 = AXIS2_PLACEMENT_3D('',#14826,#14827,#14828);
#14826 = CARTESIAN_POINT('',(-1.3916E+03,3.2118E+03,3.568E+03));
#14827 = DIRECTION('',(0.,0.,1.));
#14828 = DIRECTION('',(1.110223024625E-16,1.,0.));
#14829 = DEFINITIONAL_REPRESENTATION('',(#14830),#14834);
#14830 = LINE('',#14831,#14832);
#14831 = CARTESIAN_POINT('',(175.,1.942890293094E-14));
#14832 = VECTOR('',#14833,1.);
#14833 = DIRECTION('',(1.,0.));
#14834 = ( GEOMETRIC_REPRESENTATION_CONTEXT(2) 
PARAMETRIC_REPRESENTATION_CONTEXT() REPRESENTATION_CONTEXT('2D SPACE',''
  ) );
#14835 = ORIENTED_EDGE('',*,*,#14836,.T.);
#14836 = EDGE_CURVE('',#14809,#14746,#14837,.T.);
#14837 = SURFACE_CURVE('',#14838,(#14842,#14849),.PCURVE_S1.);
#14838 = LINE('',#14839,#14840);
#14839 = CARTESIAN_POINT('',(-1.3916E+03,3.2118E+03,2.4905E+03));
#14840 = VECTOR('',#14841,1.);
#14841 = DIRECTION('',(0.,0.,-1.));
#14842 = PCURVE('',#14756,#14843);
#14843 = DEFINITIONAL_REPRESENTATION('',(#14844),#14848);
#14844 = LINE('',#14845,#14846);
#14845 = CARTESIAN_POINT('',(1.0955E+03,18.));
#14846 = VECTOR('',#14847,1.);
#14847 = DIRECTION('',(-1.,0.));
#14848 = ( GEOMETRIC_REPRESENTATION_CONTEXT(2) 
PARAMETRIC_REPRESENTATION_CONTEXT() REPRESENTATION_CONTEXT('2D SPACE',''
  ) );
#14849 = PCURVE('',#14850,#14855);
#14850 = PLANE('',#14851);
#14851 = AXIS2_PLACEMENT_3D('',#14852,#14853,#14854);
#14852 = CARTESIAN_POINT('',(-1.3916E+03,3.2118E+03,3.568E+03));
#14853 = DIRECTION('',(1.110223024625E-16,1.,0.));
#14854 = DIRECTION('',(0.,0.,-1.));
#14855 = DEFINITIONAL_REPRESENTATION('',(#14856),#14860);
#14856 = LINE('',#14857,#14858);
#14857 = CARTESIAN_POINT('',(1.0775E+03,0.));
#14858 = VECTOR('',#14859,1.);
#14859 = DIRECTION('',(1.,0.));
#14860 = ( GEOMETRIC_REPRESENTATION_CONTEXT(2) 
PARAMETRIC_REPRESENTATION_CONTEXT() REPRESENTATION_CONTEXT('2D SPACE',''
  ) );
#14861 = ADVANCED_FACE('',(#14862),#14876,.T.);
#14862 = FACE_BOUND('',#14863,.T.);
#14863 = EDGE_LOOP('',(#14864,#14894,#14917,#14940));
#14864 = ORIENTED_EDGE('',*,*,#14865,.F.);
#14865 = EDGE_CURVE('',#14866,#14868,#14870,.T.);
#14866 = VERTEX_POINT('',#14867);
#14867 = CARTESIAN_POINT('',(-1.4096E+03,3.2118E+03,1.413E+03));
#14868 = VERTEX_POINT('',#14869);
#14869 = CARTESIAN_POINT('',(-1.4096E+03,3.5618E+03,1.413E+03));
#14870 = SURFACE_CURVE('',#14871,(#14875,#14887),.PCURVE_S1.);
#14871 = LINE('',#14872,#14873);
#14872 = CARTESIAN_POINT('',(-1.4096E+03,3.3868E+03,1.413E+03));
#14873 = VECTOR('',#14874,1.);
#14874 = DIRECTION('',(1.110223024625E-16,1.,0.));
#14875 = PCURVE('',#14876,#14881);
#14876 = PLANE('',#14877);
#14877 = AXIS2_PLACEMENT_3D('',#14878,#14879,#14880);
#14878 = CARTESIAN_POINT('',(-1.4096E+03,3.1938E+03,1.395E+03));
#14879 = DIRECTION('',(-1.,1.110223024625E-16,0.));
#14880 = DIRECTION('',(0.,0.,1.));
#14881 = DEFINITIONAL_REPRESENTATION('',(#14882),#14886);
#14882 = LINE('',#14883,#14884);
#14883 = CARTESIAN_POINT('',(18.,193.));
#14884 = VECTOR('',#14885,1.);
#14885 = DIRECTION('',(0.,1.));
#14886 = ( GEOMETRIC_REPRESENTATION_CONTEXT(2) 
PARAMETRIC_REPRESENTATION_CONTEXT() REPRESENTATION_CONTEXT('2D SPACE',''
  ) );
#14887 = PCURVE('',#14768,#14888);
#14888 = DEFINITIONAL_REPRESENTATION('',(#14889),#14893);
#14889 = LINE('',#14890,#14891);
#14890 = CARTESIAN_POINT('',(175.,18.));
#14891 = VECTOR('',#14892,1.);
#14892 = DIRECTION('',(1.,0.));
#14893 = ( GEOMETRIC_REPRESENTATION_CONTEXT(2) 
PARAMETRIC_REPRESENTATION_CONTEXT() REPRESENTATION_CONTEXT('2D SPACE',''
  ) );
#14894 = ORIENTED_EDGE('',*,*,#14895,.F.);
#14895 = EDGE_CURVE('',#14896,#14866,#14898,.T.);
#14896 = VERTEX_POINT('',#14897);
#14897 = CARTESIAN_POINT('',(-1.4096E+03,3.2118E+03,3.568E+03));
#14898 = SURFACE_CURVE('',#14899,(#14903,#14910),.PCURVE_S1.);
#14899 = LINE('',#14900,#14901);
#14900 = CARTESIAN_POINT('',(-1.4096E+03,3.2118E+03,2.4905E+03));
#14901 = VECTOR('',#14902,1.);
#14902 = DIRECTION('',(0.,0.,-1.));
#14903 = PCURVE('',#14876,#14904);
#14904 = DEFINITIONAL_REPRESENTATION('',(#14905),#14909);
#14905 = LINE('',#14906,#14907);
#14906 = CARTESIAN_POINT('',(1.0955E+03,18.));
#14907 = VECTOR('',#14908,1.);
#14908 = DIRECTION('',(-1.,0.));
#14909 = ( GEOMETRIC_REPRESENTATION_CONTEXT(2) 
PARAMETRIC_REPRESENTATION_CONTEXT() REPRESENTATION_CONTEXT('2D SPACE',''
  ) );
#14910 = PCURVE('',#14850,#14911);
#14911 = DEFINITIONAL_REPRESENTATION('',(#14912),#14916);
#14912 = LINE('',#14913,#14914);
#14913 = CARTESIAN_POINT('',(1.0775E+03,18.));
#14914 = VECTOR('',#14915,1.);
#14915 = DIRECTION('',(1.,0.));
#14916 = ( GEOMETRIC_REPRESENTATION_CONTEXT(2) 
PARAMETRIC_REPRESENTATION_CONTEXT() REPRESENTATION_CONTEXT('2D SPACE',''
  ) );
#14917 = ORIENTED_EDGE('',*,*,#14918,.T.);
#14918 = EDGE_CURVE('',#14896,#14919,#14921,.T.);
#14919 = VERTEX_POINT('',#14920);
#14920 = CARTESIAN_POINT('',(-1.4096E+03,3.5618E+03,3.568E+03));
#14921 = SURFACE_CURVE('',#14922,(#14926,#14933),.PCURVE_S1.);
#14922 = LINE('',#14923,#14924);
#14923 = CARTESIAN_POINT('',(-1.4096E+03,3.3868E+03,3.568E+03));
#14924 = VECTOR('',#14925,1.);
#14925 = DIRECTION('',(1.110223024625E-16,1.,0.));
#14926 = PCURVE('',#14876,#14927);
#14927 = DEFINITIONAL_REPRESENTATION('',(#14928),#14932);
#14928 = LINE('',#14929,#14930);
#14929 = CARTESIAN_POINT('',(2.173E+03,193.));
#14930 = VECTOR('',#14931,1.);
#14931 = DIRECTION('',(0.,1.));
#14932 = ( GEOMETRIC_REPRESENTATION_CONTEXT(2) 
PARAMETRIC_REPRESENTATION_CONTEXT() REPRESENTATION_CONTEXT('2D SPACE',''
  ) );
#14933 = PCURVE('',#14824,#14934);
#14934 = DEFINITIONAL_REPRESENTATION('',(#14935),#14939);
#14935 = LINE('',#14936,#14937);
#14936 = CARTESIAN_POINT('',(175.,18.));
#14937 = VECTOR('',#14938,1.);
#14938 = DIRECTION('',(1.,0.));
#14939 = ( GEOMETRIC_REPRESENTATION_CONTEXT(2) 
PARAMETRIC_REPRESENTATION_CONTEXT() REPRESENTATION_CONTEXT('2D SPACE',''
  ) );
#14940 = ORIENTED_EDGE('',*,*,#14941,.T.);
#14941 = EDGE_CURVE('',#14919,#14868,#14942,.T.);
#14942 = SURFACE_CURVE('',#14943,(#14947,#14954),.PCURVE_S1.);
#14943 = LINE('',#14944,#14945);
#14944 = CARTESIAN_POINT('',(-1.4096E+03,3.5618E+03,2.4905E+03));
#14945 = VECTOR('',#14946,1.);
#14946 = DIRECTION('',(0.,0.,-1.));
#14947 = PCURVE('',#14876,#14948);
#14948 = DEFINITIONAL_REPRESENTATION('',(#14949),#14953);
#14949 = LINE('',#14950,#14951);
#14950 = CARTESIAN_POINT('',(1.0955E+03,368.));
#14951 = VECTOR('',#14952,1.);
#14952 = DIRECTION('',(-1.,0.));
#14953 = ( GEOMETRIC_REPRESENTATION_CONTEXT(2) 
PARAMETRIC_REPRESENTATION_CONTEXT() REPRESENTATION_CONTEXT('2D SPACE',''
  ) );
#14954 = PCURVE('',#14796,#14955);
#14955 = DEFINITIONAL_REPRESENTATION('',(#14956),#14960);
#14956 = LINE('',#14957,#14958);
#14957 = CARTESIAN_POINT('',(1.0775E+03,18.));
#14958 = VECTOR('',#14959,1.);
#14959 = DIRECTION('',(1.,0.));
#14960 = ( GEOMETRIC_REPRESENTATION_CONTEXT(2) 
PARAMETRIC_REPRESENTATION_CONTEXT() REPRESENTATION_CONTEXT('2D SPACE',''
  ) );
#14961 = ADVANCED_FACE('',(#14962),#14768,.F.);
#14962 = FACE_BOUND('',#14963,.T.);
#14963 = EDGE_LOOP('',(#14964,#14965,#14986,#14987));
#14964 = ORIENTED_EDGE('',*,*,#14865,.T.);
#14965 = ORIENTED_EDGE('',*,*,#14966,.F.);
#14966 = EDGE_CURVE('',#14748,#14868,#14967,.T.);
#14967 = SURFACE_CURVE('',#14968,(#14972,#14979),.PCURVE_S1.);
#14968 = LINE('',#14969,#14970);
#14969 = CARTESIAN_POINT('',(-1.4006E+03,3.5618E+03,1.413E+03));
#14970 = VECTOR('',#14971,1.);
#14971 = DIRECTION('',(-1.,1.110223024625E-16,0.));
#14972 = PCURVE('',#14768,#14973);
#14973 = DEFINITIONAL_REPRESENTATION('',(#14974),#14978);
#14974 = LINE('',#14975,#14976);
#14975 = CARTESIAN_POINT('',(350.,9.));
#14976 = VECTOR('',#14977,1.);
#14977 = DIRECTION('',(0.,1.));
#14978 = ( GEOMETRIC_REPRESENTATION_CONTEXT(2) 
PARAMETRIC_REPRESENTATION_CONTEXT() REPRESENTATION_CONTEXT('2D SPACE',''
  ) );
#14979 = PCURVE('',#14796,#14980);
#14980 = DEFINITIONAL_REPRESENTATION('',(#14981),#14985);
#14981 = LINE('',#14982,#14983);
#14982 = CARTESIAN_POINT('',(2.155E+03,9.));
#14983 = VECTOR('',#14984,1.);
#14984 = DIRECTION('',(0.,1.));
#14985 = ( GEOMETRIC_REPRESENTATION_CONTEXT(2) 
PARAMETRIC_REPRESENTATION_CONTEXT() REPRESENTATION_CONTEXT('2D SPACE',''
  ) );
#14986 = ORIENTED_EDGE('',*,*,#14745,.F.);
#14987 = ORIENTED_EDGE('',*,*,#14988,.T.);
#14988 = EDGE_CURVE('',#14746,#14866,#14989,.T.);
#14989 = SURFACE_CURVE('',#14990,(#14994,#15001),.PCURVE_S1.);
#14990 = LINE('',#14991,#14992);
#14991 = CARTESIAN_POINT('',(-1.4006E+03,3.2118E+03,1.413E+03));
#14992 = VECTOR('',#14993,1.);
#14993 = DIRECTION('',(-1.,1.110223024625E-16,0.));
#14994 = PCURVE('',#14768,#14995);
#14995 = DEFINITIONAL_REPRESENTATION('',(#14996),#15000);
#14996 = LINE('',#14997,#14998);
#14997 = CARTESIAN_POINT('',(-9.992007221626E-16,9.));
#14998 = VECTOR('',#14999,1.);
#14999 = DIRECTION('',(0.,1.));
#15000 = ( GEOMETRIC_REPRESENTATION_CONTEXT(2) 
PARAMETRIC_REPRESENTATION_CONTEXT() REPRESENTATION_CONTEXT('2D SPACE',''
  ) );
#15001 = PCURVE('',#14850,#15002);
#15002 = DEFINITIONAL_REPRESENTATION('',(#15003),#15007);
#15003 = LINE('',#15004,#15005);
#15004 = CARTESIAN_POINT('',(2.155E+03,9.));
#15005 = VECTOR('',#15006,1.);
#15006 = DIRECTION('',(0.,1.));
#15007 = ( GEOMETRIC_REPRESENTATION_CONTEXT(2) 
PARAMETRIC_REPRESENTATION_CONTEXT() REPRESENTATION_CONTEXT('2D SPACE',''
  ) );
#15008 = ADVANCED_FACE('',(#15009),#14796,.T.);
#15009 = FACE_BOUND('',#15010,.T.);
#15010 = EDGE_LOOP('',(#15011,#15032,#15033,#15034));
#15011 = ORIENTED_EDGE('',*,*,#15012,.F.);
#15012 = EDGE_CURVE('',#14781,#14919,#15013,.T.);
#15013 = SURFACE_CURVE('',#15014,(#15018,#15025),.PCURVE_S1.);
#15014 = LINE('',#15015,#15016);
#15015 = CARTESIAN_POINT('',(-1.4006E+03,3.5618E+03,3.568E+03));
#15016 = VECTOR('',#15017,1.);
#15017 = DIRECTION('',(-1.,1.110223024625E-16,0.));
#15018 = PCURVE('',#14796,#15019);
#15019 = DEFINITIONAL_REPRESENTATION('',(#15020),#15024);
#15020 = LINE('',#15021,#15022);
#15021 = CARTESIAN_POINT('',(0.,9.));
#15022 = VECTOR('',#15023,1.);
#15023 = DIRECTION('',(0.,1.));
#15024 = ( GEOMETRIC_REPRESENTATION_CONTEXT(2) 
PARAMETRIC_REPRESENTATION_CONTEXT() REPRESENTATION_CONTEXT('2D SPACE',''
  ) );
#15025 = PCURVE('',#14824,#15026);
#15026 = DEFINITIONAL_REPRESENTATION('',(#15027),#15031);
#15027 = LINE('',#15028,#15029);
#15028 = CARTESIAN_POINT('',(350.,9.));
#15029 = VECTOR('',#15030,1.);
#15030 = DIRECTION('',(0.,1.));
#15031 = ( GEOMETRIC_REPRESENTATION_CONTEXT(2) 
PARAMETRIC_REPRESENTATION_CONTEXT() REPRESENTATION_CONTEXT('2D SPACE',''
  ) );
#15032 = ORIENTED_EDGE('',*,*,#14780,.T.);
#15033 = ORIENTED_EDGE('',*,*,#14966,.T.);
#15034 = ORIENTED_EDGE('',*,*,#14941,.F.);
#15035 = ADVANCED_FACE('',(#15036),#14824,.T.);
#15036 = FACE_BOUND('',#15037,.T.);
#15037 = EDGE_LOOP('',(#15038,#15059,#15060,#15061));
#15038 = ORIENTED_EDGE('',*,*,#15039,.F.);
#15039 = EDGE_CURVE('',#14809,#14896,#15040,.T.);
#15040 = SURFACE_CURVE('',#15041,(#15045,#15052),.PCURVE_S1.);
#15041 = LINE('',#15042,#15043);
#15042 = CARTESIAN_POINT('',(-1.4006E+03,3.2118E+03,3.568E+03));
#15043 = VECTOR('',#15044,1.);
#15044 = DIRECTION('',(-1.,1.110223024625E-16,0.));
#15045 = PCURVE('',#14824,#15046);
#15046 = DEFINITIONAL_REPRESENTATION('',(#15047),#15051);
#15047 = LINE('',#15048,#15049);
#15048 = CARTESIAN_POINT('',(-9.992007221626E-16,9.));
#15049 = VECTOR('',#15050,1.);
#15050 = DIRECTION('',(0.,1.));
#15051 = ( GEOMETRIC_REPRESENTATION_CONTEXT(2) 
PARAMETRIC_REPRESENTATION_CONTEXT() REPRESENTATION_CONTEXT('2D SPACE',''
  ) );
#15052 = PCURVE('',#14850,#15053);
#15053 = DEFINITIONAL_REPRESENTATION('',(#15054),#15058);
#15054 = LINE('',#15055,#15056);
#15055 = CARTESIAN_POINT('',(0.,9.));
#15056 = VECTOR('',#15057,1.);
#15057 = DIRECTION('',(0.,1.));
#15058 = ( GEOMETRIC_REPRESENTATION_CONTEXT(2) 
PARAMETRIC_REPRESENTATION_CONTEXT() REPRESENTATION_CONTEXT('2D SPACE',''
  ) );
#15059 = ORIENTED_EDGE('',*,*,#14808,.T.);
#15060 = ORIENTED_EDGE('',*,*,#15012,.T.);
#15061 = ORIENTED_EDGE('',*,*,#14918,.F.);
#15062 = ADVANCED_FACE('',(#15063),#14850,.F.);
#15063 = FACE_BOUND('',#15064,.T.);
#15064 = EDGE_LOOP('',(#15065,#15066,#15067,#15068));
#15065 = ORIENTED_EDGE('',*,*,#14895,.T.);
#15066 = ORIENTED_EDGE('',*,*,#14988,.F.);
#15067 = ORIENTED_EDGE('',*,*,#14836,.F.);
#15068 = ORIENTED_EDGE('',*,*,#15039,.T.);
#15069 = ( GEOMETRIC_REPRESENTATION_CONTEXT(3) 
GLOBAL_UNCERTAINTY_ASSIGNED_CONTEXT((#15073)) 
GLOBAL_UNIT_ASSIGNED_CONTEXT((#15070,#15071,#15072)) 
REPRESENTATION_CONTEXT('Context #1',
  '3D Context with UNIT and UNCERTAINTY') );
#15070 = ( LENGTH_UNIT() NAMED_UNIT(*) SI_UNIT(.MILLI.,.METRE.) );
#15071 = ( NAMED_UNIT(*) PLANE_ANGLE_UNIT() SI_UNIT($,.RADIAN.) );
#15072 = ( NAMED_UNIT(*) SI_UNIT($,.STERADIAN.) SOLID_ANGLE_UNIT() );
#15073 = UNCERTAINTY_MEASURE_WITH_UNIT(LENGTH_MEASURE(1.E-07),#15070,
  'distance_accuracy_value','confusion accuracy');
#15074 = CONTEXT_DEPENDENT_SHAPE_REPRESENTATION(#15075,#15077);
#15075 = ( REPRESENTATION_RELATIONSHIP('','',#14738,#10) 
REPRESENTATION_RELATIONSHIP_WITH_TRANSFORMATION(#15076) 
SHAPE_REPRESENTATION_RELATIONSHIP() );
#15076 = ITEM_DEFINED_TRANSFORMATION('','',#11,#167);
#15077 = PRODUCT_DEFINITION_SHAPE('Placement','Placement of an item',
  #15078);
#15078 = NEXT_ASSEMBLY_USAGE_OCCURRENCE('290','','',#5,#14733,$);
#15079 = PRODUCT_RELATED_PRODUCT_CATEGORY('part',$,(#14735));
#15080 = SHAPE_DEFINITION_REPRESENTATION(#15081,#15087);
#15081 = PRODUCT_DEFINITION_SHAPE('','',#15082);
#15082 = PRODUCT_DEFINITION('design','',#15083,#15086);
#15083 = PRODUCT_DEFINITION_FORMATION('','',#15084);
#15084 = PRODUCT('Open CASCADE STEP translator 7.9 4.40',
  'Open CASCADE STEP translator 7.9 4.40','',(#15085));
#15085 = PRODUCT_CONTEXT('',#2,'mechanical');
#15086 = PRODUCT_DEFINITION_CONTEXT('part definition',#2,'design');
#15087 = ADVANCED_BREP_SHAPE_REPRESENTATION('',(#11,#15088),#15418);
#15088 = MANIFOLD_SOLID_BREP('',#15089);
#15089 = CLOSED_SHELL('',(#15090,#15210,#15310,#15357,#15384,#15411));
#15090 = ADVANCED_FACE('',(#15091),#15105,.F.);
#15091 = FACE_BOUND('',#15092,.T.);
#15092 = EDGE_LOOP('',(#15093,#15128,#15156,#15184));
#15093 = ORIENTED_EDGE('',*,*,#15094,.F.);
#15094 = EDGE_CURVE('',#15095,#15097,#15099,.T.);
#15095 = VERTEX_POINT('',#15096);
#15096 = CARTESIAN_POINT('',(-1.3916E+03,3.2123E+03,2.565E+03));
#15097 = VERTEX_POINT('',#15098);
#15098 = CARTESIAN_POINT('',(-1.1296E+03,3.2123E+03,2.565E+03));
#15099 = SURFACE_CURVE('',#15100,(#15104,#15116),.PCURVE_S1.);
#15100 = LINE('',#15101,#15102);
#15101 = CARTESIAN_POINT('',(-1.2606E+03,3.2123E+03,2.565E+03));
#15102 = VECTOR('',#15103,1.);
#15103 = DIRECTION('',(1.,-1.110223024625E-16,0.));
#15104 = PCURVE('',#15105,#15110);
#15105 = PLANE('',#15106);
#15106 = AXIS2_PLACEMENT_3D('',#15107,#15108,#15109);
#15107 = CARTESIAN_POINT('',(-1.1046E+03,3.1938E+03,2.565E+03));
#15108 = DIRECTION('',(0.,0.,1.));
#15109 = DIRECTION('',(1.110223024625E-16,1.,0.));
#15110 = DEFINITIONAL_REPRESENTATION('',(#15111),#15115);
#15111 = LINE('',#15112,#15113);
#15112 = CARTESIAN_POINT('',(18.5,156.));
#15113 = VECTOR('',#15114,1.);
#15114 = DIRECTION('',(0.,-1.));
#15115 = ( GEOMETRIC_REPRESENTATION_CONTEXT(2) 
PARAMETRIC_REPRESENTATION_CONTEXT() REPRESENTATION_CONTEXT('2D SPACE',''
  ) );
#15116 = PCURVE('',#15117,#15122);
#15117 = PLANE('',#15118);
#15118 = AXIS2_PLACEMENT_3D('',#15119,#15120,#15121);
#15119 = CARTESIAN_POINT('',(-1.3916E+03,3.2123E+03,2.565E+03));
#15120 = DIRECTION('',(-1.110223024625E-16,-1.,0.));
#15121 = DIRECTION('',(1.,-1.110223024625E-16,0.));
#15122 = DEFINITIONAL_REPRESENTATION('',(#15123),#15127);
#15123 = LINE('',#15124,#15125);
#15124 = CARTESIAN_POINT('',(131.,0.));
#15125 = VECTOR('',#15126,1.);
#15126 = DIRECTION('',(1.,0.));
#15127 = ( GEOMETRIC_REPRESENTATION_CONTEXT(2) 
PARAMETRIC_REPRESENTATION_CONTEXT() REPRESENTATION_CONTEXT('2D SPACE',''
  ) );
#15128 = ORIENTED_EDGE('',*,*,#15129,.F.);
#15129 = EDGE_CURVE('',#15130,#15095,#15132,.T.);
#15130 = VERTEX_POINT('',#15131);
#15131 = CARTESIAN_POINT('',(-1.3916E+03,3.5613E+03,2.565E+03));
#15132 = SURFACE_CURVE('',#15133,(#15137,#15144),.PCURVE_S1.);
#15133 = LINE('',#15134,#15135);
#15134 = CARTESIAN_POINT('',(-1.3916E+03,3.3868E+03,2.565E+03));
#15135 = VECTOR('',#15136,1.);
#15136 = DIRECTION('',(-1.110223024625E-16,-1.,0.));
#15137 = PCURVE('',#15105,#15138);
#15138 = DEFINITIONAL_REPRESENTATION('',(#15139),#15143);
#15139 = LINE('',#15140,#15141);
#15140 = CARTESIAN_POINT('',(193.,287.));
#15141 = VECTOR('',#15142,1.);
#15142 = DIRECTION('',(-1.,0.));
#15143 = ( GEOMETRIC_REPRESENTATION_CONTEXT(2) 
PARAMETRIC_REPRESENTATION_CONTEXT() REPRESENTATION_CONTEXT('2D SPACE',''
  ) );
#15144 = PCURVE('',#15145,#15150);
#15145 = PLANE('',#15146);
#15146 = AXIS2_PLACEMENT_3D('',#15147,#15148,#15149);
#15147 = CARTESIAN_POINT('',(-1.3916E+03,3.5613E+03,2.565E+03));
#15148 = DIRECTION('',(-1.,1.110223024625E-16,0.));
#15149 = DIRECTION('',(-1.110223024625E-16,-1.,0.));
#15150 = DEFINITIONAL_REPRESENTATION('',(#15151),#15155);
#15151 = LINE('',#15152,#15153);
#15152 = CARTESIAN_POINT('',(174.5,0.));
#15153 = VECTOR('',#15154,1.);
#15154 = DIRECTION('',(1.,0.));
#15155 = ( GEOMETRIC_REPRESENTATION_CONTEXT(2) 
PARAMETRIC_REPRESENTATION_CONTEXT() REPRESENTATION_CONTEXT('2D SPACE',''
  ) );
#15156 = ORIENTED_EDGE('',*,*,#15157,.F.);
#15157 = EDGE_CURVE('',#15158,#15130,#15160,.T.);
#15158 = VERTEX_POINT('',#15159);
#15159 = CARTESIAN_POINT('',(-1.1296E+03,3.5613E+03,2.565E+03));
#15160 = SURFACE_CURVE('',#15161,(#15165,#15172),.PCURVE_S1.);
#15161 = LINE('',#15162,#15163);
#15162 = CARTESIAN_POINT('',(-1.2606E+03,3.5613E+03,2.565E+03));
#15163 = VECTOR('',#15164,1.);
#15164 = DIRECTION('',(-1.,1.110223024625E-16,0.));
#15165 = PCURVE('',#15105,#15166);
#15166 = DEFINITIONAL_REPRESENTATION('',(#15167),#15171);
#15167 = LINE('',#15168,#15169);
#15168 = CARTESIAN_POINT('',(367.5,156.));
#15169 = VECTOR('',#15170,1.);
#15170 = DIRECTION('',(0.,1.));
#15171 = ( GEOMETRIC_REPRESENTATION_CONTEXT(2) 
PARAMETRIC_REPRESENTATION_CONTEXT() REPRESENTATION_CONTEXT('2D SPACE',''
  ) );
#15172 = PCURVE('',#15173,#15178);
#15173 = PLANE('',#15174);
#15174 = AXIS2_PLACEMENT_3D('',#15175,#15176,#15177);
#15175 = CARTESIAN_POINT('',(-1.1296E+03,3.5613E+03,2.565E+03));
#15176 = DIRECTION('',(1.110223024625E-16,1.,0.));
#15177 = DIRECTION('',(-1.,1.110223024625E-16,0.));
#15178 = DEFINITIONAL_REPRESENTATION('',(#15179),#15183);
#15179 = LINE('',#15180,#15181);
#15180 = CARTESIAN_POINT('',(131.,0.));
#15181 = VECTOR('',#15182,1.);
#15182 = DIRECTION('',(1.,0.));
#15183 = ( GEOMETRIC_REPRESENTATION_CONTEXT(2) 
PARAMETRIC_REPRESENTATION_CONTEXT() REPRESENTATION_CONTEXT('2D SPACE',''
  ) );
#15184 = ORIENTED_EDGE('',*,*,#15185,.F.);
#15185 = EDGE_CURVE('',#15097,#15158,#15186,.T.);
#15186 = SURFACE_CURVE('',#15187,(#15191,#15198),.PCURVE_S1.);
#15187 = LINE('',#15188,#15189);
#15188 = CARTESIAN_POINT('',(-1.1296E+03,3.3868E+03,2.565E+03));
#15189 = VECTOR('',#15190,1.);
#15190 = DIRECTION('',(1.110223024625E-16,1.,0.));
#15191 = PCURVE('',#15105,#15192);
#15192 = DEFINITIONAL_REPRESENTATION('',(#15193),#15197);
#15193 = LINE('',#15194,#15195);
#15194 = CARTESIAN_POINT('',(193.,25.));
#15195 = VECTOR('',#15196,1.);
#15196 = DIRECTION('',(1.,0.));
#15197 = ( GEOMETRIC_REPRESENTATION_CONTEXT(2) 
PARAMETRIC_REPRESENTATION_CONTEXT() REPRESENTATION_CONTEXT('2D SPACE',''
  ) );
#15198 = PCURVE('',#15199,#15204);
#15199 = PLANE('',#15200);
#15200 = AXIS2_PLACEMENT_3D('',#15201,#15202,#15203);
#15201 = CARTESIAN_POINT('',(-1.1296E+03,3.2123E+03,2.565E+03));
#15202 = DIRECTION('',(1.,-1.110223024625E-16,0.));
#15203 = DIRECTION('',(1.110223024625E-16,1.,0.));
#15204 = DEFINITIONAL_REPRESENTATION('',(#15205),#15209);
#15205 = LINE('',#15206,#15207);
#15206 = CARTESIAN_POINT('',(174.5,0.));
#15207 = VECTOR('',#15208,1.);
#15208 = DIRECTION('',(1.,0.));
#15209 = ( GEOMETRIC_REPRESENTATION_CONTEXT(2) 
PARAMETRIC_REPRESENTATION_CONTEXT() REPRESENTATION_CONTEXT('2D SPACE',''
  ) );
#15210 = ADVANCED_FACE('',(#15211),#15225,.T.);
#15211 = FACE_BOUND('',#15212,.T.);
#15212 = EDGE_LOOP('',(#15213,#15243,#15266,#15289));
#15213 = ORIENTED_EDGE('',*,*,#15214,.T.);
#15214 = EDGE_CURVE('',#15215,#15217,#15219,.T.);
#15215 = VERTEX_POINT('',#15216);
#15216 = CARTESIAN_POINT('',(-1.3916E+03,3.2123E+03,2.583E+03));
#15217 = VERTEX_POINT('',#15218);
#15218 = CARTESIAN_POINT('',(-1.1296E+03,3.2123E+03,2.583E+03));
#15219 = SURFACE_CURVE('',#15220,(#15224,#15236),.PCURVE_S1.);
#15220 = LINE('',#15221,#15222);
#15221 = CARTESIAN_POINT('',(-1.2606E+03,3.2123E+03,2.583E+03));
#15222 = VECTOR('',#15223,1.);
#15223 = DIRECTION('',(1.,-1.110223024625E-16,0.));
#15224 = PCURVE('',#15225,#15230);
#15225 = PLANE('',#15226);
#15226 = AXIS2_PLACEMENT_3D('',#15227,#15228,#15229);
#15227 = CARTESIAN_POINT('',(-1.1046E+03,3.1938E+03,2.583E+03));
#15228 = DIRECTION('',(0.,0.,1.));
#15229 = DIRECTION('',(1.110223024625E-16,1.,0.));
#15230 = DEFINITIONAL_REPRESENTATION('',(#15231),#15235);
#15231 = LINE('',#15232,#15233);
#15232 = CARTESIAN_POINT('',(18.5,156.));
#15233 = VECTOR('',#15234,1.);
#15234 = DIRECTION('',(0.,-1.));
#15235 = ( GEOMETRIC_REPRESENTATION_CONTEXT(2) 
PARAMETRIC_REPRESENTATION_CONTEXT() REPRESENTATION_CONTEXT('2D SPACE',''
  ) );
#15236 = PCURVE('',#15117,#15237);
#15237 = DEFINITIONAL_REPRESENTATION('',(#15238),#15242);
#15238 = LINE('',#15239,#15240);
#15239 = CARTESIAN_POINT('',(131.,18.));
#15240 = VECTOR('',#15241,1.);
#15241 = DIRECTION('',(1.,0.));
#15242 = ( GEOMETRIC_REPRESENTATION_CONTEXT(2) 
PARAMETRIC_REPRESENTATION_CONTEXT() REPRESENTATION_CONTEXT('2D SPACE',''
  ) );
#15243 = ORIENTED_EDGE('',*,*,#15244,.T.);
#15244 = EDGE_CURVE('',#15217,#15245,#15247,.T.);
#15245 = VERTEX_POINT('',#15246);
#15246 = CARTESIAN_POINT('',(-1.1296E+03,3.5613E+03,2.583E+03));
#15247 = SURFACE_CURVE('',#15248,(#15252,#15259),.PCURVE_S1.);
#15248 = LINE('',#15249,#15250);
#15249 = CARTESIAN_POINT('',(-1.1296E+03,3.3868E+03,2.583E+03));
#15250 = VECTOR('',#15251,1.);
#15251 = DIRECTION('',(1.110223024625E-16,1.,0.));
#15252 = PCURVE('',#15225,#15253);
#15253 = DEFINITIONAL_REPRESENTATION('',(#15254),#15258);
#15254 = LINE('',#15255,#15256);
#15255 = CARTESIAN_POINT('',(193.,25.));
#15256 = VECTOR('',#15257,1.);
#15257 = DIRECTION('',(1.,0.));
#15258 = ( GEOMETRIC_REPRESENTATION_CONTEXT(2) 
PARAMETRIC_REPRESENTATION_CONTEXT() REPRESENTATION_CONTEXT('2D SPACE',''
  ) );
#15259 = PCURVE('',#15199,#15260);
#15260 = DEFINITIONAL_REPRESENTATION('',(#15261),#15265);
#15261 = LINE('',#15262,#15263);
#15262 = CARTESIAN_POINT('',(174.5,18.));
#15263 = VECTOR('',#15264,1.);
#15264 = DIRECTION('',(1.,0.));
#15265 = ( GEOMETRIC_REPRESENTATION_CONTEXT(2) 
PARAMETRIC_REPRESENTATION_CONTEXT() REPRESENTATION_CONTEXT('2D SPACE',''
  ) );
#15266 = ORIENTED_EDGE('',*,*,#15267,.T.);
#15267 = EDGE_CURVE('',#15245,#15268,#15270,.T.);
#15268 = VERTEX_POINT('',#15269);
#15269 = CARTESIAN_POINT('',(-1.3916E+03,3.5613E+03,2.583E+03));
#15270 = SURFACE_CURVE('',#15271,(#15275,#15282),.PCURVE_S1.);
#15271 = LINE('',#15272,#15273);
#15272 = CARTESIAN_POINT('',(-1.2606E+03,3.5613E+03,2.583E+03));
#15273 = VECTOR('',#15274,1.);
#15274 = DIRECTION('',(-1.,1.110223024625E-16,0.));
#15275 = PCURVE('',#15225,#15276);
#15276 = DEFINITIONAL_REPRESENTATION('',(#15277),#15281);
#15277 = LINE('',#15278,#15279);
#15278 = CARTESIAN_POINT('',(367.5,156.));
#15279 = VECTOR('',#15280,1.);
#15280 = DIRECTION('',(0.,1.));
#15281 = ( GEOMETRIC_REPRESENTATION_CONTEXT(2) 
PARAMETRIC_REPRESENTATION_CONTEXT() REPRESENTATION_CONTEXT('2D SPACE',''
  ) );
#15282 = PCURVE('',#15173,#15283);
#15283 = DEFINITIONAL_REPRESENTATION('',(#15284),#15288);
#15284 = LINE('',#15285,#15286);
#15285 = CARTESIAN_POINT('',(131.,18.));
#15286 = VECTOR('',#15287,1.);
#15287 = DIRECTION('',(1.,0.));
#15288 = ( GEOMETRIC_REPRESENTATION_CONTEXT(2) 
PARAMETRIC_REPRESENTATION_CONTEXT() REPRESENTATION_CONTEXT('2D SPACE',''
  ) );
#15289 = ORIENTED_EDGE('',*,*,#15290,.T.);
#15290 = EDGE_CURVE('',#15268,#15215,#15291,.T.);
#15291 = SURFACE_CURVE('',#15292,(#15296,#15303),.PCURVE_S1.);
#15292 = LINE('',#15293,#15294);
#15293 = CARTESIAN_POINT('',(-1.3916E+03,3.3868E+03,2.583E+03));
#15294 = VECTOR('',#15295,1.);
#15295 = DIRECTION('',(-1.110223024625E-16,-1.,0.));
#15296 = PCURVE('',#15225,#15297);
#15297 = DEFINITIONAL_REPRESENTATION('',(#15298),#15302);
#15298 = LINE('',#15299,#15300);
#15299 = CARTESIAN_POINT('',(193.,287.));
#15300 = VECTOR('',#15301,1.);
#15301 = DIRECTION('',(-1.,0.));
#15302 = ( GEOMETRIC_REPRESENTATION_CONTEXT(2) 
PARAMETRIC_REPRESENTATION_CONTEXT() REPRESENTATION_CONTEXT('2D SPACE',''
  ) );
#15303 = PCURVE('',#15145,#15304);
#15304 = DEFINITIONAL_REPRESENTATION('',(#15305),#15309);
#15305 = LINE('',#15306,#15307);
#15306 = CARTESIAN_POINT('',(174.5,18.));
#15307 = VECTOR('',#15308,1.);
#15308 = DIRECTION('',(1.,0.));
#15309 = ( GEOMETRIC_REPRESENTATION_CONTEXT(2) 
PARAMETRIC_REPRESENTATION_CONTEXT() REPRESENTATION_CONTEXT('2D SPACE',''
  ) );
#15310 = ADVANCED_FACE('',(#15311),#15117,.T.);
#15311 = FACE_BOUND('',#15312,.T.);
#15312 = EDGE_LOOP('',(#15313,#15334,#15335,#15356));
#15313 = ORIENTED_EDGE('',*,*,#15314,.F.);
#15314 = EDGE_CURVE('',#15095,#15215,#15315,.T.);
#15315 = SURFACE_CURVE('',#15316,(#15320,#15327),.PCURVE_S1.);
#15316 = LINE('',#15317,#15318);
#15317 = CARTESIAN_POINT('',(-1.3916E+03,3.2123E+03,2.574E+03));
#15318 = VECTOR('',#15319,1.);
#15319 = DIRECTION('',(0.,0.,1.));
#15320 = PCURVE('',#15117,#15321);
#15321 = DEFINITIONAL_REPRESENTATION('',(#15322),#15326);
#15322 = LINE('',#15323,#15324);
#15323 = CARTESIAN_POINT('',(0.,9.));
#15324 = VECTOR('',#15325,1.);
#15325 = DIRECTION('',(0.,1.));
#15326 = ( GEOMETRIC_REPRESENTATION_CONTEXT(2) 
PARAMETRIC_REPRESENTATION_CONTEXT() REPRESENTATION_CONTEXT('2D SPACE',''
  ) );
#15327 = PCURVE('',#15145,#15328);
#15328 = DEFINITIONAL_REPRESENTATION('',(#15329),#15333);
#15329 = LINE('',#15330,#15331);
#15330 = CARTESIAN_POINT('',(349.,9.));
#15331 = VECTOR('',#15332,1.);
#15332 = DIRECTION('',(0.,1.));
#15333 = ( GEOMETRIC_REPRESENTATION_CONTEXT(2) 
PARAMETRIC_REPRESENTATION_CONTEXT() REPRESENTATION_CONTEXT('2D SPACE',''
  ) );
#15334 = ORIENTED_EDGE('',*,*,#15094,.T.);
#15335 = ORIENTED_EDGE('',*,*,#15336,.T.);
#15336 = EDGE_CURVE('',#15097,#15217,#15337,.T.);
#15337 = SURFACE_CURVE('',#15338,(#15342,#15349),.PCURVE_S1.);
#15338 = LINE('',#15339,#15340);
#15339 = CARTESIAN_POINT('',(-1.1296E+03,3.2123E+03,2.574E+03));
#15340 = VECTOR('',#15341,1.);
#15341 = DIRECTION('',(0.,0.,1.));
#15342 = PCURVE('',#15117,#15343);
#15343 = DEFINITIONAL_REPRESENTATION('',(#15344),#15348);
#15344 = LINE('',#15345,#15346);
#15345 = CARTESIAN_POINT('',(262.,9.));
#15346 = VECTOR('',#15347,1.);
#15347 = DIRECTION('',(0.,1.));
#15348 = ( GEOMETRIC_REPRESENTATION_CONTEXT(2) 
PARAMETRIC_REPRESENTATION_CONTEXT() REPRESENTATION_CONTEXT('2D SPACE',''
  ) );
#15349 = PCURVE('',#15199,#15350);
#15350 = DEFINITIONAL_REPRESENTATION('',(#15351),#15355);
#15351 = LINE('',#15352,#15353);
#15352 = CARTESIAN_POINT('',(0.,9.));
#15353 = VECTOR('',#15354,1.);
#15354 = DIRECTION('',(0.,1.));
#15355 = ( GEOMETRIC_REPRESENTATION_CONTEXT(2) 
PARAMETRIC_REPRESENTATION_CONTEXT() REPRESENTATION_CONTEXT('2D SPACE',''
  ) );
#15356 = ORIENTED_EDGE('',*,*,#15214,.F.);
#15357 = ADVANCED_FACE('',(#15358),#15145,.T.);
#15358 = FACE_BOUND('',#15359,.T.);
#15359 = EDGE_LOOP('',(#15360,#15381,#15382,#15383));
#15360 = ORIENTED_EDGE('',*,*,#15361,.F.);
#15361 = EDGE_CURVE('',#15130,#15268,#15362,.T.);
#15362 = SURFACE_CURVE('',#15363,(#15367,#15374),.PCURVE_S1.);
#15363 = LINE('',#15364,#15365);
#15364 = CARTESIAN_POINT('',(-1.3916E+03,3.5613E+03,2.574E+03));
#15365 = VECTOR('',#15366,1.);
#15366 = DIRECTION('',(0.,0.,1.));
#15367 = PCURVE('',#15145,#15368);
#15368 = DEFINITIONAL_REPRESENTATION('',(#15369),#15373);
#15369 = LINE('',#15370,#15371);
#15370 = CARTESIAN_POINT('',(0.,9.));
#15371 = VECTOR('',#15372,1.);
#15372 = DIRECTION('',(0.,1.));
#15373 = ( GEOMETRIC_REPRESENTATION_CONTEXT(2) 
PARAMETRIC_REPRESENTATION_CONTEXT() REPRESENTATION_CONTEXT('2D SPACE',''
  ) );
#15374 = PCURVE('',#15173,#15375);
#15375 = DEFINITIONAL_REPRESENTATION('',(#15376),#15380);
#15376 = LINE('',#15377,#15378);
#15377 = CARTESIAN_POINT('',(262.,9.));
#15378 = VECTOR('',#15379,1.);
#15379 = DIRECTION('',(0.,1.));
#15380 = ( GEOMETRIC_REPRESENTATION_CONTEXT(2) 
PARAMETRIC_REPRESENTATION_CONTEXT() REPRESENTATION_CONTEXT('2D SPACE',''
  ) );
#15381 = ORIENTED_EDGE('',*,*,#15129,.T.);
#15382 = ORIENTED_EDGE('',*,*,#15314,.T.);
#15383 = ORIENTED_EDGE('',*,*,#15290,.F.);
#15384 = ADVANCED_FACE('',(#15385),#15173,.T.);
#15385 = FACE_BOUND('',#15386,.T.);
#15386 = EDGE_LOOP('',(#15387,#15408,#15409,#15410));
#15387 = ORIENTED_EDGE('',*,*,#15388,.F.);
#15388 = EDGE_CURVE('',#15158,#15245,#15389,.T.);
#15389 = SURFACE_CURVE('',#15390,(#15394,#15401),.PCURVE_S1.);
#15390 = LINE('',#15391,#15392);
#15391 = CARTESIAN_POINT('',(-1.1296E+03,3.5613E+03,2.574E+03));
#15392 = VECTOR('',#15393,1.);
#15393 = DIRECTION('',(0.,0.,1.));
#15394 = PCURVE('',#15173,#15395);
#15395 = DEFINITIONAL_REPRESENTATION('',(#15396),#15400);
#15396 = LINE('',#15397,#15398);
#15397 = CARTESIAN_POINT('',(0.,9.));
#15398 = VECTOR('',#15399,1.);
#15399 = DIRECTION('',(0.,1.));
#15400 = ( GEOMETRIC_REPRESENTATION_CONTEXT(2) 
PARAMETRIC_REPRESENTATION_CONTEXT() REPRESENTATION_CONTEXT('2D SPACE',''
  ) );
#15401 = PCURVE('',#15199,#15402);
#15402 = DEFINITIONAL_REPRESENTATION('',(#15403),#15407);
#15403 = LINE('',#15404,#15405);
#15404 = CARTESIAN_POINT('',(349.,9.));
#15405 = VECTOR('',#15406,1.);
#15406 = DIRECTION('',(0.,1.));
#15407 = ( GEOMETRIC_REPRESENTATION_CONTEXT(2) 
PARAMETRIC_REPRESENTATION_CONTEXT() REPRESENTATION_CONTEXT('2D SPACE',''
  ) );
#15408 = ORIENTED_EDGE('',*,*,#15157,.T.);
#15409 = ORIENTED_EDGE('',*,*,#15361,.T.);
#15410 = ORIENTED_EDGE('',*,*,#15267,.F.);
#15411 = ADVANCED_FACE('',(#15412),#15199,.T.);
#15412 = FACE_BOUND('',#15413,.T.);
#15413 = EDGE_LOOP('',(#15414,#15415,#15416,#15417));
#15414 = ORIENTED_EDGE('',*,*,#15336,.F.);
#15415 = ORIENTED_EDGE('',*,*,#15185,.T.);
#15416 = ORIENTED_EDGE('',*,*,#15388,.T.);
#15417 = ORIENTED_EDGE('',*,*,#15244,.F.);
#15418 = ( GEOMETRIC_REPRESENTATION_CONTEXT(3) 
GLOBAL_UNCERTAINTY_ASSIGNED_CONTEXT((#15422)) 
GLOBAL_UNIT_ASSIGNED_CONTEXT((#15419,#15420,#15421)) 
REPRESENTATION_CONTEXT('Context #1',
  '3D Context with UNIT and UNCERTAINTY') );
#15419 = ( LENGTH_UNIT() NAMED_UNIT(*) SI_UNIT(.MILLI.,.METRE.) );
#15420 = ( NAMED_UNIT(*) PLANE_ANGLE_UNIT() SI_UNIT($,.RADIAN.) );
#15421 = ( NAMED_UNIT(*) SI_UNIT($,.STERADIAN.) SOLID_ANGLE_UNIT() );
#15422 = UNCERTAINTY_MEASURE_WITH_UNIT(LENGTH_MEASURE(1.E-07),#15419,
  'distance_accuracy_value','confusion accuracy');
#15423 = CONTEXT_DEPENDENT_SHAPE_REPRESENTATION(#15424,#15426);
#15424 = ( REPRESENTATION_RELATIONSHIP('','',#15087,#10) 
REPRESENTATION_RELATIONSHIP_WITH_TRANSFORMATION(#15425) 
SHAPE_REPRESENTATION_RELATIONSHIP() );
#15425 = ITEM_DEFINED_TRANSFORMATION('','',#11,#171);
#15426 = PRODUCT_DEFINITION_SHAPE('Placement','Placement of an item',
  #15427);
#15427 = NEXT_ASSEMBLY_USAGE_OCCURRENCE('291','','',#5,#15082,$);
#15428 = PRODUCT_RELATED_PRODUCT_CATEGORY('part',$,(#15084));
#15429 = SHAPE_DEFINITION_REPRESENTATION(#15430,#15436);
#15430 = PRODUCT_DEFINITION_SHAPE('','',#15431);
#15431 = PRODUCT_DEFINITION('design','',#15432,#15435);
#15432 = PRODUCT_DEFINITION_FORMATION('','',#15433);
#15433 = PRODUCT('Open CASCADE STEP translator 7.9 4.41',
  'Open CASCADE STEP translator 7.9 4.41','',(#15434));
#15434 = PRODUCT_CONTEXT('',#2,'mechanical');
#15435 = PRODUCT_DEFINITION_CONTEXT('part definition',#2,'design');
#15436 = ADVANCED_BREP_SHAPE_REPRESENTATION('',(#11,#15437),#15767);
#15437 = MANIFOLD_SOLID_BREP('',#15438);
#15438 = CLOSED_SHELL('',(#15439,#15559,#15659,#15706,#15733,#15760));
#15439 = ADVANCED_FACE('',(#15440),#15454,.F.);
#15440 = FACE_BOUND('',#15441,.T.);
#15441 = EDGE_LOOP('',(#15442,#15477,#15505,#15533));
#15442 = ORIENTED_EDGE('',*,*,#15443,.F.);
#15443 = EDGE_CURVE('',#15444,#15446,#15448,.T.);
#15444 = VERTEX_POINT('',#15445);
#15445 = CARTESIAN_POINT('',(-1.3916E+03,3.2123E+03,2.565E+03));
#15446 = VERTEX_POINT('',#15447);
#15447 = CARTESIAN_POINT('',(-1.1296E+03,3.2123E+03,2.565E+03));
#15448 = SURFACE_CURVE('',#15449,(#15453,#15465),.PCURVE_S1.);
#15449 = LINE('',#15450,#15451);
#15450 = CARTESIAN_POINT('',(-1.2606E+03,3.2123E+03,2.565E+03));
#15451 = VECTOR('',#15452,1.);
#15452 = DIRECTION('',(1.,-1.110223024625E-16,0.));
#15453 = PCURVE('',#15454,#15459);
#15454 = PLANE('',#15455);
#15455 = AXIS2_PLACEMENT_3D('',#15456,#15457,#15458);
#15456 = CARTESIAN_POINT('',(-1.1046E+03,3.1938E+03,2.565E+03));
#15457 = DIRECTION('',(0.,0.,1.));
#15458 = DIRECTION('',(1.110223024625E-16,1.,0.));
#15459 = DEFINITIONAL_REPRESENTATION('',(#15460),#15464);
#15460 = LINE('',#15461,#15462);
#15461 = CARTESIAN_POINT('',(18.5,156.));
#15462 = VECTOR('',#15463,1.);
#15463 = DIRECTION('',(0.,-1.));
#15464 = ( GEOMETRIC_REPRESENTATION_CONTEXT(2) 
PARAMETRIC_REPRESENTATION_CONTEXT() REPRESENTATION_CONTEXT('2D SPACE',''
  ) );
#15465 = PCURVE('',#15466,#15471);
#15466 = PLANE('',#15467);
#15467 = AXIS2_PLACEMENT_3D('',#15468,#15469,#15470);
#15468 = CARTESIAN_POINT('',(-1.3916E+03,3.2123E+03,2.565E+03));
#15469 = DIRECTION('',(-1.110223024625E-16,-1.,0.));
#15470 = DIRECTION('',(1.,-1.110223024625E-16,0.));
#15471 = DEFINITIONAL_REPRESENTATION('',(#15472),#15476);
#15472 = LINE('',#15473,#15474);
#15473 = CARTESIAN_POINT('',(131.,0.));
#15474 = VECTOR('',#15475,1.);
#15475 = DIRECTION('',(1.,0.));
#15476 = ( GEOMETRIC_REPRESENTATION_CONTEXT(2) 
PARAMETRIC_REPRESENTATION_CONTEXT() REPRESENTATION_CONTEXT('2D SPACE',''
  ) );
#15477 = ORIENTED_EDGE('',*,*,#15478,.F.);
#15478 = EDGE_CURVE('',#15479,#15444,#15481,.T.);
#15479 = VERTEX_POINT('',#15480);
#15480 = CARTESIAN_POINT('',(-1.3916E+03,3.5613E+03,2.565E+03));
#15481 = SURFACE_CURVE('',#15482,(#15486,#15493),.PCURVE_S1.);
#15482 = LINE('',#15483,#15484);
#15483 = CARTESIAN_POINT('',(-1.3916E+03,3.3868E+03,2.565E+03));
#15484 = VECTOR('',#15485,1.);
#15485 = DIRECTION('',(-1.110223024625E-16,-1.,0.));
#15486 = PCURVE('',#15454,#15487);
#15487 = DEFINITIONAL_REPRESENTATION('',(#15488),#15492);
#15488 = LINE('',#15489,#15490);
#15489 = CARTESIAN_POINT('',(193.,287.));
#15490 = VECTOR('',#15491,1.);
#15491 = DIRECTION('',(-1.,0.));
#15492 = ( GEOMETRIC_REPRESENTATION_CONTEXT(2) 
PARAMETRIC_REPRESENTATION_CONTEXT() REPRESENTATION_CONTEXT('2D SPACE',''
  ) );
#15493 = PCURVE('',#15494,#15499);
#15494 = PLANE('',#15495);
#15495 = AXIS2_PLACEMENT_3D('',#15496,#15497,#15498);
#15496 = CARTESIAN_POINT('',(-1.3916E+03,3.5613E+03,2.565E+03));
#15497 = DIRECTION('',(-1.,1.110223024625E-16,0.));
#15498 = DIRECTION('',(-1.110223024625E-16,-1.,0.));
#15499 = DEFINITIONAL_REPRESENTATION('',(#15500),#15504);
#15500 = LINE('',#15501,#15502);
#15501 = CARTESIAN_POINT('',(174.5,0.));
#15502 = VECTOR('',#15503,1.);
#15503 = DIRECTION('',(1.,0.));
#15504 = ( GEOMETRIC_REPRESENTATION_CONTEXT(2) 
PARAMETRIC_REPRESENTATION_CONTEXT() REPRESENTATION_CONTEXT('2D SPACE',''
  ) );
#15505 = ORIENTED_EDGE('',*,*,#15506,.F.);
#15506 = EDGE_CURVE('',#15507,#15479,#15509,.T.);
#15507 = VERTEX_POINT('',#15508);
#15508 = CARTESIAN_POINT('',(-1.1296E+03,3.5613E+03,2.565E+03));
#15509 = SURFACE_CURVE('',#15510,(#15514,#15521),.PCURVE_S1.);
#15510 = LINE('',#15511,#15512);
#15511 = CARTESIAN_POINT('',(-1.2606E+03,3.5613E+03,2.565E+03));
#15512 = VECTOR('',#15513,1.);
#15513 = DIRECTION('',(-1.,1.110223024625E-16,0.));
#15514 = PCURVE('',#15454,#15515);
#15515 = DEFINITIONAL_REPRESENTATION('',(#15516),#15520);
#15516 = LINE('',#15517,#15518);
#15517 = CARTESIAN_POINT('',(367.5,156.));
#15518 = VECTOR('',#15519,1.);
#15519 = DIRECTION('',(0.,1.));
#15520 = ( GEOMETRIC_REPRESENTATION_CONTEXT(2) 
PARAMETRIC_REPRESENTATION_CONTEXT() REPRESENTATION_CONTEXT('2D SPACE',''
  ) );
#15521 = PCURVE('',#15522,#15527);
#15522 = PLANE('',#15523);
#15523 = AXIS2_PLACEMENT_3D('',#15524,#15525,#15526);
#15524 = CARTESIAN_POINT('',(-1.1296E+03,3.5613E+03,2.565E+03));
#15525 = DIRECTION('',(1.110223024625E-16,1.,0.));
#15526 = DIRECTION('',(-1.,1.110223024625E-16,0.));
#15527 = DEFINITIONAL_REPRESENTATION('',(#15528),#15532);
#15528 = LINE('',#15529,#15530);
#15529 = CARTESIAN_POINT('',(131.,0.));
#15530 = VECTOR('',#15531,1.);
#15531 = DIRECTION('',(1.,0.));
#15532 = ( GEOMETRIC_REPRESENTATION_CONTEXT(2) 
PARAMETRIC_REPRESENTATION_CONTEXT() REPRESENTATION_CONTEXT('2D SPACE',''
  ) );
#15533 = ORIENTED_EDGE('',*,*,#15534,.F.);
#15534 = EDGE_CURVE('',#15446,#15507,#15535,.T.);
#15535 = SURFACE_CURVE('',#15536,(#15540,#15547),.PCURVE_S1.);
#15536 = LINE('',#15537,#15538);
#15537 = CARTESIAN_POINT('',(-1.1296E+03,3.3868E+03,2.565E+03));
#15538 = VECTOR('',#15539,1.);
#15539 = DIRECTION('',(1.110223024625E-16,1.,0.));
#15540 = PCURVE('',#15454,#15541);
#15541 = DEFINITIONAL_REPRESENTATION('',(#15542),#15546);
#15542 = LINE('',#15543,#15544);
#15543 = CARTESIAN_POINT('',(193.,25.));
#15544 = VECTOR('',#15545,1.);
#15545 = DIRECTION('',(1.,0.));
#15546 = ( GEOMETRIC_REPRESENTATION_CONTEXT(2) 
PARAMETRIC_REPRESENTATION_CONTEXT() REPRESENTATION_CONTEXT('2D SPACE',''
  ) );
#15547 = PCURVE('',#15548,#15553);
#15548 = PLANE('',#15549);
#15549 = AXIS2_PLACEMENT_3D('',#15550,#15551,#15552);
#15550 = CARTESIAN_POINT('',(-1.1296E+03,3.2123E+03,2.565E+03));
#15551 = DIRECTION('',(1.,-1.110223024625E-16,0.));
#15552 = DIRECTION('',(1.110223024625E-16,1.,0.));
#15553 = DEFINITIONAL_REPRESENTATION('',(#15554),#15558);
#15554 = LINE('',#15555,#15556);
#15555 = CARTESIAN_POINT('',(174.5,0.));
#15556 = VECTOR('',#15557,1.);
#15557 = DIRECTION('',(1.,0.));
#15558 = ( GEOMETRIC_REPRESENTATION_CONTEXT(2) 
PARAMETRIC_REPRESENTATION_CONTEXT() REPRESENTATION_CONTEXT('2D SPACE',''
  ) );
#15559 = ADVANCED_FACE('',(#15560),#15574,.T.);
#15560 = FACE_BOUND('',#15561,.T.);
#15561 = EDGE_LOOP('',(#15562,#15592,#15615,#15638));
#15562 = ORIENTED_EDGE('',*,*,#15563,.T.);
#15563 = EDGE_CURVE('',#15564,#15566,#15568,.T.);
#15564 = VERTEX_POINT('',#15565);
#15565 = CARTESIAN_POINT('',(-1.3916E+03,3.2123E+03,2.583E+03));
#15566 = VERTEX_POINT('',#15567);
#15567 = CARTESIAN_POINT('',(-1.1296E+03,3.2123E+03,2.583E+03));
#15568 = SURFACE_CURVE('',#15569,(#15573,#15585),.PCURVE_S1.);
#15569 = LINE('',#15570,#15571);
#15570 = CARTESIAN_POINT('',(-1.2606E+03,3.2123E+03,2.583E+03));
#15571 = VECTOR('',#15572,1.);
#15572 = DIRECTION('',(1.,-1.110223024625E-16,0.));
#15573 = PCURVE('',#15574,#15579);
#15574 = PLANE('',#15575);
#15575 = AXIS2_PLACEMENT_3D('',#15576,#15577,#15578);
#15576 = CARTESIAN_POINT('',(-1.1046E+03,3.1938E+03,2.583E+03));
#15577 = DIRECTION('',(0.,0.,1.));
#15578 = DIRECTION('',(1.110223024625E-16,1.,0.));
#15579 = DEFINITIONAL_REPRESENTATION('',(#15580),#15584);
#15580 = LINE('',#15581,#15582);
#15581 = CARTESIAN_POINT('',(18.5,156.));
#15582 = VECTOR('',#15583,1.);
#15583 = DIRECTION('',(0.,-1.));
#15584 = ( GEOMETRIC_REPRESENTATION_CONTEXT(2) 
PARAMETRIC_REPRESENTATION_CONTEXT() REPRESENTATION_CONTEXT('2D SPACE',''
  ) );
#15585 = PCURVE('',#15466,#15586);
#15586 = DEFINITIONAL_REPRESENTATION('',(#15587),#15591);
#15587 = LINE('',#15588,#15589);
#15588 = CARTESIAN_POINT('',(131.,18.));
#15589 = VECTOR('',#15590,1.);
#15590 = DIRECTION('',(1.,0.));
#15591 = ( GEOMETRIC_REPRESENTATION_CONTEXT(2) 
PARAMETRIC_REPRESENTATION_CONTEXT() REPRESENTATION_CONTEXT('2D SPACE',''
  ) );
#15592 = ORIENTED_EDGE('',*,*,#15593,.T.);
#15593 = EDGE_CURVE('',#15566,#15594,#15596,.T.);
#15594 = VERTEX_POINT('',#15595);
#15595 = CARTESIAN_POINT('',(-1.1296E+03,3.5613E+03,2.583E+03));
#15596 = SURFACE_CURVE('',#15597,(#15601,#15608),.PCURVE_S1.);
#15597 = LINE('',#15598,#15599);
#15598 = CARTESIAN_POINT('',(-1.1296E+03,3.3868E+03,2.583E+03));
#15599 = VECTOR('',#15600,1.);
#15600 = DIRECTION('',(1.110223024625E-16,1.,0.));
#15601 = PCURVE('',#15574,#15602);
#15602 = DEFINITIONAL_REPRESENTATION('',(#15603),#15607);
#15603 = LINE('',#15604,#15605);
#15604 = CARTESIAN_POINT('',(193.,25.));
#15605 = VECTOR('',#15606,1.);
#15606 = DIRECTION('',(1.,0.));
#15607 = ( GEOMETRIC_REPRESENTATION_CONTEXT(2) 
PARAMETRIC_REPRESENTATION_CONTEXT() REPRESENTATION_CONTEXT('2D SPACE',''
  ) );
#15608 = PCURVE('',#15548,#15609);
#15609 = DEFINITIONAL_REPRESENTATION('',(#15610),#15614);
#15610 = LINE('',#15611,#15612);
#15611 = CARTESIAN_POINT('',(174.5,18.));
#15612 = VECTOR('',#15613,1.);
#15613 = DIRECTION('',(1.,0.));
#15614 = ( GEOMETRIC_REPRESENTATION_CONTEXT(2) 
PARAMETRIC_REPRESENTATION_CONTEXT() REPRESENTATION_CONTEXT('2D SPACE',''
  ) );
#15615 = ORIENTED_EDGE('',*,*,#15616,.T.);
#15616 = EDGE_CURVE('',#15594,#15617,#15619,.T.);
#15617 = VERTEX_POINT('',#15618);
#15618 = CARTESIAN_POINT('',(-1.3916E+03,3.5613E+03,2.583E+03));
#15619 = SURFACE_CURVE('',#15620,(#15624,#15631),.PCURVE_S1.);
#15620 = LINE('',#15621,#15622);
#15621 = CARTESIAN_POINT('',(-1.2606E+03,3.5613E+03,2.583E+03));
#15622 = VECTOR('',#15623,1.);
#15623 = DIRECTION('',(-1.,1.110223024625E-16,0.));
#15624 = PCURVE('',#15574,#15625);
#15625 = DEFINITIONAL_REPRESENTATION('',(#15626),#15630);
#15626 = LINE('',#15627,#15628);
#15627 = CARTESIAN_POINT('',(367.5,156.));
#15628 = VECTOR('',#15629,1.);
#15629 = DIRECTION('',(0.,1.));
#15630 = ( GEOMETRIC_REPRESENTATION_CONTEXT(2) 
PARAMETRIC_REPRESENTATION_CONTEXT() REPRESENTATION_CONTEXT('2D SPACE',''
  ) );
#15631 = PCURVE('',#15522,#15632);
#15632 = DEFINITIONAL_REPRESENTATION('',(#15633),#15637);
#15633 = LINE('',#15634,#15635);
#15634 = CARTESIAN_POINT('',(131.,18.));
#15635 = VECTOR('',#15636,1.);
#15636 = DIRECTION('',(1.,0.));
#15637 = ( GEOMETRIC_REPRESENTATION_CONTEXT(2) 
PARAMETRIC_REPRESENTATION_CONTEXT() REPRESENTATION_CONTEXT('2D SPACE',''
  ) );
#15638 = ORIENTED_EDGE('',*,*,#15639,.T.);
#15639 = EDGE_CURVE('',#15617,#15564,#15640,.T.);
#15640 = SURFACE_CURVE('',#15641,(#15645,#15652),.PCURVE_S1.);
#15641 = LINE('',#15642,#15643);
#15642 = CARTESIAN_POINT('',(-1.3916E+03,3.3868E+03,2.583E+03));
#15643 = VECTOR('',#15644,1.);
#15644 = DIRECTION('',(-1.110223024625E-16,-1.,0.));
#15645 = PCURVE('',#15574,#15646);
#15646 = DEFINITIONAL_REPRESENTATION('',(#15647),#15651);
#15647 = LINE('',#15648,#15649);
#15648 = CARTESIAN_POINT('',(193.,287.));
#15649 = VECTOR('',#15650,1.);
#15650 = DIRECTION('',(-1.,0.));
#15651 = ( GEOMETRIC_REPRESENTATION_CONTEXT(2) 
PARAMETRIC_REPRESENTATION_CONTEXT() REPRESENTATION_CONTEXT('2D SPACE',''
  ) );
#15652 = PCURVE('',#15494,#15653);
#15653 = DEFINITIONAL_REPRESENTATION('',(#15654),#15658);
#15654 = LINE('',#15655,#15656);
#15655 = CARTESIAN_POINT('',(174.5,18.));
#15656 = VECTOR('',#15657,1.);
#15657 = DIRECTION('',(1.,0.));
#15658 = ( GEOMETRIC_REPRESENTATION_CONTEXT(2) 
PARAMETRIC_REPRESENTATION_CONTEXT() REPRESENTATION_CONTEXT('2D SPACE',''
  ) );
#15659 = ADVANCED_FACE('',(#15660),#15466,.T.);
#15660 = FACE_BOUND('',#15661,.T.);
#15661 = EDGE_LOOP('',(#15662,#15683,#15684,#15705));
#15662 = ORIENTED_EDGE('',*,*,#15663,.F.);
#15663 = EDGE_CURVE('',#15444,#15564,#15664,.T.);
#15664 = SURFACE_CURVE('',#15665,(#15669,#15676),.PCURVE_S1.);
#15665 = LINE('',#15666,#15667);
#15666 = CARTESIAN_POINT('',(-1.3916E+03,3.2123E+03,2.574E+03));
#15667 = VECTOR('',#15668,1.);
#15668 = DIRECTION('',(0.,0.,1.));
#15669 = PCURVE('',#15466,#15670);
#15670 = DEFINITIONAL_REPRESENTATION('',(#15671),#15675);
#15671 = LINE('',#15672,#15673);
#15672 = CARTESIAN_POINT('',(0.,9.));
#15673 = VECTOR('',#15674,1.);
#15674 = DIRECTION('',(0.,1.));
#15675 = ( GEOMETRIC_REPRESENTATION_CONTEXT(2) 
PARAMETRIC_REPRESENTATION_CONTEXT() REPRESENTATION_CONTEXT('2D SPACE',''
  ) );
#15676 = PCURVE('',#15494,#15677);
#15677 = DEFINITIONAL_REPRESENTATION('',(#15678),#15682);
#15678 = LINE('',#15679,#15680);
#15679 = CARTESIAN_POINT('',(349.,9.));
#15680 = VECTOR('',#15681,1.);
#15681 = DIRECTION('',(0.,1.));
#15682 = ( GEOMETRIC_REPRESENTATION_CONTEXT(2) 
PARAMETRIC_REPRESENTATION_CONTEXT() REPRESENTATION_CONTEXT('2D SPACE',''
  ) );
#15683 = ORIENTED_EDGE('',*,*,#15443,.T.);
#15684 = ORIENTED_EDGE('',*,*,#15685,.T.);
#15685 = EDGE_CURVE('',#15446,#15566,#15686,.T.);
#15686 = SURFACE_CURVE('',#15687,(#15691,#15698),.PCURVE_S1.);
#15687 = LINE('',#15688,#15689);
#15688 = CARTESIAN_POINT('',(-1.1296E+03,3.2123E+03,2.574E+03));
#15689 = VECTOR('',#15690,1.);
#15690 = DIRECTION('',(0.,0.,1.));
#15691 = PCURVE('',#15466,#15692);
#15692 = DEFINITIONAL_REPRESENTATION('',(#15693),#15697);
#15693 = LINE('',#15694,#15695);
#15694 = CARTESIAN_POINT('',(262.,9.));
#15695 = VECTOR('',#15696,1.);
#15696 = DIRECTION('',(0.,1.));
#15697 = ( GEOMETRIC_REPRESENTATION_CONTEXT(2) 
PARAMETRIC_REPRESENTATION_CONTEXT() REPRESENTATION_CONTEXT('2D SPACE',''
  ) );
#15698 = PCURVE('',#15548,#15699);
#15699 = DEFINITIONAL_REPRESENTATION('',(#15700),#15704);
#15700 = LINE('',#15701,#15702);
#15701 = CARTESIAN_POINT('',(0.,9.));
#15702 = VECTOR('',#15703,1.);
#15703 = DIRECTION('',(0.,1.));
#15704 = ( GEOMETRIC_REPRESENTATION_CONTEXT(2) 
PARAMETRIC_REPRESENTATION_CONTEXT() REPRESENTATION_CONTEXT('2D SPACE',''
  ) );
#15705 = ORIENTED_EDGE('',*,*,#15563,.F.);
#15706 = ADVANCED_FACE('',(#15707),#15494,.T.);
#15707 = FACE_BOUND('',#15708,.T.);
#15708 = EDGE_LOOP('',(#15709,#15730,#15731,#15732));
#15709 = ORIENTED_EDGE('',*,*,#15710,.F.);
#15710 = EDGE_CURVE('',#15479,#15617,#15711,.T.);
#15711 = SURFACE_CURVE('',#15712,(#15716,#15723),.PCURVE_S1.);
#15712 = LINE('',#15713,#15714);
#15713 = CARTESIAN_POINT('',(-1.3916E+03,3.5613E+03,2.574E+03));
#15714 = VECTOR('',#15715,1.);
#15715 = DIRECTION('',(0.,0.,1.));
#15716 = PCURVE('',#15494,#15717);
#15717 = DEFINITIONAL_REPRESENTATION('',(#15718),#15722);
#15718 = LINE('',#15719,#15720);
#15719 = CARTESIAN_POINT('',(0.,9.));
#15720 = VECTOR('',#15721,1.);
#15721 = DIRECTION('',(0.,1.));
#15722 = ( GEOMETRIC_REPRESENTATION_CONTEXT(2) 
PARAMETRIC_REPRESENTATION_CONTEXT() REPRESENTATION_CONTEXT('2D SPACE',''
  ) );
#15723 = PCURVE('',#15522,#15724);
#15724 = DEFINITIONAL_REPRESENTATION('',(#15725),#15729);
#15725 = LINE('',#15726,#15727);
#15726 = CARTESIAN_POINT('',(262.,9.));
#15727 = VECTOR('',#15728,1.);
#15728 = DIRECTION('',(0.,1.));
#15729 = ( GEOMETRIC_REPRESENTATION_CONTEXT(2) 
PARAMETRIC_REPRESENTATION_CONTEXT() REPRESENTATION_CONTEXT('2D SPACE',''
  ) );
#15730 = ORIENTED_EDGE('',*,*,#15478,.T.);
#15731 = ORIENTED_EDGE('',*,*,#15663,.T.);
#15732 = ORIENTED_EDGE('',*,*,#15639,.F.);
#15733 = ADVANCED_FACE('',(#15734),#15522,.T.);
#15734 = FACE_BOUND('',#15735,.T.);
#15735 = EDGE_LOOP('',(#15736,#15757,#15758,#15759));
#15736 = ORIENTED_EDGE('',*,*,#15737,.F.);
#15737 = EDGE_CURVE('',#15507,#15594,#15738,.T.);
#15738 = SURFACE_CURVE('',#15739,(#15743,#15750),.PCURVE_S1.);
#15739 = LINE('',#15740,#15741);
#15740 = CARTESIAN_POINT('',(-1.1296E+03,3.5613E+03,2.574E+03));
#15741 = VECTOR('',#15742,1.);
#15742 = DIRECTION('',(0.,0.,1.));
#15743 = PCURVE('',#15522,#15744);
#15744 = DEFINITIONAL_REPRESENTATION('',(#15745),#15749);
#15745 = LINE('',#15746,#15747);
#15746 = CARTESIAN_POINT('',(0.,9.));
#15747 = VECTOR('',#15748,1.);
#15748 = DIRECTION('',(0.,1.));
#15749 = ( GEOMETRIC_REPRESENTATION_CONTEXT(2) 
PARAMETRIC_REPRESENTATION_CONTEXT() REPRESENTATION_CONTEXT('2D SPACE',''
  ) );
#15750 = PCURVE('',#15548,#15751);
#15751 = DEFINITIONAL_REPRESENTATION('',(#15752),#15756);
#15752 = LINE('',#15753,#15754);
#15753 = CARTESIAN_POINT('',(349.,9.));
#15754 = VECTOR('',#15755,1.);
#15755 = DIRECTION('',(0.,1.));
#15756 = ( GEOMETRIC_REPRESENTATION_CONTEXT(2) 
PARAMETRIC_REPRESENTATION_CONTEXT() REPRESENTATION_CONTEXT('2D SPACE',''
  ) );
#15757 = ORIENTED_EDGE('',*,*,#15506,.T.);
#15758 = ORIENTED_EDGE('',*,*,#15710,.T.);
#15759 = ORIENTED_EDGE('',*,*,#15616,.F.);
#15760 = ADVANCED_FACE('',(#15761),#15548,.T.);
#15761 = FACE_BOUND('',#15762,.T.);
#15762 = EDGE_LOOP('',(#15763,#15764,#15765,#15766));
#15763 = ORIENTED_EDGE('',*,*,#15685,.F.);
#15764 = ORIENTED_EDGE('',*,*,#15534,.T.);
#15765 = ORIENTED_EDGE('',*,*,#15737,.T.);
#15766 = ORIENTED_EDGE('',*,*,#15593,.F.);
#15767 = ( GEOMETRIC_REPRESENTATION_CONTEXT(3) 
GLOBAL_UNCERTAINTY_ASSIGNED_CONTEXT((#15771)) 
GLOBAL_UNIT_ASSIGNED_CONTEXT((#15768,#15769,#15770)) 
REPRESENTATION_CONTEXT('Context #1',
  '3D Context with UNIT and UNCERTAINTY') );
#15768 = ( LENGTH_UNIT() NAMED_UNIT(*) SI_UNIT(.MILLI.,.METRE.) );
#15769 = ( NAMED_UNIT(*) PLANE_ANGLE_UNIT() SI_UNIT($,.RADIAN.) );
#15770 = ( NAMED_UNIT(*) SI_UNIT($,.STERADIAN.) SOLID_ANGLE_UNIT() );
#15771 = UNCERTAINTY_MEASURE_WITH_UNIT(LENGTH_MEASURE(1.E-07),#15768,
  'distance_accuracy_value','confusion accuracy');
#15772 = CONTEXT_DEPENDENT_SHAPE_REPRESENTATION(#15773,#15775);
#15773 = ( REPRESENTATION_RELATIONSHIP('','',#15436,#10) 
REPRESENTATION_RELATIONSHIP_WITH_TRANSFORMATION(#15774) 
SHAPE_REPRESENTATION_RELATIONSHIP() );
#15774 = ITEM_DEFINED_TRANSFORMATION('','',#11,#175);
#15775 = PRODUCT_DEFINITION_SHAPE('Placement','Placement of an item',
  #15776);
#15776 = NEXT_ASSEMBLY_USAGE_OCCURRENCE('292','','',#5,#15431,$);
#15777 = PRODUCT_RELATED_PRODUCT_CATEGORY('part',$,(#15433));
#15778 = SHAPE_DEFINITION_REPRESENTATION(#15779,#15785);
#15779 = PRODUCT_DEFINITION_SHAPE('','',#15780);
#15780 = PRODUCT_DEFINITION('design','',#15781,#15784);
#15781 = PRODUCT_DEFINITION_FORMATION('','',#15782);
#15782 = PRODUCT('Open CASCADE STEP translator 7.9 4.42',
  'Open CASCADE STEP translator 7.9 4.42','',(#15783));
#15783 = PRODUCT_CONTEXT('',#2,'mechanical');
#15784 = PRODUCT_DEFINITION_CONTEXT('part definition',#2,'design');
#15785 = ADVANCED_BREP_SHAPE_REPRESENTATION('',(#11,#15786),#16116);
#15786 = MANIFOLD_SOLID_BREP('',#15787);
#15787 = CLOSED_SHELL('',(#15788,#15908,#16008,#16055,#16082,#16109));
#15788 = ADVANCED_FACE('',(#15789),#15803,.F.);
#15789 = FACE_BOUND('',#15790,.T.);
#15790 = EDGE_LOOP('',(#15791,#15826,#15854,#15882));
#15791 = ORIENTED_EDGE('',*,*,#15792,.F.);
#15792 = EDGE_CURVE('',#15793,#15795,#15797,.T.);
#15793 = VERTEX_POINT('',#15794);
#15794 = CARTESIAN_POINT('',(-1.3916E+03,3.2123E+03,2.565E+03));
#15795 = VERTEX_POINT('',#15796);
#15796 = CARTESIAN_POINT('',(-1.1296E+03,3.2123E+03,2.565E+03));
#15797 = SURFACE_CURVE('',#15798,(#15802,#15814),.PCURVE_S1.);
#15798 = LINE('',#15799,#15800);
#15799 = CARTESIAN_POINT('',(-1.2606E+03,3.2123E+03,2.565E+03));
#15800 = VECTOR('',#15801,1.);
#15801 = DIRECTION('',(1.,-1.110223024625E-16,0.));
#15802 = PCURVE('',#15803,#15808);
#15803 = PLANE('',#15804);
#15804 = AXIS2_PLACEMENT_3D('',#15805,#15806,#15807);
#15805 = CARTESIAN_POINT('',(-1.1046E+03,3.1938E+03,2.565E+03));
#15806 = DIRECTION('',(0.,0.,1.));
#15807 = DIRECTION('',(1.110223024625E-16,1.,0.));
#15808 = DEFINITIONAL_REPRESENTATION('',(#15809),#15813);
#15809 = LINE('',#15810,#15811);
#15810 = CARTESIAN_POINT('',(18.5,156.));
#15811 = VECTOR('',#15812,1.);
#15812 = DIRECTION('',(0.,-1.));
#15813 = ( GEOMETRIC_REPRESENTATION_CONTEXT(2) 
PARAMETRIC_REPRESENTATION_CONTEXT() REPRESENTATION_CONTEXT('2D SPACE',''
  ) );
#15814 = PCURVE('',#15815,#15820);
#15815 = PLANE('',#15816);
#15816 = AXIS2_PLACEMENT_3D('',#15817,#15818,#15819);
#15817 = CARTESIAN_POINT('',(-1.3916E+03,3.2123E+03,2.565E+03));
#15818 = DIRECTION('',(-1.110223024625E-16,-1.,0.));
#15819 = DIRECTION('',(1.,-1.110223024625E-16,0.));
#15820 = DEFINITIONAL_REPRESENTATION('',(#15821),#15825);
#15821 = LINE('',#15822,#15823);
#15822 = CARTESIAN_POINT('',(131.,0.));
#15823 = VECTOR('',#15824,1.);
#15824 = DIRECTION('',(1.,0.));
#15825 = ( GEOMETRIC_REPRESENTATION_CONTEXT(2) 
PARAMETRIC_REPRESENTATION_CONTEXT() REPRESENTATION_CONTEXT('2D SPACE',''
  ) );
#15826 = ORIENTED_EDGE('',*,*,#15827,.F.);
#15827 = EDGE_CURVE('',#15828,#15793,#15830,.T.);
#15828 = VERTEX_POINT('',#15829);
#15829 = CARTESIAN_POINT('',(-1.3916E+03,3.5613E+03,2.565E+03));
#15830 = SURFACE_CURVE('',#15831,(#15835,#15842),.PCURVE_S1.);
#15831 = LINE('',#15832,#15833);
#15832 = CARTESIAN_POINT('',(-1.3916E+03,3.3868E+03,2.565E+03));
#15833 = VECTOR('',#15834,1.);
#15834 = DIRECTION('',(-1.110223024625E-16,-1.,0.));
#15835 = PCURVE('',#15803,#15836);
#15836 = DEFINITIONAL_REPRESENTATION('',(#15837),#15841);
#15837 = LINE('',#15838,#15839);
#15838 = CARTESIAN_POINT('',(193.,287.));
#15839 = VECTOR('',#15840,1.);
#15840 = DIRECTION('',(-1.,0.));
#15841 = ( GEOMETRIC_REPRESENTATION_CONTEXT(2) 
PARAMETRIC_REPRESENTATION_CONTEXT() REPRESENTATION_CONTEXT('2D SPACE',''
  ) );
#15842 = PCURVE('',#15843,#15848);
#15843 = PLANE('',#15844);
#15844 = AXIS2_PLACEMENT_3D('',#15845,#15846,#15847);
#15845 = CARTESIAN_POINT('',(-1.3916E+03,3.5613E+03,2.565E+03));
#15846 = DIRECTION('',(-1.,1.110223024625E-16,0.));
#15847 = DIRECTION('',(-1.110223024625E-16,-1.,0.));
#15848 = DEFINITIONAL_REPRESENTATION('',(#15849),#15853);
#15849 = LINE('',#15850,#15851);
#15850 = CARTESIAN_POINT('',(174.5,0.));
#15851 = VECTOR('',#15852,1.);
#15852 = DIRECTION('',(1.,0.));
#15853 = ( GEOMETRIC_REPRESENTATION_CONTEXT(2) 
PARAMETRIC_REPRESENTATION_CONTEXT() REPRESENTATION_CONTEXT('2D SPACE',''
  ) );
#15854 = ORIENTED_EDGE('',*,*,#15855,.F.);
#15855 = EDGE_CURVE('',#15856,#15828,#15858,.T.);
#15856 = VERTEX_POINT('',#15857);
#15857 = CARTESIAN_POINT('',(-1.1296E+03,3.5613E+03,2.565E+03));
#15858 = SURFACE_CURVE('',#15859,(#15863,#15870),.PCURVE_S1.);
#15859 = LINE('',#15860,#15861);
#15860 = CARTESIAN_POINT('',(-1.2606E+03,3.5613E+03,2.565E+03));
#15861 = VECTOR('',#15862,1.);
#15862 = DIRECTION('',(-1.,1.110223024625E-16,0.));
#15863 = PCURVE('',#15803,#15864);
#15864 = DEFINITIONAL_REPRESENTATION('',(#15865),#15869);
#15865 = LINE('',#15866,#15867);
#15866 = CARTESIAN_POINT('',(367.5,156.));
#15867 = VECTOR('',#15868,1.);
#15868 = DIRECTION('',(0.,1.));
#15869 = ( GEOMETRIC_REPRESENTATION_CONTEXT(2) 
PARAMETRIC_REPRESENTATION_CONTEXT() REPRESENTATION_CONTEXT('2D SPACE',''
  ) );
#15870 = PCURVE('',#15871,#15876);
#15871 = PLANE('',#15872);
#15872 = AXIS2_PLACEMENT_3D('',#15873,#15874,#15875);
#15873 = CARTESIAN_POINT('',(-1.1296E+03,3.5613E+03,2.565E+03));
#15874 = DIRECTION('',(1.110223024625E-16,1.,0.));
#15875 = DIRECTION('',(-1.,1.110223024625E-16,0.));
#15876 = DEFINITIONAL_REPRESENTATION('',(#15877),#15881);
#15877 = LINE('',#15878,#15879);
#15878 = CARTESIAN_POINT('',(131.,0.));
#15879 = VECTOR('',#15880,1.);
#15880 = DIRECTION('',(1.,0.));
#15881 = ( GEOMETRIC_REPRESENTATION_CONTEXT(2) 
PARAMETRIC_REPRESENTATION_CONTEXT() REPRESENTATION_CONTEXT('2D SPACE',''
  ) );
#15882 = ORIENTED_EDGE('',*,*,#15883,.F.);
#15883 = EDGE_CURVE('',#15795,#15856,#15884,.T.);
#15884 = SURFACE_CURVE('',#15885,(#15889,#15896),.PCURVE_S1.);
#15885 = LINE('',#15886,#15887);
#15886 = CARTESIAN_POINT('',(-1.1296E+03,3.3868E+03,2.565E+03));
#15887 = VECTOR('',#15888,1.);
#15888 = DIRECTION('',(1.110223024625E-16,1.,0.));
#15889 = PCURVE('',#15803,#15890);
#15890 = DEFINITIONAL_REPRESENTATION('',(#15891),#15895);
#15891 = LINE('',#15892,#15893);
#15892 = CARTESIAN_POINT('',(193.,25.));
#15893 = VECTOR('',#15894,1.);
#15894 = DIRECTION('',(1.,0.));
#15895 = ( GEOMETRIC_REPRESENTATION_CONTEXT(2) 
PARAMETRIC_REPRESENTATION_CONTEXT() REPRESENTATION_CONTEXT('2D SPACE',''
  ) );
#15896 = PCURVE('',#15897,#15902);
#15897 = PLANE('',#15898);
#15898 = AXIS2_PLACEMENT_3D('',#15899,#15900,#15901);
#15899 = CARTESIAN_POINT('',(-1.1296E+03,3.2123E+03,2.565E+03));
#15900 = DIRECTION('',(1.,-1.110223024625E-16,0.));
#15901 = DIRECTION('',(1.110223024625E-16,1.,0.));
#15902 = DEFINITIONAL_REPRESENTATION('',(#15903),#15907);
#15903 = LINE('',#15904,#15905);
#15904 = CARTESIAN_POINT('',(174.5,0.));
#15905 = VECTOR('',#15906,1.);
#15906 = DIRECTION('',(1.,0.));
#15907 = ( GEOMETRIC_REPRESENTATION_CONTEXT(2) 
PARAMETRIC_REPRESENTATION_CONTEXT() REPRESENTATION_CONTEXT('2D SPACE',''
  ) );
#15908 = ADVANCED_FACE('',(#15909),#15923,.T.);
#15909 = FACE_BOUND('',#15910,.T.);
#15910 = EDGE_LOOP('',(#15911,#15941,#15964,#15987));
#15911 = ORIENTED_EDGE('',*,*,#15912,.T.);
#15912 = EDGE_CURVE('',#15913,#15915,#15917,.T.);
#15913 = VERTEX_POINT('',#15914);
#15914 = CARTESIAN_POINT('',(-1.3916E+03,3.2123E+03,2.583E+03));
#15915 = VERTEX_POINT('',#15916);
#15916 = CARTESIAN_POINT('',(-1.1296E+03,3.2123E+03,2.583E+03));
#15917 = SURFACE_CURVE('',#15918,(#15922,#15934),.PCURVE_S1.);
#15918 = LINE('',#15919,#15920);
#15919 = CARTESIAN_POINT('',(-1.2606E+03,3.2123E+03,2.583E+03));
#15920 = VECTOR('',#15921,1.);
#15921 = DIRECTION('',(1.,-1.110223024625E-16,0.));
#15922 = PCURVE('',#15923,#15928);
#15923 = PLANE('',#15924);
#15924 = AXIS2_PLACEMENT_3D('',#15925,#15926,#15927);
#15925 = CARTESIAN_POINT('',(-1.1046E+03,3.1938E+03,2.583E+03));
#15926 = DIRECTION('',(0.,0.,1.));
#15927 = DIRECTION('',(1.110223024625E-16,1.,0.));
#15928 = DEFINITIONAL_REPRESENTATION('',(#15929),#15933);
#15929 = LINE('',#15930,#15931);
#15930 = CARTESIAN_POINT('',(18.5,156.));
#15931 = VECTOR('',#15932,1.);
#15932 = DIRECTION('',(0.,-1.));
#15933 = ( GEOMETRIC_REPRESENTATION_CONTEXT(2) 
PARAMETRIC_REPRESENTATION_CONTEXT() REPRESENTATION_CONTEXT('2D SPACE',''
  ) );
#15934 = PCURVE('',#15815,#15935);
#15935 = DEFINITIONAL_REPRESENTATION('',(#15936),#15940);
#15936 = LINE('',#15937,#15938);
#15937 = CARTESIAN_POINT('',(131.,18.));
#15938 = VECTOR('',#15939,1.);
#15939 = DIRECTION('',(1.,0.));
#15940 = ( GEOMETRIC_REPRESENTATION_CONTEXT(2) 
PARAMETRIC_REPRESENTATION_CONTEXT() REPRESENTATION_CONTEXT('2D SPACE',''
  ) );
#15941 = ORIENTED_EDGE('',*,*,#15942,.T.);
#15942 = EDGE_CURVE('',#15915,#15943,#15945,.T.);
#15943 = VERTEX_POINT('',#15944);
#15944 = CARTESIAN_POINT('',(-1.1296E+03,3.5613E+03,2.583E+03));
#15945 = SURFACE_CURVE('',#15946,(#15950,#15957),.PCURVE_S1.);
#15946 = LINE('',#15947,#15948);
#15947 = CARTESIAN_POINT('',(-1.1296E+03,3.3868E+03,2.583E+03));
#15948 = VECTOR('',#15949,1.);
#15949 = DIRECTION('',(1.110223024625E-16,1.,0.));
#15950 = PCURVE('',#15923,#15951);
#15951 = DEFINITIONAL_REPRESENTATION('',(#15952),#15956);
#15952 = LINE('',#15953,#15954);
#15953 = CARTESIAN_POINT('',(193.,25.));
#15954 = VECTOR('',#15955,1.);
#15955 = DIRECTION('',(1.,0.));
#15956 = ( GEOMETRIC_REPRESENTATION_CONTEXT(2) 
PARAMETRIC_REPRESENTATION_CONTEXT() REPRESENTATION_CONTEXT('2D SPACE',''
  ) );
#15957 = PCURVE('',#15897,#15958);
#15958 = DEFINITIONAL_REPRESENTATION('',(#15959),#15963);
#15959 = LINE('',#15960,#15961);
#15960 = CARTESIAN_POINT('',(174.5,18.));
#15961 = VECTOR('',#15962,1.);
#15962 = DIRECTION('',(1.,0.));
#15963 = ( GEOMETRIC_REPRESENTATION_CONTEXT(2) 
PARAMETRIC_REPRESENTATION_CONTEXT() REPRESENTATION_CONTEXT('2D SPACE',''
  ) );
#15964 = ORIENTED_EDGE('',*,*,#15965,.T.);
#15965 = EDGE_CURVE('',#15943,#15966,#15968,.T.);
#15966 = VERTEX_POINT('',#15967);
#15967 = CARTESIAN_POINT('',(-1.3916E+03,3.5613E+03,2.583E+03));
#15968 = SURFACE_CURVE('',#15969,(#15973,#15980),.PCURVE_S1.);
#15969 = LINE('',#15970,#15971);
#15970 = CARTESIAN_POINT('',(-1.2606E+03,3.5613E+03,2.583E+03));
#15971 = VECTOR('',#15972,1.);
#15972 = DIRECTION('',(-1.,1.110223024625E-16,0.));
#15973 = PCURVE('',#15923,#15974);
#15974 = DEFINITIONAL_REPRESENTATION('',(#15975),#15979);
#15975 = LINE('',#15976,#15977);
#15976 = CARTESIAN_POINT('',(367.5,156.));
#15977 = VECTOR('',#15978,1.);
#15978 = DIRECTION('',(0.,1.));
#15979 = ( GEOMETRIC_REPRESENTATION_CONTEXT(2) 
PARAMETRIC_REPRESENTATION_CONTEXT() REPRESENTATION_CONTEXT('2D SPACE',''
  ) );
#15980 = PCURVE('',#15871,#15981);
#15981 = DEFINITIONAL_REPRESENTATION('',(#15982),#15986);
#15982 = LINE('',#15983,#15984);
#15983 = CARTESIAN_POINT('',(131.,18.));
#15984 = VECTOR('',#15985,1.);
#15985 = DIRECTION('',(1.,0.));
#15986 = ( GEOMETRIC_REPRESENTATION_CONTEXT(2) 
PARAMETRIC_REPRESENTATION_CONTEXT() REPRESENTATION_CONTEXT('2D SPACE',''
  ) );
#15987 = ORIENTED_EDGE('',*,*,#15988,.T.);
#15988 = EDGE_CURVE('',#15966,#15913,#15989,.T.);
#15989 = SURFACE_CURVE('',#15990,(#15994,#16001),.PCURVE_S1.);
#15990 = LINE('',#15991,#15992);
#15991 = CARTESIAN_POINT('',(-1.3916E+03,3.3868E+03,2.583E+03));
#15992 = VECTOR('',#15993,1.);
#15993 = DIRECTION('',(-1.110223024625E-16,-1.,0.));
#15994 = PCURVE('',#15923,#15995);
#15995 = DEFINITIONAL_REPRESENTATION('',(#15996),#16000);
#15996 = LINE('',#15997,#15998);
#15997 = CARTESIAN_POINT('',(193.,287.));
#15998 = VECTOR('',#15999,1.);
#15999 = DIRECTION('',(-1.,0.));
#16000 = ( GEOMETRIC_REPRESENTATION_CONTEXT(2) 
PARAMETRIC_REPRESENTATION_CONTEXT() REPRESENTATION_CONTEXT('2D SPACE',''
  ) );
#16001 = PCURVE('',#15843,#16002);
#16002 = DEFINITIONAL_REPRESENTATION('',(#16003),#16007);
#16003 = LINE('',#16004,#16005);
#16004 = CARTESIAN_POINT('',(174.5,18.));
#16005 = VECTOR('',#16006,1.);
#16006 = DIRECTION('',(1.,0.));
#16007 = ( GEOMETRIC_REPRESENTATION_CONTEXT(2) 
PARAMETRIC_REPRESENTATION_CONTEXT() REPRESENTATION_CONTEXT('2D SPACE',''
  ) );
#16008 = ADVANCED_FACE('',(#16009),#15815,.T.);
#16009 = FACE_BOUND('',#16010,.T.);
#16010 = EDGE_LOOP('',(#16011,#16032,#16033,#16054));
#16011 = ORIENTED_EDGE('',*,*,#16012,.F.);
#16012 = EDGE_CURVE('',#15793,#15913,#16013,.T.);
#16013 = SURFACE_CURVE('',#16014,(#16018,#16025),.PCURVE_S1.);
#16014 = LINE('',#16015,#16016);
#16015 = CARTESIAN_POINT('',(-1.3916E+03,3.2123E+03,2.574E+03));
#16016 = VECTOR('',#16017,1.);
#16017 = DIRECTION('',(0.,0.,1.));
#16018 = PCURVE('',#15815,#16019);
#16019 = DEFINITIONAL_REPRESENTATION('',(#16020),#16024);
#16020 = LINE('',#16021,#16022);
#16021 = CARTESIAN_POINT('',(0.,9.));
#16022 = VECTOR('',#16023,1.);
#16023 = DIRECTION('',(0.,1.));
#16024 = ( GEOMETRIC_REPRESENTATION_CONTEXT(2) 
PARAMETRIC_REPRESENTATION_CONTEXT() REPRESENTATION_CONTEXT('2D SPACE',''
  ) );
#16025 = PCURVE('',#15843,#16026);
#16026 = DEFINITIONAL_REPRESENTATION('',(#16027),#16031);
#16027 = LINE('',#16028,#16029);
#16028 = CARTESIAN_POINT('',(349.,9.));
#16029 = VECTOR('',#16030,1.);
#16030 = DIRECTION('',(0.,1.));
#16031 = ( GEOMETRIC_REPRESENTATION_CONTEXT(2) 
PARAMETRIC_REPRESENTATION_CONTEXT() REPRESENTATION_CONTEXT('2D SPACE',''
  ) );
#16032 = ORIENTED_EDGE('',*,*,#15792,.T.);
#16033 = ORIENTED_EDGE('',*,*,#16034,.T.);
#16034 = EDGE_CURVE('',#15795,#15915,#16035,.T.);
#16035 = SURFACE_CURVE('',#16036,(#16040,#16047),.PCURVE_S1.);
#16036 = LINE('',#16037,#16038);
#16037 = CARTESIAN_POINT('',(-1.1296E+03,3.2123E+03,2.574E+03));
#16038 = VECTOR('',#16039,1.);
#16039 = DIRECTION('',(0.,0.,1.));
#16040 = PCURVE('',#15815,#16041);
#16041 = DEFINITIONAL_REPRESENTATION('',(#16042),#16046);
#16042 = LINE('',#16043,#16044);
#16043 = CARTESIAN_POINT('',(262.,9.));
#16044 = VECTOR('',#16045,1.);
#16045 = DIRECTION('',(0.,1.));
#16046 = ( GEOMETRIC_REPRESENTATION_CONTEXT(2) 
PARAMETRIC_REPRESENTATION_CONTEXT() REPRESENTATION_CONTEXT('2D SPACE',''
  ) );
#16047 = PCURVE('',#15897,#16048);
#16048 = DEFINITIONAL_REPRESENTATION('',(#16049),#16053);
#16049 = LINE('',#16050,#16051);
#16050 = CARTESIAN_POINT('',(0.,9.));
#16051 = VECTOR('',#16052,1.);
#16052 = DIRECTION('',(0.,1.));
#16053 = ( GEOMETRIC_REPRESENTATION_CONTEXT(2) 
PARAMETRIC_REPRESENTATION_CONTEXT() REPRESENTATION_CONTEXT('2D SPACE',''
  ) );
#16054 = ORIENTED_EDGE('',*,*,#15912,.F.);
#16055 = ADVANCED_FACE('',(#16056),#15843,.T.);
#16056 = FACE_BOUND('',#16057,.T.);
#16057 = EDGE_LOOP('',(#16058,#16079,#16080,#16081));
#16058 = ORIENTED_EDGE('',*,*,#16059,.F.);
#16059 = EDGE_CURVE('',#15828,#15966,#16060,.T.);
#16060 = SURFACE_CURVE('',#16061,(#16065,#16072),.PCURVE_S1.);
#16061 = LINE('',#16062,#16063);
#16062 = CARTESIAN_POINT('',(-1.3916E+03,3.5613E+03,2.574E+03));
#16063 = VECTOR('',#16064,1.);
#16064 = DIRECTION('',(0.,0.,1.));
#16065 = PCURVE('',#15843,#16066);
#16066 = DEFINITIONAL_REPRESENTATION('',(#16067),#16071);
#16067 = LINE('',#16068,#16069);
#16068 = CARTESIAN_POINT('',(0.,9.));
#16069 = VECTOR('',#16070,1.);
#16070 = DIRECTION('',(0.,1.));
#16071 = ( GEOMETRIC_REPRESENTATION_CONTEXT(2) 
PARAMETRIC_REPRESENTATION_CONTEXT() REPRESENTATION_CONTEXT('2D SPACE',''
  ) );
#16072 = PCURVE('',#15871,#16073);
#16073 = DEFINITIONAL_REPRESENTATION('',(#16074),#16078);
#16074 = LINE('',#16075,#16076);
#16075 = CARTESIAN_POINT('',(262.,9.));
#16076 = VECTOR('',#16077,1.);
#16077 = DIRECTION('',(0.,1.));
#16078 = ( GEOMETRIC_REPRESENTATION_CONTEXT(2) 
PARAMETRIC_REPRESENTATION_CONTEXT() REPRESENTATION_CONTEXT('2D SPACE',''
  ) );
#16079 = ORIENTED_EDGE('',*,*,#15827,.T.);
#16080 = ORIENTED_EDGE('',*,*,#16012,.T.);
#16081 = ORIENTED_EDGE('',*,*,#15988,.F.);
#16082 = ADVANCED_FACE('',(#16083),#15871,.T.);
#16083 = FACE_BOUND('',#16084,.T.);
#16084 = EDGE_LOOP('',(#16085,#16106,#16107,#16108));
#16085 = ORIENTED_EDGE('',*,*,#16086,.F.);
#16086 = EDGE_CURVE('',#15856,#15943,#16087,.T.);
#16087 = SURFACE_CURVE('',#16088,(#16092,#16099),.PCURVE_S1.);
#16088 = LINE('',#16089,#16090);
#16089 = CARTESIAN_POINT('',(-1.1296E+03,3.5613E+03,2.574E+03));
#16090 = VECTOR('',#16091,1.);
#16091 = DIRECTION('',(0.,0.,1.));
#16092 = PCURVE('',#15871,#16093);
#16093 = DEFINITIONAL_REPRESENTATION('',(#16094),#16098);
#16094 = LINE('',#16095,#16096);
#16095 = CARTESIAN_POINT('',(0.,9.));
#16096 = VECTOR('',#16097,1.);
#16097 = DIRECTION('',(0.,1.));
#16098 = ( GEOMETRIC_REPRESENTATION_CONTEXT(2) 
PARAMETRIC_REPRESENTATION_CONTEXT() REPRESENTATION_CONTEXT('2D SPACE',''
  ) );
#16099 = PCURVE('',#15897,#16100);
#16100 = DEFINITIONAL_REPRESENTATION('',(#16101),#16105);
#16101 = LINE('',#16102,#16103);
#16102 = CARTESIAN_POINT('',(349.,9.));
#16103 = VECTOR('',#16104,1.);
#16104 = DIRECTION('',(0.,1.));
#16105 = ( GEOMETRIC_REPRESENTATION_CONTEXT(2) 
PARAMETRIC_REPRESENTATION_CONTEXT() REPRESENTATION_CONTEXT('2D SPACE',''
  ) );
#16106 = ORIENTED_EDGE('',*,*,#15855,.T.);
#16107 = ORIENTED_EDGE('',*,*,#16059,.T.);
#16108 = ORIENTED_EDGE('',*,*,#15965,.F.);
#16109 = ADVANCED_FACE('',(#16110),#15897,.T.);
#16110 = FACE_BOUND('',#16111,.T.);
#16111 = EDGE_LOOP('',(#16112,#16113,#16114,#16115));
#16112 = ORIENTED_EDGE('',*,*,#16034,.F.);
#16113 = ORIENTED_EDGE('',*,*,#15883,.T.);
#16114 = ORIENTED_EDGE('',*,*,#16086,.T.);
#16115 = ORIENTED_EDGE('',*,*,#15942,.F.);
#16116 = ( GEOMETRIC_REPRESENTATION_CONTEXT(3) 
GLOBAL_UNCERTAINTY_ASSIGNED_CONTEXT((#16120)) 
GLOBAL_UNIT_ASSIGNED_CONTEXT((#16117,#16118,#16119)) 
REPRESENTATION_CONTEXT('Context #1',
  '3D Context with UNIT and UNCERTAINTY') );
#16117 = ( LENGTH_UNIT() NAMED_UNIT(*) SI_UNIT(.MILLI.,.METRE.) );
#16118 = ( NAMED_UNIT(*) PLANE_ANGLE_UNIT() SI_UNIT($,.RADIAN.) );
#16119 = ( NAMED_UNIT(*) SI_UNIT($,.STERADIAN.) SOLID_ANGLE_UNIT() );
#16120 = UNCERTAINTY_MEASURE_WITH_UNIT(LENGTH_MEASURE(1.E-07),#16117,
  'distance_accuracy_value','confusion accuracy');
#16121 = CONTEXT_DEPENDENT_SHAPE_REPRESENTATION(#16122,#16124);
#16122 = ( REPRESENTATION_RELATIONSHIP('','',#15785,#10) 
REPRESENTATION_RELATIONSHIP_WITH_TRANSFORMATION(#16123) 
SHAPE_REPRESENTATION_RELATIONSHIP() );
#16123 = ITEM_DEFINED_TRANSFORMATION('','',#11,#179);
#16124 = PRODUCT_DEFINITION_SHAPE('Placement','Placement of an item',
  #16125);
#16125 = NEXT_ASSEMBLY_USAGE_OCCURRENCE('293','','',#5,#15780,$);
#16126 = PRODUCT_RELATED_PRODUCT_CATEGORY('part',$,(#15782));
#16127 = SHAPE_DEFINITION_REPRESENTATION(#16128,#16134);
#16128 = PRODUCT_DEFINITION_SHAPE('','',#16129);
#16129 = PRODUCT_DEFINITION('design','',#16130,#16133);
#16130 = PRODUCT_DEFINITION_FORMATION('','',#16131);
#16131 = PRODUCT('Open CASCADE STEP translator 7.9 4.43',
  'Open CASCADE STEP translator 7.9 4.43','',(#16132));
#16132 = PRODUCT_CONTEXT('',#2,'mechanical');
#16133 = PRODUCT_DEFINITION_CONTEXT('part definition',#2,'design');
#16134 = ADVANCED_BREP_SHAPE_REPRESENTATION('',(#11,#16135),#16465);
#16135 = MANIFOLD_SOLID_BREP('',#16136);
#16136 = CLOSED_SHELL('',(#16137,#16257,#16333,#16404,#16451,#16458));
#16137 = ADVANCED_FACE('',(#16138),#16152,.T.);
#16138 = FACE_BOUND('',#16139,.T.);
#16139 = EDGE_LOOP('',(#16140,#16175,#16203,#16231));
#16140 = ORIENTED_EDGE('',*,*,#16141,.F.);
#16141 = EDGE_CURVE('',#16142,#16144,#16146,.T.);
#16142 = VERTEX_POINT('',#16143);
#16143 = CARTESIAN_POINT('',(873.4,1.2318E+03,1.395E+03));
#16144 = VERTEX_POINT('',#16145);
#16145 = CARTESIAN_POINT('',(873.4,1.2318E+03,3.6095E+03));
#16146 = SURFACE_CURVE('',#16147,(#16151,#16163),.PCURVE_S1.);
#16147 = LINE('',#16148,#16149);
#16148 = CARTESIAN_POINT('',(873.4,1.2318E+03,2.50225E+03));
#16149 = VECTOR('',#16150,1.);
#16150 = DIRECTION('',(0.,0.,1.));
#16151 = PCURVE('',#16152,#16157);
#16152 = PLANE('',#16153);
#16153 = AXIS2_PLACEMENT_3D('',#16154,#16155,#16156);
#16154 = CARTESIAN_POINT('',(873.4,1.2318E+03,1.395E+03));
#16155 = DIRECTION('',(1.,-1.110223024625E-16,0.));
#16156 = DIRECTION('',(1.110223024625E-16,1.,0.));
#16157 = DEFINITIONAL_REPRESENTATION('',(#16158),#16162);
#16158 = LINE('',#16159,#16160);
#16159 = CARTESIAN_POINT('',(0.,1.10725E+03));
#16160 = VECTOR('',#16161,1.);
#16161 = DIRECTION('',(0.,1.));
#16162 = ( GEOMETRIC_REPRESENTATION_CONTEXT(2) 
PARAMETRIC_REPRESENTATION_CONTEXT() REPRESENTATION_CONTEXT('2D SPACE',''
  ) );
#16163 = PCURVE('',#16164,#16169);
#16164 = PLANE('',#16165);
#16165 = AXIS2_PLACEMENT_3D('',#16166,#16167,#16168);
#16166 = CARTESIAN_POINT('',(865.4,1.2318E+03,1.395E+03));
#16167 = DIRECTION('',(-1.110223024625E-16,-1.,0.));
#16168 = DIRECTION('',(1.,-1.110223024625E-16,0.));
#16169 = DEFINITIONAL_REPRESENTATION('',(#16170),#16174);
#16170 = LINE('',#16171,#16172);
#16171 = CARTESIAN_POINT('',(8.,1.10725E+03));
#16172 = VECTOR('',#16173,1.);
#16173 = DIRECTION('',(0.,1.));
#16174 = ( GEOMETRIC_REPRESENTATION_CONTEXT(2) 
PARAMETRIC_REPRESENTATION_CONTEXT() REPRESENTATION_CONTEXT('2D SPACE',''
  ) );
#16175 = ORIENTED_EDGE('',*,*,#16176,.T.);
#16176 = EDGE_CURVE('',#16142,#16177,#16179,.T.);
#16177 = VERTEX_POINT('',#16178);
#16178 = CARTESIAN_POINT('',(873.4,1.2618E+03,1.395E+03));
#16179 = SURFACE_CURVE('',#16180,(#16184,#16191),.PCURVE_S1.);
#16180 = LINE('',#16181,#16182);
#16181 = CARTESIAN_POINT('',(873.4,1.2468E+03,1.395E+03));
#16182 = VECTOR('',#16183,1.);
#16183 = DIRECTION('',(1.110223024625E-16,1.,0.));
#16184 = PCURVE('',#16152,#16185);
#16185 = DEFINITIONAL_REPRESENTATION('',(#16186),#16190);
#16186 = LINE('',#16187,#16188);
#16187 = CARTESIAN_POINT('',(15.,0.));
#16188 = VECTOR('',#16189,1.);
#16189 = DIRECTION('',(1.,0.));
#16190 = ( GEOMETRIC_REPRESENTATION_CONTEXT(2) 
PARAMETRIC_REPRESENTATION_CONTEXT() REPRESENTATION_CONTEXT('2D SPACE',''
  ) );
#16191 = PCURVE('',#16192,#16197);
#16192 = PLANE('',#16193);
#16193 = AXIS2_PLACEMENT_3D('',#16194,#16195,#16196);
#16194 = CARTESIAN_POINT('',(873.4,1.2318E+03,1.395E+03));
#16195 = DIRECTION('',(0.,0.,1.));
#16196 = DIRECTION('',(1.110223024625E-16,1.,0.));
#16197 = DEFINITIONAL_REPRESENTATION('',(#16198),#16202);
#16198 = LINE('',#16199,#16200);
#16199 = CARTESIAN_POINT('',(15.,1.665334536938E-15));
#16200 = VECTOR('',#16201,1.);
#16201 = DIRECTION('',(1.,0.));
#16202 = ( GEOMETRIC_REPRESENTATION_CONTEXT(2) 
PARAMETRIC_REPRESENTATION_CONTEXT() REPRESENTATION_CONTEXT('2D SPACE',''
  ) );
#16203 = ORIENTED_EDGE('',*,*,#16204,.T.);
#16204 = EDGE_CURVE('',#16177,#16205,#16207,.T.);
#16205 = VERTEX_POINT('',#16206);
#16206 = CARTESIAN_POINT('',(873.4,1.2618E+03,3.6095E+03));
#16207 = SURFACE_CURVE('',#16208,(#16212,#16219),.PCURVE_S1.);
#16208 = LINE('',#16209,#16210);
#16209 = CARTESIAN_POINT('',(873.4,1.2618E+03,2.50225E+03));
#16210 = VECTOR('',#16211,1.);
#16211 = DIRECTION('',(0.,0.,1.));
#16212 = PCURVE('',#16152,#16213);
#16213 = DEFINITIONAL_REPRESENTATION('',(#16214),#16218);
#16214 = LINE('',#16215,#16216);
#16215 = CARTESIAN_POINT('',(30.,1.10725E+03));
#16216 = VECTOR('',#16217,1.);
#16217 = DIRECTION('',(0.,1.));
#16218 = ( GEOMETRIC_REPRESENTATION_CONTEXT(2) 
PARAMETRIC_REPRESENTATION_CONTEXT() REPRESENTATION_CONTEXT('2D SPACE',''
  ) );
#16219 = PCURVE('',#16220,#16225);
#16220 = PLANE('',#16221);
#16221 = AXIS2_PLACEMENT_3D('',#16222,#16223,#16224);
#16222 = CARTESIAN_POINT('',(873.4,1.2618E+03,1.395E+03));
#16223 = DIRECTION('',(1.110223024625E-16,1.,0.));
#16224 = DIRECTION('',(-1.,1.110223024625E-16,0.));
#16225 = DEFINITIONAL_REPRESENTATION('',(#16226),#16230);
#16226 = LINE('',#16227,#16228);
#16227 = CARTESIAN_POINT('',(0.,1.10725E+03));
#16228 = VECTOR('',#16229,1.);
#16229 = DIRECTION('',(0.,1.));
#16230 = ( GEOMETRIC_REPRESENTATION_CONTEXT(2) 
PARAMETRIC_REPRESENTATION_CONTEXT() REPRESENTATION_CONTEXT('2D SPACE',''
  ) );
#16231 = ORIENTED_EDGE('',*,*,#16232,.F.);
#16232 = EDGE_CURVE('',#16144,#16205,#16233,.T.);
#16233 = SURFACE_CURVE('',#16234,(#16238,#16245),.PCURVE_S1.);
#16234 = LINE('',#16235,#16236);
#16235 = CARTESIAN_POINT('',(873.4,1.2468E+03,3.6095E+03));
#16236 = VECTOR('',#16237,1.);
#16237 = DIRECTION('',(1.110223024625E-16,1.,0.));
#16238 = PCURVE('',#16152,#16239);
#16239 = DEFINITIONAL_REPRESENTATION('',(#16240),#16244);
#16240 = LINE('',#16241,#16242);
#16241 = CARTESIAN_POINT('',(15.,2.2145E+03));
#16242 = VECTOR('',#16243,1.);
#16243 = DIRECTION('',(1.,0.));
#16244 = ( GEOMETRIC_REPRESENTATION_CONTEXT(2) 
PARAMETRIC_REPRESENTATION_CONTEXT() REPRESENTATION_CONTEXT('2D SPACE',''
  ) );
#16245 = PCURVE('',#16246,#16251);
#16246 = PLANE('',#16247);
#16247 = AXIS2_PLACEMENT_3D('',#16248,#16249,#16250);
#16248 = CARTESIAN_POINT('',(873.4,1.2318E+03,3.6095E+03));
#16249 = DIRECTION('',(0.,0.,1.));
#16250 = DIRECTION('',(1.110223024625E-16,1.,0.));
#16251 = DEFINITIONAL_REPRESENTATION('',(#16252),#16256);
#16252 = LINE('',#16253,#16254);
#16253 = CARTESIAN_POINT('',(15.,1.665334536938E-15));
#16254 = VECTOR('',#16255,1.);
#16255 = DIRECTION('',(1.,0.));
#16256 = ( GEOMETRIC_REPRESENTATION_CONTEXT(2) 
PARAMETRIC_REPRESENTATION_CONTEXT() REPRESENTATION_CONTEXT('2D SPACE',''
  ) );
#16257 = ADVANCED_FACE('',(#16258),#16220,.T.);
#16258 = FACE_BOUND('',#16259,.T.);
#16259 = EDGE_LOOP('',(#16260,#16261,#16284,#16312));
#16260 = ORIENTED_EDGE('',*,*,#16204,.F.);
#16261 = ORIENTED_EDGE('',*,*,#16262,.T.);
#16262 = EDGE_CURVE('',#16177,#16263,#16265,.T.);
#16263 = VERTEX_POINT('',#16264);
#16264 = CARTESIAN_POINT('',(865.4,1.2618E+03,1.395E+03));
#16265 = SURFACE_CURVE('',#16266,(#16270,#16277),.PCURVE_S1.);
#16266 = LINE('',#16267,#16268);
#16267 = CARTESIAN_POINT('',(869.4,1.2618E+03,1.395E+03));
#16268 = VECTOR('',#16269,1.);
#16269 = DIRECTION('',(-1.,1.110223024625E-16,0.));
#16270 = PCURVE('',#16220,#16271);
#16271 = DEFINITIONAL_REPRESENTATION('',(#16272),#16276);
#16272 = LINE('',#16273,#16274);
#16273 = CARTESIAN_POINT('',(4.,0.));
#16274 = VECTOR('',#16275,1.);
#16275 = DIRECTION('',(1.,0.));
#16276 = ( GEOMETRIC_REPRESENTATION_CONTEXT(2) 
PARAMETRIC_REPRESENTATION_CONTEXT() REPRESENTATION_CONTEXT('2D SPACE',''
  ) );
#16277 = PCURVE('',#16192,#16278);
#16278 = DEFINITIONAL_REPRESENTATION('',(#16279),#16283);
#16279 = LINE('',#16280,#16281);
#16280 = CARTESIAN_POINT('',(30.,4.));
#16281 = VECTOR('',#16282,1.);
#16282 = DIRECTION('',(0.,1.));
#16283 = ( GEOMETRIC_REPRESENTATION_CONTEXT(2) 
PARAMETRIC_REPRESENTATION_CONTEXT() REPRESENTATION_CONTEXT('2D SPACE',''
  ) );
#16284 = ORIENTED_EDGE('',*,*,#16285,.T.);
#16285 = EDGE_CURVE('',#16263,#16286,#16288,.T.);
#16286 = VERTEX_POINT('',#16287);
#16287 = CARTESIAN_POINT('',(865.4,1.2618E+03,3.6095E+03));
#16288 = SURFACE_CURVE('',#16289,(#16293,#16300),.PCURVE_S1.);
#16289 = LINE('',#16290,#16291);
#16290 = CARTESIAN_POINT('',(865.4,1.2618E+03,2.50225E+03));
#16291 = VECTOR('',#16292,1.);
#16292 = DIRECTION('',(0.,0.,1.));
#16293 = PCURVE('',#16220,#16294);
#16294 = DEFINITIONAL_REPRESENTATION('',(#16295),#16299);
#16295 = LINE('',#16296,#16297);
#16296 = CARTESIAN_POINT('',(8.,1.10725E+03));
#16297 = VECTOR('',#16298,1.);
#16298 = DIRECTION('',(0.,1.));
#16299 = ( GEOMETRIC_REPRESENTATION_CONTEXT(2) 
PARAMETRIC_REPRESENTATION_CONTEXT() REPRESENTATION_CONTEXT('2D SPACE',''
  ) );
#16300 = PCURVE('',#16301,#16306);
#16301 = PLANE('',#16302);
#16302 = AXIS2_PLACEMENT_3D('',#16303,#16304,#16305);
#16303 = CARTESIAN_POINT('',(865.4,1.2618E+03,1.395E+03));
#16304 = DIRECTION('',(-1.,1.110223024625E-16,0.));
#16305 = DIRECTION('',(-1.110223024625E-16,-1.,0.));
#16306 = DEFINITIONAL_REPRESENTATION('',(#16307),#16311);
#16307 = LINE('',#16308,#16309);
#16308 = CARTESIAN_POINT('',(0.,1.10725E+03));
#16309 = VECTOR('',#16310,1.);
#16310 = DIRECTION('',(0.,1.));
#16311 = ( GEOMETRIC_REPRESENTATION_CONTEXT(2) 
PARAMETRIC_REPRESENTATION_CONTEXT() REPRESENTATION_CONTEXT('2D SPACE',''
  ) );
#16312 = ORIENTED_EDGE('',*,*,#16313,.F.);
#16313 = EDGE_CURVE('',#16205,#16286,#16314,.T.);
#16314 = SURFACE_CURVE('',#16315,(#16319,#16326),.PCURVE_S1.);
#16315 = LINE('',#16316,#16317);
#16316 = CARTESIAN_POINT('',(869.4,1.2618E+03,3.6095E+03));
#16317 = VECTOR('',#16318,1.);
#16318 = DIRECTION('',(-1.,1.110223024625E-16,0.));
#16319 = PCURVE('',#16220,#16320);
#16320 = DEFINITIONAL_REPRESENTATION('',(#16321),#16325);
#16321 = LINE('',#16322,#16323);
#16322 = CARTESIAN_POINT('',(4.,2.2145E+03));
#16323 = VECTOR('',#16324,1.);
#16324 = DIRECTION('',(1.,0.));
#16325 = ( GEOMETRIC_REPRESENTATION_CONTEXT(2) 
PARAMETRIC_REPRESENTATION_CONTEXT() REPRESENTATION_CONTEXT('2D SPACE',''
  ) );
#16326 = PCURVE('',#16246,#16327);
#16327 = DEFINITIONAL_REPRESENTATION('',(#16328),#16332);
#16328 = LINE('',#16329,#16330);
#16329 = CARTESIAN_POINT('',(30.,4.));
#16330 = VECTOR('',#16331,1.);
#16331 = DIRECTION('',(0.,1.));
#16332 = ( GEOMETRIC_REPRESENTATION_CONTEXT(2) 
PARAMETRIC_REPRESENTATION_CONTEXT() REPRESENTATION_CONTEXT('2D SPACE',''
  ) );
#16333 = ADVANCED_FACE('',(#16334),#16301,.T.);
#16334 = FACE_BOUND('',#16335,.T.);
#16335 = EDGE_LOOP('',(#16336,#16337,#16360,#16383));
#16336 = ORIENTED_EDGE('',*,*,#16285,.F.);
#16337 = ORIENTED_EDGE('',*,*,#16338,.T.);
#16338 = EDGE_CURVE('',#16263,#16339,#16341,.T.);
#16339 = VERTEX_POINT('',#16340);
#16340 = CARTESIAN_POINT('',(865.4,1.2318E+03,1.395E+03));
#16341 = SURFACE_CURVE('',#16342,(#16346,#16353),.PCURVE_S1.);
#16342 = LINE('',#16343,#16344);
#16343 = CARTESIAN_POINT('',(865.4,1.2468E+03,1.395E+03));
#16344 = VECTOR('',#16345,1.);
#16345 = DIRECTION('',(-1.110223024625E-16,-1.,0.));
#16346 = PCURVE('',#16301,#16347);
#16347 = DEFINITIONAL_REPRESENTATION('',(#16348),#16352);
#16348 = LINE('',#16349,#16350);
#16349 = CARTESIAN_POINT('',(15.,0.));
#16350 = VECTOR('',#16351,1.);
#16351 = DIRECTION('',(1.,0.));
#16352 = ( GEOMETRIC_REPRESENTATION_CONTEXT(2) 
PARAMETRIC_REPRESENTATION_CONTEXT() REPRESENTATION_CONTEXT('2D SPACE',''
  ) );
#16353 = PCURVE('',#16192,#16354);
#16354 = DEFINITIONAL_REPRESENTATION('',(#16355),#16359);
#16355 = LINE('',#16356,#16357);
#16356 = CARTESIAN_POINT('',(15.,8.));
#16357 = VECTOR('',#16358,1.);
#16358 = DIRECTION('',(-1.,0.));
#16359 = ( GEOMETRIC_REPRESENTATION_CONTEXT(2) 
PARAMETRIC_REPRESENTATION_CONTEXT() REPRESENTATION_CONTEXT('2D SPACE',''
  ) );
#16360 = ORIENTED_EDGE('',*,*,#16361,.T.);
#16361 = EDGE_CURVE('',#16339,#16362,#16364,.T.);
#16362 = VERTEX_POINT('',#16363);
#16363 = CARTESIAN_POINT('',(865.4,1.2318E+03,3.6095E+03));
#16364 = SURFACE_CURVE('',#16365,(#16369,#16376),.PCURVE_S1.);
#16365 = LINE('',#16366,#16367);
#16366 = CARTESIAN_POINT('',(865.4,1.2318E+03,2.50225E+03));
#16367 = VECTOR('',#16368,1.);
#16368 = DIRECTION('',(0.,0.,1.));
#16369 = PCURVE('',#16301,#16370);
#16370 = DEFINITIONAL_REPRESENTATION('',(#16371),#16375);
#16371 = LINE('',#16372,#16373);
#16372 = CARTESIAN_POINT('',(30.,1.10725E+03));
#16373 = VECTOR('',#16374,1.);
#16374 = DIRECTION('',(0.,1.));
#16375 = ( GEOMETRIC_REPRESENTATION_CONTEXT(2) 
PARAMETRIC_REPRESENTATION_CONTEXT() REPRESENTATION_CONTEXT('2D SPACE',''
  ) );
#16376 = PCURVE('',#16164,#16377);
#16377 = DEFINITIONAL_REPRESENTATION('',(#16378),#16382);
#16378 = LINE('',#16379,#16380);
#16379 = CARTESIAN_POINT('',(0.,1.10725E+03));
#16380 = VECTOR('',#16381,1.);
#16381 = DIRECTION('',(0.,1.));
#16382 = ( GEOMETRIC_REPRESENTATION_CONTEXT(2) 
PARAMETRIC_REPRESENTATION_CONTEXT() REPRESENTATION_CONTEXT('2D SPACE',''
  ) );
#16383 = ORIENTED_EDGE('',*,*,#16384,.F.);
#16384 = EDGE_CURVE('',#16286,#16362,#16385,.T.);
#16385 = SURFACE_CURVE('',#16386,(#16390,#16397),.PCURVE_S1.);
#16386 = LINE('',#16387,#16388);
#16387 = CARTESIAN_POINT('',(865.4,1.2468E+03,3.6095E+03));
#16388 = VECTOR('',#16389,1.);
#16389 = DIRECTION('',(-1.110223024625E-16,-1.,0.));
#16390 = PCURVE('',#16301,#16391);
#16391 = DEFINITIONAL_REPRESENTATION('',(#16392),#16396);
#16392 = LINE('',#16393,#16394);
#16393 = CARTESIAN_POINT('',(15.,2.2145E+03));
#16394 = VECTOR('',#16395,1.);
#16395 = DIRECTION('',(1.,0.));
#16396 = ( GEOMETRIC_REPRESENTATION_CONTEXT(2) 
PARAMETRIC_REPRESENTATION_CONTEXT() REPRESENTATION_CONTEXT('2D SPACE',''
  ) );
#16397 = PCURVE('',#16246,#16398);
#16398 = DEFINITIONAL_REPRESENTATION('',(#16399),#16403);
#16399 = LINE('',#16400,#16401);
#16400 = CARTESIAN_POINT('',(15.,8.));
#16401 = VECTOR('',#16402,1.);
#16402 = DIRECTION('',(-1.,0.));
#16403 = ( GEOMETRIC_REPRESENTATION_CONTEXT(2) 
PARAMETRIC_REPRESENTATION_CONTEXT() REPRESENTATION_CONTEXT('2D SPACE',''
  ) );
#16404 = ADVANCED_FACE('',(#16405),#16164,.T.);
#16405 = FACE_BOUND('',#16406,.T.);
#16406 = EDGE_LOOP('',(#16407,#16408,#16429,#16430));
#16407 = ORIENTED_EDGE('',*,*,#16361,.F.);
#16408 = ORIENTED_EDGE('',*,*,#16409,.T.);
#16409 = EDGE_CURVE('',#16339,#16142,#16410,.T.);
#16410 = SURFACE_CURVE('',#16411,(#16415,#16422),.PCURVE_S1.);
#16411 = LINE('',#16412,#16413);
#16412 = CARTESIAN_POINT('',(869.4,1.2318E+03,1.395E+03));
#16413 = VECTOR('',#16414,1.);
#16414 = DIRECTION('',(1.,-1.110223024625E-16,0.));
#16415 = PCURVE('',#16164,#16416);
#16416 = DEFINITIONAL_REPRESENTATION('',(#16417),#16421);
#16417 = LINE('',#16418,#16419);
#16418 = CARTESIAN_POINT('',(4.,0.));
#16419 = VECTOR('',#16420,1.);
#16420 = DIRECTION('',(1.,0.));
#16421 = ( GEOMETRIC_REPRESENTATION_CONTEXT(2) 
PARAMETRIC_REPRESENTATION_CONTEXT() REPRESENTATION_CONTEXT('2D SPACE',''
  ) );
#16422 = PCURVE('',#16192,#16423);
#16423 = DEFINITIONAL_REPRESENTATION('',(#16424),#16428);
#16424 = LINE('',#16425,#16426);
#16425 = CARTESIAN_POINT('',(-4.440892098501E-16,4.));
#16426 = VECTOR('',#16427,1.);
#16427 = DIRECTION('',(0.,-1.));
#16428 = ( GEOMETRIC_REPRESENTATION_CONTEXT(2) 
PARAMETRIC_REPRESENTATION_CONTEXT() REPRESENTATION_CONTEXT('2D SPACE',''
  ) );
#16429 = ORIENTED_EDGE('',*,*,#16141,.T.);
#16430 = ORIENTED_EDGE('',*,*,#16431,.F.);
#16431 = EDGE_CURVE('',#16362,#16144,#16432,.T.);
#16432 = SURFACE_CURVE('',#16433,(#16437,#16444),.PCURVE_S1.);
#16433 = LINE('',#16434,#16435);
#16434 = CARTESIAN_POINT('',(869.4,1.2318E+03,3.6095E+03));
#16435 = VECTOR('',#16436,1.);
#16436 = DIRECTION('',(1.,-1.110223024625E-16,0.));
#16437 = PCURVE('',#16164,#16438);
#16438 = DEFINITIONAL_REPRESENTATION('',(#16439),#16443);
#16439 = LINE('',#16440,#16441);
#16440 = CARTESIAN_POINT('',(4.,2.2145E+03));
#16441 = VECTOR('',#16442,1.);
#16442 = DIRECTION('',(1.,0.));
#16443 = ( GEOMETRIC_REPRESENTATION_CONTEXT(2) 
PARAMETRIC_REPRESENTATION_CONTEXT() REPRESENTATION_CONTEXT('2D SPACE',''
  ) );
#16444 = PCURVE('',#16246,#16445);
#16445 = DEFINITIONAL_REPRESENTATION('',(#16446),#16450);
#16446 = LINE('',#16447,#16448);
#16447 = CARTESIAN_POINT('',(-4.440892098501E-16,4.));
#16448 = VECTOR('',#16449,1.);
#16449 = DIRECTION('',(0.,-1.));
#16450 = ( GEOMETRIC_REPRESENTATION_CONTEXT(2) 
PARAMETRIC_REPRESENTATION_CONTEXT() REPRESENTATION_CONTEXT('2D SPACE',''
  ) );
#16451 = ADVANCED_FACE('',(#16452),#16192,.F.);
#16452 = FACE_BOUND('',#16453,.T.);
#16453 = EDGE_LOOP('',(#16454,#16455,#16456,#16457));
#16454 = ORIENTED_EDGE('',*,*,#16409,.F.);
#16455 = ORIENTED_EDGE('',*,*,#16338,.F.);
#16456 = ORIENTED_EDGE('',*,*,#16262,.F.);
#16457 = ORIENTED_EDGE('',*,*,#16176,.F.);
#16458 = ADVANCED_FACE('',(#16459),#16246,.T.);
#16459 = FACE_BOUND('',#16460,.T.);
#16460 = EDGE_LOOP('',(#16461,#16462,#16463,#16464));
#16461 = ORIENTED_EDGE('',*,*,#16232,.T.);
#16462 = ORIENTED_EDGE('',*,*,#16313,.T.);
#16463 = ORIENTED_EDGE('',*,*,#16384,.T.);
#16464 = ORIENTED_EDGE('',*,*,#16431,.T.);
#16465 = ( GEOMETRIC_REPRESENTATION_CONTEXT(3) 
GLOBAL_UNCERTAINTY_ASSIGNED_CONTEXT((#16469)) 
GLOBAL_UNIT_ASSIGNED_CONTEXT((#16466,#16467,#16468)) 
REPRESENTATION_CONTEXT('Context #1',
  '3D Context with UNIT and UNCERTAINTY') );
#16466 = ( LENGTH_UNIT() NAMED_UNIT(*) SI_UNIT(.MILLI.,.METRE.) );
#16467 = ( NAMED_UNIT(*) PLANE_ANGLE_UNIT() SI_UNIT($,.RADIAN.) );
#16468 = ( NAMED_UNIT(*) SI_UNIT($,.STERADIAN.) SOLID_ANGLE_UNIT() );
#16469 = UNCERTAINTY_MEASURE_WITH_UNIT(LENGTH_MEASURE(1.E-07),#16466,
  'distance_accuracy_value','confusion accuracy');
#16470 = CONTEXT_DEPENDENT_SHAPE_REPRESENTATION(#16471,#16473);
#16471 = ( REPRESENTATION_RELATIONSHIP('','',#16134,#10) 
REPRESENTATION_RELATIONSHIP_WITH_TRANSFORMATION(#16472) 
SHAPE_REPRESENTATION_RELATIONSHIP() );
#16472 = ITEM_DEFINED_TRANSFORMATION('','',#11,#183);
#16473 = PRODUCT_DEFINITION_SHAPE('Placement','Placement of an item',
  #16474);
#16474 = NEXT_ASSEMBLY_USAGE_OCCURRENCE('294','','',#5,#16129,$);
#16475 = PRODUCT_RELATED_PRODUCT_CATEGORY('part',$,(#16131));
#16476 = SHAPE_DEFINITION_REPRESENTATION(#16477,#16483);
#16477 = PRODUCT_DEFINITION_SHAPE('','',#16478);
#16478 = PRODUCT_DEFINITION('design','',#16479,#16482);
#16479 = PRODUCT_DEFINITION_FORMATION('','',#16480);
#16480 = PRODUCT('Open CASCADE STEP translator 7.9 4.44',
  'Open CASCADE STEP translator 7.9 4.44','',(#16481));
#16481 = PRODUCT_CONTEXT('',#2,'mechanical');
#16482 = PRODUCT_DEFINITION_CONTEXT('part definition',#2,'design');
#16483 = ADVANCED_BREP_SHAPE_REPRESENTATION('',(#11,#16484),#16814);
#16484 = MANIFOLD_SOLID_BREP('',#16485);
#16485 = CLOSED_SHELL('',(#16486,#16606,#16682,#16753,#16800,#16807));
#16486 = ADVANCED_FACE('',(#16487),#16501,.T.);
#16487 = FACE_BOUND('',#16488,.T.);
#16488 = EDGE_LOOP('',(#16489,#16524,#16552,#16580));
#16489 = ORIENTED_EDGE('',*,*,#16490,.F.);
#16490 = EDGE_CURVE('',#16491,#16493,#16495,.T.);
#16491 = VERTEX_POINT('',#16492);
#16492 = CARTESIAN_POINT('',(653.4,1.4518E+03,1.395E+03));
#16493 = VERTEX_POINT('',#16494);
#16494 = CARTESIAN_POINT('',(653.4,1.4518E+03,3.6095E+03));
#16495 = SURFACE_CURVE('',#16496,(#16500,#16512),.PCURVE_S1.);
#16496 = LINE('',#16497,#16498);
#16497 = CARTESIAN_POINT('',(653.4,1.4518E+03,2.50225E+03));
#16498 = VECTOR('',#16499,1.);
#16499 = DIRECTION('',(0.,0.,1.));
#16500 = PCURVE('',#16501,#16506);
#16501 = PLANE('',#16502);
#16502 = AXIS2_PLACEMENT_3D('',#16503,#16504,#16505);
#16503 = CARTESIAN_POINT('',(653.4,1.4518E+03,1.395E+03));
#16504 = DIRECTION('',(1.,-1.110223024625E-16,0.));
#16505 = DIRECTION('',(1.110223024625E-16,1.,0.));
#16506 = DEFINITIONAL_REPRESENTATION('',(#16507),#16511);
#16507 = LINE('',#16508,#16509);
#16508 = CARTESIAN_POINT('',(0.,1.10725E+03));
#16509 = VECTOR('',#16510,1.);
#16510 = DIRECTION('',(0.,1.));
#16511 = ( GEOMETRIC_REPRESENTATION_CONTEXT(2) 
PARAMETRIC_REPRESENTATION_CONTEXT() REPRESENTATION_CONTEXT('2D SPACE',''
  ) );
#16512 = PCURVE('',#16513,#16518);
#16513 = PLANE('',#16514);
#16514 = AXIS2_PLACEMENT_3D('',#16515,#16516,#16517);
#16515 = CARTESIAN_POINT('',(645.4,1.4518E+03,1.395E+03));
#16516 = DIRECTION('',(-1.110223024625E-16,-1.,0.));
#16517 = DIRECTION('',(1.,-1.110223024625E-16,0.));
#16518 = DEFINITIONAL_REPRESENTATION('',(#16519),#16523);
#16519 = LINE('',#16520,#16521);
#16520 = CARTESIAN_POINT('',(8.,1.10725E+03));
#16521 = VECTOR('',#16522,1.);
#16522 = DIRECTION('',(0.,1.));
#16523 = ( GEOMETRIC_REPRESENTATION_CONTEXT(2) 
PARAMETRIC_REPRESENTATION_CONTEXT() REPRESENTATION_CONTEXT('2D SPACE',''
  ) );
#16524 = ORIENTED_EDGE('',*,*,#16525,.T.);
#16525 = EDGE_CURVE('',#16491,#16526,#16528,.T.);
#16526 = VERTEX_POINT('',#16527);
#16527 = CARTESIAN_POINT('',(653.4,1.4878E+03,1.395E+03));
#16528 = SURFACE_CURVE('',#16529,(#16533,#16540),.PCURVE_S1.);
#16529 = LINE('',#16530,#16531);
#16530 = CARTESIAN_POINT('',(653.4,1.4698E+03,1.395E+03));
#16531 = VECTOR('',#16532,1.);
#16532 = DIRECTION('',(1.110223024625E-16,1.,0.));
#16533 = PCURVE('',#16501,#16534);
#16534 = DEFINITIONAL_REPRESENTATION('',(#16535),#16539);
#16535 = LINE('',#16536,#16537);
#16536 = CARTESIAN_POINT('',(18.,0.));
#16537 = VECTOR('',#16538,1.);
#16538 = DIRECTION('',(1.,0.));
#16539 = ( GEOMETRIC_REPRESENTATION_CONTEXT(2) 
PARAMETRIC_REPRESENTATION_CONTEXT() REPRESENTATION_CONTEXT('2D SPACE',''
  ) );
#16540 = PCURVE('',#16541,#16546);
#16541 = PLANE('',#16542);
#16542 = AXIS2_PLACEMENT_3D('',#16543,#16544,#16545);
#16543 = CARTESIAN_POINT('',(653.4,1.4518E+03,1.395E+03));
#16544 = DIRECTION('',(0.,0.,1.));
#16545 = DIRECTION('',(1.110223024625E-16,1.,0.));
#16546 = DEFINITIONAL_REPRESENTATION('',(#16547),#16551);
#16547 = LINE('',#16548,#16549);
#16548 = CARTESIAN_POINT('',(18.,1.998401444325E-15));
#16549 = VECTOR('',#16550,1.);
#16550 = DIRECTION('',(1.,0.));
#16551 = ( GEOMETRIC_REPRESENTATION_CONTEXT(2) 
PARAMETRIC_REPRESENTATION_CONTEXT() REPRESENTATION_CONTEXT('2D SPACE',''
  ) );
#16552 = ORIENTED_EDGE('',*,*,#16553,.T.);
#16553 = EDGE_CURVE('',#16526,#16554,#16556,.T.);
#16554 = VERTEX_POINT('',#16555);
#16555 = CARTESIAN_POINT('',(653.4,1.4878E+03,3.6095E+03));
#16556 = SURFACE_CURVE('',#16557,(#16561,#16568),.PCURVE_S1.);
#16557 = LINE('',#16558,#16559);
#16558 = CARTESIAN_POINT('',(653.4,1.4878E+03,2.50225E+03));
#16559 = VECTOR('',#16560,1.);
#16560 = DIRECTION('',(0.,0.,1.));
#16561 = PCURVE('',#16501,#16562);
#16562 = DEFINITIONAL_REPRESENTATION('',(#16563),#16567);
#16563 = LINE('',#16564,#16565);
#16564 = CARTESIAN_POINT('',(36.,1.10725E+03));
#16565 = VECTOR('',#16566,1.);
#16566 = DIRECTION('',(0.,1.));
#16567 = ( GEOMETRIC_REPRESENTATION_CONTEXT(2) 
PARAMETRIC_REPRESENTATION_CONTEXT() REPRESENTATION_CONTEXT('2D SPACE',''
  ) );
#16568 = PCURVE('',#16569,#16574);
#16569 = PLANE('',#16570);
#16570 = AXIS2_PLACEMENT_3D('',#16571,#16572,#16573);
#16571 = CARTESIAN_POINT('',(653.4,1.4878E+03,1.395E+03));
#16572 = DIRECTION('',(1.110223024625E-16,1.,0.));
#16573 = DIRECTION('',(-1.,1.110223024625E-16,0.));
#16574 = DEFINITIONAL_REPRESENTATION('',(#16575),#16579);
#16575 = LINE('',#16576,#16577);
#16576 = CARTESIAN_POINT('',(0.,1.10725E+03));
#16577 = VECTOR('',#16578,1.);
#16578 = DIRECTION('',(0.,1.));
#16579 = ( GEOMETRIC_REPRESENTATION_CONTEXT(2) 
PARAMETRIC_REPRESENTATION_CONTEXT() REPRESENTATION_CONTEXT('2D SPACE',''
  ) );
#16580 = ORIENTED_EDGE('',*,*,#16581,.F.);
#16581 = EDGE_CURVE('',#16493,#16554,#16582,.T.);
#16582 = SURFACE_CURVE('',#16583,(#16587,#16594),.PCURVE_S1.);
#16583 = LINE('',#16584,#16585);
#16584 = CARTESIAN_POINT('',(653.4,1.4698E+03,3.6095E+03));
#16585 = VECTOR('',#16586,1.);
#16586 = DIRECTION('',(1.110223024625E-16,1.,0.));
#16587 = PCURVE('',#16501,#16588);
#16588 = DEFINITIONAL_REPRESENTATION('',(#16589),#16593);
#16589 = LINE('',#16590,#16591);
#16590 = CARTESIAN_POINT('',(18.,2.2145E+03));
#16591 = VECTOR('',#16592,1.);
#16592 = DIRECTION('',(1.,0.));
#16593 = ( GEOMETRIC_REPRESENTATION_CONTEXT(2) 
PARAMETRIC_REPRESENTATION_CONTEXT() REPRESENTATION_CONTEXT('2D SPACE',''
  ) );
#16594 = PCURVE('',#16595,#16600);
#16595 = PLANE('',#16596);
#16596 = AXIS2_PLACEMENT_3D('',#16597,#16598,#16599);
#16597 = CARTESIAN_POINT('',(653.4,1.4518E+03,3.6095E+03));
#16598 = DIRECTION('',(0.,0.,1.));
#16599 = DIRECTION('',(1.110223024625E-16,1.,0.));
#16600 = DEFINITIONAL_REPRESENTATION('',(#16601),#16605);
#16601 = LINE('',#16602,#16603);
#16602 = CARTESIAN_POINT('',(18.,1.998401444325E-15));
#16603 = VECTOR('',#16604,1.);
#16604 = DIRECTION('',(1.,0.));
#16605 = ( GEOMETRIC_REPRESENTATION_CONTEXT(2) 
PARAMETRIC_REPRESENTATION_CONTEXT() REPRESENTATION_CONTEXT('2D SPACE',''
  ) );
#16606 = ADVANCED_FACE('',(#16607),#16569,.T.);
#16607 = FACE_BOUND('',#16608,.T.);
#16608 = EDGE_LOOP('',(#16609,#16610,#16633,#16661));
#16609 = ORIENTED_EDGE('',*,*,#16553,.F.);
#16610 = ORIENTED_EDGE('',*,*,#16611,.T.);
#16611 = EDGE_CURVE('',#16526,#16612,#16614,.T.);
#16612 = VERTEX_POINT('',#16613);
#16613 = CARTESIAN_POINT('',(645.4,1.4878E+03,1.395E+03));
#16614 = SURFACE_CURVE('',#16615,(#16619,#16626),.PCURVE_S1.);
#16615 = LINE('',#16616,#16617);
#16616 = CARTESIAN_POINT('',(649.4,1.4878E+03,1.395E+03));
#16617 = VECTOR('',#16618,1.);
#16618 = DIRECTION('',(-1.,1.110223024625E-16,0.));
#16619 = PCURVE('',#16569,#16620);
#16620 = DEFINITIONAL_REPRESENTATION('',(#16621),#16625);
#16621 = LINE('',#16622,#16623);
#16622 = CARTESIAN_POINT('',(4.,0.));
#16623 = VECTOR('',#16624,1.);
#16624 = DIRECTION('',(1.,0.));
#16625 = ( GEOMETRIC_REPRESENTATION_CONTEXT(2) 
PARAMETRIC_REPRESENTATION_CONTEXT() REPRESENTATION_CONTEXT('2D SPACE',''
  ) );
#16626 = PCURVE('',#16541,#16627);
#16627 = DEFINITIONAL_REPRESENTATION('',(#16628),#16632);
#16628 = LINE('',#16629,#16630);
#16629 = CARTESIAN_POINT('',(36.,4.));
#16630 = VECTOR('',#16631,1.);
#16631 = DIRECTION('',(0.,1.));
#16632 = ( GEOMETRIC_REPRESENTATION_CONTEXT(2) 
PARAMETRIC_REPRESENTATION_CONTEXT() REPRESENTATION_CONTEXT('2D SPACE',''
  ) );
#16633 = ORIENTED_EDGE('',*,*,#16634,.T.);
#16634 = EDGE_CURVE('',#16612,#16635,#16637,.T.);
#16635 = VERTEX_POINT('',#16636);
#16636 = CARTESIAN_POINT('',(645.4,1.4878E+03,3.6095E+03));
#16637 = SURFACE_CURVE('',#16638,(#16642,#16649),.PCURVE_S1.);
#16638 = LINE('',#16639,#16640);
#16639 = CARTESIAN_POINT('',(645.4,1.4878E+03,2.50225E+03));
#16640 = VECTOR('',#16641,1.);
#16641 = DIRECTION('',(0.,0.,1.));
#16642 = PCURVE('',#16569,#16643);
#16643 = DEFINITIONAL_REPRESENTATION('',(#16644),#16648);
#16644 = LINE('',#16645,#16646);
#16645 = CARTESIAN_POINT('',(8.,1.10725E+03));
#16646 = VECTOR('',#16647,1.);
#16647 = DIRECTION('',(0.,1.));
#16648 = ( GEOMETRIC_REPRESENTATION_CONTEXT(2) 
PARAMETRIC_REPRESENTATION_CONTEXT() REPRESENTATION_CONTEXT('2D SPACE',''
  ) );
#16649 = PCURVE('',#16650,#16655);
#16650 = PLANE('',#16651);
#16651 = AXIS2_PLACEMENT_3D('',#16652,#16653,#16654);
#16652 = CARTESIAN_POINT('',(645.4,1.4878E+03,1.395E+03));
#16653 = DIRECTION('',(-1.,1.110223024625E-16,0.));
#16654 = DIRECTION('',(-1.110223024625E-16,-1.,0.));
#16655 = DEFINITIONAL_REPRESENTATION('',(#16656),#16660);
#16656 = LINE('',#16657,#16658);
#16657 = CARTESIAN_POINT('',(0.,1.10725E+03));
#16658 = VECTOR('',#16659,1.);
#16659 = DIRECTION('',(0.,1.));
#16660 = ( GEOMETRIC_REPRESENTATION_CONTEXT(2) 
PARAMETRIC_REPRESENTATION_CONTEXT() REPRESENTATION_CONTEXT('2D SPACE',''
  ) );
#16661 = ORIENTED_EDGE('',*,*,#16662,.F.);
#16662 = EDGE_CURVE('',#16554,#16635,#16663,.T.);
#16663 = SURFACE_CURVE('',#16664,(#16668,#16675),.PCURVE_S1.);
#16664 = LINE('',#16665,#16666);
#16665 = CARTESIAN_POINT('',(649.4,1.4878E+03,3.6095E+03));
#16666 = VECTOR('',#16667,1.);
#16667 = DIRECTION('',(-1.,1.110223024625E-16,0.));
#16668 = PCURVE('',#16569,#16669);
#16669 = DEFINITIONAL_REPRESENTATION('',(#16670),#16674);
#16670 = LINE('',#16671,#16672);
#16671 = CARTESIAN_POINT('',(4.,2.2145E+03));
#16672 = VECTOR('',#16673,1.);
#16673 = DIRECTION('',(1.,0.));
#16674 = ( GEOMETRIC_REPRESENTATION_CONTEXT(2) 
PARAMETRIC_REPRESENTATION_CONTEXT() REPRESENTATION_CONTEXT('2D SPACE',''
  ) );
#16675 = PCURVE('',#16595,#16676);
#16676 = DEFINITIONAL_REPRESENTATION('',(#16677),#16681);
#16677 = LINE('',#16678,#16679);
#16678 = CARTESIAN_POINT('',(36.,4.));
#16679 = VECTOR('',#16680,1.);
#16680 = DIRECTION('',(0.,1.));
#16681 = ( GEOMETRIC_REPRESENTATION_CONTEXT(2) 
PARAMETRIC_REPRESENTATION_CONTEXT() REPRESENTATION_CONTEXT('2D SPACE',''
  ) );
#16682 = ADVANCED_FACE('',(#16683),#16650,.T.);
#16683 = FACE_BOUND('',#16684,.T.);
#16684 = EDGE_LOOP('',(#16685,#16686,#16709,#16732));
#16685 = ORIENTED_EDGE('',*,*,#16634,.F.);
#16686 = ORIENTED_EDGE('',*,*,#16687,.T.);
#16687 = EDGE_CURVE('',#16612,#16688,#16690,.T.);
#16688 = VERTEX_POINT('',#16689);
#16689 = CARTESIAN_POINT('',(645.4,1.4518E+03,1.395E+03));
#16690 = SURFACE_CURVE('',#16691,(#16695,#16702),.PCURVE_S1.);
#16691 = LINE('',#16692,#16693);
#16692 = CARTESIAN_POINT('',(645.4,1.4698E+03,1.395E+03));
#16693 = VECTOR('',#16694,1.);
#16694 = DIRECTION('',(-1.110223024625E-16,-1.,0.));
#16695 = PCURVE('',#16650,#16696);
#16696 = DEFINITIONAL_REPRESENTATION('',(#16697),#16701);
#16697 = LINE('',#16698,#16699);
#16698 = CARTESIAN_POINT('',(18.,0.));
#16699 = VECTOR('',#16700,1.);
#16700 = DIRECTION('',(1.,0.));
#16701 = ( GEOMETRIC_REPRESENTATION_CONTEXT(2) 
PARAMETRIC_REPRESENTATION_CONTEXT() REPRESENTATION_CONTEXT('2D SPACE',''
  ) );
#16702 = PCURVE('',#16541,#16703);
#16703 = DEFINITIONAL_REPRESENTATION('',(#16704),#16708);
#16704 = LINE('',#16705,#16706);
#16705 = CARTESIAN_POINT('',(18.,8.));
#16706 = VECTOR('',#16707,1.);
#16707 = DIRECTION('',(-1.,0.));
#16708 = ( GEOMETRIC_REPRESENTATION_CONTEXT(2) 
PARAMETRIC_REPRESENTATION_CONTEXT() REPRESENTATION_CONTEXT('2D SPACE',''
  ) );
#16709 = ORIENTED_EDGE('',*,*,#16710,.T.);
#16710 = EDGE_CURVE('',#16688,#16711,#16713,.T.);
#16711 = VERTEX_POINT('',#16712);
#16712 = CARTESIAN_POINT('',(645.4,1.4518E+03,3.6095E+03));
#16713 = SURFACE_CURVE('',#16714,(#16718,#16725),.PCURVE_S1.);
#16714 = LINE('',#16715,#16716);
#16715 = CARTESIAN_POINT('',(645.4,1.4518E+03,2.50225E+03));
#16716 = VECTOR('',#16717,1.);
#16717 = DIRECTION('',(0.,0.,1.));
#16718 = PCURVE('',#16650,#16719);
#16719 = DEFINITIONAL_REPRESENTATION('',(#16720),#16724);
#16720 = LINE('',#16721,#16722);
#16721 = CARTESIAN_POINT('',(36.,1.10725E+03));
#16722 = VECTOR('',#16723,1.);
#16723 = DIRECTION('',(0.,1.));
#16724 = ( GEOMETRIC_REPRESENTATION_CONTEXT(2) 
PARAMETRIC_REPRESENTATION_CONTEXT() REPRESENTATION_CONTEXT('2D SPACE',''
  ) );
#16725 = PCURVE('',#16513,#16726);
#16726 = DEFINITIONAL_REPRESENTATION('',(#16727),#16731);
#16727 = LINE('',#16728,#16729);
#16728 = CARTESIAN_POINT('',(0.,1.10725E+03));
#16729 = VECTOR('',#16730,1.);
#16730 = DIRECTION('',(0.,1.));
#16731 = ( GEOMETRIC_REPRESENTATION_CONTEXT(2) 
PARAMETRIC_REPRESENTATION_CONTEXT() REPRESENTATION_CONTEXT('2D SPACE',''
  ) );
#16732 = ORIENTED_EDGE('',*,*,#16733,.F.);
#16733 = EDGE_CURVE('',#16635,#16711,#16734,.T.);
#16734 = SURFACE_CURVE('',#16735,(#16739,#16746),.PCURVE_S1.);
#16735 = LINE('',#16736,#16737);
#16736 = CARTESIAN_POINT('',(645.4,1.4698E+03,3.6095E+03));
#16737 = VECTOR('',#16738,1.);
#16738 = DIRECTION('',(-1.110223024625E-16,-1.,0.));
#16739 = PCURVE('',#16650,#16740);
#16740 = DEFINITIONAL_REPRESENTATION('',(#16741),#16745);
#16741 = LINE('',#16742,#16743);
#16742 = CARTESIAN_POINT('',(18.,2.2145E+03));
#16743 = VECTOR('',#16744,1.);
#16744 = DIRECTION('',(1.,0.));
#16745 = ( GEOMETRIC_REPRESENTATION_CONTEXT(2) 
PARAMETRIC_REPRESENTATION_CONTEXT() REPRESENTATION_CONTEXT('2D SPACE',''
  ) );
#16746 = PCURVE('',#16595,#16747);
#16747 = DEFINITIONAL_REPRESENTATION('',(#16748),#16752);
#16748 = LINE('',#16749,#16750);
#16749 = CARTESIAN_POINT('',(18.,8.));
#16750 = VECTOR('',#16751,1.);
#16751 = DIRECTION('',(-1.,0.));
#16752 = ( GEOMETRIC_REPRESENTATION_CONTEXT(2) 
PARAMETRIC_REPRESENTATION_CONTEXT() REPRESENTATION_CONTEXT('2D SPACE',''
  ) );
#16753 = ADVANCED_FACE('',(#16754),#16513,.T.);
#16754 = FACE_BOUND('',#16755,.T.);
#16755 = EDGE_LOOP('',(#16756,#16757,#16778,#16779));
#16756 = ORIENTED_EDGE('',*,*,#16710,.F.);
#16757 = ORIENTED_EDGE('',*,*,#16758,.T.);
#16758 = EDGE_CURVE('',#16688,#16491,#16759,.T.);
#16759 = SURFACE_CURVE('',#16760,(#16764,#16771),.PCURVE_S1.);
#16760 = LINE('',#16761,#16762);
#16761 = CARTESIAN_POINT('',(649.4,1.4518E+03,1.395E+03));
#16762 = VECTOR('',#16763,1.);
#16763 = DIRECTION('',(1.,-1.110223024625E-16,0.));
#16764 = PCURVE('',#16513,#16765);
#16765 = DEFINITIONAL_REPRESENTATION('',(#16766),#16770);
#16766 = LINE('',#16767,#16768);
#16767 = CARTESIAN_POINT('',(4.,0.));
#16768 = VECTOR('',#16769,1.);
#16769 = DIRECTION('',(1.,0.));
#16770 = ( GEOMETRIC_REPRESENTATION_CONTEXT(2) 
PARAMETRIC_REPRESENTATION_CONTEXT() REPRESENTATION_CONTEXT('2D SPACE',''
  ) );
#16771 = PCURVE('',#16541,#16772);
#16772 = DEFINITIONAL_REPRESENTATION('',(#16773),#16777);
#16773 = LINE('',#16774,#16775);
#16774 = CARTESIAN_POINT('',(-4.440892098501E-16,4.));
#16775 = VECTOR('',#16776,1.);
#16776 = DIRECTION('',(0.,-1.));
#16777 = ( GEOMETRIC_REPRESENTATION_CONTEXT(2) 
PARAMETRIC_REPRESENTATION_CONTEXT() REPRESENTATION_CONTEXT('2D SPACE',''
  ) );
#16778 = ORIENTED_EDGE('',*,*,#16490,.T.);
#16779 = ORIENTED_EDGE('',*,*,#16780,.F.);
#16780 = EDGE_CURVE('',#16711,#16493,#16781,.T.);
#16781 = SURFACE_CURVE('',#16782,(#16786,#16793),.PCURVE_S1.);
#16782 = LINE('',#16783,#16784);
#16783 = CARTESIAN_POINT('',(649.4,1.4518E+03,3.6095E+03));
#16784 = VECTOR('',#16785,1.);
#16785 = DIRECTION('',(1.,-1.110223024625E-16,0.));
#16786 = PCURVE('',#16513,#16787);
#16787 = DEFINITIONAL_REPRESENTATION('',(#16788),#16792);
#16788 = LINE('',#16789,#16790);
#16789 = CARTESIAN_POINT('',(4.,2.2145E+03));
#16790 = VECTOR('',#16791,1.);
#16791 = DIRECTION('',(1.,0.));
#16792 = ( GEOMETRIC_REPRESENTATION_CONTEXT(2) 
PARAMETRIC_REPRESENTATION_CONTEXT() REPRESENTATION_CONTEXT('2D SPACE',''
  ) );
#16793 = PCURVE('',#16595,#16794);
#16794 = DEFINITIONAL_REPRESENTATION('',(#16795),#16799);
#16795 = LINE('',#16796,#16797);
#16796 = CARTESIAN_POINT('',(-4.440892098501E-16,4.));
#16797 = VECTOR('',#16798,1.);
#16798 = DIRECTION('',(0.,-1.));
#16799 = ( GEOMETRIC_REPRESENTATION_CONTEXT(2) 
PARAMETRIC_REPRESENTATION_CONTEXT() REPRESENTATION_CONTEXT('2D SPACE',''
  ) );
#16800 = ADVANCED_FACE('',(#16801),#16541,.F.);
#16801 = FACE_BOUND('',#16802,.T.);
#16802 = EDGE_LOOP('',(#16803,#16804,#16805,#16806));
#16803 = ORIENTED_EDGE('',*,*,#16758,.F.);
#16804 = ORIENTED_EDGE('',*,*,#16687,.F.);
#16805 = ORIENTED_EDGE('',*,*,#16611,.F.);
#16806 = ORIENTED_EDGE('',*,*,#16525,.F.);
#16807 = ADVANCED_FACE('',(#16808),#16595,.T.);
#16808 = FACE_BOUND('',#16809,.T.);
#16809 = EDGE_LOOP('',(#16810,#16811,#16812,#16813));
#16810 = ORIENTED_EDGE('',*,*,#16581,.T.);
#16811 = ORIENTED_EDGE('',*,*,#16662,.T.);
#16812 = ORIENTED_EDGE('',*,*,#16733,.T.);
#16813 = ORIENTED_EDGE('',*,*,#16780,.T.);
#16814 = ( GEOMETRIC_REPRESENTATION_CONTEXT(3) 
GLOBAL_UNCERTAINTY_ASSIGNED_CONTEXT((#16818)) 
GLOBAL_UNIT_ASSIGNED_CONTEXT((#16815,#16816,#16817)) 
REPRESENTATION_CONTEXT('Context #1',
  '3D Context with UNIT and UNCERTAINTY') );
#16815 = ( LENGTH_UNIT() NAMED_UNIT(*) SI_UNIT(.MILLI.,.METRE.) );
#16816 = ( NAMED_UNIT(*) PLANE_ANGLE_UNIT() SI_UNIT($,.RADIAN.) );
#16817 = ( NAMED_UNIT(*) SI_UNIT($,.STERADIAN.) SOLID_ANGLE_UNIT() );
#16818 = UNCERTAINTY_MEASURE_WITH_UNIT(LENGTH_MEASURE(1.E-07),#16815,
  'distance_accuracy_value','confusion accuracy');
#16819 = CONTEXT_DEPENDENT_SHAPE_REPRESENTATION(#16820,#16822);
#16820 = ( REPRESENTATION_RELATIONSHIP('','',#16483,#10) 
REPRESENTATION_RELATIONSHIP_WITH_TRANSFORMATION(#16821) 
SHAPE_REPRESENTATION_RELATIONSHIP() );
#16821 = ITEM_DEFINED_TRANSFORMATION('','',#11,#187);
#16822 = PRODUCT_DEFINITION_SHAPE('Placement','Placement of an item',
  #16823);
#16823 = NEXT_ASSEMBLY_USAGE_OCCURRENCE('295','','',#5,#16478,$);
#16824 = PRODUCT_RELATED_PRODUCT_CATEGORY('part',$,(#16480));
#16825 = SHAPE_DEFINITION_REPRESENTATION(#16826,#16832);
#16826 = PRODUCT_DEFINITION_SHAPE('','',#16827);
#16827 = PRODUCT_DEFINITION('design','',#16828,#16831);
#16828 = PRODUCT_DEFINITION_FORMATION('','',#16829);
#16829 = PRODUCT('Open CASCADE STEP translator 7.9 4.45',
  'Open CASCADE STEP translator 7.9 4.45','',(#16830));
#16830 = PRODUCT_CONTEXT('',#2,'mechanical');
#16831 = PRODUCT_DEFINITION_CONTEXT('part definition',#2,'design');
#16832 = ADVANCED_BREP_SHAPE_REPRESENTATION('',(#11,#16833),#17163);
#16833 = MANIFOLD_SOLID_BREP('',#16834);
#16834 = CLOSED_SHELL('',(#16835,#16955,#17031,#17102,#17149,#17156));
#16835 = ADVANCED_FACE('',(#16836),#16850,.T.);
#16836 = FACE_BOUND('',#16837,.T.);
#16837 = EDGE_LOOP('',(#16838,#16873,#16901,#16929));
#16838 = ORIENTED_EDGE('',*,*,#16839,.F.);
#16839 = EDGE_CURVE('',#16840,#16842,#16844,.T.);
#16840 = VERTEX_POINT('',#16841);
#16841 = CARTESIAN_POINT('',(-1.0786E+03,3.1838E+03,1.395E+03));
#16842 = VERTEX_POINT('',#16843);
#16843 = CARTESIAN_POINT('',(-1.0786E+03,3.1838E+03,3.6095E+03));
#16844 = SURFACE_CURVE('',#16845,(#16849,#16861),.PCURVE_S1.);
#16845 = LINE('',#16846,#16847);
#16846 = CARTESIAN_POINT('',(-1.0786E+03,3.1838E+03,2.50225E+03));
#16847 = VECTOR('',#16848,1.);
#16848 = DIRECTION('',(0.,0.,1.));
#16849 = PCURVE('',#16850,#16855);
#16850 = PLANE('',#16851);
#16851 = AXIS2_PLACEMENT_3D('',#16852,#16853,#16854);
#16852 = CARTESIAN_POINT('',(-1.0786E+03,3.1838E+03,1.395E+03));
#16853 = DIRECTION('',(1.,-1.110223024625E-16,0.));
#16854 = DIRECTION('',(1.110223024625E-16,1.,0.));
#16855 = DEFINITIONAL_REPRESENTATION('',(#16856),#16860);
#16856 = LINE('',#16857,#16858);
#16857 = CARTESIAN_POINT('',(0.,1.10725E+03));
#16858 = VECTOR('',#16859,1.);
#16859 = DIRECTION('',(0.,1.));
#16860 = ( GEOMETRIC_REPRESENTATION_CONTEXT(2) 
PARAMETRIC_REPRESENTATION_CONTEXT() REPRESENTATION_CONTEXT('2D SPACE',''
  ) );
#16861 = PCURVE('',#16862,#16867);
#16862 = PLANE('',#16863);
#16863 = AXIS2_PLACEMENT_3D('',#16864,#16865,#16866);
#16864 = CARTESIAN_POINT('',(-1.0866E+03,3.1838E+03,1.395E+03));
#16865 = DIRECTION('',(-1.110223024625E-16,-1.,0.));
#16866 = DIRECTION('',(1.,-1.110223024625E-16,0.));
#16867 = DEFINITIONAL_REPRESENTATION('',(#16868),#16872);
#16868 = LINE('',#16869,#16870);
#16869 = CARTESIAN_POINT('',(8.,1.10725E+03));
#16870 = VECTOR('',#16871,1.);
#16871 = DIRECTION('',(0.,1.));
#16872 = ( GEOMETRIC_REPRESENTATION_CONTEXT(2) 
PARAMETRIC_REPRESENTATION_CONTEXT() REPRESENTATION_CONTEXT('2D SPACE',''
  ) );
#16873 = ORIENTED_EDGE('',*,*,#16874,.T.);
#16874 = EDGE_CURVE('',#16840,#16875,#16877,.T.);
#16875 = VERTEX_POINT('',#16876);
#16876 = CARTESIAN_POINT('',(-1.0786E+03,3.2198E+03,1.395E+03));
#16877 = SURFACE_CURVE('',#16878,(#16882,#16889),.PCURVE_S1.);
#16878 = LINE('',#16879,#16880);
#16879 = CARTESIAN_POINT('',(-1.0786E+03,3.2018E+03,1.395E+03));
#16880 = VECTOR('',#16881,1.);
#16881 = DIRECTION('',(1.110223024625E-16,1.,0.));
#16882 = PCURVE('',#16850,#16883);
#16883 = DEFINITIONAL_REPRESENTATION('',(#16884),#16888);
#16884 = LINE('',#16885,#16886);
#16885 = CARTESIAN_POINT('',(18.,0.));
#16886 = VECTOR('',#16887,1.);
#16887 = DIRECTION('',(1.,0.));
#16888 = ( GEOMETRIC_REPRESENTATION_CONTEXT(2) 
PARAMETRIC_REPRESENTATION_CONTEXT() REPRESENTATION_CONTEXT('2D SPACE',''
  ) );
#16889 = PCURVE('',#16890,#16895);
#16890 = PLANE('',#16891);
#16891 = AXIS2_PLACEMENT_3D('',#16892,#16893,#16894);
#16892 = CARTESIAN_POINT('',(-1.0786E+03,3.1838E+03,1.395E+03));
#16893 = DIRECTION('',(0.,0.,1.));
#16894 = DIRECTION('',(1.110223024625E-16,1.,0.));
#16895 = DEFINITIONAL_REPRESENTATION('',(#16896),#16900);
#16896 = LINE('',#16897,#16898);
#16897 = CARTESIAN_POINT('',(18.,1.998401444325E-15));
#16898 = VECTOR('',#16899,1.);
#16899 = DIRECTION('',(1.,0.));
#16900 = ( GEOMETRIC_REPRESENTATION_CONTEXT(2) 
PARAMETRIC_REPRESENTATION_CONTEXT() REPRESENTATION_CONTEXT('2D SPACE',''
  ) );
#16901 = ORIENTED_EDGE('',*,*,#16902,.T.);
#16902 = EDGE_CURVE('',#16875,#16903,#16905,.T.);
#16903 = VERTEX_POINT('',#16904);
#16904 = CARTESIAN_POINT('',(-1.0786E+03,3.2198E+03,3.6095E+03));
#16905 = SURFACE_CURVE('',#16906,(#16910,#16917),.PCURVE_S1.);
#16906 = LINE('',#16907,#16908);
#16907 = CARTESIAN_POINT('',(-1.0786E+03,3.2198E+03,2.50225E+03));
#16908 = VECTOR('',#16909,1.);
#16909 = DIRECTION('',(0.,0.,1.));
#16910 = PCURVE('',#16850,#16911);
#16911 = DEFINITIONAL_REPRESENTATION('',(#16912),#16916);
#16912 = LINE('',#16913,#16914);
#16913 = CARTESIAN_POINT('',(36.,1.10725E+03));
#16914 = VECTOR('',#16915,1.);
#16915 = DIRECTION('',(0.,1.));
#16916 = ( GEOMETRIC_REPRESENTATION_CONTEXT(2) 
PARAMETRIC_REPRESENTATION_CONTEXT() REPRESENTATION_CONTEXT('2D SPACE',''
  ) );
#16917 = PCURVE('',#16918,#16923);
#16918 = PLANE('',#16919);
#16919 = AXIS2_PLACEMENT_3D('',#16920,#16921,#16922);
#16920 = CARTESIAN_POINT('',(-1.0786E+03,3.2198E+03,1.395E+03));
#16921 = DIRECTION('',(1.110223024625E-16,1.,0.));
#16922 = DIRECTION('',(-1.,1.110223024625E-16,0.));
#16923 = DEFINITIONAL_REPRESENTATION('',(#16924),#16928);
#16924 = LINE('',#16925,#16926);
#16925 = CARTESIAN_POINT('',(0.,1.10725E+03));
#16926 = VECTOR('',#16927,1.);
#16927 = DIRECTION('',(0.,1.));
#16928 = ( GEOMETRIC_REPRESENTATION_CONTEXT(2) 
PARAMETRIC_REPRESENTATION_CONTEXT() REPRESENTATION_CONTEXT('2D SPACE',''
  ) );
#16929 = ORIENTED_EDGE('',*,*,#16930,.F.);
#16930 = EDGE_CURVE('',#16842,#16903,#16931,.T.);
#16931 = SURFACE_CURVE('',#16932,(#16936,#16943),.PCURVE_S1.);
#16932 = LINE('',#16933,#16934);
#16933 = CARTESIAN_POINT('',(-1.0786E+03,3.2018E+03,3.6095E+03));
#16934 = VECTOR('',#16935,1.);
#16935 = DIRECTION('',(1.110223024625E-16,1.,0.));
#16936 = PCURVE('',#16850,#16937);
#16937 = DEFINITIONAL_REPRESENTATION('',(#16938),#16942);
#16938 = LINE('',#16939,#16940);
#16939 = CARTESIAN_POINT('',(18.,2.2145E+03));
#16940 = VECTOR('',#16941,1.);
#16941 = DIRECTION('',(1.,0.));
#16942 = ( GEOMETRIC_REPRESENTATION_CONTEXT(2) 
PARAMETRIC_REPRESENTATION_CONTEXT() REPRESENTATION_CONTEXT('2D SPACE',''
  ) );
#16943 = PCURVE('',#16944,#16949);
#16944 = PLANE('',#16945);
#16945 = AXIS2_PLACEMENT_3D('',#16946,#16947,#16948);
#16946 = CARTESIAN_POINT('',(-1.0786E+03,3.1838E+03,3.6095E+03));
#16947 = DIRECTION('',(0.,0.,1.));
#16948 = DIRECTION('',(1.110223024625E-16,1.,0.));
#16949 = DEFINITIONAL_REPRESENTATION('',(#16950),#16954);
#16950 = LINE('',#16951,#16952);
#16951 = CARTESIAN_POINT('',(18.,1.998401444325E-15));
#16952 = VECTOR('',#16953,1.);
#16953 = DIRECTION('',(1.,0.));
#16954 = ( GEOMETRIC_REPRESENTATION_CONTEXT(2) 
PARAMETRIC_REPRESENTATION_CONTEXT() REPRESENTATION_CONTEXT('2D SPACE',''
  ) );
#16955 = ADVANCED_FACE('',(#16956),#16918,.T.);
#16956 = FACE_BOUND('',#16957,.T.);
#16957 = EDGE_LOOP('',(#16958,#16959,#16982,#17010));
#16958 = ORIENTED_EDGE('',*,*,#16902,.F.);
#16959 = ORIENTED_EDGE('',*,*,#16960,.T.);
#16960 = EDGE_CURVE('',#16875,#16961,#16963,.T.);
#16961 = VERTEX_POINT('',#16962);
#16962 = CARTESIAN_POINT('',(-1.0866E+03,3.2198E+03,1.395E+03));
#16963 = SURFACE_CURVE('',#16964,(#16968,#16975),.PCURVE_S1.);
#16964 = LINE('',#16965,#16966);
#16965 = CARTESIAN_POINT('',(-1.0826E+03,3.2198E+03,1.395E+03));
#16966 = VECTOR('',#16967,1.);
#16967 = DIRECTION('',(-1.,1.110223024625E-16,0.));
#16968 = PCURVE('',#16918,#16969);
#16969 = DEFINITIONAL_REPRESENTATION('',(#16970),#16974);
#16970 = LINE('',#16971,#16972);
#16971 = CARTESIAN_POINT('',(4.,0.));
#16972 = VECTOR('',#16973,1.);
#16973 = DIRECTION('',(1.,0.));
#16974 = ( GEOMETRIC_REPRESENTATION_CONTEXT(2) 
PARAMETRIC_REPRESENTATION_CONTEXT() REPRESENTATION_CONTEXT('2D SPACE',''
  ) );
#16975 = PCURVE('',#16890,#16976);
#16976 = DEFINITIONAL_REPRESENTATION('',(#16977),#16981);
#16977 = LINE('',#16978,#16979);
#16978 = CARTESIAN_POINT('',(36.,4.));
#16979 = VECTOR('',#16980,1.);
#16980 = DIRECTION('',(0.,1.));
#16981 = ( GEOMETRIC_REPRESENTATION_CONTEXT(2) 
PARAMETRIC_REPRESENTATION_CONTEXT() REPRESENTATION_CONTEXT('2D SPACE',''
  ) );
#16982 = ORIENTED_EDGE('',*,*,#16983,.T.);
#16983 = EDGE_CURVE('',#16961,#16984,#16986,.T.);
#16984 = VERTEX_POINT('',#16985);
#16985 = CARTESIAN_POINT('',(-1.0866E+03,3.2198E+03,3.6095E+03));
#16986 = SURFACE_CURVE('',#16987,(#16991,#16998),.PCURVE_S1.);
#16987 = LINE('',#16988,#16989);
#16988 = CARTESIAN_POINT('',(-1.0866E+03,3.2198E+03,2.50225E+03));
#16989 = VECTOR('',#16990,1.);
#16990 = DIRECTION('',(0.,0.,1.));
#16991 = PCURVE('',#16918,#16992);
#16992 = DEFINITIONAL_REPRESENTATION('',(#16993),#16997);
#16993 = LINE('',#16994,#16995);
#16994 = CARTESIAN_POINT('',(8.,1.10725E+03));
#16995 = VECTOR('',#16996,1.);
#16996 = DIRECTION('',(0.,1.));
#16997 = ( GEOMETRIC_REPRESENTATION_CONTEXT(2) 
PARAMETRIC_REPRESENTATION_CONTEXT() REPRESENTATION_CONTEXT('2D SPACE',''
  ) );
#16998 = PCURVE('',#16999,#17004);
#16999 = PLANE('',#17000);
#17000 = AXIS2_PLACEMENT_3D('',#17001,#17002,#17003);
#17001 = CARTESIAN_POINT('',(-1.0866E+03,3.2198E+03,1.395E+03));
#17002 = DIRECTION('',(-1.,1.110223024625E-16,0.));
#17003 = DIRECTION('',(-1.110223024625E-16,-1.,0.));
#17004 = DEFINITIONAL_REPRESENTATION('',(#17005),#17009);
#17005 = LINE('',#17006,#17007);
#17006 = CARTESIAN_POINT('',(0.,1.10725E+03));
#17007 = VECTOR('',#17008,1.);
#17008 = DIRECTION('',(0.,1.));
#17009 = ( GEOMETRIC_REPRESENTATION_CONTEXT(2) 
PARAMETRIC_REPRESENTATION_CONTEXT() REPRESENTATION_CONTEXT('2D SPACE',''
  ) );
#17010 = ORIENTED_EDGE('',*,*,#17011,.F.);
#17011 = EDGE_CURVE('',#16903,#16984,#17012,.T.);
#17012 = SURFACE_CURVE('',#17013,(#17017,#17024),.PCURVE_S1.);
#17013 = LINE('',#17014,#17015);
#17014 = CARTESIAN_POINT('',(-1.0826E+03,3.2198E+03,3.6095E+03));
#17015 = VECTOR('',#17016,1.);
#17016 = DIRECTION('',(-1.,1.110223024625E-16,0.));
#17017 = PCURVE('',#16918,#17018);
#17018 = DEFINITIONAL_REPRESENTATION('',(#17019),#17023);
#17019 = LINE('',#17020,#17021);
#17020 = CARTESIAN_POINT('',(4.,2.2145E+03));
#17021 = VECTOR('',#17022,1.);
#17022 = DIRECTION('',(1.,0.));
#17023 = ( GEOMETRIC_REPRESENTATION_CONTEXT(2) 
PARAMETRIC_REPRESENTATION_CONTEXT() REPRESENTATION_CONTEXT('2D SPACE',''
  ) );
#17024 = PCURVE('',#16944,#17025);
#17025 = DEFINITIONAL_REPRESENTATION('',(#17026),#17030);
#17026 = LINE('',#17027,#17028);
#17027 = CARTESIAN_POINT('',(36.,4.));
#17028 = VECTOR('',#17029,1.);
#17029 = DIRECTION('',(0.,1.));
#17030 = ( GEOMETRIC_REPRESENTATION_CONTEXT(2) 
PARAMETRIC_REPRESENTATION_CONTEXT() REPRESENTATION_CONTEXT('2D SPACE',''
  ) );
#17031 = ADVANCED_FACE('',(#17032),#16999,.T.);
#17032 = FACE_BOUND('',#17033,.T.);
#17033 = EDGE_LOOP('',(#17034,#17035,#17058,#17081));
#17034 = ORIENTED_EDGE('',*,*,#16983,.F.);
#17035 = ORIENTED_EDGE('',*,*,#17036,.T.);
#17036 = EDGE_CURVE('',#16961,#17037,#17039,.T.);
#17037 = VERTEX_POINT('',#17038);
#17038 = CARTESIAN_POINT('',(-1.0866E+03,3.1838E+03,1.395E+03));
#17039 = SURFACE_CURVE('',#17040,(#17044,#17051),.PCURVE_S1.);
#17040 = LINE('',#17041,#17042);
#17041 = CARTESIAN_POINT('',(-1.0866E+03,3.2018E+03,1.395E+03));
#17042 = VECTOR('',#17043,1.);
#17043 = DIRECTION('',(-1.110223024625E-16,-1.,0.));
#17044 = PCURVE('',#16999,#17045);
#17045 = DEFINITIONAL_REPRESENTATION('',(#17046),#17050);
#17046 = LINE('',#17047,#17048);
#17047 = CARTESIAN_POINT('',(18.,0.));
#17048 = VECTOR('',#17049,1.);
#17049 = DIRECTION('',(1.,0.));
#17050 = ( GEOMETRIC_REPRESENTATION_CONTEXT(2) 
PARAMETRIC_REPRESENTATION_CONTEXT() REPRESENTATION_CONTEXT('2D SPACE',''
  ) );
#17051 = PCURVE('',#16890,#17052);
#17052 = DEFINITIONAL_REPRESENTATION('',(#17053),#17057);
#17053 = LINE('',#17054,#17055);
#17054 = CARTESIAN_POINT('',(18.,8.));
#17055 = VECTOR('',#17056,1.);
#17056 = DIRECTION('',(-1.,0.));
#17057 = ( GEOMETRIC_REPRESENTATION_CONTEXT(2) 
PARAMETRIC_REPRESENTATION_CONTEXT() REPRESENTATION_CONTEXT('2D SPACE',''
  ) );
#17058 = ORIENTED_EDGE('',*,*,#17059,.T.);
#17059 = EDGE_CURVE('',#17037,#17060,#17062,.T.);
#17060 = VERTEX_POINT('',#17061);
#17061 = CARTESIAN_POINT('',(-1.0866E+03,3.1838E+03,3.6095E+03));
#17062 = SURFACE_CURVE('',#17063,(#17067,#17074),.PCURVE_S1.);
#17063 = LINE('',#17064,#17065);
#17064 = CARTESIAN_POINT('',(-1.0866E+03,3.1838E+03,2.50225E+03));
#17065 = VECTOR('',#17066,1.);
#17066 = DIRECTION('',(0.,0.,1.));
#17067 = PCURVE('',#16999,#17068);
#17068 = DEFINITIONAL_REPRESENTATION('',(#17069),#17073);
#17069 = LINE('',#17070,#17071);
#17070 = CARTESIAN_POINT('',(36.,1.10725E+03));
#17071 = VECTOR('',#17072,1.);
#17072 = DIRECTION('',(0.,1.));
#17073 = ( GEOMETRIC_REPRESENTATION_CONTEXT(2) 
PARAMETRIC_REPRESENTATION_CONTEXT() REPRESENTATION_CONTEXT('2D SPACE',''
  ) );
#17074 = PCURVE('',#16862,#17075);
#17075 = DEFINITIONAL_REPRESENTATION('',(#17076),#17080);
#17076 = LINE('',#17077,#17078);
#17077 = CARTESIAN_POINT('',(0.,1.10725E+03));
#17078 = VECTOR('',#17079,1.);
#17079 = DIRECTION('',(0.,1.));
#17080 = ( GEOMETRIC_REPRESENTATION_CONTEXT(2) 
PARAMETRIC_REPRESENTATION_CONTEXT() REPRESENTATION_CONTEXT('2D SPACE',''
  ) );
#17081 = ORIENTED_EDGE('',*,*,#17082,.F.);
#17082 = EDGE_CURVE('',#16984,#17060,#17083,.T.);
#17083 = SURFACE_CURVE('',#17084,(#17088,#17095),.PCURVE_S1.);
#17084 = LINE('',#17085,#17086);
#17085 = CARTESIAN_POINT('',(-1.0866E+03,3.2018E+03,3.6095E+03));
#17086 = VECTOR('',#17087,1.);
#17087 = DIRECTION('',(-1.110223024625E-16,-1.,0.));
#17088 = PCURVE('',#16999,#17089);
#17089 = DEFINITIONAL_REPRESENTATION('',(#17090),#17094);
#17090 = LINE('',#17091,#17092);
#17091 = CARTESIAN_POINT('',(18.,2.2145E+03));
#17092 = VECTOR('',#17093,1.);
#17093 = DIRECTION('',(1.,0.));
#17094 = ( GEOMETRIC_REPRESENTATION_CONTEXT(2) 
PARAMETRIC_REPRESENTATION_CONTEXT() REPRESENTATION_CONTEXT('2D SPACE',''
  ) );
#17095 = PCURVE('',#16944,#17096);
#17096 = DEFINITIONAL_REPRESENTATION('',(#17097),#17101);
#17097 = LINE('',#17098,#17099);
#17098 = CARTESIAN_POINT('',(18.,8.));
#17099 = VECTOR('',#17100,1.);
#17100 = DIRECTION('',(-1.,0.));
#17101 = ( GEOMETRIC_REPRESENTATION_CONTEXT(2) 
PARAMETRIC_REPRESENTATION_CONTEXT() REPRESENTATION_CONTEXT('2D SPACE',''
  ) );
#17102 = ADVANCED_FACE('',(#17103),#16862,.T.);
#17103 = FACE_BOUND('',#17104,.T.);
#17104 = EDGE_LOOP('',(#17105,#17106,#17127,#17128));
#17105 = ORIENTED_EDGE('',*,*,#17059,.F.);
#17106 = ORIENTED_EDGE('',*,*,#17107,.T.);
#17107 = EDGE_CURVE('',#17037,#16840,#17108,.T.);
#17108 = SURFACE_CURVE('',#17109,(#17113,#17120),.PCURVE_S1.);
#17109 = LINE('',#17110,#17111);
#17110 = CARTESIAN_POINT('',(-1.0826E+03,3.1838E+03,1.395E+03));
#17111 = VECTOR('',#17112,1.);
#17112 = DIRECTION('',(1.,-1.110223024625E-16,0.));
#17113 = PCURVE('',#16862,#17114);
#17114 = DEFINITIONAL_REPRESENTATION('',(#17115),#17119);
#17115 = LINE('',#17116,#17117);
#17116 = CARTESIAN_POINT('',(4.,0.));
#17117 = VECTOR('',#17118,1.);
#17118 = DIRECTION('',(1.,0.));
#17119 = ( GEOMETRIC_REPRESENTATION_CONTEXT(2) 
PARAMETRIC_REPRESENTATION_CONTEXT() REPRESENTATION_CONTEXT('2D SPACE',''
  ) );
#17120 = PCURVE('',#16890,#17121);
#17121 = DEFINITIONAL_REPRESENTATION('',(#17122),#17126);
#17122 = LINE('',#17123,#17124);
#17123 = CARTESIAN_POINT('',(-4.440892098501E-16,4.));
#17124 = VECTOR('',#17125,1.);
#17125 = DIRECTION('',(0.,-1.));
#17126 = ( GEOMETRIC_REPRESENTATION_CONTEXT(2) 
PARAMETRIC_REPRESENTATION_CONTEXT() REPRESENTATION_CONTEXT('2D SPACE',''
  ) );
#17127 = ORIENTED_EDGE('',*,*,#16839,.T.);
#17128 = ORIENTED_EDGE('',*,*,#17129,.F.);
#17129 = EDGE_CURVE('',#17060,#16842,#17130,.T.);
#17130 = SURFACE_CURVE('',#17131,(#17135,#17142),.PCURVE_S1.);
#17131 = LINE('',#17132,#17133);
#17132 = CARTESIAN_POINT('',(-1.0826E+03,3.1838E+03,3.6095E+03));
#17133 = VECTOR('',#17134,1.);
#17134 = DIRECTION('',(1.,-1.110223024625E-16,0.));
#17135 = PCURVE('',#16862,#17136);
#17136 = DEFINITIONAL_REPRESENTATION('',(#17137),#17141);
#17137 = LINE('',#17138,#17139);
#17138 = CARTESIAN_POINT('',(4.,2.2145E+03));
#17139 = VECTOR('',#17140,1.);
#17140 = DIRECTION('',(1.,0.));
#17141 = ( GEOMETRIC_REPRESENTATION_CONTEXT(2) 
PARAMETRIC_REPRESENTATION_CONTEXT() REPRESENTATION_CONTEXT('2D SPACE',''
  ) );
#17142 = PCURVE('',#16944,#17143);
#17143 = DEFINITIONAL_REPRESENTATION('',(#17144),#17148);
#17144 = LINE('',#17145,#17146);
#17145 = CARTESIAN_POINT('',(-4.440892098501E-16,4.));
#17146 = VECTOR('',#17147,1.);
#17147 = DIRECTION('',(0.,-1.));
#17148 = ( GEOMETRIC_REPRESENTATION_CONTEXT(2) 
PARAMETRIC_REPRESENTATION_CONTEXT() REPRESENTATION_CONTEXT('2D SPACE',''
  ) );
#17149 = ADVANCED_FACE('',(#17150),#16890,.F.);
#17150 = FACE_BOUND('',#17151,.T.);
#17151 = EDGE_LOOP('',(#17152,#17153,#17154,#17155));
#17152 = ORIENTED_EDGE('',*,*,#17107,.F.);
#17153 = ORIENTED_EDGE('',*,*,#17036,.F.);
#17154 = ORIENTED_EDGE('',*,*,#16960,.F.);
#17155 = ORIENTED_EDGE('',*,*,#16874,.F.);
#17156 = ADVANCED_FACE('',(#17157),#16944,.T.);
#17157 = FACE_BOUND('',#17158,.T.);
#17158 = EDGE_LOOP('',(#17159,#17160,#17161,#17162));
#17159 = ORIENTED_EDGE('',*,*,#16930,.T.);
#17160 = ORIENTED_EDGE('',*,*,#17011,.T.);
#17161 = ORIENTED_EDGE('',*,*,#17082,.T.);
#17162 = ORIENTED_EDGE('',*,*,#17129,.T.);
#17163 = ( GEOMETRIC_REPRESENTATION_CONTEXT(3) 
GLOBAL_UNCERTAINTY_ASSIGNED_CONTEXT((#17167)) 
GLOBAL_UNIT_ASSIGNED_CONTEXT((#17164,#17165,#17166)) 
REPRESENTATION_CONTEXT('Context #1',
  '3D Context with UNIT and UNCERTAINTY') );
#17164 = ( LENGTH_UNIT() NAMED_UNIT(*) SI_UNIT(.MILLI.,.METRE.) );
#17165 = ( NAMED_UNIT(*) PLANE_ANGLE_UNIT() SI_UNIT($,.RADIAN.) );
#17166 = ( NAMED_UNIT(*) SI_UNIT($,.STERADIAN.) SOLID_ANGLE_UNIT() );
#17167 = UNCERTAINTY_MEASURE_WITH_UNIT(LENGTH_MEASURE(1.E-07),#17164,
  'distance_accuracy_value','confusion accuracy');
#17168 = CONTEXT_DEPENDENT_SHAPE_REPRESENTATION(#17169,#17171);
#17169 = ( REPRESENTATION_RELATIONSHIP('','',#16832,#10) 
REPRESENTATION_RELATIONSHIP_WITH_TRANSFORMATION(#17170) 
SHAPE_REPRESENTATION_RELATIONSHIP() );
#17170 = ITEM_DEFINED_TRANSFORMATION('','',#11,#191);
#17171 = PRODUCT_DEFINITION_SHAPE('Placement','Placement of an item',
  #17172);
#17172 = NEXT_ASSEMBLY_USAGE_OCCURRENCE('296','','',#5,#16827,$);
#17173 = PRODUCT_RELATED_PRODUCT_CATEGORY('part',$,(#16829));
#17174 = SHAPE_DEFINITION_REPRESENTATION(#17175,#17181);
#17175 = PRODUCT_DEFINITION_SHAPE('','',#17176);
#17176 = PRODUCT_DEFINITION('design','',#17177,#17180);
#17177 = PRODUCT_DEFINITION_FORMATION('','',#17178);
#17178 = PRODUCT('Open CASCADE STEP translator 7.9 4.46',
  'Open CASCADE STEP translator 7.9 4.46','',(#17179));
#17179 = PRODUCT_CONTEXT('',#2,'mechanical');
#17180 = PRODUCT_DEFINITION_CONTEXT('part definition',#2,'design');
#17181 = ADVANCED_BREP_SHAPE_REPRESENTATION('',(#11,#17182),#17512);
#17182 = MANIFOLD_SOLID_BREP('',#17183);
#17183 = CLOSED_SHELL('',(#17184,#17304,#17380,#17451,#17498,#17505));
#17184 = ADVANCED_FACE('',(#17185),#17199,.T.);
#17185 = FACE_BOUND('',#17186,.T.);
#17186 = EDGE_LOOP('',(#17187,#17222,#17250,#17278));
#17187 = ORIENTED_EDGE('',*,*,#17188,.F.);
#17188 = EDGE_CURVE('',#17189,#17191,#17193,.T.);
#17189 = VERTEX_POINT('',#17190);
#17190 = CARTESIAN_POINT('',(-1.4646E+03,3.5698E+03,1.395E+03));
#17191 = VERTEX_POINT('',#17192);
#17192 = CARTESIAN_POINT('',(-1.4646E+03,3.5698E+03,3.6095E+03));
#17193 = SURFACE_CURVE('',#17194,(#17198,#17210),.PCURVE_S1.);
#17194 = LINE('',#17195,#17196);
#17195 = CARTESIAN_POINT('',(-1.4646E+03,3.5698E+03,2.50225E+03));
#17196 = VECTOR('',#17197,1.);
#17197 = DIRECTION('',(0.,0.,1.));
#17198 = PCURVE('',#17199,#17204);
#17199 = PLANE('',#17200);
#17200 = AXIS2_PLACEMENT_3D('',#17201,#17202,#17203);
#17201 = CARTESIAN_POINT('',(-1.4646E+03,3.5698E+03,1.395E+03));
#17202 = DIRECTION('',(1.,-1.110223024625E-16,0.));
#17203 = DIRECTION('',(1.110223024625E-16,1.,0.));
#17204 = DEFINITIONAL_REPRESENTATION('',(#17205),#17209);
#17205 = LINE('',#17206,#17207);
#17206 = CARTESIAN_POINT('',(0.,1.10725E+03));
#17207 = VECTOR('',#17208,1.);
#17208 = DIRECTION('',(0.,1.));
#17209 = ( GEOMETRIC_REPRESENTATION_CONTEXT(2) 
PARAMETRIC_REPRESENTATION_CONTEXT() REPRESENTATION_CONTEXT('2D SPACE',''
  ) );
#17210 = PCURVE('',#17211,#17216);
#17211 = PLANE('',#17212);
#17212 = AXIS2_PLACEMENT_3D('',#17213,#17214,#17215);
#17213 = CARTESIAN_POINT('',(-1.4726E+03,3.5698E+03,1.395E+03));
#17214 = DIRECTION('',(-1.110223024625E-16,-1.,0.));
#17215 = DIRECTION('',(1.,-1.110223024625E-16,0.));
#17216 = DEFINITIONAL_REPRESENTATION('',(#17217),#17221);
#17217 = LINE('',#17218,#17219);
#17218 = CARTESIAN_POINT('',(8.,1.10725E+03));
#17219 = VECTOR('',#17220,1.);
#17220 = DIRECTION('',(0.,1.));
#17221 = ( GEOMETRIC_REPRESENTATION_CONTEXT(2) 
PARAMETRIC_REPRESENTATION_CONTEXT() REPRESENTATION_CONTEXT('2D SPACE',''
  ) );
#17222 = ORIENTED_EDGE('',*,*,#17223,.T.);
#17223 = EDGE_CURVE('',#17189,#17224,#17226,.T.);
#17224 = VERTEX_POINT('',#17225);
#17225 = CARTESIAN_POINT('',(-1.4646E+03,3.5998E+03,1.395E+03));
#17226 = SURFACE_CURVE('',#17227,(#17231,#17238),.PCURVE_S1.);
#17227 = LINE('',#17228,#17229);
#17228 = CARTESIAN_POINT('',(-1.4646E+03,3.5848E+03,1.395E+03));
#17229 = VECTOR('',#17230,1.);
#17230 = DIRECTION('',(1.110223024625E-16,1.,0.));
#17231 = PCURVE('',#17199,#17232);
#17232 = DEFINITIONAL_REPRESENTATION('',(#17233),#17237);
#17233 = LINE('',#17234,#17235);
#17234 = CARTESIAN_POINT('',(15.,0.));
#17235 = VECTOR('',#17236,1.);
#17236 = DIRECTION('',(1.,0.));
#17237 = ( GEOMETRIC_REPRESENTATION_CONTEXT(2) 
PARAMETRIC_REPRESENTATION_CONTEXT() REPRESENTATION_CONTEXT('2D SPACE',''
  ) );
#17238 = PCURVE('',#17239,#17244);
#17239 = PLANE('',#17240);
#17240 = AXIS2_PLACEMENT_3D('',#17241,#17242,#17243);
#17241 = CARTESIAN_POINT('',(-1.4646E+03,3.5698E+03,1.395E+03));
#17242 = DIRECTION('',(0.,0.,1.));
#17243 = DIRECTION('',(1.110223024625E-16,1.,0.));
#17244 = DEFINITIONAL_REPRESENTATION('',(#17245),#17249);
#17245 = LINE('',#17246,#17247);
#17246 = CARTESIAN_POINT('',(15.,1.665334536938E-15));
#17247 = VECTOR('',#17248,1.);
#17248 = DIRECTION('',(1.,0.));
#17249 = ( GEOMETRIC_REPRESENTATION_CONTEXT(2) 
PARAMETRIC_REPRESENTATION_CONTEXT() REPRESENTATION_CONTEXT('2D SPACE',''
  ) );
#17250 = ORIENTED_EDGE('',*,*,#17251,.T.);
#17251 = EDGE_CURVE('',#17224,#17252,#17254,.T.);
#17252 = VERTEX_POINT('',#17253);
#17253 = CARTESIAN_POINT('',(-1.4646E+03,3.5998E+03,3.6095E+03));
#17254 = SURFACE_CURVE('',#17255,(#17259,#17266),.PCURVE_S1.);
#17255 = LINE('',#17256,#17257);
#17256 = CARTESIAN_POINT('',(-1.4646E+03,3.5998E+03,2.50225E+03));
#17257 = VECTOR('',#17258,1.);
#17258 = DIRECTION('',(0.,0.,1.));
#17259 = PCURVE('',#17199,#17260);
#17260 = DEFINITIONAL_REPRESENTATION('',(#17261),#17265);
#17261 = LINE('',#17262,#17263);
#17262 = CARTESIAN_POINT('',(30.,1.10725E+03));
#17263 = VECTOR('',#17264,1.);
#17264 = DIRECTION('',(0.,1.));
#17265 = ( GEOMETRIC_REPRESENTATION_CONTEXT(2) 
PARAMETRIC_REPRESENTATION_CONTEXT() REPRESENTATION_CONTEXT('2D SPACE',''
  ) );
#17266 = PCURVE('',#17267,#17272);
#17267 = PLANE('',#17268);
#17268 = AXIS2_PLACEMENT_3D('',#17269,#17270,#17271);
#17269 = CARTESIAN_POINT('',(-1.4646E+03,3.5998E+03,1.395E+03));
#17270 = DIRECTION('',(1.110223024625E-16,1.,0.));
#17271 = DIRECTION('',(-1.,1.110223024625E-16,0.));
#17272 = DEFINITIONAL_REPRESENTATION('',(#17273),#17277);
#17273 = LINE('',#17274,#17275);
#17274 = CARTESIAN_POINT('',(0.,1.10725E+03));
#17275 = VECTOR('',#17276,1.);
#17276 = DIRECTION('',(0.,1.));
#17277 = ( GEOMETRIC_REPRESENTATION_CONTEXT(2) 
PARAMETRIC_REPRESENTATION_CONTEXT() REPRESENTATION_CONTEXT('2D SPACE',''
  ) );
#17278 = ORIENTED_EDGE('',*,*,#17279,.F.);
#17279 = EDGE_CURVE('',#17191,#17252,#17280,.T.);
#17280 = SURFACE_CURVE('',#17281,(#17285,#17292),.PCURVE_S1.);
#17281 = LINE('',#17282,#17283);
#17282 = CARTESIAN_POINT('',(-1.4646E+03,3.5848E+03,3.6095E+03));
#17283 = VECTOR('',#17284,1.);
#17284 = DIRECTION('',(1.110223024625E-16,1.,0.));
#17285 = PCURVE('',#17199,#17286);
#17286 = DEFINITIONAL_REPRESENTATION('',(#17287),#17291);
#17287 = LINE('',#17288,#17289);
#17288 = CARTESIAN_POINT('',(15.,2.2145E+03));
#17289 = VECTOR('',#17290,1.);
#17290 = DIRECTION('',(1.,0.));
#17291 = ( GEOMETRIC_REPRESENTATION_CONTEXT(2) 
PARAMETRIC_REPRESENTATION_CONTEXT() REPRESENTATION_CONTEXT('2D SPACE',''
  ) );
#17292 = PCURVE('',#17293,#17298);
#17293 = PLANE('',#17294);
#17294 = AXIS2_PLACEMENT_3D('',#17295,#17296,#17297);
#17295 = CARTESIAN_POINT('',(-1.4646E+03,3.5698E+03,3.6095E+03));
#17296 = DIRECTION('',(0.,0.,1.));
#17297 = DIRECTION('',(1.110223024625E-16,1.,0.));
#17298 = DEFINITIONAL_REPRESENTATION('',(#17299),#17303);
#17299 = LINE('',#17300,#17301);
#17300 = CARTESIAN_POINT('',(15.,1.665334536938E-15));
#17301 = VECTOR('',#17302,1.);
#17302 = DIRECTION('',(1.,0.));
#17303 = ( GEOMETRIC_REPRESENTATION_CONTEXT(2) 
PARAMETRIC_REPRESENTATION_CONTEXT() REPRESENTATION_CONTEXT('2D SPACE',''
  ) );
#17304 = ADVANCED_FACE('',(#17305),#17267,.T.);
#17305 = FACE_BOUND('',#17306,.T.);
#17306 = EDGE_LOOP('',(#17307,#17308,#17331,#17359));
#17307 = ORIENTED_EDGE('',*,*,#17251,.F.);
#17308 = ORIENTED_EDGE('',*,*,#17309,.T.);
#17309 = EDGE_CURVE('',#17224,#17310,#17312,.T.);
#17310 = VERTEX_POINT('',#17311);
#17311 = CARTESIAN_POINT('',(-1.4726E+03,3.5998E+03,1.395E+03));
#17312 = SURFACE_CURVE('',#17313,(#17317,#17324),.PCURVE_S1.);
#17313 = LINE('',#17314,#17315);
#17314 = CARTESIAN_POINT('',(-1.4686E+03,3.5998E+03,1.395E+03));
#17315 = VECTOR('',#17316,1.);
#17316 = DIRECTION('',(-1.,1.110223024625E-16,0.));
#17317 = PCURVE('',#17267,#17318);
#17318 = DEFINITIONAL_REPRESENTATION('',(#17319),#17323);
#17319 = LINE('',#17320,#17321);
#17320 = CARTESIAN_POINT('',(4.,0.));
#17321 = VECTOR('',#17322,1.);
#17322 = DIRECTION('',(1.,0.));
#17323 = ( GEOMETRIC_REPRESENTATION_CONTEXT(2) 
PARAMETRIC_REPRESENTATION_CONTEXT() REPRESENTATION_CONTEXT('2D SPACE',''
  ) );
#17324 = PCURVE('',#17239,#17325);
#17325 = DEFINITIONAL_REPRESENTATION('',(#17326),#17330);
#17326 = LINE('',#17327,#17328);
#17327 = CARTESIAN_POINT('',(30.,4.));
#17328 = VECTOR('',#17329,1.);
#17329 = DIRECTION('',(0.,1.));
#17330 = ( GEOMETRIC_REPRESENTATION_CONTEXT(2) 
PARAMETRIC_REPRESENTATION_CONTEXT() REPRESENTATION_CONTEXT('2D SPACE',''
  ) );
#17331 = ORIENTED_EDGE('',*,*,#17332,.T.);
#17332 = EDGE_CURVE('',#17310,#17333,#17335,.T.);
#17333 = VERTEX_POINT('',#17334);
#17334 = CARTESIAN_POINT('',(-1.4726E+03,3.5998E+03,3.6095E+03));
#17335 = SURFACE_CURVE('',#17336,(#17340,#17347),.PCURVE_S1.);
#17336 = LINE('',#17337,#17338);
#17337 = CARTESIAN_POINT('',(-1.4726E+03,3.5998E+03,2.50225E+03));
#17338 = VECTOR('',#17339,1.);
#17339 = DIRECTION('',(0.,0.,1.));
#17340 = PCURVE('',#17267,#17341);
#17341 = DEFINITIONAL_REPRESENTATION('',(#17342),#17346);
#17342 = LINE('',#17343,#17344);
#17343 = CARTESIAN_POINT('',(8.,1.10725E+03));
#17344 = VECTOR('',#17345,1.);
#17345 = DIRECTION('',(0.,1.));
#17346 = ( GEOMETRIC_REPRESENTATION_CONTEXT(2) 
PARAMETRIC_REPRESENTATION_CONTEXT() REPRESENTATION_CONTEXT('2D SPACE',''
  ) );
#17347 = PCURVE('',#17348,#17353);
#17348 = PLANE('',#17349);
#17349 = AXIS2_PLACEMENT_3D('',#17350,#17351,#17352);
#17350 = CARTESIAN_POINT('',(-1.4726E+03,3.5998E+03,1.395E+03));
#17351 = DIRECTION('',(-1.,1.110223024625E-16,0.));
#17352 = DIRECTION('',(-1.110223024625E-16,-1.,0.));
#17353 = DEFINITIONAL_REPRESENTATION('',(#17354),#17358);
#17354 = LINE('',#17355,#17356);
#17355 = CARTESIAN_POINT('',(0.,1.10725E+03));
#17356 = VECTOR('',#17357,1.);
#17357 = DIRECTION('',(0.,1.));
#17358 = ( GEOMETRIC_REPRESENTATION_CONTEXT(2) 
PARAMETRIC_REPRESENTATION_CONTEXT() REPRESENTATION_CONTEXT('2D SPACE',''
  ) );
#17359 = ORIENTED_EDGE('',*,*,#17360,.F.);
#17360 = EDGE_CURVE('',#17252,#17333,#17361,.T.);
#17361 = SURFACE_CURVE('',#17362,(#17366,#17373),.PCURVE_S1.);
#17362 = LINE('',#17363,#17364);
#17363 = CARTESIAN_POINT('',(-1.4686E+03,3.5998E+03,3.6095E+03));
#17364 = VECTOR('',#17365,1.);
#17365 = DIRECTION('',(-1.,1.110223024625E-16,0.));
#17366 = PCURVE('',#17267,#17367);
#17367 = DEFINITIONAL_REPRESENTATION('',(#17368),#17372);
#17368 = LINE('',#17369,#17370);
#17369 = CARTESIAN_POINT('',(4.,2.2145E+03));
#17370 = VECTOR('',#17371,1.);
#17371 = DIRECTION('',(1.,0.));
#17372 = ( GEOMETRIC_REPRESENTATION_CONTEXT(2) 
PARAMETRIC_REPRESENTATION_CONTEXT() REPRESENTATION_CONTEXT('2D SPACE',''
  ) );
#17373 = PCURVE('',#17293,#17374);
#17374 = DEFINITIONAL_REPRESENTATION('',(#17375),#17379);
#17375 = LINE('',#17376,#17377);
#17376 = CARTESIAN_POINT('',(30.,4.));
#17377 = VECTOR('',#17378,1.);
#17378 = DIRECTION('',(0.,1.));
#17379 = ( GEOMETRIC_REPRESENTATION_CONTEXT(2) 
PARAMETRIC_REPRESENTATION_CONTEXT() REPRESENTATION_CONTEXT('2D SPACE',''
  ) );
#17380 = ADVANCED_FACE('',(#17381),#17348,.T.);
#17381 = FACE_BOUND('',#17382,.T.);
#17382 = EDGE_LOOP('',(#17383,#17384,#17407,#17430));
#17383 = ORIENTED_EDGE('',*,*,#17332,.F.);
#17384 = ORIENTED_EDGE('',*,*,#17385,.T.);
#17385 = EDGE_CURVE('',#17310,#17386,#17388,.T.);
#17386 = VERTEX_POINT('',#17387);
#17387 = CARTESIAN_POINT('',(-1.4726E+03,3.5698E+03,1.395E+03));
#17388 = SURFACE_CURVE('',#17389,(#17393,#17400),.PCURVE_S1.);
#17389 = LINE('',#17390,#17391);
#17390 = CARTESIAN_POINT('',(-1.4726E+03,3.5848E+03,1.395E+03));
#17391 = VECTOR('',#17392,1.);
#17392 = DIRECTION('',(-1.110223024625E-16,-1.,0.));
#17393 = PCURVE('',#17348,#17394);
#17394 = DEFINITIONAL_REPRESENTATION('',(#17395),#17399);
#17395 = LINE('',#17396,#17397);
#17396 = CARTESIAN_POINT('',(15.,0.));
#17397 = VECTOR('',#17398,1.);
#17398 = DIRECTION('',(1.,0.));
#17399 = ( GEOMETRIC_REPRESENTATION_CONTEXT(2) 
PARAMETRIC_REPRESENTATION_CONTEXT() REPRESENTATION_CONTEXT('2D SPACE',''
  ) );
#17400 = PCURVE('',#17239,#17401);
#17401 = DEFINITIONAL_REPRESENTATION('',(#17402),#17406);
#17402 = LINE('',#17403,#17404);
#17403 = CARTESIAN_POINT('',(15.,8.));
#17404 = VECTOR('',#17405,1.);
#17405 = DIRECTION('',(-1.,0.));
#17406 = ( GEOMETRIC_REPRESENTATION_CONTEXT(2) 
PARAMETRIC_REPRESENTATION_CONTEXT() REPRESENTATION_CONTEXT('2D SPACE',''
  ) );
#17407 = ORIENTED_EDGE('',*,*,#17408,.T.);
#17408 = EDGE_CURVE('',#17386,#17409,#17411,.T.);
#17409 = VERTEX_POINT('',#17410);
#17410 = CARTESIAN_POINT('',(-1.4726E+03,3.5698E+03,3.6095E+03));
#17411 = SURFACE_CURVE('',#17412,(#17416,#17423),.PCURVE_S1.);
#17412 = LINE('',#17413,#17414);
#17413 = CARTESIAN_POINT('',(-1.4726E+03,3.5698E+03,2.50225E+03));
#17414 = VECTOR('',#17415,1.);
#17415 = DIRECTION('',(0.,0.,1.));
#17416 = PCURVE('',#17348,#17417);
#17417 = DEFINITIONAL_REPRESENTATION('',(#17418),#17422);
#17418 = LINE('',#17419,#17420);
#17419 = CARTESIAN_POINT('',(30.,1.10725E+03));
#17420 = VECTOR('',#17421,1.);
#17421 = DIRECTION('',(0.,1.));
#17422 = ( GEOMETRIC_REPRESENTATION_CONTEXT(2) 
PARAMETRIC_REPRESENTATION_CONTEXT() REPRESENTATION_CONTEXT('2D SPACE',''
  ) );
#17423 = PCURVE('',#17211,#17424);
#17424 = DEFINITIONAL_REPRESENTATION('',(#17425),#17429);
#17425 = LINE('',#17426,#17427);
#17426 = CARTESIAN_POINT('',(0.,1.10725E+03));
#17427 = VECTOR('',#17428,1.);
#17428 = DIRECTION('',(0.,1.));
#17429 = ( GEOMETRIC_REPRESENTATION_CONTEXT(2) 
PARAMETRIC_REPRESENTATION_CONTEXT() REPRESENTATION_CONTEXT('2D SPACE',''
  ) );
#17430 = ORIENTED_EDGE('',*,*,#17431,.F.);
#17431 = EDGE_CURVE('',#17333,#17409,#17432,.T.);
#17432 = SURFACE_CURVE('',#17433,(#17437,#17444),.PCURVE_S1.);
#17433 = LINE('',#17434,#17435);
#17434 = CARTESIAN_POINT('',(-1.4726E+03,3.5848E+03,3.6095E+03));
#17435 = VECTOR('',#17436,1.);
#17436 = DIRECTION('',(-1.110223024625E-16,-1.,0.));
#17437 = PCURVE('',#17348,#17438);
#17438 = DEFINITIONAL_REPRESENTATION('',(#17439),#17443);
#17439 = LINE('',#17440,#17441);
#17440 = CARTESIAN_POINT('',(15.,2.2145E+03));
#17441 = VECTOR('',#17442,1.);
#17442 = DIRECTION('',(1.,0.));
#17443 = ( GEOMETRIC_REPRESENTATION_CONTEXT(2) 
PARAMETRIC_REPRESENTATION_CONTEXT() REPRESENTATION_CONTEXT('2D SPACE',''
  ) );
#17444 = PCURVE('',#17293,#17445);
#17445 = DEFINITIONAL_REPRESENTATION('',(#17446),#17450);
#17446 = LINE('',#17447,#17448);
#17447 = CARTESIAN_POINT('',(15.,8.));
#17448 = VECTOR('',#17449,1.);
#17449 = DIRECTION('',(-1.,0.));
#17450 = ( GEOMETRIC_REPRESENTATION_CONTEXT(2) 
PARAMETRIC_REPRESENTATION_CONTEXT() REPRESENTATION_CONTEXT('2D SPACE',''
  ) );
#17451 = ADVANCED_FACE('',(#17452),#17211,.T.);
#17452 = FACE_BOUND('',#17453,.T.);
#17453 = EDGE_LOOP('',(#17454,#17455,#17476,#17477));
#17454 = ORIENTED_EDGE('',*,*,#17408,.F.);
#17455 = ORIENTED_EDGE('',*,*,#17456,.T.);
#17456 = EDGE_CURVE('',#17386,#17189,#17457,.T.);
#17457 = SURFACE_CURVE('',#17458,(#17462,#17469),.PCURVE_S1.);
#17458 = LINE('',#17459,#17460);
#17459 = CARTESIAN_POINT('',(-1.4686E+03,3.5698E+03,1.395E+03));
#17460 = VECTOR('',#17461,1.);
#17461 = DIRECTION('',(1.,-1.110223024625E-16,0.));
#17462 = PCURVE('',#17211,#17463);
#17463 = DEFINITIONAL_REPRESENTATION('',(#17464),#17468);
#17464 = LINE('',#17465,#17466);
#17465 = CARTESIAN_POINT('',(4.,0.));
#17466 = VECTOR('',#17467,1.);
#17467 = DIRECTION('',(1.,0.));
#17468 = ( GEOMETRIC_REPRESENTATION_CONTEXT(2) 
PARAMETRIC_REPRESENTATION_CONTEXT() REPRESENTATION_CONTEXT('2D SPACE',''
  ) );
#17469 = PCURVE('',#17239,#17470);
#17470 = DEFINITIONAL_REPRESENTATION('',(#17471),#17475);
#17471 = LINE('',#17472,#17473);
#17472 = CARTESIAN_POINT('',(-4.440892098501E-16,4.));
#17473 = VECTOR('',#17474,1.);
#17474 = DIRECTION('',(0.,-1.));
#17475 = ( GEOMETRIC_REPRESENTATION_CONTEXT(2) 
PARAMETRIC_REPRESENTATION_CONTEXT() REPRESENTATION_CONTEXT('2D SPACE',''
  ) );
#17476 = ORIENTED_EDGE('',*,*,#17188,.T.);
#17477 = ORIENTED_EDGE('',*,*,#17478,.F.);
#17478 = EDGE_CURVE('',#17409,#17191,#17479,.T.);
#17479 = SURFACE_CURVE('',#17480,(#17484,#17491),.PCURVE_S1.);
#17480 = LINE('',#17481,#17482);
#17481 = CARTESIAN_POINT('',(-1.4686E+03,3.5698E+03,3.6095E+03));
#17482 = VECTOR('',#17483,1.);
#17483 = DIRECTION('',(1.,-1.110223024625E-16,0.));
#17484 = PCURVE('',#17211,#17485);
#17485 = DEFINITIONAL_REPRESENTATION('',(#17486),#17490);
#17486 = LINE('',#17487,#17488);
#17487 = CARTESIAN_POINT('',(4.,2.2145E+03));
#17488 = VECTOR('',#17489,1.);
#17489 = DIRECTION('',(1.,0.));
#17490 = ( GEOMETRIC_REPRESENTATION_CONTEXT(2) 
PARAMETRIC_REPRESENTATION_CONTEXT() REPRESENTATION_CONTEXT('2D SPACE',''
  ) );
#17491 = PCURVE('',#17293,#17492);
#17492 = DEFINITIONAL_REPRESENTATION('',(#17493),#17497);
#17493 = LINE('',#17494,#17495);
#17494 = CARTESIAN_POINT('',(-4.440892098501E-16,4.));
#17495 = VECTOR('',#17496,1.);
#17496 = DIRECTION('',(0.,-1.));
#17497 = ( GEOMETRIC_REPRESENTATION_CONTEXT(2) 
PARAMETRIC_REPRESENTATION_CONTEXT() REPRESENTATION_CONTEXT('2D SPACE',''
  ) );
#17498 = ADVANCED_FACE('',(#17499),#17239,.F.);
#17499 = FACE_BOUND('',#17500,.T.);
#17500 = EDGE_LOOP('',(#17501,#17502,#17503,#17504));
#17501 = ORIENTED_EDGE('',*,*,#17456,.F.);
#17502 = ORIENTED_EDGE('',*,*,#17385,.F.);
#17503 = ORIENTED_EDGE('',*,*,#17309,.F.);
#17504 = ORIENTED_EDGE('',*,*,#17223,.F.);
#17505 = ADVANCED_FACE('',(#17506),#17293,.T.);
#17506 = FACE_BOUND('',#17507,.T.);
#17507 = EDGE_LOOP('',(#17508,#17509,#17510,#17511));
#17508 = ORIENTED_EDGE('',*,*,#17279,.T.);
#17509 = ORIENTED_EDGE('',*,*,#17360,.T.);
#17510 = ORIENTED_EDGE('',*,*,#17431,.T.);
#17511 = ORIENTED_EDGE('',*,*,#17478,.T.);
#17512 = ( GEOMETRIC_REPRESENTATION_CONTEXT(3) 
GLOBAL_UNCERTAINTY_ASSIGNED_CONTEXT((#17516)) 
GLOBAL_UNIT_ASSIGNED_CONTEXT((#17513,#17514,#17515)) 
REPRESENTATION_CONTEXT('Context #1',
  '3D Context with UNIT and UNCERTAINTY') );
#17513 = ( LENGTH_UNIT() NAMED_UNIT(*) SI_UNIT(.MILLI.,.METRE.) );
#17514 = ( NAMED_UNIT(*) PLANE_ANGLE_UNIT() SI_UNIT($,.RADIAN.) );
#17515 = ( NAMED_UNIT(*) SI_UNIT($,.STERADIAN.) SOLID_ANGLE_UNIT() );
#17516 = UNCERTAINTY_MEASURE_WITH_UNIT(LENGTH_MEASURE(1.E-07),#17513,
  'distance_accuracy_value','confusion accuracy');
#17517 = CONTEXT_DEPENDENT_SHAPE_REPRESENTATION(#17518,#17520);
#17518 = ( REPRESENTATION_RELATIONSHIP('','',#17181,#10) 
REPRESENTATION_RELATIONSHIP_WITH_TRANSFORMATION(#17519) 
SHAPE_REPRESENTATION_RELATIONSHIP() );
#17519 = ITEM_DEFINED_TRANSFORMATION('','',#11,#195);
#17520 = PRODUCT_DEFINITION_SHAPE('Placement','Placement of an item',
  #17521);
#17521 = NEXT_ASSEMBLY_USAGE_OCCURRENCE('297','','',#5,#17176,$);
#17522 = PRODUCT_RELATED_PRODUCT_CATEGORY('part',$,(#17178));
#17523 = SHAPE_DEFINITION_REPRESENTATION(#17524,#17530);
#17524 = PRODUCT_DEFINITION_SHAPE('','',#17525);
#17525 = PRODUCT_DEFINITION('design','',#17526,#17529);
#17526 = PRODUCT_DEFINITION_FORMATION('','',#17527);
#17527 = PRODUCT('Open CASCADE STEP translator 7.9 4.47',
  'Open CASCADE STEP translator 7.9 4.47','',(#17528));
#17528 = PRODUCT_CONTEXT('',#2,'mechanical');
#17529 = PRODUCT_DEFINITION_CONTEXT('part definition',#2,'design');
#17530 = ADVANCED_BREP_SHAPE_REPRESENTATION('',(#11,#17531),#17861);
#17531 = MANIFOLD_SOLID_BREP('',#17532);
#17532 = CLOSED_SHELL('',(#17533,#17653,#17729,#17800,#17847,#17854));
#17533 = ADVANCED_FACE('',(#17534),#17548,.T.);
#17534 = FACE_BOUND('',#17535,.T.);
#17535 = EDGE_LOOP('',(#17536,#17571,#17599,#17627));
#17536 = ORIENTED_EDGE('',*,*,#17537,.F.);
#17537 = EDGE_CURVE('',#17538,#17540,#17542,.T.);
#17538 = VERTEX_POINT('',#17539);
#17539 = CARTESIAN_POINT('',(843.4,1.2618E+03,1.395E+03));
#17540 = VERTEX_POINT('',#17541);
#17541 = CARTESIAN_POINT('',(843.4,1.2618E+03,1.431E+03));
#17542 = SURFACE_CURVE('',#17543,(#17547,#17559),.PCURVE_S1.);
#17543 = LINE('',#17544,#17545);
#17544 = CARTESIAN_POINT('',(843.4,1.2618E+03,1.413E+03));
#17545 = VECTOR('',#17546,1.);
#17546 = DIRECTION('',(0.,0.,1.));
#17547 = PCURVE('',#17548,#17553);
#17548 = PLANE('',#17549);
#17549 = AXIS2_PLACEMENT_3D('',#17550,#17551,#17552);
#17550 = CARTESIAN_POINT('',(843.4,1.2618E+03,1.395E+03));
#17551 = DIRECTION('',(1.,-1.110223024625E-16,0.));
#17552 = DIRECTION('',(1.110223024625E-16,1.,0.));
#17553 = DEFINITIONAL_REPRESENTATION('',(#17554),#17558);
#17554 = LINE('',#17555,#17556);
#17555 = CARTESIAN_POINT('',(0.,18.));
#17556 = VECTOR('',#17557,1.);
#17557 = DIRECTION('',(0.,1.));
#17558 = ( GEOMETRIC_REPRESENTATION_CONTEXT(2) 
PARAMETRIC_REPRESENTATION_CONTEXT() REPRESENTATION_CONTEXT('2D SPACE',''
  ) );
#17559 = PCURVE('',#17560,#17565);
#17560 = PLANE('',#17561);
#17561 = AXIS2_PLACEMENT_3D('',#17562,#17563,#17564);
#17562 = CARTESIAN_POINT('',(835.4,1.2618E+03,1.395E+03));
#17563 = DIRECTION('',(-1.110223024625E-16,-1.,0.));
#17564 = DIRECTION('',(1.,-1.110223024625E-16,0.));
#17565 = DEFINITIONAL_REPRESENTATION('',(#17566),#17570);
#17566 = LINE('',#17567,#17568);
#17567 = CARTESIAN_POINT('',(8.,18.));
#17568 = VECTOR('',#17569,1.);
#17569 = DIRECTION('',(0.,1.));
#17570 = ( GEOMETRIC_REPRESENTATION_CONTEXT(2) 
PARAMETRIC_REPRESENTATION_CONTEXT() REPRESENTATION_CONTEXT('2D SPACE',''
  ) );
#17571 = ORIENTED_EDGE('',*,*,#17572,.T.);
#17572 = EDGE_CURVE('',#17538,#17573,#17575,.T.);
#17573 = VERTEX_POINT('',#17574);
#17574 = CARTESIAN_POINT('',(843.4,1.4518E+03,1.395E+03));
#17575 = SURFACE_CURVE('',#17576,(#17580,#17587),.PCURVE_S1.);
#17576 = LINE('',#17577,#17578);
#17577 = CARTESIAN_POINT('',(843.4,1.3568E+03,1.395E+03));
#17578 = VECTOR('',#17579,1.);
#17579 = DIRECTION('',(1.110223024625E-16,1.,0.));
#17580 = PCURVE('',#17548,#17581);
#17581 = DEFINITIONAL_REPRESENTATION('',(#17582),#17586);
#17582 = LINE('',#17583,#17584);
#17583 = CARTESIAN_POINT('',(95.,0.));
#17584 = VECTOR('',#17585,1.);
#17585 = DIRECTION('',(1.,0.));
#17586 = ( GEOMETRIC_REPRESENTATION_CONTEXT(2) 
PARAMETRIC_REPRESENTATION_CONTEXT() REPRESENTATION_CONTEXT('2D SPACE',''
  ) );
#17587 = PCURVE('',#17588,#17593);
#17588 = PLANE('',#17589);
#17589 = AXIS2_PLACEMENT_3D('',#17590,#17591,#17592);
#17590 = CARTESIAN_POINT('',(843.4,1.2618E+03,1.395E+03));
#17591 = DIRECTION('',(0.,0.,1.));
#17592 = DIRECTION('',(1.110223024625E-16,1.,0.));
#17593 = DEFINITIONAL_REPRESENTATION('',(#17594),#17598);
#17594 = LINE('',#17595,#17596);
#17595 = CARTESIAN_POINT('',(95.,1.054711873394E-14));
#17596 = VECTOR('',#17597,1.);
#17597 = DIRECTION('',(1.,0.));
#17598 = ( GEOMETRIC_REPRESENTATION_CONTEXT(2) 
PARAMETRIC_REPRESENTATION_CONTEXT() REPRESENTATION_CONTEXT('2D SPACE',''
  ) );
#17599 = ORIENTED_EDGE('',*,*,#17600,.T.);
#17600 = EDGE_CURVE('',#17573,#17601,#17603,.T.);
#17601 = VERTEX_POINT('',#17602);
#17602 = CARTESIAN_POINT('',(843.4,1.4518E+03,1.431E+03));
#17603 = SURFACE_CURVE('',#17604,(#17608,#17615),.PCURVE_S1.);
#17604 = LINE('',#17605,#17606);
#17605 = CARTESIAN_POINT('',(843.4,1.4518E+03,1.413E+03));
#17606 = VECTOR('',#17607,1.);
#17607 = DIRECTION('',(0.,0.,1.));
#17608 = PCURVE('',#17548,#17609);
#17609 = DEFINITIONAL_REPRESENTATION('',(#17610),#17614);
#17610 = LINE('',#17611,#17612);
#17611 = CARTESIAN_POINT('',(190.,18.));
#17612 = VECTOR('',#17613,1.);
#17613 = DIRECTION('',(0.,1.));
#17614 = ( GEOMETRIC_REPRESENTATION_CONTEXT(2) 
PARAMETRIC_REPRESENTATION_CONTEXT() REPRESENTATION_CONTEXT('2D SPACE',''
  ) );
#17615 = PCURVE('',#17616,#17621);
#17616 = PLANE('',#17617);
#17617 = AXIS2_PLACEMENT_3D('',#17618,#17619,#17620);
#17618 = CARTESIAN_POINT('',(843.4,1.4518E+03,1.395E+03));
#17619 = DIRECTION('',(1.110223024625E-16,1.,0.));
#17620 = DIRECTION('',(-1.,1.110223024625E-16,0.));
#17621 = DEFINITIONAL_REPRESENTATION('',(#17622),#17626);
#17622 = LINE('',#17623,#17624);
#17623 = CARTESIAN_POINT('',(0.,18.));
#17624 = VECTOR('',#17625,1.);
#17625 = DIRECTION('',(0.,1.));
#17626 = ( GEOMETRIC_REPRESENTATION_CONTEXT(2) 
PARAMETRIC_REPRESENTATION_CONTEXT() REPRESENTATION_CONTEXT('2D SPACE',''
  ) );
#17627 = ORIENTED_EDGE('',*,*,#17628,.F.);
#17628 = EDGE_CURVE('',#17540,#17601,#17629,.T.);
#17629 = SURFACE_CURVE('',#17630,(#17634,#17641),.PCURVE_S1.);
#17630 = LINE('',#17631,#17632);
#17631 = CARTESIAN_POINT('',(843.4,1.3568E+03,1.431E+03));
#17632 = VECTOR('',#17633,1.);
#17633 = DIRECTION('',(1.110223024625E-16,1.,0.));
#17634 = PCURVE('',#17548,#17635);
#17635 = DEFINITIONAL_REPRESENTATION('',(#17636),#17640);
#17636 = LINE('',#17637,#17638);
#17637 = CARTESIAN_POINT('',(95.,36.));
#17638 = VECTOR('',#17639,1.);
#17639 = DIRECTION('',(1.,0.));
#17640 = ( GEOMETRIC_REPRESENTATION_CONTEXT(2) 
PARAMETRIC_REPRESENTATION_CONTEXT() REPRESENTATION_CONTEXT('2D SPACE',''
  ) );
#17641 = PCURVE('',#17642,#17647);
#17642 = PLANE('',#17643);
#17643 = AXIS2_PLACEMENT_3D('',#17644,#17645,#17646);
#17644 = CARTESIAN_POINT('',(843.4,1.2618E+03,1.431E+03));
#17645 = DIRECTION('',(0.,0.,1.));
#17646 = DIRECTION('',(1.110223024625E-16,1.,0.));
#17647 = DEFINITIONAL_REPRESENTATION('',(#17648),#17652);
#17648 = LINE('',#17649,#17650);
#17649 = CARTESIAN_POINT('',(95.,1.054711873394E-14));
#17650 = VECTOR('',#17651,1.);
#17651 = DIRECTION('',(1.,0.));
#17652 = ( GEOMETRIC_REPRESENTATION_CONTEXT(2) 
PARAMETRIC_REPRESENTATION_CONTEXT() REPRESENTATION_CONTEXT('2D SPACE',''
  ) );
#17653 = ADVANCED_FACE('',(#17654),#17616,.T.);
#17654 = FACE_BOUND('',#17655,.T.);
#17655 = EDGE_LOOP('',(#17656,#17657,#17680,#17708));
#17656 = ORIENTED_EDGE('',*,*,#17600,.F.);
#17657 = ORIENTED_EDGE('',*,*,#17658,.T.);
#17658 = EDGE_CURVE('',#17573,#17659,#17661,.T.);
#17659 = VERTEX_POINT('',#17660);
#17660 = CARTESIAN_POINT('',(835.4,1.4518E+03,1.395E+03));
#17661 = SURFACE_CURVE('',#17662,(#17666,#17673),.PCURVE_S1.);
#17662 = LINE('',#17663,#17664);
#17663 = CARTESIAN_POINT('',(839.4,1.4518E+03,1.395E+03));
#17664 = VECTOR('',#17665,1.);
#17665 = DIRECTION('',(-1.,1.110223024625E-16,0.));
#17666 = PCURVE('',#17616,#17667);
#17667 = DEFINITIONAL_REPRESENTATION('',(#17668),#17672);
#17668 = LINE('',#17669,#17670);
#17669 = CARTESIAN_POINT('',(4.,0.));
#17670 = VECTOR('',#17671,1.);
#17671 = DIRECTION('',(1.,0.));
#17672 = ( GEOMETRIC_REPRESENTATION_CONTEXT(2) 
PARAMETRIC_REPRESENTATION_CONTEXT() REPRESENTATION_CONTEXT('2D SPACE',''
  ) );
#17673 = PCURVE('',#17588,#17674);
#17674 = DEFINITIONAL_REPRESENTATION('',(#17675),#17679);
#17675 = LINE('',#17676,#17677);
#17676 = CARTESIAN_POINT('',(190.,4.));
#17677 = VECTOR('',#17678,1.);
#17678 = DIRECTION('',(0.,1.));
#17679 = ( GEOMETRIC_REPRESENTATION_CONTEXT(2) 
PARAMETRIC_REPRESENTATION_CONTEXT() REPRESENTATION_CONTEXT('2D SPACE',''
  ) );
#17680 = ORIENTED_EDGE('',*,*,#17681,.T.);
#17681 = EDGE_CURVE('',#17659,#17682,#17684,.T.);
#17682 = VERTEX_POINT('',#17683);
#17683 = CARTESIAN_POINT('',(835.4,1.4518E+03,1.431E+03));
#17684 = SURFACE_CURVE('',#17685,(#17689,#17696),.PCURVE_S1.);
#17685 = LINE('',#17686,#17687);
#17686 = CARTESIAN_POINT('',(835.4,1.4518E+03,1.413E+03));
#17687 = VECTOR('',#17688,1.);
#17688 = DIRECTION('',(0.,0.,1.));
#17689 = PCURVE('',#17616,#17690);
#17690 = DEFINITIONAL_REPRESENTATION('',(#17691),#17695);
#17691 = LINE('',#17692,#17693);
#17692 = CARTESIAN_POINT('',(8.,18.));
#17693 = VECTOR('',#17694,1.);
#17694 = DIRECTION('',(0.,1.));
#17695 = ( GEOMETRIC_REPRESENTATION_CONTEXT(2) 
PARAMETRIC_REPRESENTATION_CONTEXT() REPRESENTATION_CONTEXT('2D SPACE',''
  ) );
#17696 = PCURVE('',#17697,#17702);
#17697 = PLANE('',#17698);
#17698 = AXIS2_PLACEMENT_3D('',#17699,#17700,#17701);
#17699 = CARTESIAN_POINT('',(835.4,1.4518E+03,1.395E+03));
#17700 = DIRECTION('',(-1.,1.110223024625E-16,0.));
#17701 = DIRECTION('',(-1.110223024625E-16,-1.,0.));
#17702 = DEFINITIONAL_REPRESENTATION('',(#17703),#17707);
#17703 = LINE('',#17704,#17705);
#17704 = CARTESIAN_POINT('',(0.,18.));
#17705 = VECTOR('',#17706,1.);
#17706 = DIRECTION('',(0.,1.));
#17707 = ( GEOMETRIC_REPRESENTATION_CONTEXT(2) 
PARAMETRIC_REPRESENTATION_CONTEXT() REPRESENTATION_CONTEXT('2D SPACE',''
  ) );
#17708 = ORIENTED_EDGE('',*,*,#17709,.F.);
#17709 = EDGE_CURVE('',#17601,#17682,#17710,.T.);
#17710 = SURFACE_CURVE('',#17711,(#17715,#17722),.PCURVE_S1.);
#17711 = LINE('',#17712,#17713);
#17712 = CARTESIAN_POINT('',(839.4,1.4518E+03,1.431E+03));
#17713 = VECTOR('',#17714,1.);
#17714 = DIRECTION('',(-1.,1.110223024625E-16,0.));
#17715 = PCURVE('',#17616,#17716);
#17716 = DEFINITIONAL_REPRESENTATION('',(#17717),#17721);
#17717 = LINE('',#17718,#17719);
#17718 = CARTESIAN_POINT('',(4.,36.));
#17719 = VECTOR('',#17720,1.);
#17720 = DIRECTION('',(1.,0.));
#17721 = ( GEOMETRIC_REPRESENTATION_CONTEXT(2) 
PARAMETRIC_REPRESENTATION_CONTEXT() REPRESENTATION_CONTEXT('2D SPACE',''
  ) );
#17722 = PCURVE('',#17642,#17723);
#17723 = DEFINITIONAL_REPRESENTATION('',(#17724),#17728);
#17724 = LINE('',#17725,#17726);
#17725 = CARTESIAN_POINT('',(190.,4.));
#17726 = VECTOR('',#17727,1.);
#17727 = DIRECTION('',(0.,1.));
#17728 = ( GEOMETRIC_REPRESENTATION_CONTEXT(2) 
PARAMETRIC_REPRESENTATION_CONTEXT() REPRESENTATION_CONTEXT('2D SPACE',''
  ) );
#17729 = ADVANCED_FACE('',(#17730),#17697,.T.);
#17730 = FACE_BOUND('',#17731,.T.);
#17731 = EDGE_LOOP('',(#17732,#17733,#17756,#17779));
#17732 = ORIENTED_EDGE('',*,*,#17681,.F.);
#17733 = ORIENTED_EDGE('',*,*,#17734,.T.);
#17734 = EDGE_CURVE('',#17659,#17735,#17737,.T.);
#17735 = VERTEX_POINT('',#17736);
#17736 = CARTESIAN_POINT('',(835.4,1.2618E+03,1.395E+03));
#17737 = SURFACE_CURVE('',#17738,(#17742,#17749),.PCURVE_S1.);
#17738 = LINE('',#17739,#17740);
#17739 = CARTESIAN_POINT('',(835.4,1.3568E+03,1.395E+03));
#17740 = VECTOR('',#17741,1.);
#17741 = DIRECTION('',(-1.110223024625E-16,-1.,0.));
#17742 = PCURVE('',#17697,#17743);
#17743 = DEFINITIONAL_REPRESENTATION('',(#17744),#17748);
#17744 = LINE('',#17745,#17746);
#17745 = CARTESIAN_POINT('',(95.,0.));
#17746 = VECTOR('',#17747,1.);
#17747 = DIRECTION('',(1.,0.));
#17748 = ( GEOMETRIC_REPRESENTATION_CONTEXT(2) 
PARAMETRIC_REPRESENTATION_CONTEXT() REPRESENTATION_CONTEXT('2D SPACE',''
  ) );
#17749 = PCURVE('',#17588,#17750);
#17750 = DEFINITIONAL_REPRESENTATION('',(#17751),#17755);
#17751 = LINE('',#17752,#17753);
#17752 = CARTESIAN_POINT('',(95.,8.));
#17753 = VECTOR('',#17754,1.);
#17754 = DIRECTION('',(-1.,0.));
#17755 = ( GEOMETRIC_REPRESENTATION_CONTEXT(2) 
PARAMETRIC_REPRESENTATION_CONTEXT() REPRESENTATION_CONTEXT('2D SPACE',''
  ) );
#17756 = ORIENTED_EDGE('',*,*,#17757,.T.);
#17757 = EDGE_CURVE('',#17735,#17758,#17760,.T.);
#17758 = VERTEX_POINT('',#17759);
#17759 = CARTESIAN_POINT('',(835.4,1.2618E+03,1.431E+03));
#17760 = SURFACE_CURVE('',#17761,(#17765,#17772),.PCURVE_S1.);
#17761 = LINE('',#17762,#17763);
#17762 = CARTESIAN_POINT('',(835.4,1.2618E+03,1.413E+03));
#17763 = VECTOR('',#17764,1.);
#17764 = DIRECTION('',(0.,0.,1.));
#17765 = PCURVE('',#17697,#17766);
#17766 = DEFINITIONAL_REPRESENTATION('',(#17767),#17771);
#17767 = LINE('',#17768,#17769);
#17768 = CARTESIAN_POINT('',(190.,18.));
#17769 = VECTOR('',#17770,1.);
#17770 = DIRECTION('',(0.,1.));
#17771 = ( GEOMETRIC_REPRESENTATION_CONTEXT(2) 
PARAMETRIC_REPRESENTATION_CONTEXT() REPRESENTATION_CONTEXT('2D SPACE',''
  ) );
#17772 = PCURVE('',#17560,#17773);
#17773 = DEFINITIONAL_REPRESENTATION('',(#17774),#17778);
#17774 = LINE('',#17775,#17776);
#17775 = CARTESIAN_POINT('',(0.,18.));
#17776 = VECTOR('',#17777,1.);
#17777 = DIRECTION('',(0.,1.));
#17778 = ( GEOMETRIC_REPRESENTATION_CONTEXT(2) 
PARAMETRIC_REPRESENTATION_CONTEXT() REPRESENTATION_CONTEXT('2D SPACE',''
  ) );
#17779 = ORIENTED_EDGE('',*,*,#17780,.F.);
#17780 = EDGE_CURVE('',#17682,#17758,#17781,.T.);
#17781 = SURFACE_CURVE('',#17782,(#17786,#17793),.PCURVE_S1.);
#17782 = LINE('',#17783,#17784);
#17783 = CARTESIAN_POINT('',(835.4,1.3568E+03,1.431E+03));
#17784 = VECTOR('',#17785,1.);
#17785 = DIRECTION('',(-1.110223024625E-16,-1.,0.));
#17786 = PCURVE('',#17697,#17787);
#17787 = DEFINITIONAL_REPRESENTATION('',(#17788),#17792);
#17788 = LINE('',#17789,#17790);
#17789 = CARTESIAN_POINT('',(95.,36.));
#17790 = VECTOR('',#17791,1.);
#17791 = DIRECTION('',(1.,0.));
#17792 = ( GEOMETRIC_REPRESENTATION_CONTEXT(2) 
PARAMETRIC_REPRESENTATION_CONTEXT() REPRESENTATION_CONTEXT('2D SPACE',''
  ) );
#17793 = PCURVE('',#17642,#17794);
#17794 = DEFINITIONAL_REPRESENTATION('',(#17795),#17799);
#17795 = LINE('',#17796,#17797);
#17796 = CARTESIAN_POINT('',(95.,8.));
#17797 = VECTOR('',#17798,1.);
#17798 = DIRECTION('',(-1.,0.));
#17799 = ( GEOMETRIC_REPRESENTATION_CONTEXT(2) 
PARAMETRIC_REPRESENTATION_CONTEXT() REPRESENTATION_CONTEXT('2D SPACE',''
  ) );
#17800 = ADVANCED_FACE('',(#17801),#17560,.T.);
#17801 = FACE_BOUND('',#17802,.T.);
#17802 = EDGE_LOOP('',(#17803,#17804,#17825,#17826));
#17803 = ORIENTED_EDGE('',*,*,#17757,.F.);
#17804 = ORIENTED_EDGE('',*,*,#17805,.T.);
#17805 = EDGE_CURVE('',#17735,#17538,#17806,.T.);
#17806 = SURFACE_CURVE('',#17807,(#17811,#17818),.PCURVE_S1.);
#17807 = LINE('',#17808,#17809);
#17808 = CARTESIAN_POINT('',(839.4,1.2618E+03,1.395E+03));
#17809 = VECTOR('',#17810,1.);
#17810 = DIRECTION('',(1.,-1.110223024625E-16,0.));
#17811 = PCURVE('',#17560,#17812);
#17812 = DEFINITIONAL_REPRESENTATION('',(#17813),#17817);
#17813 = LINE('',#17814,#17815);
#17814 = CARTESIAN_POINT('',(4.,0.));
#17815 = VECTOR('',#17816,1.);
#17816 = DIRECTION('',(1.,0.));
#17817 = ( GEOMETRIC_REPRESENTATION_CONTEXT(2) 
PARAMETRIC_REPRESENTATION_CONTEXT() REPRESENTATION_CONTEXT('2D SPACE',''
  ) );
#17818 = PCURVE('',#17588,#17819);
#17819 = DEFINITIONAL_REPRESENTATION('',(#17820),#17824);
#17820 = LINE('',#17821,#17822);
#17821 = CARTESIAN_POINT('',(-4.440892098501E-16,4.));
#17822 = VECTOR('',#17823,1.);
#17823 = DIRECTION('',(0.,-1.));
#17824 = ( GEOMETRIC_REPRESENTATION_CONTEXT(2) 
PARAMETRIC_REPRESENTATION_CONTEXT() REPRESENTATION_CONTEXT('2D SPACE',''
  ) );
#17825 = ORIENTED_EDGE('',*,*,#17537,.T.);
#17826 = ORIENTED_EDGE('',*,*,#17827,.F.);
#17827 = EDGE_CURVE('',#17758,#17540,#17828,.T.);
#17828 = SURFACE_CURVE('',#17829,(#17833,#17840),.PCURVE_S1.);
#17829 = LINE('',#17830,#17831);
#17830 = CARTESIAN_POINT('',(839.4,1.2618E+03,1.431E+03));
#17831 = VECTOR('',#17832,1.);
#17832 = DIRECTION('',(1.,-1.110223024625E-16,0.));
#17833 = PCURVE('',#17560,#17834);
#17834 = DEFINITIONAL_REPRESENTATION('',(#17835),#17839);
#17835 = LINE('',#17836,#17837);
#17836 = CARTESIAN_POINT('',(4.,36.));
#17837 = VECTOR('',#17838,1.);
#17838 = DIRECTION('',(1.,0.));
#17839 = ( GEOMETRIC_REPRESENTATION_CONTEXT(2) 
PARAMETRIC_REPRESENTATION_CONTEXT() REPRESENTATION_CONTEXT('2D SPACE',''
  ) );
#17840 = PCURVE('',#17642,#17841);
#17841 = DEFINITIONAL_REPRESENTATION('',(#17842),#17846);
#17842 = LINE('',#17843,#17844);
#17843 = CARTESIAN_POINT('',(-4.440892098501E-16,4.));
#17844 = VECTOR('',#17845,1.);
#17845 = DIRECTION('',(0.,-1.));
#17846 = ( GEOMETRIC_REPRESENTATION_CONTEXT(2) 
PARAMETRIC_REPRESENTATION_CONTEXT() REPRESENTATION_CONTEXT('2D SPACE',''
  ) );
#17847 = ADVANCED_FACE('',(#17848),#17588,.F.);
#17848 = FACE_BOUND('',#17849,.T.);
#17849 = EDGE_LOOP('',(#17850,#17851,#17852,#17853));
#17850 = ORIENTED_EDGE('',*,*,#17805,.F.);
#17851 = ORIENTED_EDGE('',*,*,#17734,.F.);
#17852 = ORIENTED_EDGE('',*,*,#17658,.F.);
#17853 = ORIENTED_EDGE('',*,*,#17572,.F.);
#17854 = ADVANCED_FACE('',(#17855),#17642,.T.);
#17855 = FACE_BOUND('',#17856,.T.);
#17856 = EDGE_LOOP('',(#17857,#17858,#17859,#17860));
#17857 = ORIENTED_EDGE('',*,*,#17628,.T.);
#17858 = ORIENTED_EDGE('',*,*,#17709,.T.);
#17859 = ORIENTED_EDGE('',*,*,#17780,.T.);
#17860 = ORIENTED_EDGE('',*,*,#17827,.T.);
#17861 = ( GEOMETRIC_REPRESENTATION_CONTEXT(3) 
GLOBAL_UNCERTAINTY_ASSIGNED_CONTEXT((#17865)) 
GLOBAL_UNIT_ASSIGNED_CONTEXT((#17862,#17863,#17864)) 
REPRESENTATION_CONTEXT('Context #1',
  '3D Context with UNIT and UNCERTAINTY') );
#17862 = ( LENGTH_UNIT() NAMED_UNIT(*) SI_UNIT(.MILLI.,.METRE.) );
#17863 = ( NAMED_UNIT(*) PLANE_ANGLE_UNIT() SI_UNIT($,.RADIAN.) );
#17864 = ( NAMED_UNIT(*) SI_UNIT($,.STERADIAN.) SOLID_ANGLE_UNIT() );
#17865 = UNCERTAINTY_MEASURE_WITH_UNIT(LENGTH_MEASURE(1.E-07),#17862,
  'distance_accuracy_value','confusion accuracy');
#17866 = CONTEXT_DEPENDENT_SHAPE_REPRESENTATION(#17867,#17869);
#17867 = ( REPRESENTATION_RELATIONSHIP('','',#17530,#10) 
REPRESENTATION_RELATIONSHIP_WITH_TRANSFORMATION(#17868) 
SHAPE_REPRESENTATION_RELATIONSHIP() );
#17868 = ITEM_DEFINED_TRANSFORMATION('','',#11,#199);
#17869 = PRODUCT_DEFINITION_SHAPE('Placement','Placement of an item',
  #17870);
#17870 = NEXT_ASSEMBLY_USAGE_OCCURRENCE('298','','',#5,#17525,$);
#17871 = PRODUCT_RELATED_PRODUCT_CATEGORY('part',$,(#17527));
#17872 = SHAPE_DEFINITION_REPRESENTATION(#17873,#17879);
#17873 = PRODUCT_DEFINITION_SHAPE('','',#17874);
#17874 = PRODUCT_DEFINITION('design','',#17875,#17878);
#17875 = PRODUCT_DEFINITION_FORMATION('','',#17876);
#17876 = PRODUCT('Open CASCADE STEP translator 7.9 4.48',
  'Open CASCADE STEP translator 7.9 4.48','',(#17877));
#17877 = PRODUCT_CONTEXT('',#2,'mechanical');
#17878 = PRODUCT_DEFINITION_CONTEXT('part definition',#2,'design');
#17879 = ADVANCED_BREP_SHAPE_REPRESENTATION('',(#11,#17880),#18210);
#17880 = MANIFOLD_SOLID_BREP('',#17881);
#17881 = CLOSED_SHELL('',(#17882,#18002,#18078,#18149,#18196,#18203));
#17882 = ADVANCED_FACE('',(#17883),#17897,.T.);
#17883 = FACE_BOUND('',#17884,.T.);
#17884 = EDGE_LOOP('',(#17885,#17920,#17948,#17976));
#17885 = ORIENTED_EDGE('',*,*,#17886,.F.);
#17886 = EDGE_CURVE('',#17887,#17889,#17891,.T.);
#17887 = VERTEX_POINT('',#17888);
#17888 = CARTESIAN_POINT('',(617.4,1.4878E+03,1.395E+03));
#17889 = VERTEX_POINT('',#17890);
#17890 = CARTESIAN_POINT('',(617.4,1.4878E+03,1.431E+03));
#17891 = SURFACE_CURVE('',#17892,(#17896,#17908),.PCURVE_S1.);
#17892 = LINE('',#17893,#17894);
#17893 = CARTESIAN_POINT('',(617.4,1.4878E+03,1.413E+03));
#17894 = VECTOR('',#17895,1.);
#17895 = DIRECTION('',(0.,0.,1.));
#17896 = PCURVE('',#17897,#17902);
#17897 = PLANE('',#17898);
#17898 = AXIS2_PLACEMENT_3D('',#17899,#17900,#17901);
#17899 = CARTESIAN_POINT('',(617.4,1.4878E+03,1.395E+03));
#17900 = DIRECTION('',(1.,-1.110223024625E-16,0.));
#17901 = DIRECTION('',(1.110223024625E-16,1.,0.));
#17902 = DEFINITIONAL_REPRESENTATION('',(#17903),#17907);
#17903 = LINE('',#17904,#17905);
#17904 = CARTESIAN_POINT('',(0.,18.));
#17905 = VECTOR('',#17906,1.);
#17906 = DIRECTION('',(0.,1.));
#17907 = ( GEOMETRIC_REPRESENTATION_CONTEXT(2) 
PARAMETRIC_REPRESENTATION_CONTEXT() REPRESENTATION_CONTEXT('2D SPACE',''
  ) );
#17908 = PCURVE('',#17909,#17914);
#17909 = PLANE('',#17910);
#17910 = AXIS2_PLACEMENT_3D('',#17911,#17912,#17913);
#17911 = CARTESIAN_POINT('',(609.4,1.4878E+03,1.395E+03));
#17912 = DIRECTION('',(-1.110223024625E-16,-1.,0.));
#17913 = DIRECTION('',(1.,-1.110223024625E-16,0.));
#17914 = DEFINITIONAL_REPRESENTATION('',(#17915),#17919);
#17915 = LINE('',#17916,#17917);
#17916 = CARTESIAN_POINT('',(8.,18.));
#17917 = VECTOR('',#17918,1.);
#17918 = DIRECTION('',(0.,1.));
#17919 = ( GEOMETRIC_REPRESENTATION_CONTEXT(2) 
PARAMETRIC_REPRESENTATION_CONTEXT() REPRESENTATION_CONTEXT('2D SPACE',''
  ) );
#17920 = ORIENTED_EDGE('',*,*,#17921,.T.);
#17921 = EDGE_CURVE('',#17887,#17922,#17924,.T.);
#17922 = VERTEX_POINT('',#17923);
#17923 = CARTESIAN_POINT('',(617.4,3.1838E+03,1.395E+03));
#17924 = SURFACE_CURVE('',#17925,(#17929,#17936),.PCURVE_S1.);
#17925 = LINE('',#17926,#17927);
#17926 = CARTESIAN_POINT('',(617.4,2.3358E+03,1.395E+03));
#17927 = VECTOR('',#17928,1.);
#17928 = DIRECTION('',(1.110223024625E-16,1.,0.));
#17929 = PCURVE('',#17897,#17930);
#17930 = DEFINITIONAL_REPRESENTATION('',(#17931),#17935);
#17931 = LINE('',#17932,#17933);
#17932 = CARTESIAN_POINT('',(848.,0.));
#17933 = VECTOR('',#17934,1.);
#17934 = DIRECTION('',(1.,0.));
#17935 = ( GEOMETRIC_REPRESENTATION_CONTEXT(2) 
PARAMETRIC_REPRESENTATION_CONTEXT() REPRESENTATION_CONTEXT('2D SPACE',''
  ) );
#17936 = PCURVE('',#17937,#17942);
#17937 = PLANE('',#17938);
#17938 = AXIS2_PLACEMENT_3D('',#17939,#17940,#17941);
#17939 = CARTESIAN_POINT('',(617.4,1.4878E+03,1.395E+03));
#17940 = DIRECTION('',(0.,0.,1.));
#17941 = DIRECTION('',(1.110223024625E-16,1.,0.));
#17942 = DEFINITIONAL_REPRESENTATION('',(#17943),#17947);
#17943 = LINE('',#17944,#17945);
#17944 = CARTESIAN_POINT('',(848.,-1.95399252334E-14));
#17945 = VECTOR('',#17946,1.);
#17946 = DIRECTION('',(1.,0.));
#17947 = ( GEOMETRIC_REPRESENTATION_CONTEXT(2) 
PARAMETRIC_REPRESENTATION_CONTEXT() REPRESENTATION_CONTEXT('2D SPACE',''
  ) );
#17948 = ORIENTED_EDGE('',*,*,#17949,.T.);
#17949 = EDGE_CURVE('',#17922,#17950,#17952,.T.);
#17950 = VERTEX_POINT('',#17951);
#17951 = CARTESIAN_POINT('',(617.4,3.1838E+03,1.431E+03));
#17952 = SURFACE_CURVE('',#17953,(#17957,#17964),.PCURVE_S1.);
#17953 = LINE('',#17954,#17955);
#17954 = CARTESIAN_POINT('',(617.4,3.1838E+03,1.413E+03));
#17955 = VECTOR('',#17956,1.);
#17956 = DIRECTION('',(0.,0.,1.));
#17957 = PCURVE('',#17897,#17958);
#17958 = DEFINITIONAL_REPRESENTATION('',(#17959),#17963);
#17959 = LINE('',#17960,#17961);
#17960 = CARTESIAN_POINT('',(1.696E+03,18.));
#17961 = VECTOR('',#17962,1.);
#17962 = DIRECTION('',(0.,1.));
#17963 = ( GEOMETRIC_REPRESENTATION_CONTEXT(2) 
PARAMETRIC_REPRESENTATION_CONTEXT() REPRESENTATION_CONTEXT('2D SPACE',''
  ) );
#17964 = PCURVE('',#17965,#17970);
#17965 = PLANE('',#17966);
#17966 = AXIS2_PLACEMENT_3D('',#17967,#17968,#17969);
#17967 = CARTESIAN_POINT('',(617.4,3.1838E+03,1.395E+03));
#17968 = DIRECTION('',(1.110223024625E-16,1.,0.));
#17969 = DIRECTION('',(-1.,1.110223024625E-16,0.));
#17970 = DEFINITIONAL_REPRESENTATION('',(#17971),#17975);
#17971 = LINE('',#17972,#17973);
#17972 = CARTESIAN_POINT('',(0.,18.));
#17973 = VECTOR('',#17974,1.);
#17974 = DIRECTION('',(0.,1.));
#17975 = ( GEOMETRIC_REPRESENTATION_CONTEXT(2) 
PARAMETRIC_REPRESENTATION_CONTEXT() REPRESENTATION_CONTEXT('2D SPACE',''
  ) );
#17976 = ORIENTED_EDGE('',*,*,#17977,.F.);
#17977 = EDGE_CURVE('',#17889,#17950,#17978,.T.);
#17978 = SURFACE_CURVE('',#17979,(#17983,#17990),.PCURVE_S1.);
#17979 = LINE('',#17980,#17981);
#17980 = CARTESIAN_POINT('',(617.4,2.3358E+03,1.431E+03));
#17981 = VECTOR('',#17982,1.);
#17982 = DIRECTION('',(1.110223024625E-16,1.,0.));
#17983 = PCURVE('',#17897,#17984);
#17984 = DEFINITIONAL_REPRESENTATION('',(#17985),#17989);
#17985 = LINE('',#17986,#17987);
#17986 = CARTESIAN_POINT('',(848.,36.));
#17987 = VECTOR('',#17988,1.);
#17988 = DIRECTION('',(1.,0.));
#17989 = ( GEOMETRIC_REPRESENTATION_CONTEXT(2) 
PARAMETRIC_REPRESENTATION_CONTEXT() REPRESENTATION_CONTEXT('2D SPACE',''
  ) );
#17990 = PCURVE('',#17991,#17996);
#17991 = PLANE('',#17992);
#17992 = AXIS2_PLACEMENT_3D('',#17993,#17994,#17995);
#17993 = CARTESIAN_POINT('',(617.4,1.4878E+03,1.431E+03));
#17994 = DIRECTION('',(0.,0.,1.));
#17995 = DIRECTION('',(1.110223024625E-16,1.,0.));
#17996 = DEFINITIONAL_REPRESENTATION('',(#17997),#18001);
#17997 = LINE('',#17998,#17999);
#17998 = CARTESIAN_POINT('',(848.,-1.95399252334E-14));
#17999 = VECTOR('',#18000,1.);
#18000 = DIRECTION('',(1.,0.));
#18001 = ( GEOMETRIC_REPRESENTATION_CONTEXT(2) 
PARAMETRIC_REPRESENTATION_CONTEXT() REPRESENTATION_CONTEXT('2D SPACE',''
  ) );
#18002 = ADVANCED_FACE('',(#18003),#17965,.T.);
#18003 = FACE_BOUND('',#18004,.T.);
#18004 = EDGE_LOOP('',(#18005,#18006,#18029,#18057));
#18005 = ORIENTED_EDGE('',*,*,#17949,.F.);
#18006 = ORIENTED_EDGE('',*,*,#18007,.T.);
#18007 = EDGE_CURVE('',#17922,#18008,#18010,.T.);
#18008 = VERTEX_POINT('',#18009);
#18009 = CARTESIAN_POINT('',(609.4,3.1838E+03,1.395E+03));
#18010 = SURFACE_CURVE('',#18011,(#18015,#18022),.PCURVE_S1.);
#18011 = LINE('',#18012,#18013);
#18012 = CARTESIAN_POINT('',(613.4,3.1838E+03,1.395E+03));
#18013 = VECTOR('',#18014,1.);
#18014 = DIRECTION('',(-1.,1.110223024625E-16,0.));
#18015 = PCURVE('',#17965,#18016);
#18016 = DEFINITIONAL_REPRESENTATION('',(#18017),#18021);
#18017 = LINE('',#18018,#18019);
#18018 = CARTESIAN_POINT('',(4.,0.));
#18019 = VECTOR('',#18020,1.);
#18020 = DIRECTION('',(1.,0.));
#18021 = ( GEOMETRIC_REPRESENTATION_CONTEXT(2) 
PARAMETRIC_REPRESENTATION_CONTEXT() REPRESENTATION_CONTEXT('2D SPACE',''
  ) );
#18022 = PCURVE('',#17937,#18023);
#18023 = DEFINITIONAL_REPRESENTATION('',(#18024),#18028);
#18024 = LINE('',#18025,#18026);
#18025 = CARTESIAN_POINT('',(1.696E+03,4.));
#18026 = VECTOR('',#18027,1.);
#18027 = DIRECTION('',(0.,1.));
#18028 = ( GEOMETRIC_REPRESENTATION_CONTEXT(2) 
PARAMETRIC_REPRESENTATION_CONTEXT() REPRESENTATION_CONTEXT('2D SPACE',''
  ) );
#18029 = ORIENTED_EDGE('',*,*,#18030,.T.);
#18030 = EDGE_CURVE('',#18008,#18031,#18033,.T.);
#18031 = VERTEX_POINT('',#18032);
#18032 = CARTESIAN_POINT('',(609.4,3.1838E+03,1.431E+03));
#18033 = SURFACE_CURVE('',#18034,(#18038,#18045),.PCURVE_S1.);
#18034 = LINE('',#18035,#18036);
#18035 = CARTESIAN_POINT('',(609.4,3.1838E+03,1.413E+03));
#18036 = VECTOR('',#18037,1.);
#18037 = DIRECTION('',(0.,0.,1.));
#18038 = PCURVE('',#17965,#18039);
#18039 = DEFINITIONAL_REPRESENTATION('',(#18040),#18044);
#18040 = LINE('',#18041,#18042);
#18041 = CARTESIAN_POINT('',(8.,18.));
#18042 = VECTOR('',#18043,1.);
#18043 = DIRECTION('',(0.,1.));
#18044 = ( GEOMETRIC_REPRESENTATION_CONTEXT(2) 
PARAMETRIC_REPRESENTATION_CONTEXT() REPRESENTATION_CONTEXT('2D SPACE',''
  ) );
#18045 = PCURVE('',#18046,#18051);
#18046 = PLANE('',#18047);
#18047 = AXIS2_PLACEMENT_3D('',#18048,#18049,#18050);
#18048 = CARTESIAN_POINT('',(609.4,3.1838E+03,1.395E+03));
#18049 = DIRECTION('',(-1.,1.110223024625E-16,0.));
#18050 = DIRECTION('',(-1.110223024625E-16,-1.,0.));
#18051 = DEFINITIONAL_REPRESENTATION('',(#18052),#18056);
#18052 = LINE('',#18053,#18054);
#18053 = CARTESIAN_POINT('',(0.,18.));
#18054 = VECTOR('',#18055,1.);
#18055 = DIRECTION('',(0.,1.));
#18056 = ( GEOMETRIC_REPRESENTATION_CONTEXT(2) 
PARAMETRIC_REPRESENTATION_CONTEXT() REPRESENTATION_CONTEXT('2D SPACE',''
  ) );
#18057 = ORIENTED_EDGE('',*,*,#18058,.F.);
#18058 = EDGE_CURVE('',#17950,#18031,#18059,.T.);
#18059 = SURFACE_CURVE('',#18060,(#18064,#18071),.PCURVE_S1.);
#18060 = LINE('',#18061,#18062);
#18061 = CARTESIAN_POINT('',(613.4,3.1838E+03,1.431E+03));
#18062 = VECTOR('',#18063,1.);
#18063 = DIRECTION('',(-1.,1.110223024625E-16,0.));
#18064 = PCURVE('',#17965,#18065);
#18065 = DEFINITIONAL_REPRESENTATION('',(#18066),#18070);
#18066 = LINE('',#18067,#18068);
#18067 = CARTESIAN_POINT('',(4.,36.));
#18068 = VECTOR('',#18069,1.);
#18069 = DIRECTION('',(1.,0.));
#18070 = ( GEOMETRIC_REPRESENTATION_CONTEXT(2) 
PARAMETRIC_REPRESENTATION_CONTEXT() REPRESENTATION_CONTEXT('2D SPACE',''
  ) );
#18071 = PCURVE('',#17991,#18072);
#18072 = DEFINITIONAL_REPRESENTATION('',(#18073),#18077);
#18073 = LINE('',#18074,#18075);
#18074 = CARTESIAN_POINT('',(1.696E+03,4.));
#18075 = VECTOR('',#18076,1.);
#18076 = DIRECTION('',(0.,1.));
#18077 = ( GEOMETRIC_REPRESENTATION_CONTEXT(2) 
PARAMETRIC_REPRESENTATION_CONTEXT() REPRESENTATION_CONTEXT('2D SPACE',''
  ) );
#18078 = ADVANCED_FACE('',(#18079),#18046,.T.);
#18079 = FACE_BOUND('',#18080,.T.);
#18080 = EDGE_LOOP('',(#18081,#18082,#18105,#18128));
#18081 = ORIENTED_EDGE('',*,*,#18030,.F.);
#18082 = ORIENTED_EDGE('',*,*,#18083,.T.);
#18083 = EDGE_CURVE('',#18008,#18084,#18086,.T.);
#18084 = VERTEX_POINT('',#18085);
#18085 = CARTESIAN_POINT('',(609.4,1.4878E+03,1.395E+03));
#18086 = SURFACE_CURVE('',#18087,(#18091,#18098),.PCURVE_S1.);
#18087 = LINE('',#18088,#18089);
#18088 = CARTESIAN_POINT('',(609.4,2.3358E+03,1.395E+03));
#18089 = VECTOR('',#18090,1.);
#18090 = DIRECTION('',(-1.110223024625E-16,-1.,0.));
#18091 = PCURVE('',#18046,#18092);
#18092 = DEFINITIONAL_REPRESENTATION('',(#18093),#18097);
#18093 = LINE('',#18094,#18095);
#18094 = CARTESIAN_POINT('',(848.,0.));
#18095 = VECTOR('',#18096,1.);
#18096 = DIRECTION('',(1.,0.));
#18097 = ( GEOMETRIC_REPRESENTATION_CONTEXT(2) 
PARAMETRIC_REPRESENTATION_CONTEXT() REPRESENTATION_CONTEXT('2D SPACE',''
  ) );
#18098 = PCURVE('',#17937,#18099);
#18099 = DEFINITIONAL_REPRESENTATION('',(#18100),#18104);
#18100 = LINE('',#18101,#18102);
#18101 = CARTESIAN_POINT('',(848.,8.));
#18102 = VECTOR('',#18103,1.);
#18103 = DIRECTION('',(-1.,0.));
#18104 = ( GEOMETRIC_REPRESENTATION_CONTEXT(2) 
PARAMETRIC_REPRESENTATION_CONTEXT() REPRESENTATION_CONTEXT('2D SPACE',''
  ) );
#18105 = ORIENTED_EDGE('',*,*,#18106,.T.);
#18106 = EDGE_CURVE('',#18084,#18107,#18109,.T.);
#18107 = VERTEX_POINT('',#18108);
#18108 = CARTESIAN_POINT('',(609.4,1.4878E+03,1.431E+03));
#18109 = SURFACE_CURVE('',#18110,(#18114,#18121),.PCURVE_S1.);
#18110 = LINE('',#18111,#18112);
#18111 = CARTESIAN_POINT('',(609.4,1.4878E+03,1.413E+03));
#18112 = VECTOR('',#18113,1.);
#18113 = DIRECTION('',(0.,0.,1.));
#18114 = PCURVE('',#18046,#18115);
#18115 = DEFINITIONAL_REPRESENTATION('',(#18116),#18120);
#18116 = LINE('',#18117,#18118);
#18117 = CARTESIAN_POINT('',(1.696E+03,18.));
#18118 = VECTOR('',#18119,1.);
#18119 = DIRECTION('',(0.,1.));
#18120 = ( GEOMETRIC_REPRESENTATION_CONTEXT(2) 
PARAMETRIC_REPRESENTATION_CONTEXT() REPRESENTATION_CONTEXT('2D SPACE',''
  ) );
#18121 = PCURVE('',#17909,#18122);
#18122 = DEFINITIONAL_REPRESENTATION('',(#18123),#18127);
#18123 = LINE('',#18124,#18125);
#18124 = CARTESIAN_POINT('',(0.,18.));
#18125 = VECTOR('',#18126,1.);
#18126 = DIRECTION('',(0.,1.));
#18127 = ( GEOMETRIC_REPRESENTATION_CONTEXT(2) 
PARAMETRIC_REPRESENTATION_CONTEXT() REPRESENTATION_CONTEXT('2D SPACE',''
  ) );
#18128 = ORIENTED_EDGE('',*,*,#18129,.F.);
#18129 = EDGE_CURVE('',#18031,#18107,#18130,.T.);
#18130 = SURFACE_CURVE('',#18131,(#18135,#18142),.PCURVE_S1.);
#18131 = LINE('',#18132,#18133);
#18132 = CARTESIAN_POINT('',(609.4,2.3358E+03,1.431E+03));
#18133 = VECTOR('',#18134,1.);
#18134 = DIRECTION('',(-1.110223024625E-16,-1.,0.));
#18135 = PCURVE('',#18046,#18136);
#18136 = DEFINITIONAL_REPRESENTATION('',(#18137),#18141);
#18137 = LINE('',#18138,#18139);
#18138 = CARTESIAN_POINT('',(848.,36.));
#18139 = VECTOR('',#18140,1.);
#18140 = DIRECTION('',(1.,0.));
#18141 = ( GEOMETRIC_REPRESENTATION_CONTEXT(2) 
PARAMETRIC_REPRESENTATION_CONTEXT() REPRESENTATION_CONTEXT('2D SPACE',''
  ) );
#18142 = PCURVE('',#17991,#18143);
#18143 = DEFINITIONAL_REPRESENTATION('',(#18144),#18148);
#18144 = LINE('',#18145,#18146);
#18145 = CARTESIAN_POINT('',(848.,8.));
#18146 = VECTOR('',#18147,1.);
#18147 = DIRECTION('',(-1.,0.));
#18148 = ( GEOMETRIC_REPRESENTATION_CONTEXT(2) 
PARAMETRIC_REPRESENTATION_CONTEXT() REPRESENTATION_CONTEXT('2D SPACE',''
  ) );
#18149 = ADVANCED_FACE('',(#18150),#17909,.T.);
#18150 = FACE_BOUND('',#18151,.T.);
#18151 = EDGE_LOOP('',(#18152,#18153,#18174,#18175));
#18152 = ORIENTED_EDGE('',*,*,#18106,.F.);
#18153 = ORIENTED_EDGE('',*,*,#18154,.T.);
#18154 = EDGE_CURVE('',#18084,#17887,#18155,.T.);
#18155 = SURFACE_CURVE('',#18156,(#18160,#18167),.PCURVE_S1.);
#18156 = LINE('',#18157,#18158);
#18157 = CARTESIAN_POINT('',(613.4,1.4878E+03,1.395E+03));
#18158 = VECTOR('',#18159,1.);
#18159 = DIRECTION('',(1.,-1.110223024625E-16,0.));
#18160 = PCURVE('',#17909,#18161);
#18161 = DEFINITIONAL_REPRESENTATION('',(#18162),#18166);
#18162 = LINE('',#18163,#18164);
#18163 = CARTESIAN_POINT('',(4.,0.));
#18164 = VECTOR('',#18165,1.);
#18165 = DIRECTION('',(1.,0.));
#18166 = ( GEOMETRIC_REPRESENTATION_CONTEXT(2) 
PARAMETRIC_REPRESENTATION_CONTEXT() REPRESENTATION_CONTEXT('2D SPACE',''
  ) );
#18167 = PCURVE('',#17937,#18168);
#18168 = DEFINITIONAL_REPRESENTATION('',(#18169),#18173);
#18169 = LINE('',#18170,#18171);
#18170 = CARTESIAN_POINT('',(-4.440892098501E-16,4.));
#18171 = VECTOR('',#18172,1.);
#18172 = DIRECTION('',(0.,-1.));
#18173 = ( GEOMETRIC_REPRESENTATION_CONTEXT(2) 
PARAMETRIC_REPRESENTATION_CONTEXT() REPRESENTATION_CONTEXT('2D SPACE',''
  ) );
#18174 = ORIENTED_EDGE('',*,*,#17886,.T.);
#18175 = ORIENTED_EDGE('',*,*,#18176,.F.);
#18176 = EDGE_CURVE('',#18107,#17889,#18177,.T.);
#18177 = SURFACE_CURVE('',#18178,(#18182,#18189),.PCURVE_S1.);
#18178 = LINE('',#18179,#18180);
#18179 = CARTESIAN_POINT('',(613.4,1.4878E+03,1.431E+03));
#18180 = VECTOR('',#18181,1.);
#18181 = DIRECTION('',(1.,-1.110223024625E-16,0.));
#18182 = PCURVE('',#17909,#18183);
#18183 = DEFINITIONAL_REPRESENTATION('',(#18184),#18188);
#18184 = LINE('',#18185,#18186);
#18185 = CARTESIAN_POINT('',(4.,36.));
#18186 = VECTOR('',#18187,1.);
#18187 = DIRECTION('',(1.,0.));
#18188 = ( GEOMETRIC_REPRESENTATION_CONTEXT(2) 
PARAMETRIC_REPRESENTATION_CONTEXT() REPRESENTATION_CONTEXT('2D SPACE',''
  ) );
#18189 = PCURVE('',#17991,#18190);
#18190 = DEFINITIONAL_REPRESENTATION('',(#18191),#18195);
#18191 = LINE('',#18192,#18193);
#18192 = CARTESIAN_POINT('',(-4.440892098501E-16,4.));
#18193 = VECTOR('',#18194,1.);
#18194 = DIRECTION('',(0.,-1.));
#18195 = ( GEOMETRIC_REPRESENTATION_CONTEXT(2) 
PARAMETRIC_REPRESENTATION_CONTEXT() REPRESENTATION_CONTEXT('2D SPACE',''
  ) );
#18196 = ADVANCED_FACE('',(#18197),#17937,.F.);
#18197 = FACE_BOUND('',#18198,.T.);
#18198 = EDGE_LOOP('',(#18199,#18200,#18201,#18202));
#18199 = ORIENTED_EDGE('',*,*,#18154,.F.);
#18200 = ORIENTED_EDGE('',*,*,#18083,.F.);
#18201 = ORIENTED_EDGE('',*,*,#18007,.F.);
#18202 = ORIENTED_EDGE('',*,*,#17921,.F.);
#18203 = ADVANCED_FACE('',(#18204),#17991,.T.);
#18204 = FACE_BOUND('',#18205,.T.);
#18205 = EDGE_LOOP('',(#18206,#18207,#18208,#18209));
#18206 = ORIENTED_EDGE('',*,*,#17977,.T.);
#18207 = ORIENTED_EDGE('',*,*,#18058,.T.);
#18208 = ORIENTED_EDGE('',*,*,#18129,.T.);
#18209 = ORIENTED_EDGE('',*,*,#18176,.T.);
#18210 = ( GEOMETRIC_REPRESENTATION_CONTEXT(3) 
GLOBAL_UNCERTAINTY_ASSIGNED_CONTEXT((#18214)) 
GLOBAL_UNIT_ASSIGNED_CONTEXT((#18211,#18212,#18213)) 
REPRESENTATION_CONTEXT('Context #1',
  '3D Context with UNIT and UNCERTAINTY') );
#18211 = ( LENGTH_UNIT() NAMED_UNIT(*) SI_UNIT(.MILLI.,.METRE.) );
#18212 = ( NAMED_UNIT(*) PLANE_ANGLE_UNIT() SI_UNIT($,.RADIAN.) );
#18213 = ( NAMED_UNIT(*) SI_UNIT($,.STERADIAN.) SOLID_ANGLE_UNIT() );
#18214 = UNCERTAINTY_MEASURE_WITH_UNIT(LENGTH_MEASURE(1.E-07),#18211,
  'distance_accuracy_value','confusion accuracy');
#18215 = CONTEXT_DEPENDENT_SHAPE_REPRESENTATION(#18216,#18218);
#18216 = ( REPRESENTATION_RELATIONSHIP('','',#17879,#10) 
REPRESENTATION_RELATIONSHIP_WITH_TRANSFORMATION(#18217) 
SHAPE_REPRESENTATION_RELATIONSHIP() );
#18217 = ITEM_DEFINED_TRANSFORMATION('','',#11,#203);
#18218 = PRODUCT_DEFINITION_SHAPE('Placement','Placement of an item',
  #18219);
#18219 = NEXT_ASSEMBLY_USAGE_OCCURRENCE('299','','',#5,#17874,$);
#18220 = PRODUCT_RELATED_PRODUCT_CATEGORY('part',$,(#17876));
#18221 = SHAPE_DEFINITION_REPRESENTATION(#18222,#18228);
#18222 = PRODUCT_DEFINITION_SHAPE('','',#18223);
#18223 = PRODUCT_DEFINITION('design','',#18224,#18227);
#18224 = PRODUCT_DEFINITION_FORMATION('','',#18225);
#18225 = PRODUCT('Open CASCADE STEP translator 7.9 4.49',
  'Open CASCADE STEP translator 7.9 4.49','',(#18226));
#18226 = PRODUCT_CONTEXT('',#2,'mechanical');
#18227 = PRODUCT_DEFINITION_CONTEXT('part definition',#2,'design');
#18228 = ADVANCED_BREP_SHAPE_REPRESENTATION('',(#11,#18229),#18559);
#18229 = MANIFOLD_SOLID_BREP('',#18230);
#18230 = CLOSED_SHELL('',(#18231,#18351,#18427,#18498,#18545,#18552));
#18231 = ADVANCED_FACE('',(#18232),#18246,.T.);
#18232 = FACE_BOUND('',#18233,.T.);
#18233 = EDGE_LOOP('',(#18234,#18269,#18297,#18325));
#18234 = ORIENTED_EDGE('',*,*,#18235,.F.);
#18235 = EDGE_CURVE('',#18236,#18238,#18240,.T.);
#18236 = VERTEX_POINT('',#18237);
#18237 = CARTESIAN_POINT('',(-1.1146E+03,3.2198E+03,1.395E+03));
#18238 = VERTEX_POINT('',#18239);
#18239 = CARTESIAN_POINT('',(-1.1146E+03,3.2198E+03,1.431E+03));
#18240 = SURFACE_CURVE('',#18241,(#18245,#18257),.PCURVE_S1.);
#18241 = LINE('',#18242,#18243);
#18242 = CARTESIAN_POINT('',(-1.1146E+03,3.2198E+03,1.413E+03));
#18243 = VECTOR('',#18244,1.);
#18244 = DIRECTION('',(0.,0.,1.));
#18245 = PCURVE('',#18246,#18251);
#18246 = PLANE('',#18247);
#18247 = AXIS2_PLACEMENT_3D('',#18248,#18249,#18250);
#18248 = CARTESIAN_POINT('',(-1.1146E+03,3.2198E+03,1.395E+03));
#18249 = DIRECTION('',(1.,-1.110223024625E-16,0.));
#18250 = DIRECTION('',(1.110223024625E-16,1.,0.));
#18251 = DEFINITIONAL_REPRESENTATION('',(#18252),#18256);
#18252 = LINE('',#18253,#18254);
#18253 = CARTESIAN_POINT('',(0.,18.));
#18254 = VECTOR('',#18255,1.);
#18255 = DIRECTION('',(0.,1.));
#18256 = ( GEOMETRIC_REPRESENTATION_CONTEXT(2) 
PARAMETRIC_REPRESENTATION_CONTEXT() REPRESENTATION_CONTEXT('2D SPACE',''
  ) );
#18257 = PCURVE('',#18258,#18263);
#18258 = PLANE('',#18259);
#18259 = AXIS2_PLACEMENT_3D('',#18260,#18261,#18262);
#18260 = CARTESIAN_POINT('',(-1.1226E+03,3.2198E+03,1.395E+03));
#18261 = DIRECTION('',(-1.110223024625E-16,-1.,0.));
#18262 = DIRECTION('',(1.,-1.110223024625E-16,0.));
#18263 = DEFINITIONAL_REPRESENTATION('',(#18264),#18268);
#18264 = LINE('',#18265,#18266);
#18265 = CARTESIAN_POINT('',(8.,18.));
#18266 = VECTOR('',#18267,1.);
#18267 = DIRECTION('',(0.,1.));
#18268 = ( GEOMETRIC_REPRESENTATION_CONTEXT(2) 
PARAMETRIC_REPRESENTATION_CONTEXT() REPRESENTATION_CONTEXT('2D SPACE',''
  ) );
#18269 = ORIENTED_EDGE('',*,*,#18270,.T.);
#18270 = EDGE_CURVE('',#18236,#18271,#18273,.T.);
#18271 = VERTEX_POINT('',#18272);
#18272 = CARTESIAN_POINT('',(-1.1146E+03,3.5698E+03,1.395E+03));
#18273 = SURFACE_CURVE('',#18274,(#18278,#18285),.PCURVE_S1.);
#18274 = LINE('',#18275,#18276);
#18275 = CARTESIAN_POINT('',(-1.1146E+03,3.3948E+03,1.395E+03));
#18276 = VECTOR('',#18277,1.);
#18277 = DIRECTION('',(1.110223024625E-16,1.,0.));
#18278 = PCURVE('',#18246,#18279);
#18279 = DEFINITIONAL_REPRESENTATION('',(#18280),#18284);
#18280 = LINE('',#18281,#18282);
#18281 = CARTESIAN_POINT('',(175.,0.));
#18282 = VECTOR('',#18283,1.);
#18283 = DIRECTION('',(1.,0.));
#18284 = ( GEOMETRIC_REPRESENTATION_CONTEXT(2) 
PARAMETRIC_REPRESENTATION_CONTEXT() REPRESENTATION_CONTEXT('2D SPACE',''
  ) );
#18285 = PCURVE('',#18286,#18291);
#18286 = PLANE('',#18287);
#18287 = AXIS2_PLACEMENT_3D('',#18288,#18289,#18290);
#18288 = CARTESIAN_POINT('',(-1.1146E+03,3.2198E+03,1.395E+03));
#18289 = DIRECTION('',(0.,0.,1.));
#18290 = DIRECTION('',(1.110223024625E-16,1.,0.));
#18291 = DEFINITIONAL_REPRESENTATION('',(#18292),#18296);
#18292 = LINE('',#18293,#18294);
#18293 = CARTESIAN_POINT('',(175.,1.942890293094E-14));
#18294 = VECTOR('',#18295,1.);
#18295 = DIRECTION('',(1.,0.));
#18296 = ( GEOMETRIC_REPRESENTATION_CONTEXT(2) 
PARAMETRIC_REPRESENTATION_CONTEXT() REPRESENTATION_CONTEXT('2D SPACE',''
  ) );
#18297 = ORIENTED_EDGE('',*,*,#18298,.T.);
#18298 = EDGE_CURVE('',#18271,#18299,#18301,.T.);
#18299 = VERTEX_POINT('',#18300);
#18300 = CARTESIAN_POINT('',(-1.1146E+03,3.5698E+03,1.431E+03));
#18301 = SURFACE_CURVE('',#18302,(#18306,#18313),.PCURVE_S1.);
#18302 = LINE('',#18303,#18304);
#18303 = CARTESIAN_POINT('',(-1.1146E+03,3.5698E+03,1.413E+03));
#18304 = VECTOR('',#18305,1.);
#18305 = DIRECTION('',(0.,0.,1.));
#18306 = PCURVE('',#18246,#18307);
#18307 = DEFINITIONAL_REPRESENTATION('',(#18308),#18312);
#18308 = LINE('',#18309,#18310);
#18309 = CARTESIAN_POINT('',(350.,18.));
#18310 = VECTOR('',#18311,1.);
#18311 = DIRECTION('',(0.,1.));
#18312 = ( GEOMETRIC_REPRESENTATION_CONTEXT(2) 
PARAMETRIC_REPRESENTATION_CONTEXT() REPRESENTATION_CONTEXT('2D SPACE',''
  ) );
#18313 = PCURVE('',#18314,#18319);
#18314 = PLANE('',#18315);
#18315 = AXIS2_PLACEMENT_3D('',#18316,#18317,#18318);
#18316 = CARTESIAN_POINT('',(-1.1146E+03,3.5698E+03,1.395E+03));
#18317 = DIRECTION('',(1.110223024625E-16,1.,0.));
#18318 = DIRECTION('',(-1.,1.110223024625E-16,0.));
#18319 = DEFINITIONAL_REPRESENTATION('',(#18320),#18324);
#18320 = LINE('',#18321,#18322);
#18321 = CARTESIAN_POINT('',(0.,18.));
#18322 = VECTOR('',#18323,1.);
#18323 = DIRECTION('',(0.,1.));
#18324 = ( GEOMETRIC_REPRESENTATION_CONTEXT(2) 
PARAMETRIC_REPRESENTATION_CONTEXT() REPRESENTATION_CONTEXT('2D SPACE',''
  ) );
#18325 = ORIENTED_EDGE('',*,*,#18326,.F.);
#18326 = EDGE_CURVE('',#18238,#18299,#18327,.T.);
#18327 = SURFACE_CURVE('',#18328,(#18332,#18339),.PCURVE_S1.);
#18328 = LINE('',#18329,#18330);
#18329 = CARTESIAN_POINT('',(-1.1146E+03,3.3948E+03,1.431E+03));
#18330 = VECTOR('',#18331,1.);
#18331 = DIRECTION('',(1.110223024625E-16,1.,0.));
#18332 = PCURVE('',#18246,#18333);
#18333 = DEFINITIONAL_REPRESENTATION('',(#18334),#18338);
#18334 = LINE('',#18335,#18336);
#18335 = CARTESIAN_POINT('',(175.,36.));
#18336 = VECTOR('',#18337,1.);
#18337 = DIRECTION('',(1.,0.));
#18338 = ( GEOMETRIC_REPRESENTATION_CONTEXT(2) 
PARAMETRIC_REPRESENTATION_CONTEXT() REPRESENTATION_CONTEXT('2D SPACE',''
  ) );
#18339 = PCURVE('',#18340,#18345);
#18340 = PLANE('',#18341);
#18341 = AXIS2_PLACEMENT_3D('',#18342,#18343,#18344);
#18342 = CARTESIAN_POINT('',(-1.1146E+03,3.2198E+03,1.431E+03));
#18343 = DIRECTION('',(0.,0.,1.));
#18344 = DIRECTION('',(1.110223024625E-16,1.,0.));
#18345 = DEFINITIONAL_REPRESENTATION('',(#18346),#18350);
#18346 = LINE('',#18347,#18348);
#18347 = CARTESIAN_POINT('',(175.,1.942890293094E-14));
#18348 = VECTOR('',#18349,1.);
#18349 = DIRECTION('',(1.,0.));
#18350 = ( GEOMETRIC_REPRESENTATION_CONTEXT(2) 
PARAMETRIC_REPRESENTATION_CONTEXT() REPRESENTATION_CONTEXT('2D SPACE',''
  ) );
#18351 = ADVANCED_FACE('',(#18352),#18314,.T.);
#18352 = FACE_BOUND('',#18353,.T.);
#18353 = EDGE_LOOP('',(#18354,#18355,#18378,#18406));
#18354 = ORIENTED_EDGE('',*,*,#18298,.F.);
#18355 = ORIENTED_EDGE('',*,*,#18356,.T.);
#18356 = EDGE_CURVE('',#18271,#18357,#18359,.T.);
#18357 = VERTEX_POINT('',#18358);
#18358 = CARTESIAN_POINT('',(-1.1226E+03,3.5698E+03,1.395E+03));
#18359 = SURFACE_CURVE('',#18360,(#18364,#18371),.PCURVE_S1.);
#18360 = LINE('',#18361,#18362);
#18361 = CARTESIAN_POINT('',(-1.1186E+03,3.5698E+03,1.395E+03));
#18362 = VECTOR('',#18363,1.);
#18363 = DIRECTION('',(-1.,1.110223024625E-16,0.));
#18364 = PCURVE('',#18314,#18365);
#18365 = DEFINITIONAL_REPRESENTATION('',(#18366),#18370);
#18366 = LINE('',#18367,#18368);
#18367 = CARTESIAN_POINT('',(4.,0.));
#18368 = VECTOR('',#18369,1.);
#18369 = DIRECTION('',(1.,0.));
#18370 = ( GEOMETRIC_REPRESENTATION_CONTEXT(2) 
PARAMETRIC_REPRESENTATION_CONTEXT() REPRESENTATION_CONTEXT('2D SPACE',''
  ) );
#18371 = PCURVE('',#18286,#18372);
#18372 = DEFINITIONAL_REPRESENTATION('',(#18373),#18377);
#18373 = LINE('',#18374,#18375);
#18374 = CARTESIAN_POINT('',(350.,4.));
#18375 = VECTOR('',#18376,1.);
#18376 = DIRECTION('',(0.,1.));
#18377 = ( GEOMETRIC_REPRESENTATION_CONTEXT(2) 
PARAMETRIC_REPRESENTATION_CONTEXT() REPRESENTATION_CONTEXT('2D SPACE',''
  ) );
#18378 = ORIENTED_EDGE('',*,*,#18379,.T.);
#18379 = EDGE_CURVE('',#18357,#18380,#18382,.T.);
#18380 = VERTEX_POINT('',#18381);
#18381 = CARTESIAN_POINT('',(-1.1226E+03,3.5698E+03,1.431E+03));
#18382 = SURFACE_CURVE('',#18383,(#18387,#18394),.PCURVE_S1.);
#18383 = LINE('',#18384,#18385);
#18384 = CARTESIAN_POINT('',(-1.1226E+03,3.5698E+03,1.413E+03));
#18385 = VECTOR('',#18386,1.);
#18386 = DIRECTION('',(0.,0.,1.));
#18387 = PCURVE('',#18314,#18388);
#18388 = DEFINITIONAL_REPRESENTATION('',(#18389),#18393);
#18389 = LINE('',#18390,#18391);
#18390 = CARTESIAN_POINT('',(8.,18.));
#18391 = VECTOR('',#18392,1.);
#18392 = DIRECTION('',(0.,1.));
#18393 = ( GEOMETRIC_REPRESENTATION_CONTEXT(2) 
PARAMETRIC_REPRESENTATION_CONTEXT() REPRESENTATION_CONTEXT('2D SPACE',''
  ) );
#18394 = PCURVE('',#18395,#18400);
#18395 = PLANE('',#18396);
#18396 = AXIS2_PLACEMENT_3D('',#18397,#18398,#18399);
#18397 = CARTESIAN_POINT('',(-1.1226E+03,3.5698E+03,1.395E+03));
#18398 = DIRECTION('',(-1.,1.110223024625E-16,0.));
#18399 = DIRECTION('',(-1.110223024625E-16,-1.,0.));
#18400 = DEFINITIONAL_REPRESENTATION('',(#18401),#18405);
#18401 = LINE('',#18402,#18403);
#18402 = CARTESIAN_POINT('',(0.,18.));
#18403 = VECTOR('',#18404,1.);
#18404 = DIRECTION('',(0.,1.));
#18405 = ( GEOMETRIC_REPRESENTATION_CONTEXT(2) 
PARAMETRIC_REPRESENTATION_CONTEXT() REPRESENTATION_CONTEXT('2D SPACE',''
  ) );
#18406 = ORIENTED_EDGE('',*,*,#18407,.F.);
#18407 = EDGE_CURVE('',#18299,#18380,#18408,.T.);
#18408 = SURFACE_CURVE('',#18409,(#18413,#18420),.PCURVE_S1.);
#18409 = LINE('',#18410,#18411);
#18410 = CARTESIAN_POINT('',(-1.1186E+03,3.5698E+03,1.431E+03));
#18411 = VECTOR('',#18412,1.);
#18412 = DIRECTION('',(-1.,1.110223024625E-16,0.));
#18413 = PCURVE('',#18314,#18414);
#18414 = DEFINITIONAL_REPRESENTATION('',(#18415),#18419);
#18415 = LINE('',#18416,#18417);
#18416 = CARTESIAN_POINT('',(4.,36.));
#18417 = VECTOR('',#18418,1.);
#18418 = DIRECTION('',(1.,0.));
#18419 = ( GEOMETRIC_REPRESENTATION_CONTEXT(2) 
PARAMETRIC_REPRESENTATION_CONTEXT() REPRESENTATION_CONTEXT('2D SPACE',''
  ) );
#18420 = PCURVE('',#18340,#18421);
#18421 = DEFINITIONAL_REPRESENTATION('',(#18422),#18426);
#18422 = LINE('',#18423,#18424);
#18423 = CARTESIAN_POINT('',(350.,4.));
#18424 = VECTOR('',#18425,1.);
#18425 = DIRECTION('',(0.,1.));
#18426 = ( GEOMETRIC_REPRESENTATION_CONTEXT(2) 
PARAMETRIC_REPRESENTATION_CONTEXT() REPRESENTATION_CONTEXT('2D SPACE',''
  ) );
#18427 = ADVANCED_FACE('',(#18428),#18395,.T.);
#18428 = FACE_BOUND('',#18429,.T.);
#18429 = EDGE_LOOP('',(#18430,#18431,#18454,#18477));
#18430 = ORIENTED_EDGE('',*,*,#18379,.F.);
#18431 = ORIENTED_EDGE('',*,*,#18432,.T.);
#18432 = EDGE_CURVE('',#18357,#18433,#18435,.T.);
#18433 = VERTEX_POINT('',#18434);
#18434 = CARTESIAN_POINT('',(-1.1226E+03,3.2198E+03,1.395E+03));
#18435 = SURFACE_CURVE('',#18436,(#18440,#18447),.PCURVE_S1.);
#18436 = LINE('',#18437,#18438);
#18437 = CARTESIAN_POINT('',(-1.1226E+03,3.3948E+03,1.395E+03));
#18438 = VECTOR('',#18439,1.);
#18439 = DIRECTION('',(-1.110223024625E-16,-1.,0.));
#18440 = PCURVE('',#18395,#18441);
#18441 = DEFINITIONAL_REPRESENTATION('',(#18442),#18446);
#18442 = LINE('',#18443,#18444);
#18443 = CARTESIAN_POINT('',(175.,0.));
#18444 = VECTOR('',#18445,1.);
#18445 = DIRECTION('',(1.,0.));
#18446 = ( GEOMETRIC_REPRESENTATION_CONTEXT(2) 
PARAMETRIC_REPRESENTATION_CONTEXT() REPRESENTATION_CONTEXT('2D SPACE',''
  ) );
#18447 = PCURVE('',#18286,#18448);
#18448 = DEFINITIONAL_REPRESENTATION('',(#18449),#18453);
#18449 = LINE('',#18450,#18451);
#18450 = CARTESIAN_POINT('',(175.,8.));
#18451 = VECTOR('',#18452,1.);
#18452 = DIRECTION('',(-1.,0.));
#18453 = ( GEOMETRIC_REPRESENTATION_CONTEXT(2) 
PARAMETRIC_REPRESENTATION_CONTEXT() REPRESENTATION_CONTEXT('2D SPACE',''
  ) );
#18454 = ORIENTED_EDGE('',*,*,#18455,.T.);
#18455 = EDGE_CURVE('',#18433,#18456,#18458,.T.);
#18456 = VERTEX_POINT('',#18457);
#18457 = CARTESIAN_POINT('',(-1.1226E+03,3.2198E+03,1.431E+03));
#18458 = SURFACE_CURVE('',#18459,(#18463,#18470),.PCURVE_S1.);
#18459 = LINE('',#18460,#18461);
#18460 = CARTESIAN_POINT('',(-1.1226E+03,3.2198E+03,1.413E+03));
#18461 = VECTOR('',#18462,1.);
#18462 = DIRECTION('',(0.,0.,1.));
#18463 = PCURVE('',#18395,#18464);
#18464 = DEFINITIONAL_REPRESENTATION('',(#18465),#18469);
#18465 = LINE('',#18466,#18467);
#18466 = CARTESIAN_POINT('',(350.,18.));
#18467 = VECTOR('',#18468,1.);
#18468 = DIRECTION('',(0.,1.));
#18469 = ( GEOMETRIC_REPRESENTATION_CONTEXT(2) 
PARAMETRIC_REPRESENTATION_CONTEXT() REPRESENTATION_CONTEXT('2D SPACE',''
  ) );
#18470 = PCURVE('',#18258,#18471);
#18471 = DEFINITIONAL_REPRESENTATION('',(#18472),#18476);
#18472 = LINE('',#18473,#18474);
#18473 = CARTESIAN_POINT('',(0.,18.));
#18474 = VECTOR('',#18475,1.);
#18475 = DIRECTION('',(0.,1.));
#18476 = ( GEOMETRIC_REPRESENTATION_CONTEXT(2) 
PARAMETRIC_REPRESENTATION_CONTEXT() REPRESENTATION_CONTEXT('2D SPACE',''
  ) );
#18477 = ORIENTED_EDGE('',*,*,#18478,.F.);
#18478 = EDGE_CURVE('',#18380,#18456,#18479,.T.);
#18479 = SURFACE_CURVE('',#18480,(#18484,#18491),.PCURVE_S1.);
#18480 = LINE('',#18481,#18482);
#18481 = CARTESIAN_POINT('',(-1.1226E+03,3.3948E+03,1.431E+03));
#18482 = VECTOR('',#18483,1.);
#18483 = DIRECTION('',(-1.110223024625E-16,-1.,0.));
#18484 = PCURVE('',#18395,#18485);
#18485 = DEFINITIONAL_REPRESENTATION('',(#18486),#18490);
#18486 = LINE('',#18487,#18488);
#18487 = CARTESIAN_POINT('',(175.,36.));
#18488 = VECTOR('',#18489,1.);
#18489 = DIRECTION('',(1.,0.));
#18490 = ( GEOMETRIC_REPRESENTATION_CONTEXT(2) 
PARAMETRIC_REPRESENTATION_CONTEXT() REPRESENTATION_CONTEXT('2D SPACE',''
  ) );
#18491 = PCURVE('',#18340,#18492);
#18492 = DEFINITIONAL_REPRESENTATION('',(#18493),#18497);
#18493 = LINE('',#18494,#18495);
#18494 = CARTESIAN_POINT('',(175.,8.));
#18495 = VECTOR('',#18496,1.);
#18496 = DIRECTION('',(-1.,0.));
#18497 = ( GEOMETRIC_REPRESENTATION_CONTEXT(2) 
PARAMETRIC_REPRESENTATION_CONTEXT() REPRESENTATION_CONTEXT('2D SPACE',''
  ) );
#18498 = ADVANCED_FACE('',(#18499),#18258,.T.);
#18499 = FACE_BOUND('',#18500,.T.);
#18500 = EDGE_LOOP('',(#18501,#18502,#18523,#18524));
#18501 = ORIENTED_EDGE('',*,*,#18455,.F.);
#18502 = ORIENTED_EDGE('',*,*,#18503,.T.);
#18503 = EDGE_CURVE('',#18433,#18236,#18504,.T.);
#18504 = SURFACE_CURVE('',#18505,(#18509,#18516),.PCURVE_S1.);
#18505 = LINE('',#18506,#18507);
#18506 = CARTESIAN_POINT('',(-1.1186E+03,3.2198E+03,1.395E+03));
#18507 = VECTOR('',#18508,1.);
#18508 = DIRECTION('',(1.,-1.110223024625E-16,0.));
#18509 = PCURVE('',#18258,#18510);
#18510 = DEFINITIONAL_REPRESENTATION('',(#18511),#18515);
#18511 = LINE('',#18512,#18513);
#18512 = CARTESIAN_POINT('',(4.,0.));
#18513 = VECTOR('',#18514,1.);
#18514 = DIRECTION('',(1.,0.));
#18515 = ( GEOMETRIC_REPRESENTATION_CONTEXT(2) 
PARAMETRIC_REPRESENTATION_CONTEXT() REPRESENTATION_CONTEXT('2D SPACE',''
  ) );
#18516 = PCURVE('',#18286,#18517);
#18517 = DEFINITIONAL_REPRESENTATION('',(#18518),#18522);
#18518 = LINE('',#18519,#18520);
#18519 = CARTESIAN_POINT('',(-4.440892098501E-16,4.));
#18520 = VECTOR('',#18521,1.);
#18521 = DIRECTION('',(0.,-1.));
#18522 = ( GEOMETRIC_REPRESENTATION_CONTEXT(2) 
PARAMETRIC_REPRESENTATION_CONTEXT() REPRESENTATION_CONTEXT('2D SPACE',''
  ) );
#18523 = ORIENTED_EDGE('',*,*,#18235,.T.);
#18524 = ORIENTED_EDGE('',*,*,#18525,.F.);
#18525 = EDGE_CURVE('',#18456,#18238,#18526,.T.);
#18526 = SURFACE_CURVE('',#18527,(#18531,#18538),.PCURVE_S1.);
#18527 = LINE('',#18528,#18529);
#18528 = CARTESIAN_POINT('',(-1.1186E+03,3.2198E+03,1.431E+03));
#18529 = VECTOR('',#18530,1.);
#18530 = DIRECTION('',(1.,-1.110223024625E-16,0.));
#18531 = PCURVE('',#18258,#18532);
#18532 = DEFINITIONAL_REPRESENTATION('',(#18533),#18537);
#18533 = LINE('',#18534,#18535);
#18534 = CARTESIAN_POINT('',(4.,36.));
#18535 = VECTOR('',#18536,1.);
#18536 = DIRECTION('',(1.,0.));
#18537 = ( GEOMETRIC_REPRESENTATION_CONTEXT(2) 
PARAMETRIC_REPRESENTATION_CONTEXT() REPRESENTATION_CONTEXT('2D SPACE',''
  ) );
#18538 = PCURVE('',#18340,#18539);
#18539 = DEFINITIONAL_REPRESENTATION('',(#18540),#18544);
#18540 = LINE('',#18541,#18542);
#18541 = CARTESIAN_POINT('',(-4.440892098501E-16,4.));
#18542 = VECTOR('',#18543,1.);
#18543 = DIRECTION('',(0.,-1.));
#18544 = ( GEOMETRIC_REPRESENTATION_CONTEXT(2) 
PARAMETRIC_REPRESENTATION_CONTEXT() REPRESENTATION_CONTEXT('2D SPACE',''
  ) );
#18545 = ADVANCED_FACE('',(#18546),#18286,.F.);
#18546 = FACE_BOUND('',#18547,.T.);
#18547 = EDGE_LOOP('',(#18548,#18549,#18550,#18551));
#18548 = ORIENTED_EDGE('',*,*,#18503,.F.);
#18549 = ORIENTED_EDGE('',*,*,#18432,.F.);
#18550 = ORIENTED_EDGE('',*,*,#18356,.F.);
#18551 = ORIENTED_EDGE('',*,*,#18270,.F.);
#18552 = ADVANCED_FACE('',(#18553),#18340,.T.);
#18553 = FACE_BOUND('',#18554,.T.);
#18554 = EDGE_LOOP('',(#18555,#18556,#18557,#18558));
#18555 = ORIENTED_EDGE('',*,*,#18326,.T.);
#18556 = ORIENTED_EDGE('',*,*,#18407,.T.);
#18557 = ORIENTED_EDGE('',*,*,#18478,.T.);
#18558 = ORIENTED_EDGE('',*,*,#18525,.T.);
#18559 = ( GEOMETRIC_REPRESENTATION_CONTEXT(3) 
GLOBAL_UNCERTAINTY_ASSIGNED_CONTEXT((#18563)) 
GLOBAL_UNIT_ASSIGNED_CONTEXT((#18560,#18561,#18562)) 
REPRESENTATION_CONTEXT('Context #1',
  '3D Context with UNIT and UNCERTAINTY') );
#18560 = ( LENGTH_UNIT() NAMED_UNIT(*) SI_UNIT(.MILLI.,.METRE.) );
#18561 = ( NAMED_UNIT(*) PLANE_ANGLE_UNIT() SI_UNIT($,.RADIAN.) );
#18562 = ( NAMED_UNIT(*) SI_UNIT($,.STERADIAN.) SOLID_ANGLE_UNIT() );
#18563 = UNCERTAINTY_MEASURE_WITH_UNIT(LENGTH_MEASURE(1.E-07),#18560,
  'distance_accuracy_value','confusion accuracy');
#18564 = CONTEXT_DEPENDENT_SHAPE_REPRESENTATION(#18565,#18567);
#18565 = ( REPRESENTATION_RELATIONSHIP('','',#18228,#10) 
REPRESENTATION_RELATIONSHIP_WITH_TRANSFORMATION(#18566) 
SHAPE_REPRESENTATION_RELATIONSHIP() );
#18566 = ITEM_DEFINED_TRANSFORMATION('','',#11,#207);
#18567 = PRODUCT_DEFINITION_SHAPE('Placement','Placement of an item',
  #18568);
#18568 = NEXT_ASSEMBLY_USAGE_OCCURRENCE('300','','',#5,#18223,$);
#18569 = PRODUCT_RELATED_PRODUCT_CATEGORY('part',$,(#18225));
#18570 = SHAPE_DEFINITION_REPRESENTATION(#18571,#18577);
#18571 = PRODUCT_DEFINITION_SHAPE('','',#18572);
#18572 = PRODUCT_DEFINITION('design','',#18573,#18576);
#18573 = PRODUCT_DEFINITION_FORMATION('','',#18574);
#18574 = PRODUCT('Open CASCADE STEP translator 7.9 4.50',
  'Open CASCADE STEP translator 7.9 4.50','',(#18575));
#18575 = PRODUCT_CONTEXT('',#2,'mechanical');
#18576 = PRODUCT_DEFINITION_CONTEXT('part definition',#2,'design');
#18577 = ADVANCED_BREP_SHAPE_REPRESENTATION('',(#11,#18578),#18908);
#18578 = MANIFOLD_SOLID_BREP('',#18579);
#18579 = CLOSED_SHELL('',(#18580,#18700,#18776,#18847,#18894,#18901));
#18580 = ADVANCED_FACE('',(#18581),#18595,.T.);
#18581 = FACE_BOUND('',#18582,.T.);
#18582 = EDGE_LOOP('',(#18583,#18618,#18646,#18674));
#18583 = ORIENTED_EDGE('',*,*,#18584,.F.);
#18584 = EDGE_CURVE('',#18585,#18587,#18589,.T.);
#18585 = VERTEX_POINT('',#18586);
#18586 = CARTESIAN_POINT('',(865.4,1.2238E+03,1.395E+03));
#18587 = VERTEX_POINT('',#18588);
#18588 = CARTESIAN_POINT('',(865.4,1.2238E+03,1.497E+03));
#18589 = SURFACE_CURVE('',#18590,(#18594,#18606),.PCURVE_S1.);
#18590 = LINE('',#18591,#18592);
#18591 = CARTESIAN_POINT('',(865.4,1.2238E+03,1.446E+03));
#18592 = VECTOR('',#18593,1.);
#18593 = DIRECTION('',(0.,0.,1.));
#18594 = PCURVE('',#18595,#18600);
#18595 = PLANE('',#18596);
#18596 = AXIS2_PLACEMENT_3D('',#18597,#18598,#18599);
#18597 = CARTESIAN_POINT('',(865.4,1.2238E+03,1.395E+03));
#18598 = DIRECTION('',(1.,-1.110223024625E-16,0.));
#18599 = DIRECTION('',(1.110223024625E-16,1.,0.));
#18600 = DEFINITIONAL_REPRESENTATION('',(#18601),#18605);
#18601 = LINE('',#18602,#18603);
#18602 = CARTESIAN_POINT('',(0.,51.));
#18603 = VECTOR('',#18604,1.);
#18604 = DIRECTION('',(0.,1.));
#18605 = ( GEOMETRIC_REPRESENTATION_CONTEXT(2) 
PARAMETRIC_REPRESENTATION_CONTEXT() REPRESENTATION_CONTEXT('2D SPACE',''
  ) );
#18606 = PCURVE('',#18607,#18612);
#18607 = PLANE('',#18608);
#18608 = AXIS2_PLACEMENT_3D('',#18609,#18610,#18611);
#18609 = CARTESIAN_POINT('',(847.4,1.2238E+03,1.395E+03));
#18610 = DIRECTION('',(-1.110223024625E-16,-1.,0.));
#18611 = DIRECTION('',(1.,-1.110223024625E-16,0.));
#18612 = DEFINITIONAL_REPRESENTATION('',(#18613),#18617);
#18613 = LINE('',#18614,#18615);
#18614 = CARTESIAN_POINT('',(18.,51.));
#18615 = VECTOR('',#18616,1.);
#18616 = DIRECTION('',(0.,1.));
#18617 = ( GEOMETRIC_REPRESENTATION_CONTEXT(2) 
PARAMETRIC_REPRESENTATION_CONTEXT() REPRESENTATION_CONTEXT('2D SPACE',''
  ) );
#18618 = ORIENTED_EDGE('',*,*,#18619,.T.);
#18619 = EDGE_CURVE('',#18585,#18620,#18622,.T.);
#18620 = VERTEX_POINT('',#18621);
#18621 = CARTESIAN_POINT('',(865.4,3.5918E+03,1.395E+03));
#18622 = SURFACE_CURVE('',#18623,(#18627,#18634),.PCURVE_S1.);
#18623 = LINE('',#18624,#18625);
#18624 = CARTESIAN_POINT('',(865.4,2.4078E+03,1.395E+03));
#18625 = VECTOR('',#18626,1.);
#18626 = DIRECTION('',(1.110223024625E-16,1.,0.));
#18627 = PCURVE('',#18595,#18628);
#18628 = DEFINITIONAL_REPRESENTATION('',(#18629),#18633);
#18629 = LINE('',#18630,#18631);
#18630 = CARTESIAN_POINT('',(1.184E+03,0.));
#18631 = VECTOR('',#18632,1.);
#18632 = DIRECTION('',(1.,0.));
#18633 = ( GEOMETRIC_REPRESENTATION_CONTEXT(2) 
PARAMETRIC_REPRESENTATION_CONTEXT() REPRESENTATION_CONTEXT('2D SPACE',''
  ) );
#18634 = PCURVE('',#18635,#18640);
#18635 = PLANE('',#18636);
#18636 = AXIS2_PLACEMENT_3D('',#18637,#18638,#18639);
#18637 = CARTESIAN_POINT('',(865.4,1.2238E+03,1.395E+03));
#18638 = DIRECTION('',(0.,0.,1.));
#18639 = DIRECTION('',(1.110223024625E-16,1.,0.));
#18640 = DEFINITIONAL_REPRESENTATION('',(#18641),#18645);
#18641 = LINE('',#18642,#18643);
#18642 = CARTESIAN_POINT('',(1.184E+03,1.7763568394E-14));
#18643 = VECTOR('',#18644,1.);
#18644 = DIRECTION('',(1.,0.));
#18645 = ( GEOMETRIC_REPRESENTATION_CONTEXT(2) 
PARAMETRIC_REPRESENTATION_CONTEXT() REPRESENTATION_CONTEXT('2D SPACE',''
  ) );
#18646 = ORIENTED_EDGE('',*,*,#18647,.T.);
#18647 = EDGE_CURVE('',#18620,#18648,#18650,.T.);
#18648 = VERTEX_POINT('',#18649);
#18649 = CARTESIAN_POINT('',(865.4,3.5918E+03,1.497E+03));
#18650 = SURFACE_CURVE('',#18651,(#18655,#18662),.PCURVE_S1.);
#18651 = LINE('',#18652,#18653);
#18652 = CARTESIAN_POINT('',(865.4,3.5918E+03,1.446E+03));
#18653 = VECTOR('',#18654,1.);
#18654 = DIRECTION('',(0.,0.,1.));
#18655 = PCURVE('',#18595,#18656);
#18656 = DEFINITIONAL_REPRESENTATION('',(#18657),#18661);
#18657 = LINE('',#18658,#18659);
#18658 = CARTESIAN_POINT('',(2.368E+03,51.));
#18659 = VECTOR('',#18660,1.);
#18660 = DIRECTION('',(0.,1.));
#18661 = ( GEOMETRIC_REPRESENTATION_CONTEXT(2) 
PARAMETRIC_REPRESENTATION_CONTEXT() REPRESENTATION_CONTEXT('2D SPACE',''
  ) );
#18662 = PCURVE('',#18663,#18668);
#18663 = PLANE('',#18664);
#18664 = AXIS2_PLACEMENT_3D('',#18665,#18666,#18667);
#18665 = CARTESIAN_POINT('',(865.4,3.5918E+03,1.395E+03));
#18666 = DIRECTION('',(1.110223024625E-16,1.,0.));
#18667 = DIRECTION('',(-1.,1.110223024625E-16,0.));
#18668 = DEFINITIONAL_REPRESENTATION('',(#18669),#18673);
#18669 = LINE('',#18670,#18671);
#18670 = CARTESIAN_POINT('',(0.,51.));
#18671 = VECTOR('',#18672,1.);
#18672 = DIRECTION('',(0.,1.));
#18673 = ( GEOMETRIC_REPRESENTATION_CONTEXT(2) 
PARAMETRIC_REPRESENTATION_CONTEXT() REPRESENTATION_CONTEXT('2D SPACE',''
  ) );
#18674 = ORIENTED_EDGE('',*,*,#18675,.F.);
#18675 = EDGE_CURVE('',#18587,#18648,#18676,.T.);
#18676 = SURFACE_CURVE('',#18677,(#18681,#18688),.PCURVE_S1.);
#18677 = LINE('',#18678,#18679);
#18678 = CARTESIAN_POINT('',(865.4,2.4078E+03,1.497E+03));
#18679 = VECTOR('',#18680,1.);
#18680 = DIRECTION('',(1.110223024625E-16,1.,0.));
#18681 = PCURVE('',#18595,#18682);
#18682 = DEFINITIONAL_REPRESENTATION('',(#18683),#18687);
#18683 = LINE('',#18684,#18685);
#18684 = CARTESIAN_POINT('',(1.184E+03,102.));
#18685 = VECTOR('',#18686,1.);
#18686 = DIRECTION('',(1.,0.));
#18687 = ( GEOMETRIC_REPRESENTATION_CONTEXT(2) 
PARAMETRIC_REPRESENTATION_CONTEXT() REPRESENTATION_CONTEXT('2D SPACE',''
  ) );
#18688 = PCURVE('',#18689,#18694);
#18689 = PLANE('',#18690);
#18690 = AXIS2_PLACEMENT_3D('',#18691,#18692,#18693);
#18691 = CARTESIAN_POINT('',(865.4,1.2238E+03,1.497E+03));
#18692 = DIRECTION('',(0.,0.,1.));
#18693 = DIRECTION('',(1.110223024625E-16,1.,0.));
#18694 = DEFINITIONAL_REPRESENTATION('',(#18695),#18699);
#18695 = LINE('',#18696,#18697);
#18696 = CARTESIAN_POINT('',(1.184E+03,1.7763568394E-14));
#18697 = VECTOR('',#18698,1.);
#18698 = DIRECTION('',(1.,0.));
#18699 = ( GEOMETRIC_REPRESENTATION_CONTEXT(2) 
PARAMETRIC_REPRESENTATION_CONTEXT() REPRESENTATION_CONTEXT('2D SPACE',''
  ) );
#18700 = ADVANCED_FACE('',(#18701),#18663,.T.);
#18701 = FACE_BOUND('',#18702,.T.);
#18702 = EDGE_LOOP('',(#18703,#18704,#18727,#18755));
#18703 = ORIENTED_EDGE('',*,*,#18647,.F.);
#18704 = ORIENTED_EDGE('',*,*,#18705,.T.);
#18705 = EDGE_CURVE('',#18620,#18706,#18708,.T.);
#18706 = VERTEX_POINT('',#18707);
#18707 = CARTESIAN_POINT('',(847.4,3.5918E+03,1.395E+03));
#18708 = SURFACE_CURVE('',#18709,(#18713,#18720),.PCURVE_S1.);
#18709 = LINE('',#18710,#18711);
#18710 = CARTESIAN_POINT('',(856.4,3.5918E+03,1.395E+03));
#18711 = VECTOR('',#18712,1.);
#18712 = DIRECTION('',(-1.,1.110223024625E-16,0.));
#18713 = PCURVE('',#18663,#18714);
#18714 = DEFINITIONAL_REPRESENTATION('',(#18715),#18719);
#18715 = LINE('',#18716,#18717);
#18716 = CARTESIAN_POINT('',(9.,0.));
#18717 = VECTOR('',#18718,1.);
#18718 = DIRECTION('',(1.,0.));
#18719 = ( GEOMETRIC_REPRESENTATION_CONTEXT(2) 
PARAMETRIC_REPRESENTATION_CONTEXT() REPRESENTATION_CONTEXT('2D SPACE',''
  ) );
#18720 = PCURVE('',#18635,#18721);
#18721 = DEFINITIONAL_REPRESENTATION('',(#18722),#18726);
#18722 = LINE('',#18723,#18724);
#18723 = CARTESIAN_POINT('',(2.368E+03,9.));
#18724 = VECTOR('',#18725,1.);
#18725 = DIRECTION('',(0.,1.));
#18726 = ( GEOMETRIC_REPRESENTATION_CONTEXT(2) 
PARAMETRIC_REPRESENTATION_CONTEXT() REPRESENTATION_CONTEXT('2D SPACE',''
  ) );
#18727 = ORIENTED_EDGE('',*,*,#18728,.T.);
#18728 = EDGE_CURVE('',#18706,#18729,#18731,.T.);
#18729 = VERTEX_POINT('',#18730);
#18730 = CARTESIAN_POINT('',(847.4,3.5918E+03,1.497E+03));
#18731 = SURFACE_CURVE('',#18732,(#18736,#18743),.PCURVE_S1.);
#18732 = LINE('',#18733,#18734);
#18733 = CARTESIAN_POINT('',(847.4,3.5918E+03,1.446E+03));
#18734 = VECTOR('',#18735,1.);
#18735 = DIRECTION('',(0.,0.,1.));
#18736 = PCURVE('',#18663,#18737);
#18737 = DEFINITIONAL_REPRESENTATION('',(#18738),#18742);
#18738 = LINE('',#18739,#18740);
#18739 = CARTESIAN_POINT('',(18.,51.));
#18740 = VECTOR('',#18741,1.);
#18741 = DIRECTION('',(0.,1.));
#18742 = ( GEOMETRIC_REPRESENTATION_CONTEXT(2) 
PARAMETRIC_REPRESENTATION_CONTEXT() REPRESENTATION_CONTEXT('2D SPACE',''
  ) );
#18743 = PCURVE('',#18744,#18749);
#18744 = PLANE('',#18745);
#18745 = AXIS2_PLACEMENT_3D('',#18746,#18747,#18748);
#18746 = CARTESIAN_POINT('',(847.4,3.5918E+03,1.395E+03));
#18747 = DIRECTION('',(-1.,1.110223024625E-16,0.));
#18748 = DIRECTION('',(-1.110223024625E-16,-1.,0.));
#18749 = DEFINITIONAL_REPRESENTATION('',(#18750),#18754);
#18750 = LINE('',#18751,#18752);
#18751 = CARTESIAN_POINT('',(0.,51.));
#18752 = VECTOR('',#18753,1.);
#18753 = DIRECTION('',(0.,1.));
#18754 = ( GEOMETRIC_REPRESENTATION_CONTEXT(2) 
PARAMETRIC_REPRESENTATION_CONTEXT() REPRESENTATION_CONTEXT('2D SPACE',''
  ) );
#18755 = ORIENTED_EDGE('',*,*,#18756,.F.);
#18756 = EDGE_CURVE('',#18648,#18729,#18757,.T.);
#18757 = SURFACE_CURVE('',#18758,(#18762,#18769),.PCURVE_S1.);
#18758 = LINE('',#18759,#18760);
#18759 = CARTESIAN_POINT('',(856.4,3.5918E+03,1.497E+03));
#18760 = VECTOR('',#18761,1.);
#18761 = DIRECTION('',(-1.,1.110223024625E-16,0.));
#18762 = PCURVE('',#18663,#18763);
#18763 = DEFINITIONAL_REPRESENTATION('',(#18764),#18768);
#18764 = LINE('',#18765,#18766);
#18765 = CARTESIAN_POINT('',(9.,102.));
#18766 = VECTOR('',#18767,1.);
#18767 = DIRECTION('',(1.,0.));
#18768 = ( GEOMETRIC_REPRESENTATION_CONTEXT(2) 
PARAMETRIC_REPRESENTATION_CONTEXT() REPRESENTATION_CONTEXT('2D SPACE',''
  ) );
#18769 = PCURVE('',#18689,#18770);
#18770 = DEFINITIONAL_REPRESENTATION('',(#18771),#18775);
#18771 = LINE('',#18772,#18773);
#18772 = CARTESIAN_POINT('',(2.368E+03,9.));
#18773 = VECTOR('',#18774,1.);
#18774 = DIRECTION('',(0.,1.));
#18775 = ( GEOMETRIC_REPRESENTATION_CONTEXT(2) 
PARAMETRIC_REPRESENTATION_CONTEXT() REPRESENTATION_CONTEXT('2D SPACE',''
  ) );
#18776 = ADVANCED_FACE('',(#18777),#18744,.T.);
#18777 = FACE_BOUND('',#18778,.T.);
#18778 = EDGE_LOOP('',(#18779,#18780,#18803,#18826));
#18779 = ORIENTED_EDGE('',*,*,#18728,.F.);
#18780 = ORIENTED_EDGE('',*,*,#18781,.T.);
#18781 = EDGE_CURVE('',#18706,#18782,#18784,.T.);
#18782 = VERTEX_POINT('',#18783);
#18783 = CARTESIAN_POINT('',(847.4,1.2238E+03,1.395E+03));
#18784 = SURFACE_CURVE('',#18785,(#18789,#18796),.PCURVE_S1.);
#18785 = LINE('',#18786,#18787);
#18786 = CARTESIAN_POINT('',(847.4,2.4078E+03,1.395E+03));
#18787 = VECTOR('',#18788,1.);
#18788 = DIRECTION('',(-1.110223024625E-16,-1.,0.));
#18789 = PCURVE('',#18744,#18790);
#18790 = DEFINITIONAL_REPRESENTATION('',(#18791),#18795);
#18791 = LINE('',#18792,#18793);
#18792 = CARTESIAN_POINT('',(1.184E+03,0.));
#18793 = VECTOR('',#18794,1.);
#18794 = DIRECTION('',(1.,0.));
#18795 = ( GEOMETRIC_REPRESENTATION_CONTEXT(2) 
PARAMETRIC_REPRESENTATION_CONTEXT() REPRESENTATION_CONTEXT('2D SPACE',''
  ) );
#18796 = PCURVE('',#18635,#18797);
#18797 = DEFINITIONAL_REPRESENTATION('',(#18798),#18802);
#18798 = LINE('',#18799,#18800);
#18799 = CARTESIAN_POINT('',(1.184E+03,18.));
#18800 = VECTOR('',#18801,1.);
#18801 = DIRECTION('',(-1.,0.));
#18802 = ( GEOMETRIC_REPRESENTATION_CONTEXT(2) 
PARAMETRIC_REPRESENTATION_CONTEXT() REPRESENTATION_CONTEXT('2D SPACE',''
  ) );
#18803 = ORIENTED_EDGE('',*,*,#18804,.T.);
#18804 = EDGE_CURVE('',#18782,#18805,#18807,.T.);
#18805 = VERTEX_POINT('',#18806);
#18806 = CARTESIAN_POINT('',(847.4,1.2238E+03,1.497E+03));
#18807 = SURFACE_CURVE('',#18808,(#18812,#18819),.PCURVE_S1.);
#18808 = LINE('',#18809,#18810);
#18809 = CARTESIAN_POINT('',(847.4,1.2238E+03,1.446E+03));
#18810 = VECTOR('',#18811,1.);
#18811 = DIRECTION('',(0.,0.,1.));
#18812 = PCURVE('',#18744,#18813);
#18813 = DEFINITIONAL_REPRESENTATION('',(#18814),#18818);
#18814 = LINE('',#18815,#18816);
#18815 = CARTESIAN_POINT('',(2.368E+03,51.));
#18816 = VECTOR('',#18817,1.);
#18817 = DIRECTION('',(0.,1.));
#18818 = ( GEOMETRIC_REPRESENTATION_CONTEXT(2) 
PARAMETRIC_REPRESENTATION_CONTEXT() REPRESENTATION_CONTEXT('2D SPACE',''
  ) );
#18819 = PCURVE('',#18607,#18820);
#18820 = DEFINITIONAL_REPRESENTATION('',(#18821),#18825);
#18821 = LINE('',#18822,#18823);
#18822 = CARTESIAN_POINT('',(0.,51.));
#18823 = VECTOR('',#18824,1.);
#18824 = DIRECTION('',(0.,1.));
#18825 = ( GEOMETRIC_REPRESENTATION_CONTEXT(2) 
PARAMETRIC_REPRESENTATION_CONTEXT() REPRESENTATION_CONTEXT('2D SPACE',''
  ) );
#18826 = ORIENTED_EDGE('',*,*,#18827,.F.);
#18827 = EDGE_CURVE('',#18729,#18805,#18828,.T.);
#18828 = SURFACE_CURVE('',#18829,(#18833,#18840),.PCURVE_S1.);
#18829 = LINE('',#18830,#18831);
#18830 = CARTESIAN_POINT('',(847.4,2.4078E+03,1.497E+03));
#18831 = VECTOR('',#18832,1.);
#18832 = DIRECTION('',(-1.110223024625E-16,-1.,0.));
#18833 = PCURVE('',#18744,#18834);
#18834 = DEFINITIONAL_REPRESENTATION('',(#18835),#18839);
#18835 = LINE('',#18836,#18837);
#18836 = CARTESIAN_POINT('',(1.184E+03,102.));
#18837 = VECTOR('',#18838,1.);
#18838 = DIRECTION('',(1.,0.));
#18839 = ( GEOMETRIC_REPRESENTATION_CONTEXT(2) 
PARAMETRIC_REPRESENTATION_CONTEXT() REPRESENTATION_CONTEXT('2D SPACE',''
  ) );
#18840 = PCURVE('',#18689,#18841);
#18841 = DEFINITIONAL_REPRESENTATION('',(#18842),#18846);
#18842 = LINE('',#18843,#18844);
#18843 = CARTESIAN_POINT('',(1.184E+03,18.));
#18844 = VECTOR('',#18845,1.);
#18845 = DIRECTION('',(-1.,0.));
#18846 = ( GEOMETRIC_REPRESENTATION_CONTEXT(2) 
PARAMETRIC_REPRESENTATION_CONTEXT() REPRESENTATION_CONTEXT('2D SPACE',''
  ) );
#18847 = ADVANCED_FACE('',(#18848),#18607,.T.);
#18848 = FACE_BOUND('',#18849,.T.);
#18849 = EDGE_LOOP('',(#18850,#18851,#18872,#18873));
#18850 = ORIENTED_EDGE('',*,*,#18804,.F.);
#18851 = ORIENTED_EDGE('',*,*,#18852,.T.);
#18852 = EDGE_CURVE('',#18782,#18585,#18853,.T.);
#18853 = SURFACE_CURVE('',#18854,(#18858,#18865),.PCURVE_S1.);
#18854 = LINE('',#18855,#18856);
#18855 = CARTESIAN_POINT('',(856.4,1.2238E+03,1.395E+03));
#18856 = VECTOR('',#18857,1.);
#18857 = DIRECTION('',(1.,-1.110223024625E-16,0.));
#18858 = PCURVE('',#18607,#18859);
#18859 = DEFINITIONAL_REPRESENTATION('',(#18860),#18864);
#18860 = LINE('',#18861,#18862);
#18861 = CARTESIAN_POINT('',(9.,0.));
#18862 = VECTOR('',#18863,1.);
#18863 = DIRECTION('',(1.,0.));
#18864 = ( GEOMETRIC_REPRESENTATION_CONTEXT(2) 
PARAMETRIC_REPRESENTATION_CONTEXT() REPRESENTATION_CONTEXT('2D SPACE',''
  ) );
#18865 = PCURVE('',#18635,#18866);
#18866 = DEFINITIONAL_REPRESENTATION('',(#18867),#18871);
#18867 = LINE('',#18868,#18869);
#18868 = CARTESIAN_POINT('',(-9.992007221626E-16,9.));
#18869 = VECTOR('',#18870,1.);
#18870 = DIRECTION('',(0.,-1.));
#18871 = ( GEOMETRIC_REPRESENTATION_CONTEXT(2) 
PARAMETRIC_REPRESENTATION_CONTEXT() REPRESENTATION_CONTEXT('2D SPACE',''
  ) );
#18872 = ORIENTED_EDGE('',*,*,#18584,.T.);
#18873 = ORIENTED_EDGE('',*,*,#18874,.F.);
#18874 = EDGE_CURVE('',#18805,#18587,#18875,.T.);
#18875 = SURFACE_CURVE('',#18876,(#18880,#18887),.PCURVE_S1.);
#18876 = LINE('',#18877,#18878);
#18877 = CARTESIAN_POINT('',(856.4,1.2238E+03,1.497E+03));
#18878 = VECTOR('',#18879,1.);
#18879 = DIRECTION('',(1.,-1.110223024625E-16,0.));
#18880 = PCURVE('',#18607,#18881);
#18881 = DEFINITIONAL_REPRESENTATION('',(#18882),#18886);
#18882 = LINE('',#18883,#18884);
#18883 = CARTESIAN_POINT('',(9.,102.));
#18884 = VECTOR('',#18885,1.);
#18885 = DIRECTION('',(1.,0.));
#18886 = ( GEOMETRIC_REPRESENTATION_CONTEXT(2) 
PARAMETRIC_REPRESENTATION_CONTEXT() REPRESENTATION_CONTEXT('2D SPACE',''
  ) );
#18887 = PCURVE('',#18689,#18888);
#18888 = DEFINITIONAL_REPRESENTATION('',(#18889),#18893);
#18889 = LINE('',#18890,#18891);
#18890 = CARTESIAN_POINT('',(-9.992007221626E-16,9.));
#18891 = VECTOR('',#18892,1.);
#18892 = DIRECTION('',(0.,-1.));
#18893 = ( GEOMETRIC_REPRESENTATION_CONTEXT(2) 
PARAMETRIC_REPRESENTATION_CONTEXT() REPRESENTATION_CONTEXT('2D SPACE',''
  ) );
#18894 = ADVANCED_FACE('',(#18895),#18635,.F.);
#18895 = FACE_BOUND('',#18896,.T.);
#18896 = EDGE_LOOP('',(#18897,#18898,#18899,#18900));
#18897 = ORIENTED_EDGE('',*,*,#18852,.F.);
#18898 = ORIENTED_EDGE('',*,*,#18781,.F.);
#18899 = ORIENTED_EDGE('',*,*,#18705,.F.);
#18900 = ORIENTED_EDGE('',*,*,#18619,.F.);
#18901 = ADVANCED_FACE('',(#18902),#18689,.T.);
#18902 = FACE_BOUND('',#18903,.T.);
#18903 = EDGE_LOOP('',(#18904,#18905,#18906,#18907));
#18904 = ORIENTED_EDGE('',*,*,#18675,.T.);
#18905 = ORIENTED_EDGE('',*,*,#18756,.T.);
#18906 = ORIENTED_EDGE('',*,*,#18827,.T.);
#18907 = ORIENTED_EDGE('',*,*,#18874,.T.);
#18908 = ( GEOMETRIC_REPRESENTATION_CONTEXT(3) 
GLOBAL_UNCERTAINTY_ASSIGNED_CONTEXT((#18912)) 
GLOBAL_UNIT_ASSIGNED_CONTEXT((#18909,#18910,#18911)) 
REPRESENTATION_CONTEXT('Context #1',
  '3D Context with UNIT and UNCERTAINTY') );
#18909 = ( LENGTH_UNIT() NAMED_UNIT(*) SI_UNIT(.MILLI.,.METRE.) );
#18910 = ( NAMED_UNIT(*) PLANE_ANGLE_UNIT() SI_UNIT($,.RADIAN.) );
#18911 = ( NAMED_UNIT(*) SI_UNIT($,.STERADIAN.) SOLID_ANGLE_UNIT() );
#18912 = UNCERTAINTY_MEASURE_WITH_UNIT(LENGTH_MEASURE(1.E-07),#18909,
  'distance_accuracy_value','confusion accuracy');
#18913 = CONTEXT_DEPENDENT_SHAPE_REPRESENTATION(#18914,#18916);
#18914 = ( REPRESENTATION_RELATIONSHIP('','',#18577,#10) 
REPRESENTATION_RELATIONSHIP_WITH_TRANSFORMATION(#18915) 
SHAPE_REPRESENTATION_RELATIONSHIP() );
#18915 = ITEM_DEFINED_TRANSFORMATION('','',#11,#211);
#18916 = PRODUCT_DEFINITION_SHAPE('Placement','Placement of an item',
  #18917);
#18917 = NEXT_ASSEMBLY_USAGE_OCCURRENCE('301','','',#5,#18572,$);
#18918 = PRODUCT_RELATED_PRODUCT_CATEGORY('part',$,(#18574));
ENDSEC;
END-ISO-10303-21;
